dataset,video_id,video_path,label,method,compression,group_id
FaceForensics++,FaceForensics++__original__000.mp4,data\raw\FaceForensics++_C23\original\000.mp4,0,original,c23,000
FaceForensics++,FaceForensics++__original__002.mp4,data\raw\FaceForensics++_C23\original\002.mp4,0,original,c23,002
FaceForensics++,FaceForensics++__original__005.mp4,data\raw\FaceForensics++_C23\original\005.mp4,0,original,c23,005
FaceForensics++,FaceForensics++__original__006.mp4,data\raw\FaceForensics++_C23\original\006.mp4,0,original,c23,006
FaceForensics++,FaceForensics++__original__008.mp4,data\raw\FaceForensics++_C23\original\008.mp4,0,original,c23,008
FaceForensics++,FaceForensics++__original__009.mp4,data\raw\FaceForensics++_C23\original\009.mp4,0,original,c23,009
FaceForensics++,FaceForensics++__original__010.mp4,data\raw\FaceForensics++_C23\original\010.mp4,0,original,c23,010
FaceForensics++,FaceForensics++__original__012.mp4,data\raw\FaceForensics++_C23\original\012.mp4,0,original,c23,012
FaceForensics++,FaceForensics++__original__014.mp4,data\raw\FaceForensics++_C23\original\014.mp4,0,original,c23,014
FaceForensics++,FaceForensics++__original__015.mp4,data\raw\FaceForensics++_C23\original\015.mp4,0,original,c23,015
FaceForensics++,FaceForensics++__original__017.mp4,data\raw\FaceForensics++_C23\original\017.mp4,0,original,c23,017
FaceForensics++,FaceForensics++__original__018.mp4,data\raw\FaceForensics++_C23\original\018.mp4,0,original,c23,018
FaceForensics++,FaceForensics++__original__020.mp4,data\raw\FaceForensics++_C23\original\020.mp4,0,original,c23,020
FaceForensics++,FaceForensics++__original__021.mp4,data\raw\FaceForensics++_C23\original\021.mp4,0,original,c23,021
FaceForensics++,FaceForensics++__original__023.mp4,data\raw\FaceForensics++_C23\original\023.mp4,0,original,c23,023
FaceForensics++,FaceForensics++__original__024.mp4,data\raw\FaceForensics++_C23\original\024.mp4,0,original,c23,024
FaceForensics++,FaceForensics++__original__025.mp4,data\raw\FaceForensics++_C23\original\025.mp4,0,original,c23,025
FaceForensics++,FaceForensics++__original__026.mp4,data\raw\FaceForensics++_C23\original\026.mp4,0,original,c23,026
FaceForensics++,FaceForensics++__original__028.mp4,data\raw\FaceForensics++_C23\original\028.mp4,0,original,c23,028
FaceForensics++,FaceForensics++__original__030.mp4,data\raw\FaceForensics++_C23\original\030.mp4,0,original,c23,030
FaceForensics++,FaceForensics++__original__032.mp4,data\raw\FaceForensics++_C23\original\032.mp4,0,original,c23,032
FaceForensics++,FaceForensics++__original__033.mp4,data\raw\FaceForensics++_C23\original\033.mp4,0,original,c23,033
FaceForensics++,FaceForensics++__original__034.mp4,data\raw\FaceForensics++_C23\original\034.mp4,0,original,c23,034
FaceForensics++,FaceForensics++__original__035.mp4,data\raw\FaceForensics++_C23\original\035.mp4,0,original,c23,035
FaceForensics++,FaceForensics++__original__036.mp4,data\raw\FaceForensics++_C23\original\036.mp4,0,original,c23,036
FaceForensics++,FaceForensics++__original__038.mp4,data\raw\FaceForensics++_C23\original\038.mp4,0,original,c23,038
FaceForensics++,FaceForensics++__original__039.mp4,data\raw\FaceForensics++_C23\original\039.mp4,0,original,c23,039
FaceForensics++,FaceForensics++__original__041.mp4,data\raw\FaceForensics++_C23\original\041.mp4,0,original,c23,041
FaceForensics++,FaceForensics++__original__042.mp4,data\raw\FaceForensics++_C23\original\042.mp4,0,original,c23,042
FaceForensics++,FaceForensics++__original__043.mp4,data\raw\FaceForensics++_C23\original\043.mp4,0,original,c23,043
FaceForensics++,FaceForensics++__original__044.mp4,data\raw\FaceForensics++_C23\original\044.mp4,0,original,c23,044
FaceForensics++,FaceForensics++__original__045.mp4,data\raw\FaceForensics++_C23\original\045.mp4,0,original,c23,045
FaceForensics++,FaceForensics++__original__046.mp4,data\raw\FaceForensics++_C23\original\046.mp4,0,original,c23,046
FaceForensics++,FaceForensics++__original__050.mp4,data\raw\FaceForensics++_C23\original\050.mp4,0,original,c23,050
FaceForensics++,FaceForensics++__original__051.mp4,data\raw\FaceForensics++_C23\original\051.mp4,0,original,c23,051
FaceForensics++,FaceForensics++__original__052.mp4,data\raw\FaceForensics++_C23\original\052.mp4,0,original,c23,052
FaceForensics++,FaceForensics++__original__053.mp4,data\raw\FaceForensics++_C23\original\053.mp4,0,original,c23,053
FaceForensics++,FaceForensics++__original__054.mp4,data\raw\FaceForensics++_C23\original\054.mp4,0,original,c23,054
FaceForensics++,FaceForensics++__original__055.mp4,data\raw\FaceForensics++_C23\original\055.mp4,0,original,c23,055
FaceForensics++,FaceForensics++__original__057.mp4,data\raw\FaceForensics++_C23\original\057.mp4,0,original,c23,057
FaceForensics++,FaceForensics++__original__060.mp4,data\raw\FaceForensics++_C23\original\060.mp4,0,original,c23,060
FaceForensics++,FaceForensics++__original__062.mp4,data\raw\FaceForensics++_C23\original\062.mp4,0,original,c23,062
FaceForensics++,FaceForensics++__original__063.mp4,data\raw\FaceForensics++_C23\original\063.mp4,0,original,c23,063
FaceForensics++,FaceForensics++__original__064.mp4,data\raw\FaceForensics++_C23\original\064.mp4,0,original,c23,064
FaceForensics++,FaceForensics++__original__065.mp4,data\raw\FaceForensics++_C23\original\065.mp4,0,original,c23,065
FaceForensics++,FaceForensics++__original__066.mp4,data\raw\FaceForensics++_C23\original\066.mp4,0,original,c23,066
FaceForensics++,FaceForensics++__original__067.mp4,data\raw\FaceForensics++_C23\original\067.mp4,0,original,c23,067
FaceForensics++,FaceForensics++__original__068.mp4,data\raw\FaceForensics++_C23\original\068.mp4,0,original,c23,068
FaceForensics++,FaceForensics++__original__069.mp4,data\raw\FaceForensics++_C23\original\069.mp4,0,original,c23,069
FaceForensics++,FaceForensics++__original__070.mp4,data\raw\FaceForensics++_C23\original\070.mp4,0,original,c23,070
FaceForensics++,FaceForensics++__original__073.mp4,data\raw\FaceForensics++_C23\original\073.mp4,0,original,c23,073
FaceForensics++,FaceForensics++__original__074.mp4,data\raw\FaceForensics++_C23\original\074.mp4,0,original,c23,074
FaceForensics++,FaceForensics++__original__075.mp4,data\raw\FaceForensics++_C23\original\075.mp4,0,original,c23,075
FaceForensics++,FaceForensics++__original__076.mp4,data\raw\FaceForensics++_C23\original\076.mp4,0,original,c23,076
FaceForensics++,FaceForensics++__original__077.mp4,data\raw\FaceForensics++_C23\original\077.mp4,0,original,c23,077
FaceForensics++,FaceForensics++__original__078.mp4,data\raw\FaceForensics++_C23\original\078.mp4,0,original,c23,078
FaceForensics++,FaceForensics++__original__081.mp4,data\raw\FaceForensics++_C23\original\081.mp4,0,original,c23,081
FaceForensics++,FaceForensics++__original__084.mp4,data\raw\FaceForensics++_C23\original\084.mp4,0,original,c23,084
FaceForensics++,FaceForensics++__original__085.mp4,data\raw\FaceForensics++_C23\original\085.mp4,0,original,c23,085
FaceForensics++,FaceForensics++__original__086.mp4,data\raw\FaceForensics++_C23\original\086.mp4,0,original,c23,086
FaceForensics++,FaceForensics++__original__087.mp4,data\raw\FaceForensics++_C23\original\087.mp4,0,original,c23,087
FaceForensics++,FaceForensics++__original__088.mp4,data\raw\FaceForensics++_C23\original\088.mp4,0,original,c23,088
FaceForensics++,FaceForensics++__original__089.mp4,data\raw\FaceForensics++_C23\original\089.mp4,0,original,c23,089
FaceForensics++,FaceForensics++__original__091.mp4,data\raw\FaceForensics++_C23\original\091.mp4,0,original,c23,091
FaceForensics++,FaceForensics++__original__092.mp4,data\raw\FaceForensics++_C23\original\092.mp4,0,original,c23,092
FaceForensics++,FaceForensics++__original__093.mp4,data\raw\FaceForensics++_C23\original\093.mp4,0,original,c23,093
FaceForensics++,FaceForensics++__original__094.mp4,data\raw\FaceForensics++_C23\original\094.mp4,0,original,c23,094
FaceForensics++,FaceForensics++__original__095.mp4,data\raw\FaceForensics++_C23\original\095.mp4,0,original,c23,095
FaceForensics++,FaceForensics++__original__096.mp4,data\raw\FaceForensics++_C23\original\096.mp4,0,original,c23,096
FaceForensics++,FaceForensics++__original__098.mp4,data\raw\FaceForensics++_C23\original\098.mp4,0,original,c23,098
FaceForensics++,FaceForensics++__original__099.mp4,data\raw\FaceForensics++_C23\original\099.mp4,0,original,c23,099
FaceForensics++,FaceForensics++__original__100.mp4,data\raw\FaceForensics++_C23\original\100.mp4,0,original,c23,100
FaceForensics++,FaceForensics++__original__101.mp4,data\raw\FaceForensics++_C23\original\101.mp4,0,original,c23,101
FaceForensics++,FaceForensics++__original__102.mp4,data\raw\FaceForensics++_C23\original\102.mp4,0,original,c23,102
FaceForensics++,FaceForensics++__original__103.mp4,data\raw\FaceForensics++_C23\original\103.mp4,0,original,c23,103
FaceForensics++,FaceForensics++__original__105.mp4,data\raw\FaceForensics++_C23\original\105.mp4,0,original,c23,105
FaceForensics++,FaceForensics++__original__106.mp4,data\raw\FaceForensics++_C23\original\106.mp4,0,original,c23,106
FaceForensics++,FaceForensics++__original__107.mp4,data\raw\FaceForensics++_C23\original\107.mp4,0,original,c23,107
FaceForensics++,FaceForensics++__original__108.mp4,data\raw\FaceForensics++_C23\original\108.mp4,0,original,c23,108
FaceForensics++,FaceForensics++__original__109.mp4,data\raw\FaceForensics++_C23\original\109.mp4,0,original,c23,109
FaceForensics++,FaceForensics++__original__110.mp4,data\raw\FaceForensics++_C23\original\110.mp4,0,original,c23,110
FaceForensics++,FaceForensics++__original__111.mp4,data\raw\FaceForensics++_C23\original\111.mp4,0,original,c23,111
FaceForensics++,FaceForensics++__original__112.mp4,data\raw\FaceForensics++_C23\original\112.mp4,0,original,c23,112
FaceForensics++,FaceForensics++__original__113.mp4,data\raw\FaceForensics++_C23\original\113.mp4,0,original,c23,113
FaceForensics++,FaceForensics++__original__114.mp4,data\raw\FaceForensics++_C23\original\114.mp4,0,original,c23,114
FaceForensics++,FaceForensics++__original__115.mp4,data\raw\FaceForensics++_C23\original\115.mp4,0,original,c23,115
FaceForensics++,FaceForensics++__original__116.mp4,data\raw\FaceForensics++_C23\original\116.mp4,0,original,c23,116
FaceForensics++,FaceForensics++__original__118.mp4,data\raw\FaceForensics++_C23\original\118.mp4,0,original,c23,118
FaceForensics++,FaceForensics++__original__119.mp4,data\raw\FaceForensics++_C23\original\119.mp4,0,original,c23,119
FaceForensics++,FaceForensics++__original__121.mp4,data\raw\FaceForensics++_C23\original\121.mp4,0,original,c23,121
FaceForensics++,FaceForensics++__original__122.mp4,data\raw\FaceForensics++_C23\original\122.mp4,0,original,c23,122
FaceForensics++,FaceForensics++__original__124.mp4,data\raw\FaceForensics++_C23\original\124.mp4,0,original,c23,124
FaceForensics++,FaceForensics++__original__126.mp4,data\raw\FaceForensics++_C23\original\126.mp4,0,original,c23,126
FaceForensics++,FaceForensics++__original__128.mp4,data\raw\FaceForensics++_C23\original\128.mp4,0,original,c23,128
FaceForensics++,FaceForensics++__original__129.mp4,data\raw\FaceForensics++_C23\original\129.mp4,0,original,c23,129
FaceForensics++,FaceForensics++__original__130.mp4,data\raw\FaceForensics++_C23\original\130.mp4,0,original,c23,130
FaceForensics++,FaceForensics++__original__131.mp4,data\raw\FaceForensics++_C23\original\131.mp4,0,original,c23,131
FaceForensics++,FaceForensics++__original__132.mp4,data\raw\FaceForensics++_C23\original\132.mp4,0,original,c23,132
FaceForensics++,FaceForensics++__original__134.mp4,data\raw\FaceForensics++_C23\original\134.mp4,0,original,c23,134
FaceForensics++,FaceForensics++__original__135.mp4,data\raw\FaceForensics++_C23\original\135.mp4,0,original,c23,135
FaceForensics++,FaceForensics++__original__137.mp4,data\raw\FaceForensics++_C23\original\137.mp4,0,original,c23,137
FaceForensics++,FaceForensics++__original__138.mp4,data\raw\FaceForensics++_C23\original\138.mp4,0,original,c23,138
FaceForensics++,FaceForensics++__original__139.mp4,data\raw\FaceForensics++_C23\original\139.mp4,0,original,c23,139
FaceForensics++,FaceForensics++__original__140.mp4,data\raw\FaceForensics++_C23\original\140.mp4,0,original,c23,140
FaceForensics++,FaceForensics++__original__141.mp4,data\raw\FaceForensics++_C23\original\141.mp4,0,original,c23,141
FaceForensics++,FaceForensics++__original__142.mp4,data\raw\FaceForensics++_C23\original\142.mp4,0,original,c23,142
FaceForensics++,FaceForensics++__original__143.mp4,data\raw\FaceForensics++_C23\original\143.mp4,0,original,c23,143
FaceForensics++,FaceForensics++__original__145.mp4,data\raw\FaceForensics++_C23\original\145.mp4,0,original,c23,145
FaceForensics++,FaceForensics++__original__146.mp4,data\raw\FaceForensics++_C23\original\146.mp4,0,original,c23,146
FaceForensics++,FaceForensics++__original__147.mp4,data\raw\FaceForensics++_C23\original\147.mp4,0,original,c23,147
FaceForensics++,FaceForensics++__original__148.mp4,data\raw\FaceForensics++_C23\original\148.mp4,0,original,c23,148
FaceForensics++,FaceForensics++__original__149.mp4,data\raw\FaceForensics++_C23\original\149.mp4,0,original,c23,149
FaceForensics++,FaceForensics++__original__150.mp4,data\raw\FaceForensics++_C23\original\150.mp4,0,original,c23,150
FaceForensics++,FaceForensics++__original__152.mp4,data\raw\FaceForensics++_C23\original\152.mp4,0,original,c23,152
FaceForensics++,FaceForensics++__original__153.mp4,data\raw\FaceForensics++_C23\original\153.mp4,0,original,c23,153
FaceForensics++,FaceForensics++__original__154.mp4,data\raw\FaceForensics++_C23\original\154.mp4,0,original,c23,154
FaceForensics++,FaceForensics++__original__155.mp4,data\raw\FaceForensics++_C23\original\155.mp4,0,original,c23,155
FaceForensics++,FaceForensics++__original__156.mp4,data\raw\FaceForensics++_C23\original\156.mp4,0,original,c23,156
FaceForensics++,FaceForensics++__original__157.mp4,data\raw\FaceForensics++_C23\original\157.mp4,0,original,c23,157
FaceForensics++,FaceForensics++__original__158.mp4,data\raw\FaceForensics++_C23\original\158.mp4,0,original,c23,158
FaceForensics++,FaceForensics++__original__159.mp4,data\raw\FaceForensics++_C23\original\159.mp4,0,original,c23,159
FaceForensics++,FaceForensics++__original__161.mp4,data\raw\FaceForensics++_C23\original\161.mp4,0,original,c23,161
FaceForensics++,FaceForensics++__original__162.mp4,data\raw\FaceForensics++_C23\original\162.mp4,0,original,c23,162
FaceForensics++,FaceForensics++__original__163.mp4,data\raw\FaceForensics++_C23\original\163.mp4,0,original,c23,163
FaceForensics++,FaceForensics++__original__164.mp4,data\raw\FaceForensics++_C23\original\164.mp4,0,original,c23,164
FaceForensics++,FaceForensics++__original__166.mp4,data\raw\FaceForensics++_C23\original\166.mp4,0,original,c23,166
FaceForensics++,FaceForensics++__original__167.mp4,data\raw\FaceForensics++_C23\original\167.mp4,0,original,c23,167
FaceForensics++,FaceForensics++__original__168.mp4,data\raw\FaceForensics++_C23\original\168.mp4,0,original,c23,168
FaceForensics++,FaceForensics++__original__170.mp4,data\raw\FaceForensics++_C23\original\170.mp4,0,original,c23,170
FaceForensics++,FaceForensics++__original__171.mp4,data\raw\FaceForensics++_C23\original\171.mp4,0,original,c23,171
FaceForensics++,FaceForensics++__original__172.mp4,data\raw\FaceForensics++_C23\original\172.mp4,0,original,c23,172
FaceForensics++,FaceForensics++__original__175.mp4,data\raw\FaceForensics++_C23\original\175.mp4,0,original,c23,175
FaceForensics++,FaceForensics++__original__176.mp4,data\raw\FaceForensics++_C23\original\176.mp4,0,original,c23,176
FaceForensics++,FaceForensics++__original__177.mp4,data\raw\FaceForensics++_C23\original\177.mp4,0,original,c23,177
FaceForensics++,FaceForensics++__original__178.mp4,data\raw\FaceForensics++_C23\original\178.mp4,0,original,c23,178
FaceForensics++,FaceForensics++__original__179.mp4,data\raw\FaceForensics++_C23\original\179.mp4,0,original,c23,179
FaceForensics++,FaceForensics++__original__180.mp4,data\raw\FaceForensics++_C23\original\180.mp4,0,original,c23,180
FaceForensics++,FaceForensics++__original__181.mp4,data\raw\FaceForensics++_C23\original\181.mp4,0,original,c23,181
FaceForensics++,FaceForensics++__original__182.mp4,data\raw\FaceForensics++_C23\original\182.mp4,0,original,c23,182
FaceForensics++,FaceForensics++__original__183.mp4,data\raw\FaceForensics++_C23\original\183.mp4,0,original,c23,183
FaceForensics++,FaceForensics++__original__184.mp4,data\raw\FaceForensics++_C23\original\184.mp4,0,original,c23,184
FaceForensics++,FaceForensics++__original__186.mp4,data\raw\FaceForensics++_C23\original\186.mp4,0,original,c23,186
FaceForensics++,FaceForensics++__original__187.mp4,data\raw\FaceForensics++_C23\original\187.mp4,0,original,c23,187
FaceForensics++,FaceForensics++__original__188.mp4,data\raw\FaceForensics++_C23\original\188.mp4,0,original,c23,188
FaceForensics++,FaceForensics++__original__190.mp4,data\raw\FaceForensics++_C23\original\190.mp4,0,original,c23,190
FaceForensics++,FaceForensics++__original__191.mp4,data\raw\FaceForensics++_C23\original\191.mp4,0,original,c23,191
FaceForensics++,FaceForensics++__original__192.mp4,data\raw\FaceForensics++_C23\original\192.mp4,0,original,c23,192
FaceForensics++,FaceForensics++__original__193.mp4,data\raw\FaceForensics++_C23\original\193.mp4,0,original,c23,193
FaceForensics++,FaceForensics++__original__194.mp4,data\raw\FaceForensics++_C23\original\194.mp4,0,original,c23,194
FaceForensics++,FaceForensics++__original__199.mp4,data\raw\FaceForensics++_C23\original\199.mp4,0,original,c23,199
FaceForensics++,FaceForensics++__original__200.mp4,data\raw\FaceForensics++_C23\original\200.mp4,0,original,c23,200
FaceForensics++,FaceForensics++__original__201.mp4,data\raw\FaceForensics++_C23\original\201.mp4,0,original,c23,201
FaceForensics++,FaceForensics++__original__202.mp4,data\raw\FaceForensics++_C23\original\202.mp4,0,original,c23,202
FaceForensics++,FaceForensics++__original__203.mp4,data\raw\FaceForensics++_C23\original\203.mp4,0,original,c23,203
FaceForensics++,FaceForensics++__original__204.mp4,data\raw\FaceForensics++_C23\original\204.mp4,0,original,c23,204
FaceForensics++,FaceForensics++__original__205.mp4,data\raw\FaceForensics++_C23\original\205.mp4,0,original,c23,205
FaceForensics++,FaceForensics++__original__206.mp4,data\raw\FaceForensics++_C23\original\206.mp4,0,original,c23,206
FaceForensics++,FaceForensics++__original__207.mp4,data\raw\FaceForensics++_C23\original\207.mp4,0,original,c23,207
FaceForensics++,FaceForensics++__original__210.mp4,data\raw\FaceForensics++_C23\original\210.mp4,0,original,c23,210
FaceForensics++,FaceForensics++__original__213.mp4,data\raw\FaceForensics++_C23\original\213.mp4,0,original,c23,213
FaceForensics++,FaceForensics++__original__214.mp4,data\raw\FaceForensics++_C23\original\214.mp4,0,original,c23,214
FaceForensics++,FaceForensics++__original__215.mp4,data\raw\FaceForensics++_C23\original\215.mp4,0,original,c23,215
FaceForensics++,FaceForensics++__original__216.mp4,data\raw\FaceForensics++_C23\original\216.mp4,0,original,c23,216
FaceForensics++,FaceForensics++__original__217.mp4,data\raw\FaceForensics++_C23\original\217.mp4,0,original,c23,217
FaceForensics++,FaceForensics++__original__218.mp4,data\raw\FaceForensics++_C23\original\218.mp4,0,original,c23,218
FaceForensics++,FaceForensics++__original__219.mp4,data\raw\FaceForensics++_C23\original\219.mp4,0,original,c23,219
FaceForensics++,FaceForensics++__original__221.mp4,data\raw\FaceForensics++_C23\original\221.mp4,0,original,c23,221
FaceForensics++,FaceForensics++__original__223.mp4,data\raw\FaceForensics++_C23\original\223.mp4,0,original,c23,223
FaceForensics++,FaceForensics++__original__224.mp4,data\raw\FaceForensics++_C23\original\224.mp4,0,original,c23,224
FaceForensics++,FaceForensics++__original__225.mp4,data\raw\FaceForensics++_C23\original\225.mp4,0,original,c23,225
FaceForensics++,FaceForensics++__original__226.mp4,data\raw\FaceForensics++_C23\original\226.mp4,0,original,c23,226
FaceForensics++,FaceForensics++__original__228.mp4,data\raw\FaceForensics++_C23\original\228.mp4,0,original,c23,228
FaceForensics++,FaceForensics++__original__229.mp4,data\raw\FaceForensics++_C23\original\229.mp4,0,original,c23,229
FaceForensics++,FaceForensics++__original__230.mp4,data\raw\FaceForensics++_C23\original\230.mp4,0,original,c23,230
FaceForensics++,FaceForensics++__original__231.mp4,data\raw\FaceForensics++_C23\original\231.mp4,0,original,c23,231
FaceForensics++,FaceForensics++__original__232.mp4,data\raw\FaceForensics++_C23\original\232.mp4,0,original,c23,232
FaceForensics++,FaceForensics++__original__233.mp4,data\raw\FaceForensics++_C23\original\233.mp4,0,original,c23,233
FaceForensics++,FaceForensics++__original__234.mp4,data\raw\FaceForensics++_C23\original\234.mp4,0,original,c23,234
FaceForensics++,FaceForensics++__original__235.mp4,data\raw\FaceForensics++_C23\original\235.mp4,0,original,c23,235
FaceForensics++,FaceForensics++__original__236.mp4,data\raw\FaceForensics++_C23\original\236.mp4,0,original,c23,236
FaceForensics++,FaceForensics++__original__237.mp4,data\raw\FaceForensics++_C23\original\237.mp4,0,original,c23,237
FaceForensics++,FaceForensics++__original__238.mp4,data\raw\FaceForensics++_C23\original\238.mp4,0,original,c23,238
FaceForensics++,FaceForensics++__original__239.mp4,data\raw\FaceForensics++_C23\original\239.mp4,0,original,c23,239
FaceForensics++,FaceForensics++__original__241.mp4,data\raw\FaceForensics++_C23\original\241.mp4,0,original,c23,241
FaceForensics++,FaceForensics++__original__242.mp4,data\raw\FaceForensics++_C23\original\242.mp4,0,original,c23,242
FaceForensics++,FaceForensics++__original__243.mp4,data\raw\FaceForensics++_C23\original\243.mp4,0,original,c23,243
FaceForensics++,FaceForensics++__original__245.mp4,data\raw\FaceForensics++_C23\original\245.mp4,0,original,c23,245
FaceForensics++,FaceForensics++__original__246.mp4,data\raw\FaceForensics++_C23\original\246.mp4,0,original,c23,246
FaceForensics++,FaceForensics++__original__247.mp4,data\raw\FaceForensics++_C23\original\247.mp4,0,original,c23,247
FaceForensics++,FaceForensics++__original__249.mp4,data\raw\FaceForensics++_C23\original\249.mp4,0,original,c23,249
FaceForensics++,FaceForensics++__original__250.mp4,data\raw\FaceForensics++_C23\original\250.mp4,0,original,c23,250
FaceForensics++,FaceForensics++__original__251.mp4,data\raw\FaceForensics++_C23\original\251.mp4,0,original,c23,251
FaceForensics++,FaceForensics++__original__253.mp4,data\raw\FaceForensics++_C23\original\253.mp4,0,original,c23,253
FaceForensics++,FaceForensics++__original__254.mp4,data\raw\FaceForensics++_C23\original\254.mp4,0,original,c23,254
FaceForensics++,FaceForensics++__original__255.mp4,data\raw\FaceForensics++_C23\original\255.mp4,0,original,c23,255
FaceForensics++,FaceForensics++__original__256.mp4,data\raw\FaceForensics++_C23\original\256.mp4,0,original,c23,256
FaceForensics++,FaceForensics++__original__257.mp4,data\raw\FaceForensics++_C23\original\257.mp4,0,original,c23,257
FaceForensics++,FaceForensics++__original__258.mp4,data\raw\FaceForensics++_C23\original\258.mp4,0,original,c23,258
FaceForensics++,FaceForensics++__original__259.mp4,data\raw\FaceForensics++_C23\original\259.mp4,0,original,c23,259
FaceForensics++,FaceForensics++__original__261.mp4,data\raw\FaceForensics++_C23\original\261.mp4,0,original,c23,261
FaceForensics++,FaceForensics++__original__262.mp4,data\raw\FaceForensics++_C23\original\262.mp4,0,original,c23,262
FaceForensics++,FaceForensics++__original__264.mp4,data\raw\FaceForensics++_C23\original\264.mp4,0,original,c23,264
FaceForensics++,FaceForensics++__original__265.mp4,data\raw\FaceForensics++_C23\original\265.mp4,0,original,c23,265
FaceForensics++,FaceForensics++__original__266.mp4,data\raw\FaceForensics++_C23\original\266.mp4,0,original,c23,266
FaceForensics++,FaceForensics++__original__267.mp4,data\raw\FaceForensics++_C23\original\267.mp4,0,original,c23,267
FaceForensics++,FaceForensics++__original__269.mp4,data\raw\FaceForensics++_C23\original\269.mp4,0,original,c23,269
FaceForensics++,FaceForensics++__original__270.mp4,data\raw\FaceForensics++_C23\original\270.mp4,0,original,c23,270
FaceForensics++,FaceForensics++__original__271.mp4,data\raw\FaceForensics++_C23\original\271.mp4,0,original,c23,271
FaceForensics++,FaceForensics++__original__272.mp4,data\raw\FaceForensics++_C23\original\272.mp4,0,original,c23,272
FaceForensics++,FaceForensics++__original__273.mp4,data\raw\FaceForensics++_C23\original\273.mp4,0,original,c23,273
FaceForensics++,FaceForensics++__original__274.mp4,data\raw\FaceForensics++_C23\original\274.mp4,0,original,c23,274
FaceForensics++,FaceForensics++__original__275.mp4,data\raw\FaceForensics++_C23\original\275.mp4,0,original,c23,275
FaceForensics++,FaceForensics++__original__276.mp4,data\raw\FaceForensics++_C23\original\276.mp4,0,original,c23,276
FaceForensics++,FaceForensics++__original__278.mp4,data\raw\FaceForensics++_C23\original\278.mp4,0,original,c23,278
FaceForensics++,FaceForensics++__original__280.mp4,data\raw\FaceForensics++_C23\original\280.mp4,0,original,c23,280
FaceForensics++,FaceForensics++__original__281.mp4,data\raw\FaceForensics++_C23\original\281.mp4,0,original,c23,281
FaceForensics++,FaceForensics++__original__286.mp4,data\raw\FaceForensics++_C23\original\286.mp4,0,original,c23,286
FaceForensics++,FaceForensics++__original__287.mp4,data\raw\FaceForensics++_C23\original\287.mp4,0,original,c23,287
FaceForensics++,FaceForensics++__original__288.mp4,data\raw\FaceForensics++_C23\original\288.mp4,0,original,c23,288
FaceForensics++,FaceForensics++__original__289.mp4,data\raw\FaceForensics++_C23\original\289.mp4,0,original,c23,289
FaceForensics++,FaceForensics++__original__290.mp4,data\raw\FaceForensics++_C23\original\290.mp4,0,original,c23,290
FaceForensics++,FaceForensics++__original__291.mp4,data\raw\FaceForensics++_C23\original\291.mp4,0,original,c23,291
FaceForensics++,FaceForensics++__original__292.mp4,data\raw\FaceForensics++_C23\original\292.mp4,0,original,c23,292
FaceForensics++,FaceForensics++__original__293.mp4,data\raw\FaceForensics++_C23\original\293.mp4,0,original,c23,293
FaceForensics++,FaceForensics++__original__294.mp4,data\raw\FaceForensics++_C23\original\294.mp4,0,original,c23,294
FaceForensics++,FaceForensics++__original__295.mp4,data\raw\FaceForensics++_C23\original\295.mp4,0,original,c23,295
FaceForensics++,FaceForensics++__original__296.mp4,data\raw\FaceForensics++_C23\original\296.mp4,0,original,c23,296
FaceForensics++,FaceForensics++__original__297.mp4,data\raw\FaceForensics++_C23\original\297.mp4,0,original,c23,297
FaceForensics++,FaceForensics++__original__298.mp4,data\raw\FaceForensics++_C23\original\298.mp4,0,original,c23,298
FaceForensics++,FaceForensics++__original__299.mp4,data\raw\FaceForensics++_C23\original\299.mp4,0,original,c23,299
FaceForensics++,FaceForensics++__original__300.mp4,data\raw\FaceForensics++_C23\original\300.mp4,0,original,c23,300
FaceForensics++,FaceForensics++__original__301.mp4,data\raw\FaceForensics++_C23\original\301.mp4,0,original,c23,301
FaceForensics++,FaceForensics++__original__302.mp4,data\raw\FaceForensics++_C23\original\302.mp4,0,original,c23,302
FaceForensics++,FaceForensics++__original__303.mp4,data\raw\FaceForensics++_C23\original\303.mp4,0,original,c23,303
FaceForensics++,FaceForensics++__original__304.mp4,data\raw\FaceForensics++_C23\original\304.mp4,0,original,c23,304
FaceForensics++,FaceForensics++__original__305.mp4,data\raw\FaceForensics++_C23\original\305.mp4,0,original,c23,305
FaceForensics++,FaceForensics++__original__306.mp4,data\raw\FaceForensics++_C23\original\306.mp4,0,original,c23,306
FaceForensics++,FaceForensics++__original__307.mp4,data\raw\FaceForensics++_C23\original\307.mp4,0,original,c23,307
FaceForensics++,FaceForensics++__original__308.mp4,data\raw\FaceForensics++_C23\original\308.mp4,0,original,c23,308
FaceForensics++,FaceForensics++__original__309.mp4,data\raw\FaceForensics++_C23\original\309.mp4,0,original,c23,309
FaceForensics++,FaceForensics++__original__311.mp4,data\raw\FaceForensics++_C23\original\311.mp4,0,original,c23,311
FaceForensics++,FaceForensics++__original__312.mp4,data\raw\FaceForensics++_C23\original\312.mp4,0,original,c23,312
FaceForensics++,FaceForensics++__original__313.mp4,data\raw\FaceForensics++_C23\original\313.mp4,0,original,c23,313
FaceForensics++,FaceForensics++__original__314.mp4,data\raw\FaceForensics++_C23\original\314.mp4,0,original,c23,314
FaceForensics++,FaceForensics++__original__315.mp4,data\raw\FaceForensics++_C23\original\315.mp4,0,original,c23,315
FaceForensics++,FaceForensics++__original__319.mp4,data\raw\FaceForensics++_C23\original\319.mp4,0,original,c23,319
FaceForensics++,FaceForensics++__original__320.mp4,data\raw\FaceForensics++_C23\original\320.mp4,0,original,c23,320
FaceForensics++,FaceForensics++__original__322.mp4,data\raw\FaceForensics++_C23\original\322.mp4,0,original,c23,322
FaceForensics++,FaceForensics++__original__323.mp4,data\raw\FaceForensics++_C23\original\323.mp4,0,original,c23,323
FaceForensics++,FaceForensics++__original__325.mp4,data\raw\FaceForensics++_C23\original\325.mp4,0,original,c23,325
FaceForensics++,FaceForensics++__original__326.mp4,data\raw\FaceForensics++_C23\original\326.mp4,0,original,c23,326
FaceForensics++,FaceForensics++__original__327.mp4,data\raw\FaceForensics++_C23\original\327.mp4,0,original,c23,327
FaceForensics++,FaceForensics++__original__328.mp4,data\raw\FaceForensics++_C23\original\328.mp4,0,original,c23,328
FaceForensics++,FaceForensics++__original__329.mp4,data\raw\FaceForensics++_C23\original\329.mp4,0,original,c23,329
FaceForensics++,FaceForensics++__original__330.mp4,data\raw\FaceForensics++_C23\original\330.mp4,0,original,c23,330
FaceForensics++,FaceForensics++__original__331.mp4,data\raw\FaceForensics++_C23\original\331.mp4,0,original,c23,331
FaceForensics++,FaceForensics++__original__333.mp4,data\raw\FaceForensics++_C23\original\333.mp4,0,original,c23,333
FaceForensics++,FaceForensics++__original__334.mp4,data\raw\FaceForensics++_C23\original\334.mp4,0,original,c23,334
FaceForensics++,FaceForensics++__original__335.mp4,data\raw\FaceForensics++_C23\original\335.mp4,0,original,c23,335
FaceForensics++,FaceForensics++__original__337.mp4,data\raw\FaceForensics++_C23\original\337.mp4,0,original,c23,337
FaceForensics++,FaceForensics++__original__338.mp4,data\raw\FaceForensics++_C23\original\338.mp4,0,original,c23,338
FaceForensics++,FaceForensics++__original__339.mp4,data\raw\FaceForensics++_C23\original\339.mp4,0,original,c23,339
FaceForensics++,FaceForensics++__original__340.mp4,data\raw\FaceForensics++_C23\original\340.mp4,0,original,c23,340
FaceForensics++,FaceForensics++__original__341.mp4,data\raw\FaceForensics++_C23\original\341.mp4,0,original,c23,341
FaceForensics++,FaceForensics++__original__342.mp4,data\raw\FaceForensics++_C23\original\342.mp4,0,original,c23,342
FaceForensics++,FaceForensics++__original__345.mp4,data\raw\FaceForensics++_C23\original\345.mp4,0,original,c23,345
FaceForensics++,FaceForensics++__original__346.mp4,data\raw\FaceForensics++_C23\original\346.mp4,0,original,c23,346
FaceForensics++,FaceForensics++__original__347.mp4,data\raw\FaceForensics++_C23\original\347.mp4,0,original,c23,347
FaceForensics++,FaceForensics++__original__348.mp4,data\raw\FaceForensics++_C23\original\348.mp4,0,original,c23,348
FaceForensics++,FaceForensics++__original__349.mp4,data\raw\FaceForensics++_C23\original\349.mp4,0,original,c23,349
FaceForensics++,FaceForensics++__original__350.mp4,data\raw\FaceForensics++_C23\original\350.mp4,0,original,c23,350
FaceForensics++,FaceForensics++__original__351.mp4,data\raw\FaceForensics++_C23\original\351.mp4,0,original,c23,351
FaceForensics++,FaceForensics++__original__352.mp4,data\raw\FaceForensics++_C23\original\352.mp4,0,original,c23,352
FaceForensics++,FaceForensics++__original__353.mp4,data\raw\FaceForensics++_C23\original\353.mp4,0,original,c23,353
FaceForensics++,FaceForensics++__original__354.mp4,data\raw\FaceForensics++_C23\original\354.mp4,0,original,c23,354
FaceForensics++,FaceForensics++__original__355.mp4,data\raw\FaceForensics++_C23\original\355.mp4,0,original,c23,355
FaceForensics++,FaceForensics++__original__356.mp4,data\raw\FaceForensics++_C23\original\356.mp4,0,original,c23,356
FaceForensics++,FaceForensics++__original__357.mp4,data\raw\FaceForensics++_C23\original\357.mp4,0,original,c23,357
FaceForensics++,FaceForensics++__original__358.mp4,data\raw\FaceForensics++_C23\original\358.mp4,0,original,c23,358
FaceForensics++,FaceForensics++__original__360.mp4,data\raw\FaceForensics++_C23\original\360.mp4,0,original,c23,360
FaceForensics++,FaceForensics++__original__362.mp4,data\raw\FaceForensics++_C23\original\362.mp4,0,original,c23,362
FaceForensics++,FaceForensics++__original__363.mp4,data\raw\FaceForensics++_C23\original\363.mp4,0,original,c23,363
FaceForensics++,FaceForensics++__original__365.mp4,data\raw\FaceForensics++_C23\original\365.mp4,0,original,c23,365
FaceForensics++,FaceForensics++__original__368.mp4,data\raw\FaceForensics++_C23\original\368.mp4,0,original,c23,368
FaceForensics++,FaceForensics++__original__369.mp4,data\raw\FaceForensics++_C23\original\369.mp4,0,original,c23,369
FaceForensics++,FaceForensics++__original__370.mp4,data\raw\FaceForensics++_C23\original\370.mp4,0,original,c23,370
FaceForensics++,FaceForensics++__original__371.mp4,data\raw\FaceForensics++_C23\original\371.mp4,0,original,c23,371
FaceForensics++,FaceForensics++__original__372.mp4,data\raw\FaceForensics++_C23\original\372.mp4,0,original,c23,372
FaceForensics++,FaceForensics++__original__373.mp4,data\raw\FaceForensics++_C23\original\373.mp4,0,original,c23,373
FaceForensics++,FaceForensics++__original__374.mp4,data\raw\FaceForensics++_C23\original\374.mp4,0,original,c23,374
FaceForensics++,FaceForensics++__original__375.mp4,data\raw\FaceForensics++_C23\original\375.mp4,0,original,c23,375
FaceForensics++,FaceForensics++__original__376.mp4,data\raw\FaceForensics++_C23\original\376.mp4,0,original,c23,376
FaceForensics++,FaceForensics++__original__378.mp4,data\raw\FaceForensics++_C23\original\378.mp4,0,original,c23,378
FaceForensics++,FaceForensics++__original__379.mp4,data\raw\FaceForensics++_C23\original\379.mp4,0,original,c23,379
FaceForensics++,FaceForensics++__original__381.mp4,data\raw\FaceForensics++_C23\original\381.mp4,0,original,c23,381
FaceForensics++,FaceForensics++__original__382.mp4,data\raw\FaceForensics++_C23\original\382.mp4,0,original,c23,382
FaceForensics++,FaceForensics++__original__384.mp4,data\raw\FaceForensics++_C23\original\384.mp4,0,original,c23,384
FaceForensics++,FaceForensics++__original__385.mp4,data\raw\FaceForensics++_C23\original\385.mp4,0,original,c23,385
FaceForensics++,FaceForensics++__original__386.mp4,data\raw\FaceForensics++_C23\original\386.mp4,0,original,c23,386
FaceForensics++,FaceForensics++__original__387.mp4,data\raw\FaceForensics++_C23\original\387.mp4,0,original,c23,387
FaceForensics++,FaceForensics++__original__388.mp4,data\raw\FaceForensics++_C23\original\388.mp4,0,original,c23,388
FaceForensics++,FaceForensics++__original__389.mp4,data\raw\FaceForensics++_C23\original\389.mp4,0,original,c23,389
FaceForensics++,FaceForensics++__original__391.mp4,data\raw\FaceForensics++_C23\original\391.mp4,0,original,c23,391
FaceForensics++,FaceForensics++__original__392.mp4,data\raw\FaceForensics++_C23\original\392.mp4,0,original,c23,392
FaceForensics++,FaceForensics++__original__394.mp4,data\raw\FaceForensics++_C23\original\394.mp4,0,original,c23,394
FaceForensics++,FaceForensics++__original__395.mp4,data\raw\FaceForensics++_C23\original\395.mp4,0,original,c23,395
FaceForensics++,FaceForensics++__original__396.mp4,data\raw\FaceForensics++_C23\original\396.mp4,0,original,c23,396
FaceForensics++,FaceForensics++__original__398.mp4,data\raw\FaceForensics++_C23\original\398.mp4,0,original,c23,398
FaceForensics++,FaceForensics++__original__399.mp4,data\raw\FaceForensics++_C23\original\399.mp4,0,original,c23,399
FaceForensics++,FaceForensics++__original__400.mp4,data\raw\FaceForensics++_C23\original\400.mp4,0,original,c23,400
FaceForensics++,FaceForensics++__original__401.mp4,data\raw\FaceForensics++_C23\original\401.mp4,0,original,c23,401
FaceForensics++,FaceForensics++__original__402.mp4,data\raw\FaceForensics++_C23\original\402.mp4,0,original,c23,402
FaceForensics++,FaceForensics++__original__403.mp4,data\raw\FaceForensics++_C23\original\403.mp4,0,original,c23,403
FaceForensics++,FaceForensics++__original__404.mp4,data\raw\FaceForensics++_C23\original\404.mp4,0,original,c23,404
FaceForensics++,FaceForensics++__original__405.mp4,data\raw\FaceForensics++_C23\original\405.mp4,0,original,c23,405
FaceForensics++,FaceForensics++__original__407.mp4,data\raw\FaceForensics++_C23\original\407.mp4,0,original,c23,407
FaceForensics++,FaceForensics++__original__408.mp4,data\raw\FaceForensics++_C23\original\408.mp4,0,original,c23,408
FaceForensics++,FaceForensics++__original__409.mp4,data\raw\FaceForensics++_C23\original\409.mp4,0,original,c23,409
FaceForensics++,FaceForensics++__original__410.mp4,data\raw\FaceForensics++_C23\original\410.mp4,0,original,c23,410
FaceForensics++,FaceForensics++__original__411.mp4,data\raw\FaceForensics++_C23\original\411.mp4,0,original,c23,411
FaceForensics++,FaceForensics++__original__412.mp4,data\raw\FaceForensics++_C23\original\412.mp4,0,original,c23,412
FaceForensics++,FaceForensics++__original__414.mp4,data\raw\FaceForensics++_C23\original\414.mp4,0,original,c23,414
FaceForensics++,FaceForensics++__original__415.mp4,data\raw\FaceForensics++_C23\original\415.mp4,0,original,c23,415
FaceForensics++,FaceForensics++__original__416.mp4,data\raw\FaceForensics++_C23\original\416.mp4,0,original,c23,416
FaceForensics++,FaceForensics++__original__417.mp4,data\raw\FaceForensics++_C23\original\417.mp4,0,original,c23,417
FaceForensics++,FaceForensics++__original__418.mp4,data\raw\FaceForensics++_C23\original\418.mp4,0,original,c23,418
FaceForensics++,FaceForensics++__original__419.mp4,data\raw\FaceForensics++_C23\original\419.mp4,0,original,c23,419
FaceForensics++,FaceForensics++__original__420.mp4,data\raw\FaceForensics++_C23\original\420.mp4,0,original,c23,420
FaceForensics++,FaceForensics++__original__421.mp4,data\raw\FaceForensics++_C23\original\421.mp4,0,original,c23,421
FaceForensics++,FaceForensics++__original__422.mp4,data\raw\FaceForensics++_C23\original\422.mp4,0,original,c23,422
FaceForensics++,FaceForensics++__original__423.mp4,data\raw\FaceForensics++_C23\original\423.mp4,0,original,c23,423
FaceForensics++,FaceForensics++__original__424.mp4,data\raw\FaceForensics++_C23\original\424.mp4,0,original,c23,424
FaceForensics++,FaceForensics++__original__425.mp4,data\raw\FaceForensics++_C23\original\425.mp4,0,original,c23,425
FaceForensics++,FaceForensics++__original__426.mp4,data\raw\FaceForensics++_C23\original\426.mp4,0,original,c23,426
FaceForensics++,FaceForensics++__original__427.mp4,data\raw\FaceForensics++_C23\original\427.mp4,0,original,c23,427
FaceForensics++,FaceForensics++__original__428.mp4,data\raw\FaceForensics++_C23\original\428.mp4,0,original,c23,428
FaceForensics++,FaceForensics++__original__430.mp4,data\raw\FaceForensics++_C23\original\430.mp4,0,original,c23,430
FaceForensics++,FaceForensics++__original__431.mp4,data\raw\FaceForensics++_C23\original\431.mp4,0,original,c23,431
FaceForensics++,FaceForensics++__original__432.mp4,data\raw\FaceForensics++_C23\original\432.mp4,0,original,c23,432
FaceForensics++,FaceForensics++__original__433.mp4,data\raw\FaceForensics++_C23\original\433.mp4,0,original,c23,433
FaceForensics++,FaceForensics++__original__434.mp4,data\raw\FaceForensics++_C23\original\434.mp4,0,original,c23,434
FaceForensics++,FaceForensics++__original__435.mp4,data\raw\FaceForensics++_C23\original\435.mp4,0,original,c23,435
FaceForensics++,FaceForensics++__original__437.mp4,data\raw\FaceForensics++_C23\original\437.mp4,0,original,c23,437
FaceForensics++,FaceForensics++__original__438.mp4,data\raw\FaceForensics++_C23\original\438.mp4,0,original,c23,438
FaceForensics++,FaceForensics++__original__439.mp4,data\raw\FaceForensics++_C23\original\439.mp4,0,original,c23,439
FaceForensics++,FaceForensics++__original__440.mp4,data\raw\FaceForensics++_C23\original\440.mp4,0,original,c23,440
FaceForensics++,FaceForensics++__original__441.mp4,data\raw\FaceForensics++_C23\original\441.mp4,0,original,c23,441
FaceForensics++,FaceForensics++__original__442.mp4,data\raw\FaceForensics++_C23\original\442.mp4,0,original,c23,442
FaceForensics++,FaceForensics++__original__443.mp4,data\raw\FaceForensics++_C23\original\443.mp4,0,original,c23,443
FaceForensics++,FaceForensics++__original__444.mp4,data\raw\FaceForensics++_C23\original\444.mp4,0,original,c23,444
FaceForensics++,FaceForensics++__original__445.mp4,data\raw\FaceForensics++_C23\original\445.mp4,0,original,c23,445
FaceForensics++,FaceForensics++__original__446.mp4,data\raw\FaceForensics++_C23\original\446.mp4,0,original,c23,446
FaceForensics++,FaceForensics++__original__448.mp4,data\raw\FaceForensics++_C23\original\448.mp4,0,original,c23,448
FaceForensics++,FaceForensics++__original__449.mp4,data\raw\FaceForensics++_C23\original\449.mp4,0,original,c23,449
FaceForensics++,FaceForensics++__original__450.mp4,data\raw\FaceForensics++_C23\original\450.mp4,0,original,c23,450
FaceForensics++,FaceForensics++__original__453.mp4,data\raw\FaceForensics++_C23\original\453.mp4,0,original,c23,453
FaceForensics++,FaceForensics++__original__454.mp4,data\raw\FaceForensics++_C23\original\454.mp4,0,original,c23,454
FaceForensics++,FaceForensics++__original__455.mp4,data\raw\FaceForensics++_C23\original\455.mp4,0,original,c23,455
FaceForensics++,FaceForensics++__original__457.mp4,data\raw\FaceForensics++_C23\original\457.mp4,0,original,c23,457
FaceForensics++,FaceForensics++__original__458.mp4,data\raw\FaceForensics++_C23\original\458.mp4,0,original,c23,458
FaceForensics++,FaceForensics++__original__459.mp4,data\raw\FaceForensics++_C23\original\459.mp4,0,original,c23,459
FaceForensics++,FaceForensics++__original__460.mp4,data\raw\FaceForensics++_C23\original\460.mp4,0,original,c23,460
FaceForensics++,FaceForensics++__original__461.mp4,data\raw\FaceForensics++_C23\original\461.mp4,0,original,c23,461
FaceForensics++,FaceForensics++__original__462.mp4,data\raw\FaceForensics++_C23\original\462.mp4,0,original,c23,462
FaceForensics++,FaceForensics++__original__463.mp4,data\raw\FaceForensics++_C23\original\463.mp4,0,original,c23,463
FaceForensics++,FaceForensics++__original__464.mp4,data\raw\FaceForensics++_C23\original\464.mp4,0,original,c23,464
FaceForensics++,FaceForensics++__original__465.mp4,data\raw\FaceForensics++_C23\original\465.mp4,0,original,c23,465
FaceForensics++,FaceForensics++__original__466.mp4,data\raw\FaceForensics++_C23\original\466.mp4,0,original,c23,466
FaceForensics++,FaceForensics++__original__467.mp4,data\raw\FaceForensics++_C23\original\467.mp4,0,original,c23,467
FaceForensics++,FaceForensics++__original__470.mp4,data\raw\FaceForensics++_C23\original\470.mp4,0,original,c23,470
FaceForensics++,FaceForensics++__original__471.mp4,data\raw\FaceForensics++_C23\original\471.mp4,0,original,c23,471
FaceForensics++,FaceForensics++__original__474.mp4,data\raw\FaceForensics++_C23\original\474.mp4,0,original,c23,474
FaceForensics++,FaceForensics++__original__475.mp4,data\raw\FaceForensics++_C23\original\475.mp4,0,original,c23,475
FaceForensics++,FaceForensics++__original__477.mp4,data\raw\FaceForensics++_C23\original\477.mp4,0,original,c23,477
FaceForensics++,FaceForensics++__original__478.mp4,data\raw\FaceForensics++_C23\original\478.mp4,0,original,c23,478
FaceForensics++,FaceForensics++__original__479.mp4,data\raw\FaceForensics++_C23\original\479.mp4,0,original,c23,479
FaceForensics++,FaceForensics++__original__480.mp4,data\raw\FaceForensics++_C23\original\480.mp4,0,original,c23,480
FaceForensics++,FaceForensics++__original__481.mp4,data\raw\FaceForensics++_C23\original\481.mp4,0,original,c23,481
FaceForensics++,FaceForensics++__original__482.mp4,data\raw\FaceForensics++_C23\original\482.mp4,0,original,c23,482
FaceForensics++,FaceForensics++__original__483.mp4,data\raw\FaceForensics++_C23\original\483.mp4,0,original,c23,483
FaceForensics++,FaceForensics++__original__484.mp4,data\raw\FaceForensics++_C23\original\484.mp4,0,original,c23,484
FaceForensics++,FaceForensics++__original__485.mp4,data\raw\FaceForensics++_C23\original\485.mp4,0,original,c23,485
FaceForensics++,FaceForensics++__original__486.mp4,data\raw\FaceForensics++_C23\original\486.mp4,0,original,c23,486
FaceForensics++,FaceForensics++__original__487.mp4,data\raw\FaceForensics++_C23\original\487.mp4,0,original,c23,487
FaceForensics++,FaceForensics++__original__488.mp4,data\raw\FaceForensics++_C23\original\488.mp4,0,original,c23,488
FaceForensics++,FaceForensics++__original__489.mp4,data\raw\FaceForensics++_C23\original\489.mp4,0,original,c23,489
FaceForensics++,FaceForensics++__original__490.mp4,data\raw\FaceForensics++_C23\original\490.mp4,0,original,c23,490
FaceForensics++,FaceForensics++__original__491.mp4,data\raw\FaceForensics++_C23\original\491.mp4,0,original,c23,491
FaceForensics++,FaceForensics++__original__493.mp4,data\raw\FaceForensics++_C23\original\493.mp4,0,original,c23,493
FaceForensics++,FaceForensics++__original__496.mp4,data\raw\FaceForensics++_C23\original\496.mp4,0,original,c23,496
FaceForensics++,FaceForensics++__original__497.mp4,data\raw\FaceForensics++_C23\original\497.mp4,0,original,c23,497
FaceForensics++,FaceForensics++__original__498.mp4,data\raw\FaceForensics++_C23\original\498.mp4,0,original,c23,498
FaceForensics++,FaceForensics++__original__499.mp4,data\raw\FaceForensics++_C23\original\499.mp4,0,original,c23,499
FaceForensics++,FaceForensics++__original__500.mp4,data\raw\FaceForensics++_C23\original\500.mp4,0,original,c23,500
FaceForensics++,FaceForensics++__original__501.mp4,data\raw\FaceForensics++_C23\original\501.mp4,0,original,c23,501
FaceForensics++,FaceForensics++__original__502.mp4,data\raw\FaceForensics++_C23\original\502.mp4,0,original,c23,502
FaceForensics++,FaceForensics++__original__503.mp4,data\raw\FaceForensics++_C23\original\503.mp4,0,original,c23,503
FaceForensics++,FaceForensics++__original__504.mp4,data\raw\FaceForensics++_C23\original\504.mp4,0,original,c23,504
FaceForensics++,FaceForensics++__original__505.mp4,data\raw\FaceForensics++_C23\original\505.mp4,0,original,c23,505
FaceForensics++,FaceForensics++__original__506.mp4,data\raw\FaceForensics++_C23\original\506.mp4,0,original,c23,506
FaceForensics++,FaceForensics++__original__507.mp4,data\raw\FaceForensics++_C23\original\507.mp4,0,original,c23,507
FaceForensics++,FaceForensics++__original__508.mp4,data\raw\FaceForensics++_C23\original\508.mp4,0,original,c23,508
FaceForensics++,FaceForensics++__original__509.mp4,data\raw\FaceForensics++_C23\original\509.mp4,0,original,c23,509
FaceForensics++,FaceForensics++__original__510.mp4,data\raw\FaceForensics++_C23\original\510.mp4,0,original,c23,510
FaceForensics++,FaceForensics++__original__511.mp4,data\raw\FaceForensics++_C23\original\511.mp4,0,original,c23,511
FaceForensics++,FaceForensics++__original__513.mp4,data\raw\FaceForensics++_C23\original\513.mp4,0,original,c23,513
FaceForensics++,FaceForensics++__original__514.mp4,data\raw\FaceForensics++_C23\original\514.mp4,0,original,c23,514
FaceForensics++,FaceForensics++__original__515.mp4,data\raw\FaceForensics++_C23\original\515.mp4,0,original,c23,515
FaceForensics++,FaceForensics++__original__516.mp4,data\raw\FaceForensics++_C23\original\516.mp4,0,original,c23,516
FaceForensics++,FaceForensics++__original__517.mp4,data\raw\FaceForensics++_C23\original\517.mp4,0,original,c23,517
FaceForensics++,FaceForensics++__original__518.mp4,data\raw\FaceForensics++_C23\original\518.mp4,0,original,c23,518
FaceForensics++,FaceForensics++__original__519.mp4,data\raw\FaceForensics++_C23\original\519.mp4,0,original,c23,519
FaceForensics++,FaceForensics++__original__520.mp4,data\raw\FaceForensics++_C23\original\520.mp4,0,original,c23,520
FaceForensics++,FaceForensics++__original__521.mp4,data\raw\FaceForensics++_C23\original\521.mp4,0,original,c23,521
FaceForensics++,FaceForensics++__original__523.mp4,data\raw\FaceForensics++_C23\original\523.mp4,0,original,c23,523
FaceForensics++,FaceForensics++__original__524.mp4,data\raw\FaceForensics++_C23\original\524.mp4,0,original,c23,524
FaceForensics++,FaceForensics++__original__526.mp4,data\raw\FaceForensics++_C23\original\526.mp4,0,original,c23,526
FaceForensics++,FaceForensics++__original__527.mp4,data\raw\FaceForensics++_C23\original\527.mp4,0,original,c23,527
FaceForensics++,FaceForensics++__original__528.mp4,data\raw\FaceForensics++_C23\original\528.mp4,0,original,c23,528
FaceForensics++,FaceForensics++__original__529.mp4,data\raw\FaceForensics++_C23\original\529.mp4,0,original,c23,529
FaceForensics++,FaceForensics++__original__530.mp4,data\raw\FaceForensics++_C23\original\530.mp4,0,original,c23,530
FaceForensics++,FaceForensics++__original__531.mp4,data\raw\FaceForensics++_C23\original\531.mp4,0,original,c23,531
FaceForensics++,FaceForensics++__original__532.mp4,data\raw\FaceForensics++_C23\original\532.mp4,0,original,c23,532
FaceForensics++,FaceForensics++__original__533.mp4,data\raw\FaceForensics++_C23\original\533.mp4,0,original,c23,533
FaceForensics++,FaceForensics++__original__534.mp4,data\raw\FaceForensics++_C23\original\534.mp4,0,original,c23,534
FaceForensics++,FaceForensics++__original__537.mp4,data\raw\FaceForensics++_C23\original\537.mp4,0,original,c23,537
FaceForensics++,FaceForensics++__original__538.mp4,data\raw\FaceForensics++_C23\original\538.mp4,0,original,c23,538
FaceForensics++,FaceForensics++__original__539.mp4,data\raw\FaceForensics++_C23\original\539.mp4,0,original,c23,539
FaceForensics++,FaceForensics++__original__541.mp4,data\raw\FaceForensics++_C23\original\541.mp4,0,original,c23,541
FaceForensics++,FaceForensics++__original__542.mp4,data\raw\FaceForensics++_C23\original\542.mp4,0,original,c23,542
FaceForensics++,FaceForensics++__original__544.mp4,data\raw\FaceForensics++_C23\original\544.mp4,0,original,c23,544
FaceForensics++,FaceForensics++__original__545.mp4,data\raw\FaceForensics++_C23\original\545.mp4,0,original,c23,545
FaceForensics++,FaceForensics++__original__546.mp4,data\raw\FaceForensics++_C23\original\546.mp4,0,original,c23,546
FaceForensics++,FaceForensics++__original__548.mp4,data\raw\FaceForensics++_C23\original\548.mp4,0,original,c23,548
FaceForensics++,FaceForensics++__original__549.mp4,data\raw\FaceForensics++_C23\original\549.mp4,0,original,c23,549
FaceForensics++,FaceForensics++__original__550.mp4,data\raw\FaceForensics++_C23\original\550.mp4,0,original,c23,550
FaceForensics++,FaceForensics++__original__551.mp4,data\raw\FaceForensics++_C23\original\551.mp4,0,original,c23,551
FaceForensics++,FaceForensics++__original__552.mp4,data\raw\FaceForensics++_C23\original\552.mp4,0,original,c23,552
FaceForensics++,FaceForensics++__original__553.mp4,data\raw\FaceForensics++_C23\original\553.mp4,0,original,c23,553
FaceForensics++,FaceForensics++__original__554.mp4,data\raw\FaceForensics++_C23\original\554.mp4,0,original,c23,554
FaceForensics++,FaceForensics++__original__555.mp4,data\raw\FaceForensics++_C23\original\555.mp4,0,original,c23,555
FaceForensics++,FaceForensics++__original__556.mp4,data\raw\FaceForensics++_C23\original\556.mp4,0,original,c23,556
FaceForensics++,FaceForensics++__original__557.mp4,data\raw\FaceForensics++_C23\original\557.mp4,0,original,c23,557
FaceForensics++,FaceForensics++__original__558.mp4,data\raw\FaceForensics++_C23\original\558.mp4,0,original,c23,558
FaceForensics++,FaceForensics++__original__559.mp4,data\raw\FaceForensics++_C23\original\559.mp4,0,original,c23,559
FaceForensics++,FaceForensics++__original__560.mp4,data\raw\FaceForensics++_C23\original\560.mp4,0,original,c23,560
FaceForensics++,FaceForensics++__original__561.mp4,data\raw\FaceForensics++_C23\original\561.mp4,0,original,c23,561
FaceForensics++,FaceForensics++__original__562.mp4,data\raw\FaceForensics++_C23\original\562.mp4,0,original,c23,562
FaceForensics++,FaceForensics++__original__563.mp4,data\raw\FaceForensics++_C23\original\563.mp4,0,original,c23,563
FaceForensics++,FaceForensics++__original__564.mp4,data\raw\FaceForensics++_C23\original\564.mp4,0,original,c23,564
FaceForensics++,FaceForensics++__original__565.mp4,data\raw\FaceForensics++_C23\original\565.mp4,0,original,c23,565
FaceForensics++,FaceForensics++__original__566.mp4,data\raw\FaceForensics++_C23\original\566.mp4,0,original,c23,566
FaceForensics++,FaceForensics++__original__567.mp4,data\raw\FaceForensics++_C23\original\567.mp4,0,original,c23,567
FaceForensics++,FaceForensics++__original__568.mp4,data\raw\FaceForensics++_C23\original\568.mp4,0,original,c23,568
FaceForensics++,FaceForensics++__original__569.mp4,data\raw\FaceForensics++_C23\original\569.mp4,0,original,c23,569
FaceForensics++,FaceForensics++__original__570.mp4,data\raw\FaceForensics++_C23\original\570.mp4,0,original,c23,570
FaceForensics++,FaceForensics++__original__571.mp4,data\raw\FaceForensics++_C23\original\571.mp4,0,original,c23,571
FaceForensics++,FaceForensics++__original__572.mp4,data\raw\FaceForensics++_C23\original\572.mp4,0,original,c23,572
FaceForensics++,FaceForensics++__original__573.mp4,data\raw\FaceForensics++_C23\original\573.mp4,0,original,c23,573
FaceForensics++,FaceForensics++__original__574.mp4,data\raw\FaceForensics++_C23\original\574.mp4,0,original,c23,574
FaceForensics++,FaceForensics++__original__575.mp4,data\raw\FaceForensics++_C23\original\575.mp4,0,original,c23,575
FaceForensics++,FaceForensics++__original__576.mp4,data\raw\FaceForensics++_C23\original\576.mp4,0,original,c23,576
FaceForensics++,FaceForensics++__original__577.mp4,data\raw\FaceForensics++_C23\original\577.mp4,0,original,c23,577
FaceForensics++,FaceForensics++__original__578.mp4,data\raw\FaceForensics++_C23\original\578.mp4,0,original,c23,578
FaceForensics++,FaceForensics++__original__579.mp4,data\raw\FaceForensics++_C23\original\579.mp4,0,original,c23,579
FaceForensics++,FaceForensics++__original__580.mp4,data\raw\FaceForensics++_C23\original\580.mp4,0,original,c23,580
FaceForensics++,FaceForensics++__original__581.mp4,data\raw\FaceForensics++_C23\original\581.mp4,0,original,c23,581
FaceForensics++,FaceForensics++__original__582.mp4,data\raw\FaceForensics++_C23\original\582.mp4,0,original,c23,582
FaceForensics++,FaceForensics++__original__584.mp4,data\raw\FaceForensics++_C23\original\584.mp4,0,original,c23,584
FaceForensics++,FaceForensics++__original__585.mp4,data\raw\FaceForensics++_C23\original\585.mp4,0,original,c23,585
FaceForensics++,FaceForensics++__original__587.mp4,data\raw\FaceForensics++_C23\original\587.mp4,0,original,c23,587
FaceForensics++,FaceForensics++__original__588.mp4,data\raw\FaceForensics++_C23\original\588.mp4,0,original,c23,588
FaceForensics++,FaceForensics++__original__589.mp4,data\raw\FaceForensics++_C23\original\589.mp4,0,original,c23,589
FaceForensics++,FaceForensics++__original__590.mp4,data\raw\FaceForensics++_C23\original\590.mp4,0,original,c23,590
FaceForensics++,FaceForensics++__original__591.mp4,data\raw\FaceForensics++_C23\original\591.mp4,0,original,c23,591
FaceForensics++,FaceForensics++__original__592.mp4,data\raw\FaceForensics++_C23\original\592.mp4,0,original,c23,592
FaceForensics++,FaceForensics++__original__593.mp4,data\raw\FaceForensics++_C23\original\593.mp4,0,original,c23,593
FaceForensics++,FaceForensics++__original__594.mp4,data\raw\FaceForensics++_C23\original\594.mp4,0,original,c23,594
FaceForensics++,FaceForensics++__original__595.mp4,data\raw\FaceForensics++_C23\original\595.mp4,0,original,c23,595
FaceForensics++,FaceForensics++__original__596.mp4,data\raw\FaceForensics++_C23\original\596.mp4,0,original,c23,596
FaceForensics++,FaceForensics++__original__597.mp4,data\raw\FaceForensics++_C23\original\597.mp4,0,original,c23,597
FaceForensics++,FaceForensics++__original__599.mp4,data\raw\FaceForensics++_C23\original\599.mp4,0,original,c23,599
FaceForensics++,FaceForensics++__original__600.mp4,data\raw\FaceForensics++_C23\original\600.mp4,0,original,c23,600
FaceForensics++,FaceForensics++__original__602.mp4,data\raw\FaceForensics++_C23\original\602.mp4,0,original,c23,602
FaceForensics++,FaceForensics++__original__603.mp4,data\raw\FaceForensics++_C23\original\603.mp4,0,original,c23,603
FaceForensics++,FaceForensics++__original__605.mp4,data\raw\FaceForensics++_C23\original\605.mp4,0,original,c23,605
FaceForensics++,FaceForensics++__original__608.mp4,data\raw\FaceForensics++_C23\original\608.mp4,0,original,c23,608
FaceForensics++,FaceForensics++__original__609.mp4,data\raw\FaceForensics++_C23\original\609.mp4,0,original,c23,609
FaceForensics++,FaceForensics++__original__611.mp4,data\raw\FaceForensics++_C23\original\611.mp4,0,original,c23,611
FaceForensics++,FaceForensics++__original__612.mp4,data\raw\FaceForensics++_C23\original\612.mp4,0,original,c23,612
FaceForensics++,FaceForensics++__original__613.mp4,data\raw\FaceForensics++_C23\original\613.mp4,0,original,c23,613
FaceForensics++,FaceForensics++__original__614.mp4,data\raw\FaceForensics++_C23\original\614.mp4,0,original,c23,614
FaceForensics++,FaceForensics++__original__615.mp4,data\raw\FaceForensics++_C23\original\615.mp4,0,original,c23,615
FaceForensics++,FaceForensics++__original__618.mp4,data\raw\FaceForensics++_C23\original\618.mp4,0,original,c23,618
FaceForensics++,FaceForensics++__original__619.mp4,data\raw\FaceForensics++_C23\original\619.mp4,0,original,c23,619
FaceForensics++,FaceForensics++__original__620.mp4,data\raw\FaceForensics++_C23\original\620.mp4,0,original,c23,620
FaceForensics++,FaceForensics++__original__621.mp4,data\raw\FaceForensics++_C23\original\621.mp4,0,original,c23,621
FaceForensics++,FaceForensics++__original__623.mp4,data\raw\FaceForensics++_C23\original\623.mp4,0,original,c23,623
FaceForensics++,FaceForensics++__original__624.mp4,data\raw\FaceForensics++_C23\original\624.mp4,0,original,c23,624
FaceForensics++,FaceForensics++__original__625.mp4,data\raw\FaceForensics++_C23\original\625.mp4,0,original,c23,625
FaceForensics++,FaceForensics++__original__626.mp4,data\raw\FaceForensics++_C23\original\626.mp4,0,original,c23,626
FaceForensics++,FaceForensics++__original__628.mp4,data\raw\FaceForensics++_C23\original\628.mp4,0,original,c23,628
FaceForensics++,FaceForensics++__original__629.mp4,data\raw\FaceForensics++_C23\original\629.mp4,0,original,c23,629
FaceForensics++,FaceForensics++__original__630.mp4,data\raw\FaceForensics++_C23\original\630.mp4,0,original,c23,630
FaceForensics++,FaceForensics++__original__631.mp4,data\raw\FaceForensics++_C23\original\631.mp4,0,original,c23,631
FaceForensics++,FaceForensics++__original__632.mp4,data\raw\FaceForensics++_C23\original\632.mp4,0,original,c23,632
FaceForensics++,FaceForensics++__original__636.mp4,data\raw\FaceForensics++_C23\original\636.mp4,0,original,c23,636
FaceForensics++,FaceForensics++__original__637.mp4,data\raw\FaceForensics++_C23\original\637.mp4,0,original,c23,637
FaceForensics++,FaceForensics++__original__639.mp4,data\raw\FaceForensics++_C23\original\639.mp4,0,original,c23,639
FaceForensics++,FaceForensics++__original__640.mp4,data\raw\FaceForensics++_C23\original\640.mp4,0,original,c23,640
FaceForensics++,FaceForensics++__original__641.mp4,data\raw\FaceForensics++_C23\original\641.mp4,0,original,c23,641
FaceForensics++,FaceForensics++__original__642.mp4,data\raw\FaceForensics++_C23\original\642.mp4,0,original,c23,642
FaceForensics++,FaceForensics++__original__643.mp4,data\raw\FaceForensics++_C23\original\643.mp4,0,original,c23,643
FaceForensics++,FaceForensics++__original__644.mp4,data\raw\FaceForensics++_C23\original\644.mp4,0,original,c23,644
FaceForensics++,FaceForensics++__original__645.mp4,data\raw\FaceForensics++_C23\original\645.mp4,0,original,c23,645
FaceForensics++,FaceForensics++__original__646.mp4,data\raw\FaceForensics++_C23\original\646.mp4,0,original,c23,646
FaceForensics++,FaceForensics++__original__647.mp4,data\raw\FaceForensics++_C23\original\647.mp4,0,original,c23,647
FaceForensics++,FaceForensics++__original__648.mp4,data\raw\FaceForensics++_C23\original\648.mp4,0,original,c23,648
FaceForensics++,FaceForensics++__original__650.mp4,data\raw\FaceForensics++_C23\original\650.mp4,0,original,c23,650
FaceForensics++,FaceForensics++__original__651.mp4,data\raw\FaceForensics++_C23\original\651.mp4,0,original,c23,651
FaceForensics++,FaceForensics++__original__652.mp4,data\raw\FaceForensics++_C23\original\652.mp4,0,original,c23,652
FaceForensics++,FaceForensics++__original__654.mp4,data\raw\FaceForensics++_C23\original\654.mp4,0,original,c23,654
FaceForensics++,FaceForensics++__original__655.mp4,data\raw\FaceForensics++_C23\original\655.mp4,0,original,c23,655
FaceForensics++,FaceForensics++__original__656.mp4,data\raw\FaceForensics++_C23\original\656.mp4,0,original,c23,656
FaceForensics++,FaceForensics++__original__657.mp4,data\raw\FaceForensics++_C23\original\657.mp4,0,original,c23,657
FaceForensics++,FaceForensics++__original__658.mp4,data\raw\FaceForensics++_C23\original\658.mp4,0,original,c23,658
FaceForensics++,FaceForensics++__original__659.mp4,data\raw\FaceForensics++_C23\original\659.mp4,0,original,c23,659
FaceForensics++,FaceForensics++__original__660.mp4,data\raw\FaceForensics++_C23\original\660.mp4,0,original,c23,660
FaceForensics++,FaceForensics++__original__661.mp4,data\raw\FaceForensics++_C23\original\661.mp4,0,original,c23,661
FaceForensics++,FaceForensics++__original__662.mp4,data\raw\FaceForensics++_C23\original\662.mp4,0,original,c23,662
FaceForensics++,FaceForensics++__original__663.mp4,data\raw\FaceForensics++_C23\original\663.mp4,0,original,c23,663
FaceForensics++,FaceForensics++__original__664.mp4,data\raw\FaceForensics++_C23\original\664.mp4,0,original,c23,664
FaceForensics++,FaceForensics++__original__665.mp4,data\raw\FaceForensics++_C23\original\665.mp4,0,original,c23,665
FaceForensics++,FaceForensics++__original__666.mp4,data\raw\FaceForensics++_C23\original\666.mp4,0,original,c23,666
FaceForensics++,FaceForensics++__original__667.mp4,data\raw\FaceForensics++_C23\original\667.mp4,0,original,c23,667
FaceForensics++,FaceForensics++__original__668.mp4,data\raw\FaceForensics++_C23\original\668.mp4,0,original,c23,668
FaceForensics++,FaceForensics++__original__670.mp4,data\raw\FaceForensics++_C23\original\670.mp4,0,original,c23,670
FaceForensics++,FaceForensics++__original__671.mp4,data\raw\FaceForensics++_C23\original\671.mp4,0,original,c23,671
FaceForensics++,FaceForensics++__original__672.mp4,data\raw\FaceForensics++_C23\original\672.mp4,0,original,c23,672
FaceForensics++,FaceForensics++__original__673.mp4,data\raw\FaceForensics++_C23\original\673.mp4,0,original,c23,673
FaceForensics++,FaceForensics++__original__674.mp4,data\raw\FaceForensics++_C23\original\674.mp4,0,original,c23,674
FaceForensics++,FaceForensics++__original__675.mp4,data\raw\FaceForensics++_C23\original\675.mp4,0,original,c23,675
FaceForensics++,FaceForensics++__original__676.mp4,data\raw\FaceForensics++_C23\original\676.mp4,0,original,c23,676
FaceForensics++,FaceForensics++__original__677.mp4,data\raw\FaceForensics++_C23\original\677.mp4,0,original,c23,677
FaceForensics++,FaceForensics++__original__678.mp4,data\raw\FaceForensics++_C23\original\678.mp4,0,original,c23,678
FaceForensics++,FaceForensics++__original__679.mp4,data\raw\FaceForensics++_C23\original\679.mp4,0,original,c23,679
FaceForensics++,FaceForensics++__original__681.mp4,data\raw\FaceForensics++_C23\original\681.mp4,0,original,c23,681
FaceForensics++,FaceForensics++__original__683.mp4,data\raw\FaceForensics++_C23\original\683.mp4,0,original,c23,683
FaceForensics++,FaceForensics++__original__684.mp4,data\raw\FaceForensics++_C23\original\684.mp4,0,original,c23,684
FaceForensics++,FaceForensics++__original__685.mp4,data\raw\FaceForensics++_C23\original\685.mp4,0,original,c23,685
FaceForensics++,FaceForensics++__original__687.mp4,data\raw\FaceForensics++_C23\original\687.mp4,0,original,c23,687
FaceForensics++,FaceForensics++__original__688.mp4,data\raw\FaceForensics++_C23\original\688.mp4,0,original,c23,688
FaceForensics++,FaceForensics++__original__690.mp4,data\raw\FaceForensics++_C23\original\690.mp4,0,original,c23,690
FaceForensics++,FaceForensics++__original__691.mp4,data\raw\FaceForensics++_C23\original\691.mp4,0,original,c23,691
FaceForensics++,FaceForensics++__original__692.mp4,data\raw\FaceForensics++_C23\original\692.mp4,0,original,c23,692
FaceForensics++,FaceForensics++__original__693.mp4,data\raw\FaceForensics++_C23\original\693.mp4,0,original,c23,693
FaceForensics++,FaceForensics++__original__694.mp4,data\raw\FaceForensics++_C23\original\694.mp4,0,original,c23,694
FaceForensics++,FaceForensics++__original__698.mp4,data\raw\FaceForensics++_C23\original\698.mp4,0,original,c23,698
FaceForensics++,FaceForensics++__original__699.mp4,data\raw\FaceForensics++_C23\original\699.mp4,0,original,c23,699
FaceForensics++,FaceForensics++__original__700.mp4,data\raw\FaceForensics++_C23\original\700.mp4,0,original,c23,700
FaceForensics++,FaceForensics++__original__701.mp4,data\raw\FaceForensics++_C23\original\701.mp4,0,original,c23,701
FaceForensics++,FaceForensics++__original__702.mp4,data\raw\FaceForensics++_C23\original\702.mp4,0,original,c23,702
FaceForensics++,FaceForensics++__original__703.mp4,data\raw\FaceForensics++_C23\original\703.mp4,0,original,c23,703
FaceForensics++,FaceForensics++__original__704.mp4,data\raw\FaceForensics++_C23\original\704.mp4,0,original,c23,704
FaceForensics++,FaceForensics++__original__706.mp4,data\raw\FaceForensics++_C23\original\706.mp4,0,original,c23,706
FaceForensics++,FaceForensics++__original__707.mp4,data\raw\FaceForensics++_C23\original\707.mp4,0,original,c23,707
FaceForensics++,FaceForensics++__original__708.mp4,data\raw\FaceForensics++_C23\original\708.mp4,0,original,c23,708
FaceForensics++,FaceForensics++__original__710.mp4,data\raw\FaceForensics++_C23\original\710.mp4,0,original,c23,710
FaceForensics++,FaceForensics++__original__711.mp4,data\raw\FaceForensics++_C23\original\711.mp4,0,original,c23,711
FaceForensics++,FaceForensics++__original__712.mp4,data\raw\FaceForensics++_C23\original\712.mp4,0,original,c23,712
FaceForensics++,FaceForensics++__original__713.mp4,data\raw\FaceForensics++_C23\original\713.mp4,0,original,c23,713
FaceForensics++,FaceForensics++__original__714.mp4,data\raw\FaceForensics++_C23\original\714.mp4,0,original,c23,714
FaceForensics++,FaceForensics++__original__715.mp4,data\raw\FaceForensics++_C23\original\715.mp4,0,original,c23,715
FaceForensics++,FaceForensics++__original__716.mp4,data\raw\FaceForensics++_C23\original\716.mp4,0,original,c23,716
FaceForensics++,FaceForensics++__original__717.mp4,data\raw\FaceForensics++_C23\original\717.mp4,0,original,c23,717
FaceForensics++,FaceForensics++__original__718.mp4,data\raw\FaceForensics++_C23\original\718.mp4,0,original,c23,718
FaceForensics++,FaceForensics++__original__719.mp4,data\raw\FaceForensics++_C23\original\719.mp4,0,original,c23,719
FaceForensics++,FaceForensics++__original__722.mp4,data\raw\FaceForensics++_C23\original\722.mp4,0,original,c23,722
FaceForensics++,FaceForensics++__original__723.mp4,data\raw\FaceForensics++_C23\original\723.mp4,0,original,c23,723
FaceForensics++,FaceForensics++__original__724.mp4,data\raw\FaceForensics++_C23\original\724.mp4,0,original,c23,724
FaceForensics++,FaceForensics++__original__725.mp4,data\raw\FaceForensics++_C23\original\725.mp4,0,original,c23,725
FaceForensics++,FaceForensics++__original__726.mp4,data\raw\FaceForensics++_C23\original\726.mp4,0,original,c23,726
FaceForensics++,FaceForensics++__original__727.mp4,data\raw\FaceForensics++_C23\original\727.mp4,0,original,c23,727
FaceForensics++,FaceForensics++__original__728.mp4,data\raw\FaceForensics++_C23\original\728.mp4,0,original,c23,728
FaceForensics++,FaceForensics++__original__729.mp4,data\raw\FaceForensics++_C23\original\729.mp4,0,original,c23,729
FaceForensics++,FaceForensics++__original__730.mp4,data\raw\FaceForensics++_C23\original\730.mp4,0,original,c23,730
FaceForensics++,FaceForensics++__original__731.mp4,data\raw\FaceForensics++_C23\original\731.mp4,0,original,c23,731
FaceForensics++,FaceForensics++__original__732.mp4,data\raw\FaceForensics++_C23\original\732.mp4,0,original,c23,732
FaceForensics++,FaceForensics++__original__733.mp4,data\raw\FaceForensics++_C23\original\733.mp4,0,original,c23,733
FaceForensics++,FaceForensics++__original__734.mp4,data\raw\FaceForensics++_C23\original\734.mp4,0,original,c23,734
FaceForensics++,FaceForensics++__original__735.mp4,data\raw\FaceForensics++_C23\original\735.mp4,0,original,c23,735
FaceForensics++,FaceForensics++__original__737.mp4,data\raw\FaceForensics++_C23\original\737.mp4,0,original,c23,737
FaceForensics++,FaceForensics++__original__738.mp4,data\raw\FaceForensics++_C23\original\738.mp4,0,original,c23,738
FaceForensics++,FaceForensics++__original__740.mp4,data\raw\FaceForensics++_C23\original\740.mp4,0,original,c23,740
FaceForensics++,FaceForensics++__original__741.mp4,data\raw\FaceForensics++_C23\original\741.mp4,0,original,c23,741
FaceForensics++,FaceForensics++__original__743.mp4,data\raw\FaceForensics++_C23\original\743.mp4,0,original,c23,743
FaceForensics++,FaceForensics++__original__744.mp4,data\raw\FaceForensics++_C23\original\744.mp4,0,original,c23,744
FaceForensics++,FaceForensics++__original__745.mp4,data\raw\FaceForensics++_C23\original\745.mp4,0,original,c23,745
FaceForensics++,FaceForensics++__original__746.mp4,data\raw\FaceForensics++_C23\original\746.mp4,0,original,c23,746
FaceForensics++,FaceForensics++__original__748.mp4,data\raw\FaceForensics++_C23\original\748.mp4,0,original,c23,748
FaceForensics++,FaceForensics++__original__749.mp4,data\raw\FaceForensics++_C23\original\749.mp4,0,original,c23,749
FaceForensics++,FaceForensics++__original__750.mp4,data\raw\FaceForensics++_C23\original\750.mp4,0,original,c23,750
FaceForensics++,FaceForensics++__original__751.mp4,data\raw\FaceForensics++_C23\original\751.mp4,0,original,c23,751
FaceForensics++,FaceForensics++__original__752.mp4,data\raw\FaceForensics++_C23\original\752.mp4,0,original,c23,752
FaceForensics++,FaceForensics++__original__753.mp4,data\raw\FaceForensics++_C23\original\753.mp4,0,original,c23,753
FaceForensics++,FaceForensics++__original__754.mp4,data\raw\FaceForensics++_C23\original\754.mp4,0,original,c23,754
FaceForensics++,FaceForensics++__original__755.mp4,data\raw\FaceForensics++_C23\original\755.mp4,0,original,c23,755
FaceForensics++,FaceForensics++__original__756.mp4,data\raw\FaceForensics++_C23\original\756.mp4,0,original,c23,756
FaceForensics++,FaceForensics++__original__757.mp4,data\raw\FaceForensics++_C23\original\757.mp4,0,original,c23,757
FaceForensics++,FaceForensics++__original__758.mp4,data\raw\FaceForensics++_C23\original\758.mp4,0,original,c23,758
FaceForensics++,FaceForensics++__original__759.mp4,data\raw\FaceForensics++_C23\original\759.mp4,0,original,c23,759
FaceForensics++,FaceForensics++__original__760.mp4,data\raw\FaceForensics++_C23\original\760.mp4,0,original,c23,760
FaceForensics++,FaceForensics++__original__761.mp4,data\raw\FaceForensics++_C23\original\761.mp4,0,original,c23,761
FaceForensics++,FaceForensics++__original__762.mp4,data\raw\FaceForensics++_C23\original\762.mp4,0,original,c23,762
FaceForensics++,FaceForensics++__original__763.mp4,data\raw\FaceForensics++_C23\original\763.mp4,0,original,c23,763
FaceForensics++,FaceForensics++__original__764.mp4,data\raw\FaceForensics++_C23\original\764.mp4,0,original,c23,764
FaceForensics++,FaceForensics++__original__765.mp4,data\raw\FaceForensics++_C23\original\765.mp4,0,original,c23,765
FaceForensics++,FaceForensics++__original__766.mp4,data\raw\FaceForensics++_C23\original\766.mp4,0,original,c23,766
FaceForensics++,FaceForensics++__original__767.mp4,data\raw\FaceForensics++_C23\original\767.mp4,0,original,c23,767
FaceForensics++,FaceForensics++__original__769.mp4,data\raw\FaceForensics++_C23\original\769.mp4,0,original,c23,769
FaceForensics++,FaceForensics++__original__770.mp4,data\raw\FaceForensics++_C23\original\770.mp4,0,original,c23,770
FaceForensics++,FaceForensics++__original__773.mp4,data\raw\FaceForensics++_C23\original\773.mp4,0,original,c23,773
FaceForensics++,FaceForensics++__original__774.mp4,data\raw\FaceForensics++_C23\original\774.mp4,0,original,c23,774
FaceForensics++,FaceForensics++__original__775.mp4,data\raw\FaceForensics++_C23\original\775.mp4,0,original,c23,775
FaceForensics++,FaceForensics++__original__776.mp4,data\raw\FaceForensics++_C23\original\776.mp4,0,original,c23,776
FaceForensics++,FaceForensics++__original__777.mp4,data\raw\FaceForensics++_C23\original\777.mp4,0,original,c23,777
FaceForensics++,FaceForensics++__original__778.mp4,data\raw\FaceForensics++_C23\original\778.mp4,0,original,c23,778
FaceForensics++,FaceForensics++__original__779.mp4,data\raw\FaceForensics++_C23\original\779.mp4,0,original,c23,779
FaceForensics++,FaceForensics++__original__780.mp4,data\raw\FaceForensics++_C23\original\780.mp4,0,original,c23,780
FaceForensics++,FaceForensics++__original__781.mp4,data\raw\FaceForensics++_C23\original\781.mp4,0,original,c23,781
FaceForensics++,FaceForensics++__original__782.mp4,data\raw\FaceForensics++_C23\original\782.mp4,0,original,c23,782
FaceForensics++,FaceForensics++__original__783.mp4,data\raw\FaceForensics++_C23\original\783.mp4,0,original,c23,783
FaceForensics++,FaceForensics++__original__786.mp4,data\raw\FaceForensics++_C23\original\786.mp4,0,original,c23,786
FaceForensics++,FaceForensics++__original__788.mp4,data\raw\FaceForensics++_C23\original\788.mp4,0,original,c23,788
FaceForensics++,FaceForensics++__original__789.mp4,data\raw\FaceForensics++_C23\original\789.mp4,0,original,c23,789
FaceForensics++,FaceForensics++__original__790.mp4,data\raw\FaceForensics++_C23\original\790.mp4,0,original,c23,790
FaceForensics++,FaceForensics++__original__791.mp4,data\raw\FaceForensics++_C23\original\791.mp4,0,original,c23,791
FaceForensics++,FaceForensics++__original__793.mp4,data\raw\FaceForensics++_C23\original\793.mp4,0,original,c23,793
FaceForensics++,FaceForensics++__original__794.mp4,data\raw\FaceForensics++_C23\original\794.mp4,0,original,c23,794
FaceForensics++,FaceForensics++__original__795.mp4,data\raw\FaceForensics++_C23\original\795.mp4,0,original,c23,795
FaceForensics++,FaceForensics++__original__796.mp4,data\raw\FaceForensics++_C23\original\796.mp4,0,original,c23,796
FaceForensics++,FaceForensics++__original__797.mp4,data\raw\FaceForensics++_C23\original\797.mp4,0,original,c23,797
FaceForensics++,FaceForensics++__original__798.mp4,data\raw\FaceForensics++_C23\original\798.mp4,0,original,c23,798
FaceForensics++,FaceForensics++__original__799.mp4,data\raw\FaceForensics++_C23\original\799.mp4,0,original,c23,799
FaceForensics++,FaceForensics++__original__801.mp4,data\raw\FaceForensics++_C23\original\801.mp4,0,original,c23,801
FaceForensics++,FaceForensics++__original__802.mp4,data\raw\FaceForensics++_C23\original\802.mp4,0,original,c23,802
FaceForensics++,FaceForensics++__original__803.mp4,data\raw\FaceForensics++_C23\original\803.mp4,0,original,c23,803
FaceForensics++,FaceForensics++__original__804.mp4,data\raw\FaceForensics++_C23\original\804.mp4,0,original,c23,804
FaceForensics++,FaceForensics++__original__805.mp4,data\raw\FaceForensics++_C23\original\805.mp4,0,original,c23,805
FaceForensics++,FaceForensics++__original__806.mp4,data\raw\FaceForensics++_C23\original\806.mp4,0,original,c23,806
FaceForensics++,FaceForensics++__original__808.mp4,data\raw\FaceForensics++_C23\original\808.mp4,0,original,c23,808
FaceForensics++,FaceForensics++__original__809.mp4,data\raw\FaceForensics++_C23\original\809.mp4,0,original,c23,809
FaceForensics++,FaceForensics++__original__810.mp4,data\raw\FaceForensics++_C23\original\810.mp4,0,original,c23,810
FaceForensics++,FaceForensics++__original__811.mp4,data\raw\FaceForensics++_C23\original\811.mp4,0,original,c23,811
FaceForensics++,FaceForensics++__original__812.mp4,data\raw\FaceForensics++_C23\original\812.mp4,0,original,c23,812
FaceForensics++,FaceForensics++__original__813.mp4,data\raw\FaceForensics++_C23\original\813.mp4,0,original,c23,813
FaceForensics++,FaceForensics++__original__814.mp4,data\raw\FaceForensics++_C23\original\814.mp4,0,original,c23,814
FaceForensics++,FaceForensics++__original__815.mp4,data\raw\FaceForensics++_C23\original\815.mp4,0,original,c23,815
FaceForensics++,FaceForensics++__original__816.mp4,data\raw\FaceForensics++_C23\original\816.mp4,0,original,c23,816
FaceForensics++,FaceForensics++__original__817.mp4,data\raw\FaceForensics++_C23\original\817.mp4,0,original,c23,817
FaceForensics++,FaceForensics++__original__818.mp4,data\raw\FaceForensics++_C23\original\818.mp4,0,original,c23,818
FaceForensics++,FaceForensics++__original__819.mp4,data\raw\FaceForensics++_C23\original\819.mp4,0,original,c23,819
FaceForensics++,FaceForensics++__original__820.mp4,data\raw\FaceForensics++_C23\original\820.mp4,0,original,c23,820
FaceForensics++,FaceForensics++__original__821.mp4,data\raw\FaceForensics++_C23\original\821.mp4,0,original,c23,821
FaceForensics++,FaceForensics++__original__822.mp4,data\raw\FaceForensics++_C23\original\822.mp4,0,original,c23,822
FaceForensics++,FaceForensics++__original__824.mp4,data\raw\FaceForensics++_C23\original\824.mp4,0,original,c23,824
FaceForensics++,FaceForensics++__original__826.mp4,data\raw\FaceForensics++_C23\original\826.mp4,0,original,c23,826
FaceForensics++,FaceForensics++__original__828.mp4,data\raw\FaceForensics++_C23\original\828.mp4,0,original,c23,828
FaceForensics++,FaceForensics++__original__829.mp4,data\raw\FaceForensics++_C23\original\829.mp4,0,original,c23,829
FaceForensics++,FaceForensics++__original__830.mp4,data\raw\FaceForensics++_C23\original\830.mp4,0,original,c23,830
FaceForensics++,FaceForensics++__original__831.mp4,data\raw\FaceForensics++_C23\original\831.mp4,0,original,c23,831
FaceForensics++,FaceForensics++__original__832.mp4,data\raw\FaceForensics++_C23\original\832.mp4,0,original,c23,832
FaceForensics++,FaceForensics++__original__833.mp4,data\raw\FaceForensics++_C23\original\833.mp4,0,original,c23,833
FaceForensics++,FaceForensics++__original__834.mp4,data\raw\FaceForensics++_C23\original\834.mp4,0,original,c23,834
FaceForensics++,FaceForensics++__original__835.mp4,data\raw\FaceForensics++_C23\original\835.mp4,0,original,c23,835
FaceForensics++,FaceForensics++__original__836.mp4,data\raw\FaceForensics++_C23\original\836.mp4,0,original,c23,836
FaceForensics++,FaceForensics++__original__837.mp4,data\raw\FaceForensics++_C23\original\837.mp4,0,original,c23,837
FaceForensics++,FaceForensics++__original__840.mp4,data\raw\FaceForensics++_C23\original\840.mp4,0,original,c23,840
FaceForensics++,FaceForensics++__original__843.mp4,data\raw\FaceForensics++_C23\original\843.mp4,0,original,c23,843
FaceForensics++,FaceForensics++__original__844.mp4,data\raw\FaceForensics++_C23\original\844.mp4,0,original,c23,844
FaceForensics++,FaceForensics++__original__845.mp4,data\raw\FaceForensics++_C23\original\845.mp4,0,original,c23,845
FaceForensics++,FaceForensics++__original__846.mp4,data\raw\FaceForensics++_C23\original\846.mp4,0,original,c23,846
FaceForensics++,FaceForensics++__original__847.mp4,data\raw\FaceForensics++_C23\original\847.mp4,0,original,c23,847
FaceForensics++,FaceForensics++__original__848.mp4,data\raw\FaceForensics++_C23\original\848.mp4,0,original,c23,848
FaceForensics++,FaceForensics++__original__850.mp4,data\raw\FaceForensics++_C23\original\850.mp4,0,original,c23,850
FaceForensics++,FaceForensics++__original__852.mp4,data\raw\FaceForensics++_C23\original\852.mp4,0,original,c23,852
FaceForensics++,FaceForensics++__original__853.mp4,data\raw\FaceForensics++_C23\original\853.mp4,0,original,c23,853
FaceForensics++,FaceForensics++__original__855.mp4,data\raw\FaceForensics++_C23\original\855.mp4,0,original,c23,855
FaceForensics++,FaceForensics++__original__856.mp4,data\raw\FaceForensics++_C23\original\856.mp4,0,original,c23,856
FaceForensics++,FaceForensics++__original__857.mp4,data\raw\FaceForensics++_C23\original\857.mp4,0,original,c23,857
FaceForensics++,FaceForensics++__original__858.mp4,data\raw\FaceForensics++_C23\original\858.mp4,0,original,c23,858
FaceForensics++,FaceForensics++__original__859.mp4,data\raw\FaceForensics++_C23\original\859.mp4,0,original,c23,859
FaceForensics++,FaceForensics++__original__860.mp4,data\raw\FaceForensics++_C23\original\860.mp4,0,original,c23,860
FaceForensics++,FaceForensics++__original__861.mp4,data\raw\FaceForensics++_C23\original\861.mp4,0,original,c23,861
FaceForensics++,FaceForensics++__original__862.mp4,data\raw\FaceForensics++_C23\original\862.mp4,0,original,c23,862
FaceForensics++,FaceForensics++__original__863.mp4,data\raw\FaceForensics++_C23\original\863.mp4,0,original,c23,863
FaceForensics++,FaceForensics++__original__864.mp4,data\raw\FaceForensics++_C23\original\864.mp4,0,original,c23,864
FaceForensics++,FaceForensics++__original__865.mp4,data\raw\FaceForensics++_C23\original\865.mp4,0,original,c23,865
FaceForensics++,FaceForensics++__original__866.mp4,data\raw\FaceForensics++_C23\original\866.mp4,0,original,c23,866
FaceForensics++,FaceForensics++__original__867.mp4,data\raw\FaceForensics++_C23\original\867.mp4,0,original,c23,867
FaceForensics++,FaceForensics++__original__868.mp4,data\raw\FaceForensics++_C23\original\868.mp4,0,original,c23,868
FaceForensics++,FaceForensics++__original__869.mp4,data\raw\FaceForensics++_C23\original\869.mp4,0,original,c23,869
FaceForensics++,FaceForensics++__original__871.mp4,data\raw\FaceForensics++_C23\original\871.mp4,0,original,c23,871
FaceForensics++,FaceForensics++__original__872.mp4,data\raw\FaceForensics++_C23\original\872.mp4,0,original,c23,872
FaceForensics++,FaceForensics++__original__873.mp4,data\raw\FaceForensics++_C23\original\873.mp4,0,original,c23,873
FaceForensics++,FaceForensics++__original__874.mp4,data\raw\FaceForensics++_C23\original\874.mp4,0,original,c23,874
FaceForensics++,FaceForensics++__original__875.mp4,data\raw\FaceForensics++_C23\original\875.mp4,0,original,c23,875
FaceForensics++,FaceForensics++__original__876.mp4,data\raw\FaceForensics++_C23\original\876.mp4,0,original,c23,876
FaceForensics++,FaceForensics++__original__877.mp4,data\raw\FaceForensics++_C23\original\877.mp4,0,original,c23,877
FaceForensics++,FaceForensics++__original__878.mp4,data\raw\FaceForensics++_C23\original\878.mp4,0,original,c23,878
FaceForensics++,FaceForensics++__original__879.mp4,data\raw\FaceForensics++_C23\original\879.mp4,0,original,c23,879
FaceForensics++,FaceForensics++__original__880.mp4,data\raw\FaceForensics++_C23\original\880.mp4,0,original,c23,880
FaceForensics++,FaceForensics++__original__881.mp4,data\raw\FaceForensics++_C23\original\881.mp4,0,original,c23,881
FaceForensics++,FaceForensics++__original__882.mp4,data\raw\FaceForensics++_C23\original\882.mp4,0,original,c23,882
FaceForensics++,FaceForensics++__original__883.mp4,data\raw\FaceForensics++_C23\original\883.mp4,0,original,c23,883
FaceForensics++,FaceForensics++__original__884.mp4,data\raw\FaceForensics++_C23\original\884.mp4,0,original,c23,884
FaceForensics++,FaceForensics++__original__885.mp4,data\raw\FaceForensics++_C23\original\885.mp4,0,original,c23,885
FaceForensics++,FaceForensics++__original__886.mp4,data\raw\FaceForensics++_C23\original\886.mp4,0,original,c23,886
FaceForensics++,FaceForensics++__original__887.mp4,data\raw\FaceForensics++_C23\original\887.mp4,0,original,c23,887
FaceForensics++,FaceForensics++__original__888.mp4,data\raw\FaceForensics++_C23\original\888.mp4,0,original,c23,888
FaceForensics++,FaceForensics++__original__889.mp4,data\raw\FaceForensics++_C23\original\889.mp4,0,original,c23,889
FaceForensics++,FaceForensics++__original__890.mp4,data\raw\FaceForensics++_C23\original\890.mp4,0,original,c23,890
FaceForensics++,FaceForensics++__original__891.mp4,data\raw\FaceForensics++_C23\original\891.mp4,0,original,c23,891
FaceForensics++,FaceForensics++__original__894.mp4,data\raw\FaceForensics++_C23\original\894.mp4,0,original,c23,894
FaceForensics++,FaceForensics++__original__895.mp4,data\raw\FaceForensics++_C23\original\895.mp4,0,original,c23,895
FaceForensics++,FaceForensics++__original__897.mp4,data\raw\FaceForensics++_C23\original\897.mp4,0,original,c23,897
FaceForensics++,FaceForensics++__original__898.mp4,data\raw\FaceForensics++_C23\original\898.mp4,0,original,c23,898
FaceForensics++,FaceForensics++__original__899.mp4,data\raw\FaceForensics++_C23\original\899.mp4,0,original,c23,899
FaceForensics++,FaceForensics++__original__900.mp4,data\raw\FaceForensics++_C23\original\900.mp4,0,original,c23,900
FaceForensics++,FaceForensics++__original__901.mp4,data\raw\FaceForensics++_C23\original\901.mp4,0,original,c23,901
FaceForensics++,FaceForensics++__original__903.mp4,data\raw\FaceForensics++_C23\original\903.mp4,0,original,c23,903
FaceForensics++,FaceForensics++__original__904.mp4,data\raw\FaceForensics++_C23\original\904.mp4,0,original,c23,904
FaceForensics++,FaceForensics++__original__905.mp4,data\raw\FaceForensics++_C23\original\905.mp4,0,original,c23,905
FaceForensics++,FaceForensics++__original__906.mp4,data\raw\FaceForensics++_C23\original\906.mp4,0,original,c23,906
FaceForensics++,FaceForensics++__original__910.mp4,data\raw\FaceForensics++_C23\original\910.mp4,0,original,c23,910
FaceForensics++,FaceForensics++__original__912.mp4,data\raw\FaceForensics++_C23\original\912.mp4,0,original,c23,912
FaceForensics++,FaceForensics++__original__913.mp4,data\raw\FaceForensics++_C23\original\913.mp4,0,original,c23,913
FaceForensics++,FaceForensics++__original__914.mp4,data\raw\FaceForensics++_C23\original\914.mp4,0,original,c23,914
FaceForensics++,FaceForensics++__original__915.mp4,data\raw\FaceForensics++_C23\original\915.mp4,0,original,c23,915
FaceForensics++,FaceForensics++__original__917.mp4,data\raw\FaceForensics++_C23\original\917.mp4,0,original,c23,917
FaceForensics++,FaceForensics++__original__918.mp4,data\raw\FaceForensics++_C23\original\918.mp4,0,original,c23,918
FaceForensics++,FaceForensics++__original__919.mp4,data\raw\FaceForensics++_C23\original\919.mp4,0,original,c23,919
FaceForensics++,FaceForensics++__original__920.mp4,data\raw\FaceForensics++_C23\original\920.mp4,0,original,c23,920
FaceForensics++,FaceForensics++__original__921.mp4,data\raw\FaceForensics++_C23\original\921.mp4,0,original,c23,921
FaceForensics++,FaceForensics++__original__923.mp4,data\raw\FaceForensics++_C23\original\923.mp4,0,original,c23,923
FaceForensics++,FaceForensics++__original__924.mp4,data\raw\FaceForensics++_C23\original\924.mp4,0,original,c23,924
FaceForensics++,FaceForensics++__original__926.mp4,data\raw\FaceForensics++_C23\original\926.mp4,0,original,c23,926
FaceForensics++,FaceForensics++__original__927.mp4,data\raw\FaceForensics++_C23\original\927.mp4,0,original,c23,927
FaceForensics++,FaceForensics++__original__928.mp4,data\raw\FaceForensics++_C23\original\928.mp4,0,original,c23,928
FaceForensics++,FaceForensics++__original__929.mp4,data\raw\FaceForensics++_C23\original\929.mp4,0,original,c23,929
FaceForensics++,FaceForensics++__original__930.mp4,data\raw\FaceForensics++_C23\original\930.mp4,0,original,c23,930
FaceForensics++,FaceForensics++__original__931.mp4,data\raw\FaceForensics++_C23\original\931.mp4,0,original,c23,931
FaceForensics++,FaceForensics++__original__932.mp4,data\raw\FaceForensics++_C23\original\932.mp4,0,original,c23,932
FaceForensics++,FaceForensics++__original__933.mp4,data\raw\FaceForensics++_C23\original\933.mp4,0,original,c23,933
FaceForensics++,FaceForensics++__original__934.mp4,data\raw\FaceForensics++_C23\original\934.mp4,0,original,c23,934
FaceForensics++,FaceForensics++__original__935.mp4,data\raw\FaceForensics++_C23\original\935.mp4,0,original,c23,935
FaceForensics++,FaceForensics++__original__938.mp4,data\raw\FaceForensics++_C23\original\938.mp4,0,original,c23,938
FaceForensics++,FaceForensics++__original__939.mp4,data\raw\FaceForensics++_C23\original\939.mp4,0,original,c23,939
FaceForensics++,FaceForensics++__original__940.mp4,data\raw\FaceForensics++_C23\original\940.mp4,0,original,c23,940
FaceForensics++,FaceForensics++__original__941.mp4,data\raw\FaceForensics++_C23\original\941.mp4,0,original,c23,941
FaceForensics++,FaceForensics++__original__942.mp4,data\raw\FaceForensics++_C23\original\942.mp4,0,original,c23,942
FaceForensics++,FaceForensics++__original__943.mp4,data\raw\FaceForensics++_C23\original\943.mp4,0,original,c23,943
FaceForensics++,FaceForensics++__original__944.mp4,data\raw\FaceForensics++_C23\original\944.mp4,0,original,c23,944
FaceForensics++,FaceForensics++__original__946.mp4,data\raw\FaceForensics++_C23\original\946.mp4,0,original,c23,946
FaceForensics++,FaceForensics++__original__947.mp4,data\raw\FaceForensics++_C23\original\947.mp4,0,original,c23,947
FaceForensics++,FaceForensics++__original__948.mp4,data\raw\FaceForensics++_C23\original\948.mp4,0,original,c23,948
FaceForensics++,FaceForensics++__original__949.mp4,data\raw\FaceForensics++_C23\original\949.mp4,0,original,c23,949
FaceForensics++,FaceForensics++__original__950.mp4,data\raw\FaceForensics++_C23\original\950.mp4,0,original,c23,950
FaceForensics++,FaceForensics++__original__951.mp4,data\raw\FaceForensics++_C23\original\951.mp4,0,original,c23,951
FaceForensics++,FaceForensics++__original__952.mp4,data\raw\FaceForensics++_C23\original\952.mp4,0,original,c23,952
FaceForensics++,FaceForensics++__original__953.mp4,data\raw\FaceForensics++_C23\original\953.mp4,0,original,c23,953
FaceForensics++,FaceForensics++__original__954.mp4,data\raw\FaceForensics++_C23\original\954.mp4,0,original,c23,954
FaceForensics++,FaceForensics++__original__955.mp4,data\raw\FaceForensics++_C23\original\955.mp4,0,original,c23,955
FaceForensics++,FaceForensics++__original__956.mp4,data\raw\FaceForensics++_C23\original\956.mp4,0,original,c23,956
FaceForensics++,FaceForensics++__original__957.mp4,data\raw\FaceForensics++_C23\original\957.mp4,0,original,c23,957
FaceForensics++,FaceForensics++__original__959.mp4,data\raw\FaceForensics++_C23\original\959.mp4,0,original,c23,959
FaceForensics++,FaceForensics++__original__960.mp4,data\raw\FaceForensics++_C23\original\960.mp4,0,original,c23,960
FaceForensics++,FaceForensics++__original__961.mp4,data\raw\FaceForensics++_C23\original\961.mp4,0,original,c23,961
FaceForensics++,FaceForensics++__original__962.mp4,data\raw\FaceForensics++_C23\original\962.mp4,0,original,c23,962
FaceForensics++,FaceForensics++__original__963.mp4,data\raw\FaceForensics++_C23\original\963.mp4,0,original,c23,963
FaceForensics++,FaceForensics++__original__964.mp4,data\raw\FaceForensics++_C23\original\964.mp4,0,original,c23,964
FaceForensics++,FaceForensics++__original__965.mp4,data\raw\FaceForensics++_C23\original\965.mp4,0,original,c23,965
FaceForensics++,FaceForensics++__original__969.mp4,data\raw\FaceForensics++_C23\original\969.mp4,0,original,c23,969
FaceForensics++,FaceForensics++__original__970.mp4,data\raw\FaceForensics++_C23\original\970.mp4,0,original,c23,970
FaceForensics++,FaceForensics++__original__971.mp4,data\raw\FaceForensics++_C23\original\971.mp4,0,original,c23,971
FaceForensics++,FaceForensics++__original__972.mp4,data\raw\FaceForensics++_C23\original\972.mp4,0,original,c23,972
FaceForensics++,FaceForensics++__original__973.mp4,data\raw\FaceForensics++_C23\original\973.mp4,0,original,c23,973
FaceForensics++,FaceForensics++__original__975.mp4,data\raw\FaceForensics++_C23\original\975.mp4,0,original,c23,975
FaceForensics++,FaceForensics++__original__976.mp4,data\raw\FaceForensics++_C23\original\976.mp4,0,original,c23,976
FaceForensics++,FaceForensics++__original__977.mp4,data\raw\FaceForensics++_C23\original\977.mp4,0,original,c23,977
FaceForensics++,FaceForensics++__original__979.mp4,data\raw\FaceForensics++_C23\original\979.mp4,0,original,c23,979
FaceForensics++,FaceForensics++__original__980.mp4,data\raw\FaceForensics++_C23\original\980.mp4,0,original,c23,980
FaceForensics++,FaceForensics++__original__982.mp4,data\raw\FaceForensics++_C23\original\982.mp4,0,original,c23,982
FaceForensics++,FaceForensics++__original__983.mp4,data\raw\FaceForensics++_C23\original\983.mp4,0,original,c23,983
FaceForensics++,FaceForensics++__original__984.mp4,data\raw\FaceForensics++_C23\original\984.mp4,0,original,c23,984
FaceForensics++,FaceForensics++__original__985.mp4,data\raw\FaceForensics++_C23\original\985.mp4,0,original,c23,985
FaceForensics++,FaceForensics++__original__986.mp4,data\raw\FaceForensics++_C23\original\986.mp4,0,original,c23,986
FaceForensics++,FaceForensics++__original__987.mp4,data\raw\FaceForensics++_C23\original\987.mp4,0,original,c23,987
FaceForensics++,FaceForensics++__original__988.mp4,data\raw\FaceForensics++_C23\original\988.mp4,0,original,c23,988
FaceForensics++,FaceForensics++__original__989.mp4,data\raw\FaceForensics++_C23\original\989.mp4,0,original,c23,989
FaceForensics++,FaceForensics++__original__990.mp4,data\raw\FaceForensics++_C23\original\990.mp4,0,original,c23,990
FaceForensics++,FaceForensics++__original__991.mp4,data\raw\FaceForensics++_C23\original\991.mp4,0,original,c23,991
FaceForensics++,FaceForensics++__original__992.mp4,data\raw\FaceForensics++_C23\original\992.mp4,0,original,c23,992
FaceForensics++,FaceForensics++__original__993.mp4,data\raw\FaceForensics++_C23\original\993.mp4,0,original,c23,993
FaceForensics++,FaceForensics++__original__994.mp4,data\raw\FaceForensics++_C23\original\994.mp4,0,original,c23,994
FaceForensics++,FaceForensics++__original__995.mp4,data\raw\FaceForensics++_C23\original\995.mp4,0,original,c23,995
FaceForensics++,FaceForensics++__original__996.mp4,data\raw\FaceForensics++_C23\original\996.mp4,0,original,c23,996
FaceForensics++,FaceForensics++__original__997.mp4,data\raw\FaceForensics++_C23\original\997.mp4,0,original,c23,997
FaceForensics++,FaceForensics++__original__998.mp4,data\raw\FaceForensics++_C23\original\998.mp4,0,original,c23,998
FaceForensics++,FaceForensics++__Deepfakes__001_870.mp4,data\raw\FaceForensics++_C23\Deepfakes\001_870.mp4,1,Deepfakes,c23,001_870
FaceForensics++,FaceForensics++__Deepfakes__002_006.mp4,data\raw\FaceForensics++_C23\Deepfakes\002_006.mp4,1,Deepfakes,c23,002_006
FaceForensics++,FaceForensics++__Deepfakes__003_000.mp4,data\raw\FaceForensics++_C23\Deepfakes\003_000.mp4,1,Deepfakes,c23,003_000
FaceForensics++,FaceForensics++__Deepfakes__004_982.mp4,data\raw\FaceForensics++_C23\Deepfakes\004_982.mp4,1,Deepfakes,c23,004_982
FaceForensics++,FaceForensics++__Deepfakes__005_010.mp4,data\raw\FaceForensics++_C23\Deepfakes\005_010.mp4,1,Deepfakes,c23,005_010
FaceForensics++,FaceForensics++__Deepfakes__007_132.mp4,data\raw\FaceForensics++_C23\Deepfakes\007_132.mp4,1,Deepfakes,c23,007_132
FaceForensics++,FaceForensics++__Deepfakes__008_990.mp4,data\raw\FaceForensics++_C23\Deepfakes\008_990.mp4,1,Deepfakes,c23,008_990
FaceForensics++,FaceForensics++__Deepfakes__009_027.mp4,data\raw\FaceForensics++_C23\Deepfakes\009_027.mp4,1,Deepfakes,c23,009_027
FaceForensics++,FaceForensics++__Deepfakes__010_005.mp4,data\raw\FaceForensics++_C23\Deepfakes\010_005.mp4,1,Deepfakes,c23,010_005
FaceForensics++,FaceForensics++__Deepfakes__011_805.mp4,data\raw\FaceForensics++_C23\Deepfakes\011_805.mp4,1,Deepfakes,c23,011_805
FaceForensics++,FaceForensics++__Deepfakes__012_026.mp4,data\raw\FaceForensics++_C23\Deepfakes\012_026.mp4,1,Deepfakes,c23,012_026
FaceForensics++,FaceForensics++__Deepfakes__013_883.mp4,data\raw\FaceForensics++_C23\Deepfakes\013_883.mp4,1,Deepfakes,c23,013_883
FaceForensics++,FaceForensics++__Deepfakes__015_919.mp4,data\raw\FaceForensics++_C23\Deepfakes\015_919.mp4,1,Deepfakes,c23,015_919
FaceForensics++,FaceForensics++__Deepfakes__016_209.mp4,data\raw\FaceForensics++_C23\Deepfakes\016_209.mp4,1,Deepfakes,c23,016_209
FaceForensics++,FaceForensics++__Deepfakes__017_803.mp4,data\raw\FaceForensics++_C23\Deepfakes\017_803.mp4,1,Deepfakes,c23,017_803
FaceForensics++,FaceForensics++__Deepfakes__018_019.mp4,data\raw\FaceForensics++_C23\Deepfakes\018_019.mp4,1,Deepfakes,c23,018_019
FaceForensics++,FaceForensics++__Deepfakes__020_344.mp4,data\raw\FaceForensics++_C23\Deepfakes\020_344.mp4,1,Deepfakes,c23,020_344
FaceForensics++,FaceForensics++__Deepfakes__021_312.mp4,data\raw\FaceForensics++_C23\Deepfakes\021_312.mp4,1,Deepfakes,c23,021_312
FaceForensics++,FaceForensics++__Deepfakes__022_489.mp4,data\raw\FaceForensics++_C23\Deepfakes\022_489.mp4,1,Deepfakes,c23,022_489
FaceForensics++,FaceForensics++__Deepfakes__023_923.mp4,data\raw\FaceForensics++_C23\Deepfakes\023_923.mp4,1,Deepfakes,c23,023_923
FaceForensics++,FaceForensics++__Deepfakes__024_073.mp4,data\raw\FaceForensics++_C23\Deepfakes\024_073.mp4,1,Deepfakes,c23,024_073
FaceForensics++,FaceForensics++__Deepfakes__025_067.mp4,data\raw\FaceForensics++_C23\Deepfakes\025_067.mp4,1,Deepfakes,c23,025_067
FaceForensics++,FaceForensics++__Deepfakes__026_012.mp4,data\raw\FaceForensics++_C23\Deepfakes\026_012.mp4,1,Deepfakes,c23,026_012
FaceForensics++,FaceForensics++__Deepfakes__027_009.mp4,data\raw\FaceForensics++_C23\Deepfakes\027_009.mp4,1,Deepfakes,c23,027_009
FaceForensics++,FaceForensics++__Deepfakes__028_068.mp4,data\raw\FaceForensics++_C23\Deepfakes\028_068.mp4,1,Deepfakes,c23,028_068
FaceForensics++,FaceForensics++__Deepfakes__030_193.mp4,data\raw\FaceForensics++_C23\Deepfakes\030_193.mp4,1,Deepfakes,c23,030_193
FaceForensics++,FaceForensics++__Deepfakes__032_944.mp4,data\raw\FaceForensics++_C23\Deepfakes\032_944.mp4,1,Deepfakes,c23,032_944
FaceForensics++,FaceForensics++__Deepfakes__033_097.mp4,data\raw\FaceForensics++_C23\Deepfakes\033_097.mp4,1,Deepfakes,c23,033_097
FaceForensics++,FaceForensics++__Deepfakes__036_035.mp4,data\raw\FaceForensics++_C23\Deepfakes\036_035.mp4,1,Deepfakes,c23,036_035
FaceForensics++,FaceForensics++__Deepfakes__037_072.mp4,data\raw\FaceForensics++_C23\Deepfakes\037_072.mp4,1,Deepfakes,c23,037_072
FaceForensics++,FaceForensics++__Deepfakes__038_125.mp4,data\raw\FaceForensics++_C23\Deepfakes\038_125.mp4,1,Deepfakes,c23,038_125
FaceForensics++,FaceForensics++__Deepfakes__039_058.mp4,data\raw\FaceForensics++_C23\Deepfakes\039_058.mp4,1,Deepfakes,c23,039_058
FaceForensics++,FaceForensics++__Deepfakes__040_997.mp4,data\raw\FaceForensics++_C23\Deepfakes\040_997.mp4,1,Deepfakes,c23,040_997
FaceForensics++,FaceForensics++__Deepfakes__041_063.mp4,data\raw\FaceForensics++_C23\Deepfakes\041_063.mp4,1,Deepfakes,c23,041_063
FaceForensics++,FaceForensics++__Deepfakes__042_084.mp4,data\raw\FaceForensics++_C23\Deepfakes\042_084.mp4,1,Deepfakes,c23,042_084
FaceForensics++,FaceForensics++__Deepfakes__043_110.mp4,data\raw\FaceForensics++_C23\Deepfakes\043_110.mp4,1,Deepfakes,c23,043_110
FaceForensics++,FaceForensics++__Deepfakes__045_889.mp4,data\raw\FaceForensics++_C23\Deepfakes\045_889.mp4,1,Deepfakes,c23,045_889
FaceForensics++,FaceForensics++__Deepfakes__046_904.mp4,data\raw\FaceForensics++_C23\Deepfakes\046_904.mp4,1,Deepfakes,c23,046_904
FaceForensics++,FaceForensics++__Deepfakes__047_862.mp4,data\raw\FaceForensics++_C23\Deepfakes\047_862.mp4,1,Deepfakes,c23,047_862
FaceForensics++,FaceForensics++__Deepfakes__048_029.mp4,data\raw\FaceForensics++_C23\Deepfakes\048_029.mp4,1,Deepfakes,c23,048_029
FaceForensics++,FaceForensics++__Deepfakes__050_059.mp4,data\raw\FaceForensics++_C23\Deepfakes\050_059.mp4,1,Deepfakes,c23,050_059
FaceForensics++,FaceForensics++__Deepfakes__051_332.mp4,data\raw\FaceForensics++_C23\Deepfakes\051_332.mp4,1,Deepfakes,c23,051_332
FaceForensics++,FaceForensics++__Deepfakes__052_108.mp4,data\raw\FaceForensics++_C23\Deepfakes\052_108.mp4,1,Deepfakes,c23,052_108
FaceForensics++,FaceForensics++__Deepfakes__054_071.mp4,data\raw\FaceForensics++_C23\Deepfakes\054_071.mp4,1,Deepfakes,c23,054_071
FaceForensics++,FaceForensics++__Deepfakes__055_147.mp4,data\raw\FaceForensics++_C23\Deepfakes\055_147.mp4,1,Deepfakes,c23,055_147
FaceForensics++,FaceForensics++__Deepfakes__056_996.mp4,data\raw\FaceForensics++_C23\Deepfakes\056_996.mp4,1,Deepfakes,c23,056_996
FaceForensics++,FaceForensics++__Deepfakes__057_070.mp4,data\raw\FaceForensics++_C23\Deepfakes\057_070.mp4,1,Deepfakes,c23,057_070
FaceForensics++,FaceForensics++__Deepfakes__058_039.mp4,data\raw\FaceForensics++_C23\Deepfakes\058_039.mp4,1,Deepfakes,c23,058_039
FaceForensics++,FaceForensics++__Deepfakes__059_050.mp4,data\raw\FaceForensics++_C23\Deepfakes\059_050.mp4,1,Deepfakes,c23,059_050
FaceForensics++,FaceForensics++__Deepfakes__060_088.mp4,data\raw\FaceForensics++_C23\Deepfakes\060_088.mp4,1,Deepfakes,c23,060_088
FaceForensics++,FaceForensics++__Deepfakes__061_080.mp4,data\raw\FaceForensics++_C23\Deepfakes\061_080.mp4,1,Deepfakes,c23,061_080
FaceForensics++,FaceForensics++__Deepfakes__063_041.mp4,data\raw\FaceForensics++_C23\Deepfakes\063_041.mp4,1,Deepfakes,c23,063_041
FaceForensics++,FaceForensics++__Deepfakes__064_991.mp4,data\raw\FaceForensics++_C23\Deepfakes\064_991.mp4,1,Deepfakes,c23,064_991
FaceForensics++,FaceForensics++__Deepfakes__066_062.mp4,data\raw\FaceForensics++_C23\Deepfakes\066_062.mp4,1,Deepfakes,c23,066_062
FaceForensics++,FaceForensics++__Deepfakes__067_025.mp4,data\raw\FaceForensics++_C23\Deepfakes\067_025.mp4,1,Deepfakes,c23,067_025
FaceForensics++,FaceForensics++__Deepfakes__068_028.mp4,data\raw\FaceForensics++_C23\Deepfakes\068_028.mp4,1,Deepfakes,c23,068_028
FaceForensics++,FaceForensics++__Deepfakes__069_961.mp4,data\raw\FaceForensics++_C23\Deepfakes\069_961.mp4,1,Deepfakes,c23,069_961
FaceForensics++,FaceForensics++__Deepfakes__071_054.mp4,data\raw\FaceForensics++_C23\Deepfakes\071_054.mp4,1,Deepfakes,c23,071_054
FaceForensics++,FaceForensics++__Deepfakes__072_037.mp4,data\raw\FaceForensics++_C23\Deepfakes\072_037.mp4,1,Deepfakes,c23,072_037
FaceForensics++,FaceForensics++__Deepfakes__074_825.mp4,data\raw\FaceForensics++_C23\Deepfakes\074_825.mp4,1,Deepfakes,c23,074_825
FaceForensics++,FaceForensics++__Deepfakes__075_977.mp4,data\raw\FaceForensics++_C23\Deepfakes\075_977.mp4,1,Deepfakes,c23,075_977
FaceForensics++,FaceForensics++__Deepfakes__076_079.mp4,data\raw\FaceForensics++_C23\Deepfakes\076_079.mp4,1,Deepfakes,c23,076_079
FaceForensics++,FaceForensics++__Deepfakes__077_100.mp4,data\raw\FaceForensics++_C23\Deepfakes\077_100.mp4,1,Deepfakes,c23,077_100
FaceForensics++,FaceForensics++__Deepfakes__078_955.mp4,data\raw\FaceForensics++_C23\Deepfakes\078_955.mp4,1,Deepfakes,c23,078_955
FaceForensics++,FaceForensics++__Deepfakes__080_061.mp4,data\raw\FaceForensics++_C23\Deepfakes\080_061.mp4,1,Deepfakes,c23,080_061
FaceForensics++,FaceForensics++__Deepfakes__081_087.mp4,data\raw\FaceForensics++_C23\Deepfakes\081_087.mp4,1,Deepfakes,c23,081_087
FaceForensics++,FaceForensics++__Deepfakes__082_103.mp4,data\raw\FaceForensics++_C23\Deepfakes\082_103.mp4,1,Deepfakes,c23,082_103
FaceForensics++,FaceForensics++__Deepfakes__083_213.mp4,data\raw\FaceForensics++_C23\Deepfakes\083_213.mp4,1,Deepfakes,c23,083_213
FaceForensics++,FaceForensics++__Deepfakes__084_042.mp4,data\raw\FaceForensics++_C23\Deepfakes\084_042.mp4,1,Deepfakes,c23,084_042
FaceForensics++,FaceForensics++__Deepfakes__085_124.mp4,data\raw\FaceForensics++_C23\Deepfakes\085_124.mp4,1,Deepfakes,c23,085_124
FaceForensics++,FaceForensics++__Deepfakes__086_090.mp4,data\raw\FaceForensics++_C23\Deepfakes\086_090.mp4,1,Deepfakes,c23,086_090
FaceForensics++,FaceForensics++__Deepfakes__087_081.mp4,data\raw\FaceForensics++_C23\Deepfakes\087_081.mp4,1,Deepfakes,c23,087_081
FaceForensics++,FaceForensics++__Deepfakes__088_060.mp4,data\raw\FaceForensics++_C23\Deepfakes\088_060.mp4,1,Deepfakes,c23,088_060
FaceForensics++,FaceForensics++__Deepfakes__090_086.mp4,data\raw\FaceForensics++_C23\Deepfakes\090_086.mp4,1,Deepfakes,c23,090_086
FaceForensics++,FaceForensics++__Deepfakes__092_098.mp4,data\raw\FaceForensics++_C23\Deepfakes\092_098.mp4,1,Deepfakes,c23,092_098
FaceForensics++,FaceForensics++__Deepfakes__093_121.mp4,data\raw\FaceForensics++_C23\Deepfakes\093_121.mp4,1,Deepfakes,c23,093_121
FaceForensics++,FaceForensics++__Deepfakes__094_111.mp4,data\raw\FaceForensics++_C23\Deepfakes\094_111.mp4,1,Deepfakes,c23,094_111
FaceForensics++,FaceForensics++__Deepfakes__095_053.mp4,data\raw\FaceForensics++_C23\Deepfakes\095_053.mp4,1,Deepfakes,c23,095_053
FaceForensics++,FaceForensics++__Deepfakes__097_033.mp4,data\raw\FaceForensics++_C23\Deepfakes\097_033.mp4,1,Deepfakes,c23,097_033
FaceForensics++,FaceForensics++__Deepfakes__098_092.mp4,data\raw\FaceForensics++_C23\Deepfakes\098_092.mp4,1,Deepfakes,c23,098_092
FaceForensics++,FaceForensics++__Deepfakes__100_077.mp4,data\raw\FaceForensics++_C23\Deepfakes\100_077.mp4,1,Deepfakes,c23,100_077
FaceForensics++,FaceForensics++__Deepfakes__101_096.mp4,data\raw\FaceForensics++_C23\Deepfakes\101_096.mp4,1,Deepfakes,c23,101_096
FaceForensics++,FaceForensics++__Deepfakes__102_114.mp4,data\raw\FaceForensics++_C23\Deepfakes\102_114.mp4,1,Deepfakes,c23,102_114
FaceForensics++,FaceForensics++__Deepfakes__103_082.mp4,data\raw\FaceForensics++_C23\Deepfakes\103_082.mp4,1,Deepfakes,c23,103_082
FaceForensics++,FaceForensics++__Deepfakes__104_126.mp4,data\raw\FaceForensics++_C23\Deepfakes\104_126.mp4,1,Deepfakes,c23,104_126
FaceForensics++,FaceForensics++__Deepfakes__105_180.mp4,data\raw\FaceForensics++_C23\Deepfakes\105_180.mp4,1,Deepfakes,c23,105_180
FaceForensics++,FaceForensics++__Deepfakes__106_198.mp4,data\raw\FaceForensics++_C23\Deepfakes\106_198.mp4,1,Deepfakes,c23,106_198
FaceForensics++,FaceForensics++__Deepfakes__107_109.mp4,data\raw\FaceForensics++_C23\Deepfakes\107_109.mp4,1,Deepfakes,c23,107_109
FaceForensics++,FaceForensics++__Deepfakes__108_052.mp4,data\raw\FaceForensics++_C23\Deepfakes\108_052.mp4,1,Deepfakes,c23,108_052
FaceForensics++,FaceForensics++__Deepfakes__109_107.mp4,data\raw\FaceForensics++_C23\Deepfakes\109_107.mp4,1,Deepfakes,c23,109_107
FaceForensics++,FaceForensics++__Deepfakes__110_043.mp4,data\raw\FaceForensics++_C23\Deepfakes\110_043.mp4,1,Deepfakes,c23,110_043
FaceForensics++,FaceForensics++__Deepfakes__111_094.mp4,data\raw\FaceForensics++_C23\Deepfakes\111_094.mp4,1,Deepfakes,c23,111_094
FaceForensics++,FaceForensics++__Deepfakes__112_892.mp4,data\raw\FaceForensics++_C23\Deepfakes\112_892.mp4,1,Deepfakes,c23,112_892
FaceForensics++,FaceForensics++__Deepfakes__113_983.mp4,data\raw\FaceForensics++_C23\Deepfakes\113_983.mp4,1,Deepfakes,c23,113_983
FaceForensics++,FaceForensics++__Deepfakes__114_102.mp4,data\raw\FaceForensics++_C23\Deepfakes\114_102.mp4,1,Deepfakes,c23,114_102
FaceForensics++,FaceForensics++__Deepfakes__115_939.mp4,data\raw\FaceForensics++_C23\Deepfakes\115_939.mp4,1,Deepfakes,c23,115_939
FaceForensics++,FaceForensics++__Deepfakes__116_091.mp4,data\raw\FaceForensics++_C23\Deepfakes\116_091.mp4,1,Deepfakes,c23,116_091
FaceForensics++,FaceForensics++__Deepfakes__117_217.mp4,data\raw\FaceForensics++_C23\Deepfakes\117_217.mp4,1,Deepfakes,c23,117_217
FaceForensics++,FaceForensics++__Deepfakes__118_120.mp4,data\raw\FaceForensics++_C23\Deepfakes\118_120.mp4,1,Deepfakes,c23,118_120
FaceForensics++,FaceForensics++__Deepfakes__119_123.mp4,data\raw\FaceForensics++_C23\Deepfakes\119_123.mp4,1,Deepfakes,c23,119_123
FaceForensics++,FaceForensics++__Deepfakes__120_118.mp4,data\raw\FaceForensics++_C23\Deepfakes\120_118.mp4,1,Deepfakes,c23,120_118
FaceForensics++,FaceForensics++__Deepfakes__121_093.mp4,data\raw\FaceForensics++_C23\Deepfakes\121_093.mp4,1,Deepfakes,c23,121_093
FaceForensics++,FaceForensics++__Deepfakes__122_144.mp4,data\raw\FaceForensics++_C23\Deepfakes\122_144.mp4,1,Deepfakes,c23,122_144
FaceForensics++,FaceForensics++__Deepfakes__123_119.mp4,data\raw\FaceForensics++_C23\Deepfakes\123_119.mp4,1,Deepfakes,c23,123_119
FaceForensics++,FaceForensics++__Deepfakes__124_085.mp4,data\raw\FaceForensics++_C23\Deepfakes\124_085.mp4,1,Deepfakes,c23,124_085
FaceForensics++,FaceForensics++__Deepfakes__126_104.mp4,data\raw\FaceForensics++_C23\Deepfakes\126_104.mp4,1,Deepfakes,c23,126_104
FaceForensics++,FaceForensics++__Deepfakes__127_129.mp4,data\raw\FaceForensics++_C23\Deepfakes\127_129.mp4,1,Deepfakes,c23,127_129
FaceForensics++,FaceForensics++__Deepfakes__128_896.mp4,data\raw\FaceForensics++_C23\Deepfakes\128_896.mp4,1,Deepfakes,c23,128_896
FaceForensics++,FaceForensics++__Deepfakes__131_518.mp4,data\raw\FaceForensics++_C23\Deepfakes\131_518.mp4,1,Deepfakes,c23,131_518
FaceForensics++,FaceForensics++__Deepfakes__132_007.mp4,data\raw\FaceForensics++_C23\Deepfakes\132_007.mp4,1,Deepfakes,c23,132_007
FaceForensics++,FaceForensics++__Deepfakes__133_148.mp4,data\raw\FaceForensics++_C23\Deepfakes\133_148.mp4,1,Deepfakes,c23,133_148
FaceForensics++,FaceForensics++__Deepfakes__134_192.mp4,data\raw\FaceForensics++_C23\Deepfakes\134_192.mp4,1,Deepfakes,c23,134_192
FaceForensics++,FaceForensics++__Deepfakes__135_880.mp4,data\raw\FaceForensics++_C23\Deepfakes\135_880.mp4,1,Deepfakes,c23,135_880
FaceForensics++,FaceForensics++__Deepfakes__136_285.mp4,data\raw\FaceForensics++_C23\Deepfakes\136_285.mp4,1,Deepfakes,c23,136_285
FaceForensics++,FaceForensics++__Deepfakes__138_142.mp4,data\raw\FaceForensics++_C23\Deepfakes\138_142.mp4,1,Deepfakes,c23,138_142
FaceForensics++,FaceForensics++__Deepfakes__139_130.mp4,data\raw\FaceForensics++_C23\Deepfakes\139_130.mp4,1,Deepfakes,c23,139_130
FaceForensics++,FaceForensics++__Deepfakes__140_143.mp4,data\raw\FaceForensics++_C23\Deepfakes\140_143.mp4,1,Deepfakes,c23,140_143
FaceForensics++,FaceForensics++__Deepfakes__142_138.mp4,data\raw\FaceForensics++_C23\Deepfakes\142_138.mp4,1,Deepfakes,c23,142_138
FaceForensics++,FaceForensics++__Deepfakes__143_140.mp4,data\raw\FaceForensics++_C23\Deepfakes\143_140.mp4,1,Deepfakes,c23,143_140
FaceForensics++,FaceForensics++__Deepfakes__144_122.mp4,data\raw\FaceForensics++_C23\Deepfakes\144_122.mp4,1,Deepfakes,c23,144_122
FaceForensics++,FaceForensics++__Deepfakes__145_299.mp4,data\raw\FaceForensics++_C23\Deepfakes\145_299.mp4,1,Deepfakes,c23,145_299
FaceForensics++,FaceForensics++__Deepfakes__146_256.mp4,data\raw\FaceForensics++_C23\Deepfakes\146_256.mp4,1,Deepfakes,c23,146_256
FaceForensics++,FaceForensics++__Deepfakes__147_055.mp4,data\raw\FaceForensics++_C23\Deepfakes\147_055.mp4,1,Deepfakes,c23,147_055
FaceForensics++,FaceForensics++__Deepfakes__148_133.mp4,data\raw\FaceForensics++_C23\Deepfakes\148_133.mp4,1,Deepfakes,c23,148_133
FaceForensics++,FaceForensics++__Deepfakes__150_153.mp4,data\raw\FaceForensics++_C23\Deepfakes\150_153.mp4,1,Deepfakes,c23,150_153
FaceForensics++,FaceForensics++__Deepfakes__151_225.mp4,data\raw\FaceForensics++_C23\Deepfakes\151_225.mp4,1,Deepfakes,c23,151_225
FaceForensics++,FaceForensics++__Deepfakes__155_576.mp4,data\raw\FaceForensics++_C23\Deepfakes\155_576.mp4,1,Deepfakes,c23,155_576
FaceForensics++,FaceForensics++__Deepfakes__157_245.mp4,data\raw\FaceForensics++_C23\Deepfakes\157_245.mp4,1,Deepfakes,c23,157_245
FaceForensics++,FaceForensics++__Deepfakes__158_379.mp4,data\raw\FaceForensics++_C23\Deepfakes\158_379.mp4,1,Deepfakes,c23,158_379
FaceForensics++,FaceForensics++__Deepfakes__159_175.mp4,data\raw\FaceForensics++_C23\Deepfakes\159_175.mp4,1,Deepfakes,c23,159_175
FaceForensics++,FaceForensics++__Deepfakes__160_928.mp4,data\raw\FaceForensics++_C23\Deepfakes\160_928.mp4,1,Deepfakes,c23,160_928
FaceForensics++,FaceForensics++__Deepfakes__161_141.mp4,data\raw\FaceForensics++_C23\Deepfakes\161_141.mp4,1,Deepfakes,c23,161_141
FaceForensics++,FaceForensics++__Deepfakes__162_330.mp4,data\raw\FaceForensics++_C23\Deepfakes\162_330.mp4,1,Deepfakes,c23,162_330
FaceForensics++,FaceForensics++__Deepfakes__163_031.mp4,data\raw\FaceForensics++_C23\Deepfakes\163_031.mp4,1,Deepfakes,c23,163_031
FaceForensics++,FaceForensics++__Deepfakes__164_216.mp4,data\raw\FaceForensics++_C23\Deepfakes\164_216.mp4,1,Deepfakes,c23,164_216
FaceForensics++,FaceForensics++__Deepfakes__166_167.mp4,data\raw\FaceForensics++_C23\Deepfakes\166_167.mp4,1,Deepfakes,c23,166_167
FaceForensics++,FaceForensics++__Deepfakes__167_166.mp4,data\raw\FaceForensics++_C23\Deepfakes\167_166.mp4,1,Deepfakes,c23,167_166
FaceForensics++,FaceForensics++__Deepfakes__168_222.mp4,data\raw\FaceForensics++_C23\Deepfakes\168_222.mp4,1,Deepfakes,c23,168_222
FaceForensics++,FaceForensics++__Deepfakes__169_227.mp4,data\raw\FaceForensics++_C23\Deepfakes\169_227.mp4,1,Deepfakes,c23,169_227
FaceForensics++,FaceForensics++__Deepfakes__170_186.mp4,data\raw\FaceForensics++_C23\Deepfakes\170_186.mp4,1,Deepfakes,c23,170_186
FaceForensics++,FaceForensics++__Deepfakes__172_582.mp4,data\raw\FaceForensics++_C23\Deepfakes\172_582.mp4,1,Deepfakes,c23,172_582
FaceForensics++,FaceForensics++__Deepfakes__173_171.mp4,data\raw\FaceForensics++_C23\Deepfakes\173_171.mp4,1,Deepfakes,c23,173_171
FaceForensics++,FaceForensics++__Deepfakes__175_159.mp4,data\raw\FaceForensics++_C23\Deepfakes\175_159.mp4,1,Deepfakes,c23,175_159
FaceForensics++,FaceForensics++__Deepfakes__176_190.mp4,data\raw\FaceForensics++_C23\Deepfakes\176_190.mp4,1,Deepfakes,c23,176_190
FaceForensics++,FaceForensics++__Deepfakes__178_598.mp4,data\raw\FaceForensics++_C23\Deepfakes\178_598.mp4,1,Deepfakes,c23,178_598
FaceForensics++,FaceForensics++__Deepfakes__179_212.mp4,data\raw\FaceForensics++_C23\Deepfakes\179_212.mp4,1,Deepfakes,c23,179_212
FaceForensics++,FaceForensics++__Deepfakes__180_105.mp4,data\raw\FaceForensics++_C23\Deepfakes\180_105.mp4,1,Deepfakes,c23,180_105
FaceForensics++,FaceForensics++__Deepfakes__184_205.mp4,data\raw\FaceForensics++_C23\Deepfakes\184_205.mp4,1,Deepfakes,c23,184_205
FaceForensics++,FaceForensics++__Deepfakes__189_200.mp4,data\raw\FaceForensics++_C23\Deepfakes\189_200.mp4,1,Deepfakes,c23,189_200
FaceForensics++,FaceForensics++__Deepfakes__191_188.mp4,data\raw\FaceForensics++_C23\Deepfakes\191_188.mp4,1,Deepfakes,c23,191_188
FaceForensics++,FaceForensics++__Deepfakes__194_235.mp4,data\raw\FaceForensics++_C23\Deepfakes\194_235.mp4,1,Deepfakes,c23,194_235
FaceForensics++,FaceForensics++__Deepfakes__195_442.mp4,data\raw\FaceForensics++_C23\Deepfakes\195_442.mp4,1,Deepfakes,c23,195_442
FaceForensics++,FaceForensics++__Deepfakes__198_106.mp4,data\raw\FaceForensics++_C23\Deepfakes\198_106.mp4,1,Deepfakes,c23,198_106
FaceForensics++,FaceForensics++__Deepfakes__199_181.mp4,data\raw\FaceForensics++_C23\Deepfakes\199_181.mp4,1,Deepfakes,c23,199_181
FaceForensics++,FaceForensics++__Deepfakes__200_189.mp4,data\raw\FaceForensics++_C23\Deepfakes\200_189.mp4,1,Deepfakes,c23,200_189
FaceForensics++,FaceForensics++__Deepfakes__201_203.mp4,data\raw\FaceForensics++_C23\Deepfakes\201_203.mp4,1,Deepfakes,c23,201_203
FaceForensics++,FaceForensics++__Deepfakes__202_348.mp4,data\raw\FaceForensics++_C23\Deepfakes\202_348.mp4,1,Deepfakes,c23,202_348
FaceForensics++,FaceForensics++__Deepfakes__205_184.mp4,data\raw\FaceForensics++_C23\Deepfakes\205_184.mp4,1,Deepfakes,c23,205_184
FaceForensics++,FaceForensics++__Deepfakes__206_221.mp4,data\raw\FaceForensics++_C23\Deepfakes\206_221.mp4,1,Deepfakes,c23,206_221
FaceForensics++,FaceForensics++__Deepfakes__207_908.mp4,data\raw\FaceForensics++_C23\Deepfakes\207_908.mp4,1,Deepfakes,c23,207_908
FaceForensics++,FaceForensics++__Deepfakes__208_215.mp4,data\raw\FaceForensics++_C23\Deepfakes\208_215.mp4,1,Deepfakes,c23,208_215
FaceForensics++,FaceForensics++__Deepfakes__209_016.mp4,data\raw\FaceForensics++_C23\Deepfakes\209_016.mp4,1,Deepfakes,c23,209_016
FaceForensics++,FaceForensics++__Deepfakes__210_241.mp4,data\raw\FaceForensics++_C23\Deepfakes\210_241.mp4,1,Deepfakes,c23,210_241
FaceForensics++,FaceForensics++__Deepfakes__211_177.mp4,data\raw\FaceForensics++_C23\Deepfakes\211_177.mp4,1,Deepfakes,c23,211_177
FaceForensics++,FaceForensics++__Deepfakes__212_179.mp4,data\raw\FaceForensics++_C23\Deepfakes\212_179.mp4,1,Deepfakes,c23,212_179
FaceForensics++,FaceForensics++__Deepfakes__213_083.mp4,data\raw\FaceForensics++_C23\Deepfakes\213_083.mp4,1,Deepfakes,c23,213_083
FaceForensics++,FaceForensics++__Deepfakes__214_255.mp4,data\raw\FaceForensics++_C23\Deepfakes\214_255.mp4,1,Deepfakes,c23,214_255
FaceForensics++,FaceForensics++__Deepfakes__215_208.mp4,data\raw\FaceForensics++_C23\Deepfakes\215_208.mp4,1,Deepfakes,c23,215_208
FaceForensics++,FaceForensics++__Deepfakes__217_117.mp4,data\raw\FaceForensics++_C23\Deepfakes\217_117.mp4,1,Deepfakes,c23,217_117
FaceForensics++,FaceForensics++__Deepfakes__219_220.mp4,data\raw\FaceForensics++_C23\Deepfakes\219_220.mp4,1,Deepfakes,c23,219_220
FaceForensics++,FaceForensics++__Deepfakes__220_219.mp4,data\raw\FaceForensics++_C23\Deepfakes\220_219.mp4,1,Deepfakes,c23,220_219
FaceForensics++,FaceForensics++__Deepfakes__221_206.mp4,data\raw\FaceForensics++_C23\Deepfakes\221_206.mp4,1,Deepfakes,c23,221_206
FaceForensics++,FaceForensics++__Deepfakes__222_168.mp4,data\raw\FaceForensics++_C23\Deepfakes\222_168.mp4,1,Deepfakes,c23,222_168
FaceForensics++,FaceForensics++__Deepfakes__223_586.mp4,data\raw\FaceForensics++_C23\Deepfakes\223_586.mp4,1,Deepfakes,c23,223_586
FaceForensics++,FaceForensics++__Deepfakes__225_151.mp4,data\raw\FaceForensics++_C23\Deepfakes\225_151.mp4,1,Deepfakes,c23,225_151
FaceForensics++,FaceForensics++__Deepfakes__226_491.mp4,data\raw\FaceForensics++_C23\Deepfakes\226_491.mp4,1,Deepfakes,c23,226_491
FaceForensics++,FaceForensics++__Deepfakes__227_169.mp4,data\raw\FaceForensics++_C23\Deepfakes\227_169.mp4,1,Deepfakes,c23,227_169
FaceForensics++,FaceForensics++__Deepfakes__228_289.mp4,data\raw\FaceForensics++_C23\Deepfakes\228_289.mp4,1,Deepfakes,c23,228_289
FaceForensics++,FaceForensics++__Deepfakes__229_247.mp4,data\raw\FaceForensics++_C23\Deepfakes\229_247.mp4,1,Deepfakes,c23,229_247
FaceForensics++,FaceForensics++__Deepfakes__230_204.mp4,data\raw\FaceForensics++_C23\Deepfakes\230_204.mp4,1,Deepfakes,c23,230_204
FaceForensics++,FaceForensics++__Deepfakes__231_663.mp4,data\raw\FaceForensics++_C23\Deepfakes\231_663.mp4,1,Deepfakes,c23,231_663
FaceForensics++,FaceForensics++__Deepfakes__232_248.mp4,data\raw\FaceForensics++_C23\Deepfakes\232_248.mp4,1,Deepfakes,c23,232_248
FaceForensics++,FaceForensics++__Deepfakes__233_995.mp4,data\raw\FaceForensics++_C23\Deepfakes\233_995.mp4,1,Deepfakes,c23,233_995
FaceForensics++,FaceForensics++__Deepfakes__235_194.mp4,data\raw\FaceForensics++_C23\Deepfakes\235_194.mp4,1,Deepfakes,c23,235_194
FaceForensics++,FaceForensics++__Deepfakes__236_237.mp4,data\raw\FaceForensics++_C23\Deepfakes\236_237.mp4,1,Deepfakes,c23,236_237
FaceForensics++,FaceForensics++__Deepfakes__237_236.mp4,data\raw\FaceForensics++_C23\Deepfakes\237_236.mp4,1,Deepfakes,c23,237_236
FaceForensics++,FaceForensics++__Deepfakes__238_282.mp4,data\raw\FaceForensics++_C23\Deepfakes\238_282.mp4,1,Deepfakes,c23,238_282
FaceForensics++,FaceForensics++__Deepfakes__240_290.mp4,data\raw\FaceForensics++_C23\Deepfakes\240_290.mp4,1,Deepfakes,c23,240_290
FaceForensics++,FaceForensics++__Deepfakes__241_210.mp4,data\raw\FaceForensics++_C23\Deepfakes\241_210.mp4,1,Deepfakes,c23,241_210
FaceForensics++,FaceForensics++__Deepfakes__242_182.mp4,data\raw\FaceForensics++_C23\Deepfakes\242_182.mp4,1,Deepfakes,c23,242_182
FaceForensics++,FaceForensics++__Deepfakes__243_156.mp4,data\raw\FaceForensics++_C23\Deepfakes\243_156.mp4,1,Deepfakes,c23,243_156
FaceForensics++,FaceForensics++__Deepfakes__244_822.mp4,data\raw\FaceForensics++_C23\Deepfakes\244_822.mp4,1,Deepfakes,c23,244_822
FaceForensics++,FaceForensics++__Deepfakes__245_157.mp4,data\raw\FaceForensics++_C23\Deepfakes\245_157.mp4,1,Deepfakes,c23,245_157
FaceForensics++,FaceForensics++__Deepfakes__246_258.mp4,data\raw\FaceForensics++_C23\Deepfakes\246_258.mp4,1,Deepfakes,c23,246_258
FaceForensics++,FaceForensics++__Deepfakes__247_229.mp4,data\raw\FaceForensics++_C23\Deepfakes\247_229.mp4,1,Deepfakes,c23,247_229
FaceForensics++,FaceForensics++__Deepfakes__249_280.mp4,data\raw\FaceForensics++_C23\Deepfakes\249_280.mp4,1,Deepfakes,c23,249_280
FaceForensics++,FaceForensics++__Deepfakes__250_461.mp4,data\raw\FaceForensics++_C23\Deepfakes\250_461.mp4,1,Deepfakes,c23,250_461
FaceForensics++,FaceForensics++__Deepfakes__251_375.mp4,data\raw\FaceForensics++_C23\Deepfakes\251_375.mp4,1,Deepfakes,c23,251_375
FaceForensics++,FaceForensics++__Deepfakes__252_266.mp4,data\raw\FaceForensics++_C23\Deepfakes\252_266.mp4,1,Deepfakes,c23,252_266
FaceForensics++,FaceForensics++__Deepfakes__253_183.mp4,data\raw\FaceForensics++_C23\Deepfakes\253_183.mp4,1,Deepfakes,c23,253_183
FaceForensics++,FaceForensics++__Deepfakes__255_214.mp4,data\raw\FaceForensics++_C23\Deepfakes\255_214.mp4,1,Deepfakes,c23,255_214
FaceForensics++,FaceForensics++__Deepfakes__257_420.mp4,data\raw\FaceForensics++_C23\Deepfakes\257_420.mp4,1,Deepfakes,c23,257_420
FaceForensics++,FaceForensics++__Deepfakes__258_246.mp4,data\raw\FaceForensics++_C23\Deepfakes\258_246.mp4,1,Deepfakes,c23,258_246
FaceForensics++,FaceForensics++__Deepfakes__259_345.mp4,data\raw\FaceForensics++_C23\Deepfakes\259_345.mp4,1,Deepfakes,c23,259_345
FaceForensics++,FaceForensics++__Deepfakes__260_331.mp4,data\raw\FaceForensics++_C23\Deepfakes\260_331.mp4,1,Deepfakes,c23,260_331
FaceForensics++,FaceForensics++__Deepfakes__261_254.mp4,data\raw\FaceForensics++_C23\Deepfakes\261_254.mp4,1,Deepfakes,c23,261_254
FaceForensics++,FaceForensics++__Deepfakes__262_301.mp4,data\raw\FaceForensics++_C23\Deepfakes\262_301.mp4,1,Deepfakes,c23,262_301
FaceForensics++,FaceForensics++__Deepfakes__263_284.mp4,data\raw\FaceForensics++_C23\Deepfakes\263_284.mp4,1,Deepfakes,c23,263_284
FaceForensics++,FaceForensics++__Deepfakes__264_271.mp4,data\raw\FaceForensics++_C23\Deepfakes\264_271.mp4,1,Deepfakes,c23,264_271
FaceForensics++,FaceForensics++__Deepfakes__265_475.mp4,data\raw\FaceForensics++_C23\Deepfakes\265_475.mp4,1,Deepfakes,c23,265_475
FaceForensics++,FaceForensics++__Deepfakes__266_252.mp4,data\raw\FaceForensics++_C23\Deepfakes\266_252.mp4,1,Deepfakes,c23,266_252
FaceForensics++,FaceForensics++__Deepfakes__267_286.mp4,data\raw\FaceForensics++_C23\Deepfakes\267_286.mp4,1,Deepfakes,c23,267_286
FaceForensics++,FaceForensics++__Deepfakes__268_269.mp4,data\raw\FaceForensics++_C23\Deepfakes\268_269.mp4,1,Deepfakes,c23,268_269
FaceForensics++,FaceForensics++__Deepfakes__270_297.mp4,data\raw\FaceForensics++_C23\Deepfakes\270_297.mp4,1,Deepfakes,c23,270_297
FaceForensics++,FaceForensics++__Deepfakes__271_264.mp4,data\raw\FaceForensics++_C23\Deepfakes\271_264.mp4,1,Deepfakes,c23,271_264
FaceForensics++,FaceForensics++__Deepfakes__272_396.mp4,data\raw\FaceForensics++_C23\Deepfakes\272_396.mp4,1,Deepfakes,c23,272_396
FaceForensics++,FaceForensics++__Deepfakes__273_807.mp4,data\raw\FaceForensics++_C23\Deepfakes\273_807.mp4,1,Deepfakes,c23,273_807
FaceForensics++,FaceForensics++__Deepfakes__274_412.mp4,data\raw\FaceForensics++_C23\Deepfakes\274_412.mp4,1,Deepfakes,c23,274_412
FaceForensics++,FaceForensics++__Deepfakes__275_887.mp4,data\raw\FaceForensics++_C23\Deepfakes\275_887.mp4,1,Deepfakes,c23,275_887
FaceForensics++,FaceForensics++__Deepfakes__276_185.mp4,data\raw\FaceForensics++_C23\Deepfakes\276_185.mp4,1,Deepfakes,c23,276_185
FaceForensics++,FaceForensics++__Deepfakes__278_306.mp4,data\raw\FaceForensics++_C23\Deepfakes\278_306.mp4,1,Deepfakes,c23,278_306
FaceForensics++,FaceForensics++__Deepfakes__279_298.mp4,data\raw\FaceForensics++_C23\Deepfakes\279_298.mp4,1,Deepfakes,c23,279_298
FaceForensics++,FaceForensics++__Deepfakes__280_249.mp4,data\raw\FaceForensics++_C23\Deepfakes\280_249.mp4,1,Deepfakes,c23,280_249
FaceForensics++,FaceForensics++__Deepfakes__281_474.mp4,data\raw\FaceForensics++_C23\Deepfakes\281_474.mp4,1,Deepfakes,c23,281_474
FaceForensics++,FaceForensics++__Deepfakes__282_238.mp4,data\raw\FaceForensics++_C23\Deepfakes\282_238.mp4,1,Deepfakes,c23,282_238
FaceForensics++,FaceForensics++__Deepfakes__283_313.mp4,data\raw\FaceForensics++_C23\Deepfakes\283_313.mp4,1,Deepfakes,c23,283_313
FaceForensics++,FaceForensics++__Deepfakes__284_263.mp4,data\raw\FaceForensics++_C23\Deepfakes\284_263.mp4,1,Deepfakes,c23,284_263
FaceForensics++,FaceForensics++__Deepfakes__285_136.mp4,data\raw\FaceForensics++_C23\Deepfakes\285_136.mp4,1,Deepfakes,c23,285_136
FaceForensics++,FaceForensics++__Deepfakes__286_267.mp4,data\raw\FaceForensics++_C23\Deepfakes\286_267.mp4,1,Deepfakes,c23,286_267
FaceForensics++,FaceForensics++__Deepfakes__287_426.mp4,data\raw\FaceForensics++_C23\Deepfakes\287_426.mp4,1,Deepfakes,c23,287_426
FaceForensics++,FaceForensics++__Deepfakes__289_228.mp4,data\raw\FaceForensics++_C23\Deepfakes\289_228.mp4,1,Deepfakes,c23,289_228
FaceForensics++,FaceForensics++__Deepfakes__290_240.mp4,data\raw\FaceForensics++_C23\Deepfakes\290_240.mp4,1,Deepfakes,c23,290_240
FaceForensics++,FaceForensics++__Deepfakes__291_874.mp4,data\raw\FaceForensics++_C23\Deepfakes\291_874.mp4,1,Deepfakes,c23,291_874
FaceForensics++,FaceForensics++__Deepfakes__292_294.mp4,data\raw\FaceForensics++_C23\Deepfakes\292_294.mp4,1,Deepfakes,c23,292_294
FaceForensics++,FaceForensics++__Deepfakes__293_296.mp4,data\raw\FaceForensics++_C23\Deepfakes\293_296.mp4,1,Deepfakes,c23,293_296
FaceForensics++,FaceForensics++__Deepfakes__294_292.mp4,data\raw\FaceForensics++_C23\Deepfakes\294_292.mp4,1,Deepfakes,c23,294_292
FaceForensics++,FaceForensics++__Deepfakes__295_099.mp4,data\raw\FaceForensics++_C23\Deepfakes\295_099.mp4,1,Deepfakes,c23,295_099
FaceForensics++,FaceForensics++__Deepfakes__296_293.mp4,data\raw\FaceForensics++_C23\Deepfakes\296_293.mp4,1,Deepfakes,c23,296_293
FaceForensics++,FaceForensics++__Deepfakes__297_270.mp4,data\raw\FaceForensics++_C23\Deepfakes\297_270.mp4,1,Deepfakes,c23,297_270
FaceForensics++,FaceForensics++__Deepfakes__298_279.mp4,data\raw\FaceForensics++_C23\Deepfakes\298_279.mp4,1,Deepfakes,c23,298_279
FaceForensics++,FaceForensics++__Deepfakes__300_304.mp4,data\raw\FaceForensics++_C23\Deepfakes\300_304.mp4,1,Deepfakes,c23,300_304
FaceForensics++,FaceForensics++__Deepfakes__301_262.mp4,data\raw\FaceForensics++_C23\Deepfakes\301_262.mp4,1,Deepfakes,c23,301_262
FaceForensics++,FaceForensics++__Deepfakes__302_323.mp4,data\raw\FaceForensics++_C23\Deepfakes\302_323.mp4,1,Deepfakes,c23,302_323
FaceForensics++,FaceForensics++__Deepfakes__303_309.mp4,data\raw\FaceForensics++_C23\Deepfakes\303_309.mp4,1,Deepfakes,c23,303_309
FaceForensics++,FaceForensics++__Deepfakes__304_300.mp4,data\raw\FaceForensics++_C23\Deepfakes\304_300.mp4,1,Deepfakes,c23,304_300
FaceForensics++,FaceForensics++__Deepfakes__305_513.mp4,data\raw\FaceForensics++_C23\Deepfakes\305_513.mp4,1,Deepfakes,c23,305_513
FaceForensics++,FaceForensics++__Deepfakes__306_278.mp4,data\raw\FaceForensics++_C23\Deepfakes\306_278.mp4,1,Deepfakes,c23,306_278
FaceForensics++,FaceForensics++__Deepfakes__307_365.mp4,data\raw\FaceForensics++_C23\Deepfakes\307_365.mp4,1,Deepfakes,c23,307_365
FaceForensics++,FaceForensics++__Deepfakes__308_388.mp4,data\raw\FaceForensics++_C23\Deepfakes\308_388.mp4,1,Deepfakes,c23,308_388
FaceForensics++,FaceForensics++__Deepfakes__309_303.mp4,data\raw\FaceForensics++_C23\Deepfakes\309_303.mp4,1,Deepfakes,c23,309_303
FaceForensics++,FaceForensics++__Deepfakes__311_387.mp4,data\raw\FaceForensics++_C23\Deepfakes\311_387.mp4,1,Deepfakes,c23,311_387
FaceForensics++,FaceForensics++__Deepfakes__312_021.mp4,data\raw\FaceForensics++_C23\Deepfakes\312_021.mp4,1,Deepfakes,c23,312_021
FaceForensics++,FaceForensics++__Deepfakes__313_283.mp4,data\raw\FaceForensics++_C23\Deepfakes\313_283.mp4,1,Deepfakes,c23,313_283
FaceForensics++,FaceForensics++__Deepfakes__314_347.mp4,data\raw\FaceForensics++_C23\Deepfakes\314_347.mp4,1,Deepfakes,c23,314_347
FaceForensics++,FaceForensics++__Deepfakes__315_322.mp4,data\raw\FaceForensics++_C23\Deepfakes\315_322.mp4,1,Deepfakes,c23,315_322
FaceForensics++,FaceForensics++__Deepfakes__316_369.mp4,data\raw\FaceForensics++_C23\Deepfakes\316_369.mp4,1,Deepfakes,c23,316_369
FaceForensics++,FaceForensics++__Deepfakes__319_352.mp4,data\raw\FaceForensics++_C23\Deepfakes\319_352.mp4,1,Deepfakes,c23,319_352
FaceForensics++,FaceForensics++__Deepfakes__320_328.mp4,data\raw\FaceForensics++_C23\Deepfakes\320_328.mp4,1,Deepfakes,c23,320_328
FaceForensics++,FaceForensics++__Deepfakes__322_315.mp4,data\raw\FaceForensics++_C23\Deepfakes\322_315.mp4,1,Deepfakes,c23,322_315
FaceForensics++,FaceForensics++__Deepfakes__323_302.mp4,data\raw\FaceForensics++_C23\Deepfakes\323_302.mp4,1,Deepfakes,c23,323_302
FaceForensics++,FaceForensics++__Deepfakes__325_492.mp4,data\raw\FaceForensics++_C23\Deepfakes\325_492.mp4,1,Deepfakes,c23,325_492
FaceForensics++,FaceForensics++__Deepfakes__327_329.mp4,data\raw\FaceForensics++_C23\Deepfakes\327_329.mp4,1,Deepfakes,c23,327_329
FaceForensics++,FaceForensics++__Deepfakes__328_320.mp4,data\raw\FaceForensics++_C23\Deepfakes\328_320.mp4,1,Deepfakes,c23,328_320
FaceForensics++,FaceForensics++__Deepfakes__329_327.mp4,data\raw\FaceForensics++_C23\Deepfakes\329_327.mp4,1,Deepfakes,c23,329_327
FaceForensics++,FaceForensics++__Deepfakes__330_162.mp4,data\raw\FaceForensics++_C23\Deepfakes\330_162.mp4,1,Deepfakes,c23,330_162
FaceForensics++,FaceForensics++__Deepfakes__332_051.mp4,data\raw\FaceForensics++_C23\Deepfakes\332_051.mp4,1,Deepfakes,c23,332_051
FaceForensics++,FaceForensics++__Deepfakes__334_318.mp4,data\raw\FaceForensics++_C23\Deepfakes\334_318.mp4,1,Deepfakes,c23,334_318
FaceForensics++,FaceForensics++__Deepfakes__335_277.mp4,data\raw\FaceForensics++_C23\Deepfakes\335_277.mp4,1,Deepfakes,c23,335_277
FaceForensics++,FaceForensics++__Deepfakes__336_338.mp4,data\raw\FaceForensics++_C23\Deepfakes\336_338.mp4,1,Deepfakes,c23,336_338
FaceForensics++,FaceForensics++__Deepfakes__337_522.mp4,data\raw\FaceForensics++_C23\Deepfakes\337_522.mp4,1,Deepfakes,c23,337_522
FaceForensics++,FaceForensics++__Deepfakes__338_336.mp4,data\raw\FaceForensics++_C23\Deepfakes\338_336.mp4,1,Deepfakes,c23,338_336
FaceForensics++,FaceForensics++__Deepfakes__339_392.mp4,data\raw\FaceForensics++_C23\Deepfakes\339_392.mp4,1,Deepfakes,c23,339_392
FaceForensics++,FaceForensics++__Deepfakes__340_341.mp4,data\raw\FaceForensics++_C23\Deepfakes\340_341.mp4,1,Deepfakes,c23,340_341
FaceForensics++,FaceForensics++__Deepfakes__342_416.mp4,data\raw\FaceForensics++_C23\Deepfakes\342_416.mp4,1,Deepfakes,c23,342_416
FaceForensics++,FaceForensics++__Deepfakes__343_363.mp4,data\raw\FaceForensics++_C23\Deepfakes\343_363.mp4,1,Deepfakes,c23,343_363
FaceForensics++,FaceForensics++__Deepfakes__344_020.mp4,data\raw\FaceForensics++_C23\Deepfakes\344_020.mp4,1,Deepfakes,c23,344_020
FaceForensics++,FaceForensics++__Deepfakes__345_259.mp4,data\raw\FaceForensics++_C23\Deepfakes\345_259.mp4,1,Deepfakes,c23,345_259
FaceForensics++,FaceForensics++__Deepfakes__346_351.mp4,data\raw\FaceForensics++_C23\Deepfakes\346_351.mp4,1,Deepfakes,c23,346_351
FaceForensics++,FaceForensics++__Deepfakes__347_314.mp4,data\raw\FaceForensics++_C23\Deepfakes\347_314.mp4,1,Deepfakes,c23,347_314
FaceForensics++,FaceForensics++__Deepfakes__349_350.mp4,data\raw\FaceForensics++_C23\Deepfakes\349_350.mp4,1,Deepfakes,c23,349_350
FaceForensics++,FaceForensics++__Deepfakes__350_349.mp4,data\raw\FaceForensics++_C23\Deepfakes\350_349.mp4,1,Deepfakes,c23,350_349
FaceForensics++,FaceForensics++__Deepfakes__351_346.mp4,data\raw\FaceForensics++_C23\Deepfakes\351_346.mp4,1,Deepfakes,c23,351_346
FaceForensics++,FaceForensics++__Deepfakes__352_319.mp4,data\raw\FaceForensics++_C23\Deepfakes\352_319.mp4,1,Deepfakes,c23,352_319
FaceForensics++,FaceForensics++__Deepfakes__353_383.mp4,data\raw\FaceForensics++_C23\Deepfakes\353_383.mp4,1,Deepfakes,c23,353_383
FaceForensics++,FaceForensics++__Deepfakes__354_362.mp4,data\raw\FaceForensics++_C23\Deepfakes\354_362.mp4,1,Deepfakes,c23,354_362
FaceForensics++,FaceForensics++__Deepfakes__355_748.mp4,data\raw\FaceForensics++_C23\Deepfakes\355_748.mp4,1,Deepfakes,c23,355_748
FaceForensics++,FaceForensics++__Deepfakes__356_324.mp4,data\raw\FaceForensics++_C23\Deepfakes\356_324.mp4,1,Deepfakes,c23,356_324
FaceForensics++,FaceForensics++__Deepfakes__357_432.mp4,data\raw\FaceForensics++_C23\Deepfakes\357_432.mp4,1,Deepfakes,c23,357_432
FaceForensics++,FaceForensics++__Deepfakes__359_317.mp4,data\raw\FaceForensics++_C23\Deepfakes\359_317.mp4,1,Deepfakes,c23,359_317
FaceForensics++,FaceForensics++__Deepfakes__360_437.mp4,data\raw\FaceForensics++_C23\Deepfakes\360_437.mp4,1,Deepfakes,c23,360_437
FaceForensics++,FaceForensics++__Deepfakes__361_448.mp4,data\raw\FaceForensics++_C23\Deepfakes\361_448.mp4,1,Deepfakes,c23,361_448
FaceForensics++,FaceForensics++__Deepfakes__362_354.mp4,data\raw\FaceForensics++_C23\Deepfakes\362_354.mp4,1,Deepfakes,c23,362_354
FaceForensics++,FaceForensics++__Deepfakes__363_343.mp4,data\raw\FaceForensics++_C23\Deepfakes\363_343.mp4,1,Deepfakes,c23,363_343
FaceForensics++,FaceForensics++__Deepfakes__367_371.mp4,data\raw\FaceForensics++_C23\Deepfakes\367_371.mp4,1,Deepfakes,c23,367_371
FaceForensics++,FaceForensics++__Deepfakes__368_378.mp4,data\raw\FaceForensics++_C23\Deepfakes\368_378.mp4,1,Deepfakes,c23,368_378
FaceForensics++,FaceForensics++__Deepfakes__369_316.mp4,data\raw\FaceForensics++_C23\Deepfakes\369_316.mp4,1,Deepfakes,c23,369_316
FaceForensics++,FaceForensics++__Deepfakes__371_367.mp4,data\raw\FaceForensics++_C23\Deepfakes\371_367.mp4,1,Deepfakes,c23,371_367
FaceForensics++,FaceForensics++__Deepfakes__372_413.mp4,data\raw\FaceForensics++_C23\Deepfakes\372_413.mp4,1,Deepfakes,c23,372_413
FaceForensics++,FaceForensics++__Deepfakes__374_407.mp4,data\raw\FaceForensics++_C23\Deepfakes\374_407.mp4,1,Deepfakes,c23,374_407
FaceForensics++,FaceForensics++__Deepfakes__376_381.mp4,data\raw\FaceForensics++_C23\Deepfakes\376_381.mp4,1,Deepfakes,c23,376_381
FaceForensics++,FaceForensics++__Deepfakes__377_333.mp4,data\raw\FaceForensics++_C23\Deepfakes\377_333.mp4,1,Deepfakes,c23,377_333
FaceForensics++,FaceForensics++__Deepfakes__378_368.mp4,data\raw\FaceForensics++_C23\Deepfakes\378_368.mp4,1,Deepfakes,c23,378_368
FaceForensics++,FaceForensics++__Deepfakes__379_158.mp4,data\raw\FaceForensics++_C23\Deepfakes\379_158.mp4,1,Deepfakes,c23,379_158
FaceForensics++,FaceForensics++__Deepfakes__380_358.mp4,data\raw\FaceForensics++_C23\Deepfakes\380_358.mp4,1,Deepfakes,c23,380_358
FaceForensics++,FaceForensics++__Deepfakes__381_376.mp4,data\raw\FaceForensics++_C23\Deepfakes\381_376.mp4,1,Deepfakes,c23,381_376
FaceForensics++,FaceForensics++__Deepfakes__383_353.mp4,data\raw\FaceForensics++_C23\Deepfakes\383_353.mp4,1,Deepfakes,c23,383_353
FaceForensics++,FaceForensics++__Deepfakes__384_932.mp4,data\raw\FaceForensics++_C23\Deepfakes\384_932.mp4,1,Deepfakes,c23,384_932
FaceForensics++,FaceForensics++__Deepfakes__385_414.mp4,data\raw\FaceForensics++_C23\Deepfakes\385_414.mp4,1,Deepfakes,c23,385_414
FaceForensics++,FaceForensics++__Deepfakes__386_154.mp4,data\raw\FaceForensics++_C23\Deepfakes\386_154.mp4,1,Deepfakes,c23,386_154
FaceForensics++,FaceForensics++__Deepfakes__387_311.mp4,data\raw\FaceForensics++_C23\Deepfakes\387_311.mp4,1,Deepfakes,c23,387_311
FaceForensics++,FaceForensics++__Deepfakes__388_308.mp4,data\raw\FaceForensics++_C23\Deepfakes\388_308.mp4,1,Deepfakes,c23,388_308
FaceForensics++,FaceForensics++__Deepfakes__390_709.mp4,data\raw\FaceForensics++_C23\Deepfakes\390_709.mp4,1,Deepfakes,c23,390_709
FaceForensics++,FaceForensics++__Deepfakes__391_406.mp4,data\raw\FaceForensics++_C23\Deepfakes\391_406.mp4,1,Deepfakes,c23,391_406
FaceForensics++,FaceForensics++__Deepfakes__392_339.mp4,data\raw\FaceForensics++_C23\Deepfakes\392_339.mp4,1,Deepfakes,c23,392_339
FaceForensics++,FaceForensics++__Deepfakes__394_373.mp4,data\raw\FaceForensics++_C23\Deepfakes\394_373.mp4,1,Deepfakes,c23,394_373
FaceForensics++,FaceForensics++__Deepfakes__395_401.mp4,data\raw\FaceForensics++_C23\Deepfakes\395_401.mp4,1,Deepfakes,c23,395_401
FaceForensics++,FaceForensics++__Deepfakes__396_272.mp4,data\raw\FaceForensics++_C23\Deepfakes\396_272.mp4,1,Deepfakes,c23,396_272
FaceForensics++,FaceForensics++__Deepfakes__397_602.mp4,data\raw\FaceForensics++_C23\Deepfakes\397_602.mp4,1,Deepfakes,c23,397_602
FaceForensics++,FaceForensics++__Deepfakes__398_457.mp4,data\raw\FaceForensics++_C23\Deepfakes\398_457.mp4,1,Deepfakes,c23,398_457
FaceForensics++,FaceForensics++__Deepfakes__399_488.mp4,data\raw\FaceForensics++_C23\Deepfakes\399_488.mp4,1,Deepfakes,c23,399_488
FaceForensics++,FaceForensics++__Deepfakes__401_395.mp4,data\raw\FaceForensics++_C23\Deepfakes\401_395.mp4,1,Deepfakes,c23,401_395
FaceForensics++,FaceForensics++__Deepfakes__402_453.mp4,data\raw\FaceForensics++_C23\Deepfakes\402_453.mp4,1,Deepfakes,c23,402_453
FaceForensics++,FaceForensics++__Deepfakes__403_497.mp4,data\raw\FaceForensics++_C23\Deepfakes\403_497.mp4,1,Deepfakes,c23,403_497
FaceForensics++,FaceForensics++__Deepfakes__406_391.mp4,data\raw\FaceForensics++_C23\Deepfakes\406_391.mp4,1,Deepfakes,c23,406_391
FaceForensics++,FaceForensics++__Deepfakes__408_424.mp4,data\raw\FaceForensics++_C23\Deepfakes\408_424.mp4,1,Deepfakes,c23,408_424
FaceForensics++,FaceForensics++__Deepfakes__409_382.mp4,data\raw\FaceForensics++_C23\Deepfakes\409_382.mp4,1,Deepfakes,c23,409_382
FaceForensics++,FaceForensics++__Deepfakes__410_411.mp4,data\raw\FaceForensics++_C23\Deepfakes\410_411.mp4,1,Deepfakes,c23,410_411
FaceForensics++,FaceForensics++__Deepfakes__411_410.mp4,data\raw\FaceForensics++_C23\Deepfakes\411_410.mp4,1,Deepfakes,c23,411_410
FaceForensics++,FaceForensics++__Deepfakes__412_274.mp4,data\raw\FaceForensics++_C23\Deepfakes\412_274.mp4,1,Deepfakes,c23,412_274
FaceForensics++,FaceForensics++__Deepfakes__413_372.mp4,data\raw\FaceForensics++_C23\Deepfakes\413_372.mp4,1,Deepfakes,c23,413_372
FaceForensics++,FaceForensics++__Deepfakes__414_385.mp4,data\raw\FaceForensics++_C23\Deepfakes\414_385.mp4,1,Deepfakes,c23,414_385
FaceForensics++,FaceForensics++__Deepfakes__415_484.mp4,data\raw\FaceForensics++_C23\Deepfakes\415_484.mp4,1,Deepfakes,c23,415_484
FaceForensics++,FaceForensics++__Deepfakes__416_342.mp4,data\raw\FaceForensics++_C23\Deepfakes\416_342.mp4,1,Deepfakes,c23,416_342
FaceForensics++,FaceForensics++__Deepfakes__417_496.mp4,data\raw\FaceForensics++_C23\Deepfakes\417_496.mp4,1,Deepfakes,c23,417_496
FaceForensics++,FaceForensics++__Deepfakes__420_257.mp4,data\raw\FaceForensics++_C23\Deepfakes\420_257.mp4,1,Deepfakes,c23,420_257
FaceForensics++,FaceForensics++__Deepfakes__422_695.mp4,data\raw\FaceForensics++_C23\Deepfakes\422_695.mp4,1,Deepfakes,c23,422_695
FaceForensics++,FaceForensics++__Deepfakes__423_421.mp4,data\raw\FaceForensics++_C23\Deepfakes\423_421.mp4,1,Deepfakes,c23,423_421
FaceForensics++,FaceForensics++__Deepfakes__425_485.mp4,data\raw\FaceForensics++_C23\Deepfakes\425_485.mp4,1,Deepfakes,c23,425_485
FaceForensics++,FaceForensics++__Deepfakes__426_287.mp4,data\raw\FaceForensics++_C23\Deepfakes\426_287.mp4,1,Deepfakes,c23,426_287
FaceForensics++,FaceForensics++__Deepfakes__427_637.mp4,data\raw\FaceForensics++_C23\Deepfakes\427_637.mp4,1,Deepfakes,c23,427_637
FaceForensics++,FaceForensics++__Deepfakes__429_404.mp4,data\raw\FaceForensics++_C23\Deepfakes\429_404.mp4,1,Deepfakes,c23,429_404
FaceForensics++,FaceForensics++__Deepfakes__430_459.mp4,data\raw\FaceForensics++_C23\Deepfakes\430_459.mp4,1,Deepfakes,c23,430_459
FaceForensics++,FaceForensics++__Deepfakes__433_498.mp4,data\raw\FaceForensics++_C23\Deepfakes\433_498.mp4,1,Deepfakes,c23,433_498
FaceForensics++,FaceForensics++__Deepfakes__435_456.mp4,data\raw\FaceForensics++_C23\Deepfakes\435_456.mp4,1,Deepfakes,c23,435_456
FaceForensics++,FaceForensics++__Deepfakes__436_526.mp4,data\raw\FaceForensics++_C23\Deepfakes\436_526.mp4,1,Deepfakes,c23,436_526
FaceForensics++,FaceForensics++__Deepfakes__437_360.mp4,data\raw\FaceForensics++_C23\Deepfakes\437_360.mp4,1,Deepfakes,c23,437_360
FaceForensics++,FaceForensics++__Deepfakes__441_439.mp4,data\raw\FaceForensics++_C23\Deepfakes\441_439.mp4,1,Deepfakes,c23,441_439
FaceForensics++,FaceForensics++__Deepfakes__443_514.mp4,data\raw\FaceForensics++_C23\Deepfakes\443_514.mp4,1,Deepfakes,c23,443_514
FaceForensics++,FaceForensics++__Deepfakes__444_655.mp4,data\raw\FaceForensics++_C23\Deepfakes\444_655.mp4,1,Deepfakes,c23,444_655
FaceForensics++,FaceForensics++__Deepfakes__445_494.mp4,data\raw\FaceForensics++_C23\Deepfakes\445_494.mp4,1,Deepfakes,c23,445_494
FaceForensics++,FaceForensics++__Deepfakes__447_431.mp4,data\raw\FaceForensics++_C23\Deepfakes\447_431.mp4,1,Deepfakes,c23,447_431
FaceForensics++,FaceForensics++__Deepfakes__448_361.mp4,data\raw\FaceForensics++_C23\Deepfakes\448_361.mp4,1,Deepfakes,c23,448_361
FaceForensics++,FaceForensics++__Deepfakes__449_451.mp4,data\raw\FaceForensics++_C23\Deepfakes\449_451.mp4,1,Deepfakes,c23,449_451
FaceForensics++,FaceForensics++__Deepfakes__450_533.mp4,data\raw\FaceForensics++_C23\Deepfakes\450_533.mp4,1,Deepfakes,c23,450_533
FaceForensics++,FaceForensics++__Deepfakes__452_550.mp4,data\raw\FaceForensics++_C23\Deepfakes\452_550.mp4,1,Deepfakes,c23,452_550
FaceForensics++,FaceForensics++__Deepfakes__453_402.mp4,data\raw\FaceForensics++_C23\Deepfakes\453_402.mp4,1,Deepfakes,c23,453_402
FaceForensics++,FaceForensics++__Deepfakes__454_527.mp4,data\raw\FaceForensics++_C23\Deepfakes\454_527.mp4,1,Deepfakes,c23,454_527
FaceForensics++,FaceForensics++__Deepfakes__455_471.mp4,data\raw\FaceForensics++_C23\Deepfakes\455_471.mp4,1,Deepfakes,c23,455_471
FaceForensics++,FaceForensics++__Deepfakes__456_435.mp4,data\raw\FaceForensics++_C23\Deepfakes\456_435.mp4,1,Deepfakes,c23,456_435
FaceForensics++,FaceForensics++__Deepfakes__457_398.mp4,data\raw\FaceForensics++_C23\Deepfakes\457_398.mp4,1,Deepfakes,c23,457_398
FaceForensics++,FaceForensics++__Deepfakes__459_430.mp4,data\raw\FaceForensics++_C23\Deepfakes\459_430.mp4,1,Deepfakes,c23,459_430
FaceForensics++,FaceForensics++__Deepfakes__460_678.mp4,data\raw\FaceForensics++_C23\Deepfakes\460_678.mp4,1,Deepfakes,c23,460_678
FaceForensics++,FaceForensics++__Deepfakes__461_250.mp4,data\raw\FaceForensics++_C23\Deepfakes\461_250.mp4,1,Deepfakes,c23,461_250
FaceForensics++,FaceForensics++__Deepfakes__462_467.mp4,data\raw\FaceForensics++_C23\Deepfakes\462_467.mp4,1,Deepfakes,c23,462_467
FaceForensics++,FaceForensics++__Deepfakes__464_463.mp4,data\raw\FaceForensics++_C23\Deepfakes\464_463.mp4,1,Deepfakes,c23,464_463
FaceForensics++,FaceForensics++__Deepfakes__465_482.mp4,data\raw\FaceForensics++_C23\Deepfakes\465_482.mp4,1,Deepfakes,c23,465_482
FaceForensics++,FaceForensics++__Deepfakes__466_428.mp4,data\raw\FaceForensics++_C23\Deepfakes\466_428.mp4,1,Deepfakes,c23,466_428
FaceForensics++,FaceForensics++__Deepfakes__467_462.mp4,data\raw\FaceForensics++_C23\Deepfakes\467_462.mp4,1,Deepfakes,c23,467_462
FaceForensics++,FaceForensics++__Deepfakes__469_481.mp4,data\raw\FaceForensics++_C23\Deepfakes\469_481.mp4,1,Deepfakes,c23,469_481
FaceForensics++,FaceForensics++__Deepfakes__470_468.mp4,data\raw\FaceForensics++_C23\Deepfakes\470_468.mp4,1,Deepfakes,c23,470_468
FaceForensics++,FaceForensics++__Deepfakes__471_455.mp4,data\raw\FaceForensics++_C23\Deepfakes\471_455.mp4,1,Deepfakes,c23,471_455
FaceForensics++,FaceForensics++__Deepfakes__472_511.mp4,data\raw\FaceForensics++_C23\Deepfakes\472_511.mp4,1,Deepfakes,c23,472_511
FaceForensics++,FaceForensics++__Deepfakes__473_366.mp4,data\raw\FaceForensics++_C23\Deepfakes\473_366.mp4,1,Deepfakes,c23,473_366
FaceForensics++,FaceForensics++__Deepfakes__474_281.mp4,data\raw\FaceForensics++_C23\Deepfakes\474_281.mp4,1,Deepfakes,c23,474_281
FaceForensics++,FaceForensics++__Deepfakes__475_265.mp4,data\raw\FaceForensics++_C23\Deepfakes\475_265.mp4,1,Deepfakes,c23,475_265
FaceForensics++,FaceForensics++__Deepfakes__476_400.mp4,data\raw\FaceForensics++_C23\Deepfakes\476_400.mp4,1,Deepfakes,c23,476_400
FaceForensics++,FaceForensics++__Deepfakes__477_487.mp4,data\raw\FaceForensics++_C23\Deepfakes\477_487.mp4,1,Deepfakes,c23,477_487
FaceForensics++,FaceForensics++__Deepfakes__478_506.mp4,data\raw\FaceForensics++_C23\Deepfakes\478_506.mp4,1,Deepfakes,c23,478_506
FaceForensics++,FaceForensics++__Deepfakes__479_706.mp4,data\raw\FaceForensics++_C23\Deepfakes\479_706.mp4,1,Deepfakes,c23,479_706
FaceForensics++,FaceForensics++__Deepfakes__480_389.mp4,data\raw\FaceForensics++_C23\Deepfakes\480_389.mp4,1,Deepfakes,c23,480_389
FaceForensics++,FaceForensics++__Deepfakes__481_469.mp4,data\raw\FaceForensics++_C23\Deepfakes\481_469.mp4,1,Deepfakes,c23,481_469
FaceForensics++,FaceForensics++__Deepfakes__482_465.mp4,data\raw\FaceForensics++_C23\Deepfakes\482_465.mp4,1,Deepfakes,c23,482_465
FaceForensics++,FaceForensics++__Deepfakes__483_370.mp4,data\raw\FaceForensics++_C23\Deepfakes\483_370.mp4,1,Deepfakes,c23,483_370
FaceForensics++,FaceForensics++__Deepfakes__484_415.mp4,data\raw\FaceForensics++_C23\Deepfakes\484_415.mp4,1,Deepfakes,c23,484_415
FaceForensics++,FaceForensics++__Deepfakes__486_680.mp4,data\raw\FaceForensics++_C23\Deepfakes\486_680.mp4,1,Deepfakes,c23,486_680
FaceForensics++,FaceForensics++__Deepfakes__487_477.mp4,data\raw\FaceForensics++_C23\Deepfakes\487_477.mp4,1,Deepfakes,c23,487_477
FaceForensics++,FaceForensics++__Deepfakes__488_399.mp4,data\raw\FaceForensics++_C23\Deepfakes\488_399.mp4,1,Deepfakes,c23,488_399
FaceForensics++,FaceForensics++__Deepfakes__489_022.mp4,data\raw\FaceForensics++_C23\Deepfakes\489_022.mp4,1,Deepfakes,c23,489_022
FaceForensics++,FaceForensics++__Deepfakes__490_534.mp4,data\raw\FaceForensics++_C23\Deepfakes\490_534.mp4,1,Deepfakes,c23,490_534
FaceForensics++,FaceForensics++__Deepfakes__491_226.mp4,data\raw\FaceForensics++_C23\Deepfakes\491_226.mp4,1,Deepfakes,c23,491_226
FaceForensics++,FaceForensics++__Deepfakes__492_325.mp4,data\raw\FaceForensics++_C23\Deepfakes\492_325.mp4,1,Deepfakes,c23,492_325
FaceForensics++,FaceForensics++__Deepfakes__493_538.mp4,data\raw\FaceForensics++_C23\Deepfakes\493_538.mp4,1,Deepfakes,c23,493_538
FaceForensics++,FaceForensics++__Deepfakes__495_512.mp4,data\raw\FaceForensics++_C23\Deepfakes\495_512.mp4,1,Deepfakes,c23,495_512
FaceForensics++,FaceForensics++__Deepfakes__497_403.mp4,data\raw\FaceForensics++_C23\Deepfakes\497_403.mp4,1,Deepfakes,c23,497_403
FaceForensics++,FaceForensics++__Deepfakes__498_433.mp4,data\raw\FaceForensics++_C23\Deepfakes\498_433.mp4,1,Deepfakes,c23,498_433
FaceForensics++,FaceForensics++__Deepfakes__499_539.mp4,data\raw\FaceForensics++_C23\Deepfakes\499_539.mp4,1,Deepfakes,c23,499_539
FaceForensics++,FaceForensics++__Deepfakes__501_326.mp4,data\raw\FaceForensics++_C23\Deepfakes\501_326.mp4,1,Deepfakes,c23,501_326
FaceForensics++,FaceForensics++__Deepfakes__502_504.mp4,data\raw\FaceForensics++_C23\Deepfakes\502_504.mp4,1,Deepfakes,c23,502_504
FaceForensics++,FaceForensics++__Deepfakes__503_756.mp4,data\raw\FaceForensics++_C23\Deepfakes\503_756.mp4,1,Deepfakes,c23,503_756
FaceForensics++,FaceForensics++__Deepfakes__504_502.mp4,data\raw\FaceForensics++_C23\Deepfakes\504_502.mp4,1,Deepfakes,c23,504_502
FaceForensics++,FaceForensics++__Deepfakes__505_600.mp4,data\raw\FaceForensics++_C23\Deepfakes\505_600.mp4,1,Deepfakes,c23,505_600
FaceForensics++,FaceForensics++__Deepfakes__506_478.mp4,data\raw\FaceForensics++_C23\Deepfakes\506_478.mp4,1,Deepfakes,c23,506_478
FaceForensics++,FaceForensics++__Deepfakes__507_418.mp4,data\raw\FaceForensics++_C23\Deepfakes\507_418.mp4,1,Deepfakes,c23,507_418
FaceForensics++,FaceForensics++__Deepfakes__508_831.mp4,data\raw\FaceForensics++_C23\Deepfakes\508_831.mp4,1,Deepfakes,c23,508_831
FaceForensics++,FaceForensics++__Deepfakes__509_525.mp4,data\raw\FaceForensics++_C23\Deepfakes\509_525.mp4,1,Deepfakes,c23,509_525
FaceForensics++,FaceForensics++__Deepfakes__511_472.mp4,data\raw\FaceForensics++_C23\Deepfakes\511_472.mp4,1,Deepfakes,c23,511_472
FaceForensics++,FaceForensics++__Deepfakes__512_495.mp4,data\raw\FaceForensics++_C23\Deepfakes\512_495.mp4,1,Deepfakes,c23,512_495
FaceForensics++,FaceForensics++__Deepfakes__513_305.mp4,data\raw\FaceForensics++_C23\Deepfakes\513_305.mp4,1,Deepfakes,c23,513_305
FaceForensics++,FaceForensics++__Deepfakes__514_443.mp4,data\raw\FaceForensics++_C23\Deepfakes\514_443.mp4,1,Deepfakes,c23,514_443
FaceForensics++,FaceForensics++__Deepfakes__515_519.mp4,data\raw\FaceForensics++_C23\Deepfakes\515_519.mp4,1,Deepfakes,c23,515_519
FaceForensics++,FaceForensics++__Deepfakes__516_555.mp4,data\raw\FaceForensics++_C23\Deepfakes\516_555.mp4,1,Deepfakes,c23,516_555
FaceForensics++,FaceForensics++__Deepfakes__517_521.mp4,data\raw\FaceForensics++_C23\Deepfakes\517_521.mp4,1,Deepfakes,c23,517_521
FaceForensics++,FaceForensics++__Deepfakes__518_131.mp4,data\raw\FaceForensics++_C23\Deepfakes\518_131.mp4,1,Deepfakes,c23,518_131
FaceForensics++,FaceForensics++__Deepfakes__519_515.mp4,data\raw\FaceForensics++_C23\Deepfakes\519_515.mp4,1,Deepfakes,c23,519_515
FaceForensics++,FaceForensics++__Deepfakes__520_542.mp4,data\raw\FaceForensics++_C23\Deepfakes\520_542.mp4,1,Deepfakes,c23,520_542
FaceForensics++,FaceForensics++__Deepfakes__521_517.mp4,data\raw\FaceForensics++_C23\Deepfakes\521_517.mp4,1,Deepfakes,c23,521_517
FaceForensics++,FaceForensics++__Deepfakes__522_337.mp4,data\raw\FaceForensics++_C23\Deepfakes\522_337.mp4,1,Deepfakes,c23,522_337
FaceForensics++,FaceForensics++__Deepfakes__523_541.mp4,data\raw\FaceForensics++_C23\Deepfakes\523_541.mp4,1,Deepfakes,c23,523_541
FaceForensics++,FaceForensics++__Deepfakes__524_580.mp4,data\raw\FaceForensics++_C23\Deepfakes\524_580.mp4,1,Deepfakes,c23,524_580
FaceForensics++,FaceForensics++__Deepfakes__525_509.mp4,data\raw\FaceForensics++_C23\Deepfakes\525_509.mp4,1,Deepfakes,c23,525_509
FaceForensics++,FaceForensics++__Deepfakes__526_436.mp4,data\raw\FaceForensics++_C23\Deepfakes\526_436.mp4,1,Deepfakes,c23,526_436
FaceForensics++,FaceForensics++__Deepfakes__527_454.mp4,data\raw\FaceForensics++_C23\Deepfakes\527_454.mp4,1,Deepfakes,c23,527_454
FaceForensics++,FaceForensics++__Deepfakes__528_510.mp4,data\raw\FaceForensics++_C23\Deepfakes\528_510.mp4,1,Deepfakes,c23,528_510
FaceForensics++,FaceForensics++__Deepfakes__530_594.mp4,data\raw\FaceForensics++_C23\Deepfakes\530_594.mp4,1,Deepfakes,c23,530_594
FaceForensics++,FaceForensics++__Deepfakes__531_549.mp4,data\raw\FaceForensics++_C23\Deepfakes\531_549.mp4,1,Deepfakes,c23,531_549
FaceForensics++,FaceForensics++__Deepfakes__532_544.mp4,data\raw\FaceForensics++_C23\Deepfakes\532_544.mp4,1,Deepfakes,c23,532_544
FaceForensics++,FaceForensics++__Deepfakes__535_587.mp4,data\raw\FaceForensics++_C23\Deepfakes\535_587.mp4,1,Deepfakes,c23,535_587
FaceForensics++,FaceForensics++__Deepfakes__536_540.mp4,data\raw\FaceForensics++_C23\Deepfakes\536_540.mp4,1,Deepfakes,c23,536_540
FaceForensics++,FaceForensics++__Deepfakes__537_563.mp4,data\raw\FaceForensics++_C23\Deepfakes\537_563.mp4,1,Deepfakes,c23,537_563
FaceForensics++,FaceForensics++__Deepfakes__540_536.mp4,data\raw\FaceForensics++_C23\Deepfakes\540_536.mp4,1,Deepfakes,c23,540_536
FaceForensics++,FaceForensics++__Deepfakes__541_523.mp4,data\raw\FaceForensics++_C23\Deepfakes\541_523.mp4,1,Deepfakes,c23,541_523
FaceForensics++,FaceForensics++__Deepfakes__542_520.mp4,data\raw\FaceForensics++_C23\Deepfakes\542_520.mp4,1,Deepfakes,c23,542_520
FaceForensics++,FaceForensics++__Deepfakes__544_532.mp4,data\raw\FaceForensics++_C23\Deepfakes\544_532.mp4,1,Deepfakes,c23,544_532
FaceForensics++,FaceForensics++__Deepfakes__545_553.mp4,data\raw\FaceForensics++_C23\Deepfakes\545_553.mp4,1,Deepfakes,c23,545_553
FaceForensics++,FaceForensics++__Deepfakes__547_574.mp4,data\raw\FaceForensics++_C23\Deepfakes\547_574.mp4,1,Deepfakes,c23,547_574
FaceForensics++,FaceForensics++__Deepfakes__548_632.mp4,data\raw\FaceForensics++_C23\Deepfakes\548_632.mp4,1,Deepfakes,c23,548_632
FaceForensics++,FaceForensics++__Deepfakes__549_531.mp4,data\raw\FaceForensics++_C23\Deepfakes\549_531.mp4,1,Deepfakes,c23,549_531
FaceForensics++,FaceForensics++__Deepfakes__550_452.mp4,data\raw\FaceForensics++_C23\Deepfakes\550_452.mp4,1,Deepfakes,c23,550_452
FaceForensics++,FaceForensics++__Deepfakes__551_631.mp4,data\raw\FaceForensics++_C23\Deepfakes\551_631.mp4,1,Deepfakes,c23,551_631
FaceForensics++,FaceForensics++__Deepfakes__553_545.mp4,data\raw\FaceForensics++_C23\Deepfakes\553_545.mp4,1,Deepfakes,c23,553_545
FaceForensics++,FaceForensics++__Deepfakes__554_572.mp4,data\raw\FaceForensics++_C23\Deepfakes\554_572.mp4,1,Deepfakes,c23,554_572
FaceForensics++,FaceForensics++__Deepfakes__556_588.mp4,data\raw\FaceForensics++_C23\Deepfakes\556_588.mp4,1,Deepfakes,c23,556_588
FaceForensics++,FaceForensics++__Deepfakes__557_560.mp4,data\raw\FaceForensics++_C23\Deepfakes\557_560.mp4,1,Deepfakes,c23,557_560
FaceForensics++,FaceForensics++__Deepfakes__558_583.mp4,data\raw\FaceForensics++_C23\Deepfakes\558_583.mp4,1,Deepfakes,c23,558_583
FaceForensics++,FaceForensics++__Deepfakes__561_998.mp4,data\raw\FaceForensics++_C23\Deepfakes\561_998.mp4,1,Deepfakes,c23,561_998
FaceForensics++,FaceForensics++__Deepfakes__562_626.mp4,data\raw\FaceForensics++_C23\Deepfakes\562_626.mp4,1,Deepfakes,c23,562_626
FaceForensics++,FaceForensics++__Deepfakes__563_537.mp4,data\raw\FaceForensics++_C23\Deepfakes\563_537.mp4,1,Deepfakes,c23,563_537
FaceForensics++,FaceForensics++__Deepfakes__565_589.mp4,data\raw\FaceForensics++_C23\Deepfakes\565_589.mp4,1,Deepfakes,c23,565_589
FaceForensics++,FaceForensics++__Deepfakes__566_617.mp4,data\raw\FaceForensics++_C23\Deepfakes\566_617.mp4,1,Deepfakes,c23,566_617
FaceForensics++,FaceForensics++__Deepfakes__568_628.mp4,data\raw\FaceForensics++_C23\Deepfakes\568_628.mp4,1,Deepfakes,c23,568_628
FaceForensics++,FaceForensics++__Deepfakes__569_921.mp4,data\raw\FaceForensics++_C23\Deepfakes\569_921.mp4,1,Deepfakes,c23,569_921
FaceForensics++,FaceForensics++__Deepfakes__571_746.mp4,data\raw\FaceForensics++_C23\Deepfakes\571_746.mp4,1,Deepfakes,c23,571_746
FaceForensics++,FaceForensics++__Deepfakes__572_554.mp4,data\raw\FaceForensics++_C23\Deepfakes\572_554.mp4,1,Deepfakes,c23,572_554
FaceForensics++,FaceForensics++__Deepfakes__573_757.mp4,data\raw\FaceForensics++_C23\Deepfakes\573_757.mp4,1,Deepfakes,c23,573_757
FaceForensics++,FaceForensics++__Deepfakes__574_547.mp4,data\raw\FaceForensics++_C23\Deepfakes\574_547.mp4,1,Deepfakes,c23,574_547
FaceForensics++,FaceForensics++__Deepfakes__575_603.mp4,data\raw\FaceForensics++_C23\Deepfakes\575_603.mp4,1,Deepfakes,c23,575_603
FaceForensics++,FaceForensics++__Deepfakes__576_155.mp4,data\raw\FaceForensics++_C23\Deepfakes\576_155.mp4,1,Deepfakes,c23,576_155
FaceForensics++,FaceForensics++__Deepfakes__577_593.mp4,data\raw\FaceForensics++_C23\Deepfakes\577_593.mp4,1,Deepfakes,c23,577_593
FaceForensics++,FaceForensics++__Deepfakes__578_636.mp4,data\raw\FaceForensics++_C23\Deepfakes\578_636.mp4,1,Deepfakes,c23,578_636
FaceForensics++,FaceForensics++__Deepfakes__579_701.mp4,data\raw\FaceForensics++_C23\Deepfakes\579_701.mp4,1,Deepfakes,c23,579_701
FaceForensics++,FaceForensics++__Deepfakes__581_697.mp4,data\raw\FaceForensics++_C23\Deepfakes\581_697.mp4,1,Deepfakes,c23,581_697
FaceForensics++,FaceForensics++__Deepfakes__582_172.mp4,data\raw\FaceForensics++_C23\Deepfakes\582_172.mp4,1,Deepfakes,c23,582_172
FaceForensics++,FaceForensics++__Deepfakes__584_823.mp4,data\raw\FaceForensics++_C23\Deepfakes\584_823.mp4,1,Deepfakes,c23,584_823
FaceForensics++,FaceForensics++__Deepfakes__585_599.mp4,data\raw\FaceForensics++_C23\Deepfakes\585_599.mp4,1,Deepfakes,c23,585_599
FaceForensics++,FaceForensics++__Deepfakes__586_223.mp4,data\raw\FaceForensics++_C23\Deepfakes\586_223.mp4,1,Deepfakes,c23,586_223
FaceForensics++,FaceForensics++__Deepfakes__588_556.mp4,data\raw\FaceForensics++_C23\Deepfakes\588_556.mp4,1,Deepfakes,c23,588_556
FaceForensics++,FaceForensics++__Deepfakes__589_565.mp4,data\raw\FaceForensics++_C23\Deepfakes\589_565.mp4,1,Deepfakes,c23,589_565
FaceForensics++,FaceForensics++__Deepfakes__591_605.mp4,data\raw\FaceForensics++_C23\Deepfakes\591_605.mp4,1,Deepfakes,c23,591_605
FaceForensics++,FaceForensics++__Deepfakes__592_500.mp4,data\raw\FaceForensics++_C23\Deepfakes\592_500.mp4,1,Deepfakes,c23,592_500
FaceForensics++,FaceForensics++__Deepfakes__594_530.mp4,data\raw\FaceForensics++_C23\Deepfakes\594_530.mp4,1,Deepfakes,c23,594_530
FaceForensics++,FaceForensics++__Deepfakes__595_597.mp4,data\raw\FaceForensics++_C23\Deepfakes\595_597.mp4,1,Deepfakes,c23,595_597
FaceForensics++,FaceForensics++__Deepfakes__596_609.mp4,data\raw\FaceForensics++_C23\Deepfakes\596_609.mp4,1,Deepfakes,c23,596_609
FaceForensics++,FaceForensics++__Deepfakes__597_595.mp4,data\raw\FaceForensics++_C23\Deepfakes\597_595.mp4,1,Deepfakes,c23,597_595
FaceForensics++,FaceForensics++__Deepfakes__598_178.mp4,data\raw\FaceForensics++_C23\Deepfakes\598_178.mp4,1,Deepfakes,c23,598_178
FaceForensics++,FaceForensics++__Deepfakes__600_505.mp4,data\raw\FaceForensics++_C23\Deepfakes\600_505.mp4,1,Deepfakes,c23,600_505
FaceForensics++,FaceForensics++__Deepfakes__601_653.mp4,data\raw\FaceForensics++_C23\Deepfakes\601_653.mp4,1,Deepfakes,c23,601_653
FaceForensics++,FaceForensics++__Deepfakes__605_591.mp4,data\raw\FaceForensics++_C23\Deepfakes\605_591.mp4,1,Deepfakes,c23,605_591
FaceForensics++,FaceForensics++__Deepfakes__606_567.mp4,data\raw\FaceForensics++_C23\Deepfakes\606_567.mp4,1,Deepfakes,c23,606_567
FaceForensics++,FaceForensics++__Deepfakes__607_683.mp4,data\raw\FaceForensics++_C23\Deepfakes\607_683.mp4,1,Deepfakes,c23,607_683
FaceForensics++,FaceForensics++__Deepfakes__608_675.mp4,data\raw\FaceForensics++_C23\Deepfakes\608_675.mp4,1,Deepfakes,c23,608_675
FaceForensics++,FaceForensics++__Deepfakes__609_596.mp4,data\raw\FaceForensics++_C23\Deepfakes\609_596.mp4,1,Deepfakes,c23,609_596
FaceForensics++,FaceForensics++__Deepfakes__610_692.mp4,data\raw\FaceForensics++_C23\Deepfakes\610_692.mp4,1,Deepfakes,c23,610_692
FaceForensics++,FaceForensics++__Deepfakes__611_760.mp4,data\raw\FaceForensics++_C23\Deepfakes\611_760.mp4,1,Deepfakes,c23,611_760
FaceForensics++,FaceForensics++__Deepfakes__613_685.mp4,data\raw\FaceForensics++_C23\Deepfakes\613_685.mp4,1,Deepfakes,c23,613_685
FaceForensics++,FaceForensics++__Deepfakes__614_616.mp4,data\raw\FaceForensics++_C23\Deepfakes\614_616.mp4,1,Deepfakes,c23,614_616
FaceForensics++,FaceForensics++__Deepfakes__615_687.mp4,data\raw\FaceForensics++_C23\Deepfakes\615_687.mp4,1,Deepfakes,c23,615_687
FaceForensics++,FaceForensics++__Deepfakes__617_566.mp4,data\raw\FaceForensics++_C23\Deepfakes\617_566.mp4,1,Deepfakes,c23,617_566
FaceForensics++,FaceForensics++__Deepfakes__618_629.mp4,data\raw\FaceForensics++_C23\Deepfakes\618_629.mp4,1,Deepfakes,c23,618_629
FaceForensics++,FaceForensics++__Deepfakes__619_620.mp4,data\raw\FaceForensics++_C23\Deepfakes\619_620.mp4,1,Deepfakes,c23,619_620
FaceForensics++,FaceForensics++__Deepfakes__620_619.mp4,data\raw\FaceForensics++_C23\Deepfakes\620_619.mp4,1,Deepfakes,c23,620_619
FaceForensics++,FaceForensics++__Deepfakes__621_546.mp4,data\raw\FaceForensics++_C23\Deepfakes\621_546.mp4,1,Deepfakes,c23,621_546
FaceForensics++,FaceForensics++__Deepfakes__622_647.mp4,data\raw\FaceForensics++_C23\Deepfakes\622_647.mp4,1,Deepfakes,c23,622_647
FaceForensics++,FaceForensics++__Deepfakes__623_630.mp4,data\raw\FaceForensics++_C23\Deepfakes\623_630.mp4,1,Deepfakes,c23,623_630
FaceForensics++,FaceForensics++__Deepfakes__624_570.mp4,data\raw\FaceForensics++_C23\Deepfakes\624_570.mp4,1,Deepfakes,c23,624_570
FaceForensics++,FaceForensics++__Deepfakes__626_562.mp4,data\raw\FaceForensics++_C23\Deepfakes\626_562.mp4,1,Deepfakes,c23,626_562
FaceForensics++,FaceForensics++__Deepfakes__627_658.mp4,data\raw\FaceForensics++_C23\Deepfakes\627_658.mp4,1,Deepfakes,c23,627_658
FaceForensics++,FaceForensics++__Deepfakes__628_568.mp4,data\raw\FaceForensics++_C23\Deepfakes\628_568.mp4,1,Deepfakes,c23,628_568
FaceForensics++,FaceForensics++__Deepfakes__632_548.mp4,data\raw\FaceForensics++_C23\Deepfakes\632_548.mp4,1,Deepfakes,c23,632_548
FaceForensics++,FaceForensics++__Deepfakes__633_529.mp4,data\raw\FaceForensics++_C23\Deepfakes\633_529.mp4,1,Deepfakes,c23,633_529
FaceForensics++,FaceForensics++__Deepfakes__634_660.mp4,data\raw\FaceForensics++_C23\Deepfakes\634_660.mp4,1,Deepfakes,c23,634_660
FaceForensics++,FaceForensics++__Deepfakes__636_578.mp4,data\raw\FaceForensics++_C23\Deepfakes\636_578.mp4,1,Deepfakes,c23,636_578
FaceForensics++,FaceForensics++__Deepfakes__637_427.mp4,data\raw\FaceForensics++_C23\Deepfakes\637_427.mp4,1,Deepfakes,c23,637_427
FaceForensics++,FaceForensics++__Deepfakes__638_640.mp4,data\raw\FaceForensics++_C23\Deepfakes\638_640.mp4,1,Deepfakes,c23,638_640
FaceForensics++,FaceForensics++__Deepfakes__639_841.mp4,data\raw\FaceForensics++_C23\Deepfakes\639_841.mp4,1,Deepfakes,c23,639_841
FaceForensics++,FaceForensics++__Deepfakes__642_635.mp4,data\raw\FaceForensics++_C23\Deepfakes\642_635.mp4,1,Deepfakes,c23,642_635
FaceForensics++,FaceForensics++__Deepfakes__643_646.mp4,data\raw\FaceForensics++_C23\Deepfakes\643_646.mp4,1,Deepfakes,c23,643_646
FaceForensics++,FaceForensics++__Deepfakes__645_688.mp4,data\raw\FaceForensics++_C23\Deepfakes\645_688.mp4,1,Deepfakes,c23,645_688
FaceForensics++,FaceForensics++__Deepfakes__647_622.mp4,data\raw\FaceForensics++_C23\Deepfakes\647_622.mp4,1,Deepfakes,c23,647_622
FaceForensics++,FaceForensics++__Deepfakes__650_625.mp4,data\raw\FaceForensics++_C23\Deepfakes\650_625.mp4,1,Deepfakes,c23,650_625
FaceForensics++,FaceForensics++__Deepfakes__651_835.mp4,data\raw\FaceForensics++_C23\Deepfakes\651_835.mp4,1,Deepfakes,c23,651_835
FaceForensics++,FaceForensics++__Deepfakes__652_773.mp4,data\raw\FaceForensics++_C23\Deepfakes\652_773.mp4,1,Deepfakes,c23,652_773
FaceForensics++,FaceForensics++__Deepfakes__653_601.mp4,data\raw\FaceForensics++_C23\Deepfakes\653_601.mp4,1,Deepfakes,c23,653_601
FaceForensics++,FaceForensics++__Deepfakes__654_648.mp4,data\raw\FaceForensics++_C23\Deepfakes\654_648.mp4,1,Deepfakes,c23,654_648
FaceForensics++,FaceForensics++__Deepfakes__655_444.mp4,data\raw\FaceForensics++_C23\Deepfakes\655_444.mp4,1,Deepfakes,c23,655_444
FaceForensics++,FaceForensics++__Deepfakes__656_666.mp4,data\raw\FaceForensics++_C23\Deepfakes\656_666.mp4,1,Deepfakes,c23,656_666
FaceForensics++,FaceForensics++__Deepfakes__658_627.mp4,data\raw\FaceForensics++_C23\Deepfakes\658_627.mp4,1,Deepfakes,c23,658_627
FaceForensics++,FaceForensics++__Deepfakes__659_749.mp4,data\raw\FaceForensics++_C23\Deepfakes\659_749.mp4,1,Deepfakes,c23,659_749
FaceForensics++,FaceForensics++__Deepfakes__660_634.mp4,data\raw\FaceForensics++_C23\Deepfakes\660_634.mp4,1,Deepfakes,c23,660_634
FaceForensics++,FaceForensics++__Deepfakes__662_641.mp4,data\raw\FaceForensics++_C23\Deepfakes\662_641.mp4,1,Deepfakes,c23,662_641
FaceForensics++,FaceForensics++__Deepfakes__663_231.mp4,data\raw\FaceForensics++_C23\Deepfakes\663_231.mp4,1,Deepfakes,c23,663_231
FaceForensics++,FaceForensics++__Deepfakes__664_668.mp4,data\raw\FaceForensics++_C23\Deepfakes\664_668.mp4,1,Deepfakes,c23,664_668
FaceForensics++,FaceForensics++__Deepfakes__667_446.mp4,data\raw\FaceForensics++_C23\Deepfakes\667_446.mp4,1,Deepfakes,c23,667_446
FaceForensics++,FaceForensics++__Deepfakes__668_664.mp4,data\raw\FaceForensics++_C23\Deepfakes\668_664.mp4,1,Deepfakes,c23,668_664
FaceForensics++,FaceForensics++__Deepfakes__669_682.mp4,data\raw\FaceForensics++_C23\Deepfakes\669_682.mp4,1,Deepfakes,c23,669_682
FaceForensics++,FaceForensics++__Deepfakes__670_661.mp4,data\raw\FaceForensics++_C23\Deepfakes\670_661.mp4,1,Deepfakes,c23,670_661
FaceForensics++,FaceForensics++__Deepfakes__671_677.mp4,data\raw\FaceForensics++_C23\Deepfakes\671_677.mp4,1,Deepfakes,c23,671_677
FaceForensics++,FaceForensics++__Deepfakes__672_720.mp4,data\raw\FaceForensics++_C23\Deepfakes\672_720.mp4,1,Deepfakes,c23,672_720
FaceForensics++,FaceForensics++__Deepfakes__673_728.mp4,data\raw\FaceForensics++_C23\Deepfakes\673_728.mp4,1,Deepfakes,c23,673_728
FaceForensics++,FaceForensics++__Deepfakes__674_744.mp4,data\raw\FaceForensics++_C23\Deepfakes\674_744.mp4,1,Deepfakes,c23,674_744
FaceForensics++,FaceForensics++__Deepfakes__675_608.mp4,data\raw\FaceForensics++_C23\Deepfakes\675_608.mp4,1,Deepfakes,c23,675_608
FaceForensics++,FaceForensics++__Deepfakes__676_776.mp4,data\raw\FaceForensics++_C23\Deepfakes\676_776.mp4,1,Deepfakes,c23,676_776
FaceForensics++,FaceForensics++__Deepfakes__677_671.mp4,data\raw\FaceForensics++_C23\Deepfakes\677_671.mp4,1,Deepfakes,c23,677_671
FaceForensics++,FaceForensics++__Deepfakes__679_665.mp4,data\raw\FaceForensics++_C23\Deepfakes\679_665.mp4,1,Deepfakes,c23,679_665
FaceForensics++,FaceForensics++__Deepfakes__681_711.mp4,data\raw\FaceForensics++_C23\Deepfakes\681_711.mp4,1,Deepfakes,c23,681_711
FaceForensics++,FaceForensics++__Deepfakes__682_669.mp4,data\raw\FaceForensics++_C23\Deepfakes\682_669.mp4,1,Deepfakes,c23,682_669
FaceForensics++,FaceForensics++__Deepfakes__683_607.mp4,data\raw\FaceForensics++_C23\Deepfakes\683_607.mp4,1,Deepfakes,c23,683_607
FaceForensics++,FaceForensics++__Deepfakes__684_717.mp4,data\raw\FaceForensics++_C23\Deepfakes\684_717.mp4,1,Deepfakes,c23,684_717
FaceForensics++,FaceForensics++__Deepfakes__686_696.mp4,data\raw\FaceForensics++_C23\Deepfakes\686_696.mp4,1,Deepfakes,c23,686_696
FaceForensics++,FaceForensics++__Deepfakes__688_645.mp4,data\raw\FaceForensics++_C23\Deepfakes\688_645.mp4,1,Deepfakes,c23,688_645
FaceForensics++,FaceForensics++__Deepfakes__689_690.mp4,data\raw\FaceForensics++_C23\Deepfakes\689_690.mp4,1,Deepfakes,c23,689_690
FaceForensics++,FaceForensics++__Deepfakes__690_689.mp4,data\raw\FaceForensics++_C23\Deepfakes\690_689.mp4,1,Deepfakes,c23,690_689
FaceForensics++,FaceForensics++__Deepfakes__691_732.mp4,data\raw\FaceForensics++_C23\Deepfakes\691_732.mp4,1,Deepfakes,c23,691_732
FaceForensics++,FaceForensics++__Deepfakes__693_698.mp4,data\raw\FaceForensics++_C23\Deepfakes\693_698.mp4,1,Deepfakes,c23,693_698
FaceForensics++,FaceForensics++__Deepfakes__694_767.mp4,data\raw\FaceForensics++_C23\Deepfakes\694_767.mp4,1,Deepfakes,c23,694_767
FaceForensics++,FaceForensics++__Deepfakes__695_422.mp4,data\raw\FaceForensics++_C23\Deepfakes\695_422.mp4,1,Deepfakes,c23,695_422
FaceForensics++,FaceForensics++__Deepfakes__696_686.mp4,data\raw\FaceForensics++_C23\Deepfakes\696_686.mp4,1,Deepfakes,c23,696_686
FaceForensics++,FaceForensics++__Deepfakes__697_581.mp4,data\raw\FaceForensics++_C23\Deepfakes\697_581.mp4,1,Deepfakes,c23,697_581
FaceForensics++,FaceForensics++__Deepfakes__698_693.mp4,data\raw\FaceForensics++_C23\Deepfakes\698_693.mp4,1,Deepfakes,c23,698_693
FaceForensics++,FaceForensics++__Deepfakes__699_734.mp4,data\raw\FaceForensics++_C23\Deepfakes\699_734.mp4,1,Deepfakes,c23,699_734
FaceForensics++,FaceForensics++__Deepfakes__700_813.mp4,data\raw\FaceForensics++_C23\Deepfakes\700_813.mp4,1,Deepfakes,c23,700_813
FaceForensics++,FaceForensics++__Deepfakes__701_579.mp4,data\raw\FaceForensics++_C23\Deepfakes\701_579.mp4,1,Deepfakes,c23,701_579
FaceForensics++,FaceForensics++__Deepfakes__702_612.mp4,data\raw\FaceForensics++_C23\Deepfakes\702_612.mp4,1,Deepfakes,c23,702_612
FaceForensics++,FaceForensics++__Deepfakes__703_604.mp4,data\raw\FaceForensics++_C23\Deepfakes\703_604.mp4,1,Deepfakes,c23,703_604
FaceForensics++,FaceForensics++__Deepfakes__705_707.mp4,data\raw\FaceForensics++_C23\Deepfakes\705_707.mp4,1,Deepfakes,c23,705_707
FaceForensics++,FaceForensics++__Deepfakes__707_705.mp4,data\raw\FaceForensics++_C23\Deepfakes\707_705.mp4,1,Deepfakes,c23,707_705
FaceForensics++,FaceForensics++__Deepfakes__708_772.mp4,data\raw\FaceForensics++_C23\Deepfakes\708_772.mp4,1,Deepfakes,c23,708_772
FaceForensics++,FaceForensics++__Deepfakes__709_390.mp4,data\raw\FaceForensics++_C23\Deepfakes\709_390.mp4,1,Deepfakes,c23,709_390
FaceForensics++,FaceForensics++__Deepfakes__710_788.mp4,data\raw\FaceForensics++_C23\Deepfakes\710_788.mp4,1,Deepfakes,c23,710_788
FaceForensics++,FaceForensics++__Deepfakes__711_681.mp4,data\raw\FaceForensics++_C23\Deepfakes\711_681.mp4,1,Deepfakes,c23,711_681
FaceForensics++,FaceForensics++__Deepfakes__712_716.mp4,data\raw\FaceForensics++_C23\Deepfakes\712_716.mp4,1,Deepfakes,c23,712_716
FaceForensics++,FaceForensics++__Deepfakes__713_726.mp4,data\raw\FaceForensics++_C23\Deepfakes\713_726.mp4,1,Deepfakes,c23,713_726
FaceForensics++,FaceForensics++__Deepfakes__714_842.mp4,data\raw\FaceForensics++_C23\Deepfakes\714_842.mp4,1,Deepfakes,c23,714_842
FaceForensics++,FaceForensics++__Deepfakes__715_721.mp4,data\raw\FaceForensics++_C23\Deepfakes\715_721.mp4,1,Deepfakes,c23,715_721
FaceForensics++,FaceForensics++__Deepfakes__716_712.mp4,data\raw\FaceForensics++_C23\Deepfakes\716_712.mp4,1,Deepfakes,c23,716_712
FaceForensics++,FaceForensics++__Deepfakes__719_737.mp4,data\raw\FaceForensics++_C23\Deepfakes\719_737.mp4,1,Deepfakes,c23,719_737
FaceForensics++,FaceForensics++__Deepfakes__720_672.mp4,data\raw\FaceForensics++_C23\Deepfakes\720_672.mp4,1,Deepfakes,c23,720_672
FaceForensics++,FaceForensics++__Deepfakes__722_458.mp4,data\raw\FaceForensics++_C23\Deepfakes\722_458.mp4,1,Deepfakes,c23,722_458
FaceForensics++,FaceForensics++__Deepfakes__723_704.mp4,data\raw\FaceForensics++_C23\Deepfakes\723_704.mp4,1,Deepfakes,c23,723_704
FaceForensics++,FaceForensics++__Deepfakes__724_725.mp4,data\raw\FaceForensics++_C23\Deepfakes\724_725.mp4,1,Deepfakes,c23,724_725
FaceForensics++,FaceForensics++__Deepfakes__725_724.mp4,data\raw\FaceForensics++_C23\Deepfakes\725_724.mp4,1,Deepfakes,c23,725_724
FaceForensics++,FaceForensics++__Deepfakes__727_729.mp4,data\raw\FaceForensics++_C23\Deepfakes\727_729.mp4,1,Deepfakes,c23,727_729
FaceForensics++,FaceForensics++__Deepfakes__728_673.mp4,data\raw\FaceForensics++_C23\Deepfakes\728_673.mp4,1,Deepfakes,c23,728_673
FaceForensics++,FaceForensics++__Deepfakes__729_727.mp4,data\raw\FaceForensics++_C23\Deepfakes\729_727.mp4,1,Deepfakes,c23,729_727
FaceForensics++,FaceForensics++__Deepfakes__730_815.mp4,data\raw\FaceForensics++_C23\Deepfakes\730_815.mp4,1,Deepfakes,c23,730_815
FaceForensics++,FaceForensics++__Deepfakes__731_741.mp4,data\raw\FaceForensics++_C23\Deepfakes\731_741.mp4,1,Deepfakes,c23,731_741
FaceForensics++,FaceForensics++__Deepfakes__733_935.mp4,data\raw\FaceForensics++_C23\Deepfakes\733_935.mp4,1,Deepfakes,c23,733_935
FaceForensics++,FaceForensics++__Deepfakes__734_699.mp4,data\raw\FaceForensics++_C23\Deepfakes\734_699.mp4,1,Deepfakes,c23,734_699
FaceForensics++,FaceForensics++__Deepfakes__735_774.mp4,data\raw\FaceForensics++_C23\Deepfakes\735_774.mp4,1,Deepfakes,c23,735_774
FaceForensics++,FaceForensics++__Deepfakes__736_785.mp4,data\raw\FaceForensics++_C23\Deepfakes\736_785.mp4,1,Deepfakes,c23,736_785
FaceForensics++,FaceForensics++__Deepfakes__737_719.mp4,data\raw\FaceForensics++_C23\Deepfakes\737_719.mp4,1,Deepfakes,c23,737_719
FaceForensics++,FaceForensics++__Deepfakes__739_865.mp4,data\raw\FaceForensics++_C23\Deepfakes\739_865.mp4,1,Deepfakes,c23,739_865
FaceForensics++,FaceForensics++__Deepfakes__740_796.mp4,data\raw\FaceForensics++_C23\Deepfakes\740_796.mp4,1,Deepfakes,c23,740_796
FaceForensics++,FaceForensics++__Deepfakes__742_775.mp4,data\raw\FaceForensics++_C23\Deepfakes\742_775.mp4,1,Deepfakes,c23,742_775
FaceForensics++,FaceForensics++__Deepfakes__743_750.mp4,data\raw\FaceForensics++_C23\Deepfakes\743_750.mp4,1,Deepfakes,c23,743_750
FaceForensics++,FaceForensics++__Deepfakes__744_674.mp4,data\raw\FaceForensics++_C23\Deepfakes\744_674.mp4,1,Deepfakes,c23,744_674
FaceForensics++,FaceForensics++__Deepfakes__745_777.mp4,data\raw\FaceForensics++_C23\Deepfakes\745_777.mp4,1,Deepfakes,c23,745_777
FaceForensics++,FaceForensics++__Deepfakes__746_571.mp4,data\raw\FaceForensics++_C23\Deepfakes\746_571.mp4,1,Deepfakes,c23,746_571
FaceForensics++,FaceForensics++__Deepfakes__748_355.mp4,data\raw\FaceForensics++_C23\Deepfakes\748_355.mp4,1,Deepfakes,c23,748_355
FaceForensics++,FaceForensics++__Deepfakes__749_659.mp4,data\raw\FaceForensics++_C23\Deepfakes\749_659.mp4,1,Deepfakes,c23,749_659
FaceForensics++,FaceForensics++__Deepfakes__750_743.mp4,data\raw\FaceForensics++_C23\Deepfakes\750_743.mp4,1,Deepfakes,c23,750_743
FaceForensics++,FaceForensics++__Deepfakes__751_752.mp4,data\raw\FaceForensics++_C23\Deepfakes\751_752.mp4,1,Deepfakes,c23,751_752
FaceForensics++,FaceForensics++__Deepfakes__753_789.mp4,data\raw\FaceForensics++_C23\Deepfakes\753_789.mp4,1,Deepfakes,c23,753_789
FaceForensics++,FaceForensics++__Deepfakes__754_758.mp4,data\raw\FaceForensics++_C23\Deepfakes\754_758.mp4,1,Deepfakes,c23,754_758
FaceForensics++,FaceForensics++__Deepfakes__755_759.mp4,data\raw\FaceForensics++_C23\Deepfakes\755_759.mp4,1,Deepfakes,c23,755_759
FaceForensics++,FaceForensics++__Deepfakes__756_503.mp4,data\raw\FaceForensics++_C23\Deepfakes\756_503.mp4,1,Deepfakes,c23,756_503
FaceForensics++,FaceForensics++__Deepfakes__757_573.mp4,data\raw\FaceForensics++_C23\Deepfakes\757_573.mp4,1,Deepfakes,c23,757_573
FaceForensics++,FaceForensics++__Deepfakes__758_754.mp4,data\raw\FaceForensics++_C23\Deepfakes\758_754.mp4,1,Deepfakes,c23,758_754
FaceForensics++,FaceForensics++__Deepfakes__759_755.mp4,data\raw\FaceForensics++_C23\Deepfakes\759_755.mp4,1,Deepfakes,c23,759_755
FaceForensics++,FaceForensics++__Deepfakes__760_611.mp4,data\raw\FaceForensics++_C23\Deepfakes\760_611.mp4,1,Deepfakes,c23,760_611
FaceForensics++,FaceForensics++__Deepfakes__761_766.mp4,data\raw\FaceForensics++_C23\Deepfakes\761_766.mp4,1,Deepfakes,c23,761_766
FaceForensics++,FaceForensics++__Deepfakes__762_832.mp4,data\raw\FaceForensics++_C23\Deepfakes\762_832.mp4,1,Deepfakes,c23,762_832
FaceForensics++,FaceForensics++__Deepfakes__763_930.mp4,data\raw\FaceForensics++_C23\Deepfakes\763_930.mp4,1,Deepfakes,c23,763_930
FaceForensics++,FaceForensics++__Deepfakes__764_850.mp4,data\raw\FaceForensics++_C23\Deepfakes\764_850.mp4,1,Deepfakes,c23,764_850
FaceForensics++,FaceForensics++__Deepfakes__765_867.mp4,data\raw\FaceForensics++_C23\Deepfakes\765_867.mp4,1,Deepfakes,c23,765_867
FaceForensics++,FaceForensics++__Deepfakes__767_694.mp4,data\raw\FaceForensics++_C23\Deepfakes\767_694.mp4,1,Deepfakes,c23,767_694
FaceForensics++,FaceForensics++__Deepfakes__768_793.mp4,data\raw\FaceForensics++_C23\Deepfakes\768_793.mp4,1,Deepfakes,c23,768_793
FaceForensics++,FaceForensics++__Deepfakes__769_784.mp4,data\raw\FaceForensics++_C23\Deepfakes\769_784.mp4,1,Deepfakes,c23,769_784
FaceForensics++,FaceForensics++__Deepfakes__770_791.mp4,data\raw\FaceForensics++_C23\Deepfakes\770_791.mp4,1,Deepfakes,c23,770_791
FaceForensics++,FaceForensics++__Deepfakes__771_849.mp4,data\raw\FaceForensics++_C23\Deepfakes\771_849.mp4,1,Deepfakes,c23,771_849
FaceForensics++,FaceForensics++__Deepfakes__772_708.mp4,data\raw\FaceForensics++_C23\Deepfakes\772_708.mp4,1,Deepfakes,c23,772_708
FaceForensics++,FaceForensics++__Deepfakes__773_652.mp4,data\raw\FaceForensics++_C23\Deepfakes\773_652.mp4,1,Deepfakes,c23,773_652
FaceForensics++,FaceForensics++__Deepfakes__774_735.mp4,data\raw\FaceForensics++_C23\Deepfakes\774_735.mp4,1,Deepfakes,c23,774_735
FaceForensics++,FaceForensics++__Deepfakes__775_742.mp4,data\raw\FaceForensics++_C23\Deepfakes\775_742.mp4,1,Deepfakes,c23,775_742
FaceForensics++,FaceForensics++__Deepfakes__776_676.mp4,data\raw\FaceForensics++_C23\Deepfakes\776_676.mp4,1,Deepfakes,c23,776_676
FaceForensics++,FaceForensics++__Deepfakes__777_745.mp4,data\raw\FaceForensics++_C23\Deepfakes\777_745.mp4,1,Deepfakes,c23,777_745
FaceForensics++,FaceForensics++__Deepfakes__778_798.mp4,data\raw\FaceForensics++_C23\Deepfakes\778_798.mp4,1,Deepfakes,c23,778_798
FaceForensics++,FaceForensics++__Deepfakes__779_794.mp4,data\raw\FaceForensics++_C23\Deepfakes\779_794.mp4,1,Deepfakes,c23,779_794
FaceForensics++,FaceForensics++__Deepfakes__781_806.mp4,data\raw\FaceForensics++_C23\Deepfakes\781_806.mp4,1,Deepfakes,c23,781_806
FaceForensics++,FaceForensics++__Deepfakes__782_787.mp4,data\raw\FaceForensics++_C23\Deepfakes\782_787.mp4,1,Deepfakes,c23,782_787
FaceForensics++,FaceForensics++__Deepfakes__783_916.mp4,data\raw\FaceForensics++_C23\Deepfakes\783_916.mp4,1,Deepfakes,c23,783_916
FaceForensics++,FaceForensics++__Deepfakes__784_769.mp4,data\raw\FaceForensics++_C23\Deepfakes\784_769.mp4,1,Deepfakes,c23,784_769
FaceForensics++,FaceForensics++__Deepfakes__785_736.mp4,data\raw\FaceForensics++_C23\Deepfakes\785_736.mp4,1,Deepfakes,c23,785_736
FaceForensics++,FaceForensics++__Deepfakes__786_819.mp4,data\raw\FaceForensics++_C23\Deepfakes\786_819.mp4,1,Deepfakes,c23,786_819
FaceForensics++,FaceForensics++__Deepfakes__788_710.mp4,data\raw\FaceForensics++_C23\Deepfakes\788_710.mp4,1,Deepfakes,c23,788_710
FaceForensics++,FaceForensics++__Deepfakes__789_753.mp4,data\raw\FaceForensics++_C23\Deepfakes\789_753.mp4,1,Deepfakes,c23,789_753
FaceForensics++,FaceForensics++__Deepfakes__790_014.mp4,data\raw\FaceForensics++_C23\Deepfakes\790_014.mp4,1,Deepfakes,c23,790_014
FaceForensics++,FaceForensics++__Deepfakes__791_770.mp4,data\raw\FaceForensics++_C23\Deepfakes\791_770.mp4,1,Deepfakes,c23,791_770
FaceForensics++,FaceForensics++__Deepfakes__792_903.mp4,data\raw\FaceForensics++_C23\Deepfakes\792_903.mp4,1,Deepfakes,c23,792_903
FaceForensics++,FaceForensics++__Deepfakes__793_768.mp4,data\raw\FaceForensics++_C23\Deepfakes\793_768.mp4,1,Deepfakes,c23,793_768
FaceForensics++,FaceForensics++__Deepfakes__795_907.mp4,data\raw\FaceForensics++_C23\Deepfakes\795_907.mp4,1,Deepfakes,c23,795_907
FaceForensics++,FaceForensics++__Deepfakes__796_740.mp4,data\raw\FaceForensics++_C23\Deepfakes\796_740.mp4,1,Deepfakes,c23,796_740
FaceForensics++,FaceForensics++__Deepfakes__797_844.mp4,data\raw\FaceForensics++_C23\Deepfakes\797_844.mp4,1,Deepfakes,c23,797_844
FaceForensics++,FaceForensics++__Deepfakes__799_809.mp4,data\raw\FaceForensics++_C23\Deepfakes\799_809.mp4,1,Deepfakes,c23,799_809
FaceForensics++,FaceForensics++__Deepfakes__800_840.mp4,data\raw\FaceForensics++_C23\Deepfakes\800_840.mp4,1,Deepfakes,c23,800_840
FaceForensics++,FaceForensics++__Deepfakes__802_885.mp4,data\raw\FaceForensics++_C23\Deepfakes\802_885.mp4,1,Deepfakes,c23,802_885
FaceForensics++,FaceForensics++__Deepfakes__803_017.mp4,data\raw\FaceForensics++_C23\Deepfakes\803_017.mp4,1,Deepfakes,c23,803_017
FaceForensics++,FaceForensics++__Deepfakes__804_738.mp4,data\raw\FaceForensics++_C23\Deepfakes\804_738.mp4,1,Deepfakes,c23,804_738
FaceForensics++,FaceForensics++__Deepfakes__805_011.mp4,data\raw\FaceForensics++_C23\Deepfakes\805_011.mp4,1,Deepfakes,c23,805_011
FaceForensics++,FaceForensics++__Deepfakes__806_781.mp4,data\raw\FaceForensics++_C23\Deepfakes\806_781.mp4,1,Deepfakes,c23,806_781
FaceForensics++,FaceForensics++__Deepfakes__807_273.mp4,data\raw\FaceForensics++_C23\Deepfakes\807_273.mp4,1,Deepfakes,c23,807_273
FaceForensics++,FaceForensics++__Deepfakes__811_920.mp4,data\raw\FaceForensics++_C23\Deepfakes\811_920.mp4,1,Deepfakes,c23,811_920
FaceForensics++,FaceForensics++__Deepfakes__813_700.mp4,data\raw\FaceForensics++_C23\Deepfakes\813_700.mp4,1,Deepfakes,c23,813_700
FaceForensics++,FaceForensics++__Deepfakes__814_871.mp4,data\raw\FaceForensics++_C23\Deepfakes\814_871.mp4,1,Deepfakes,c23,814_871
FaceForensics++,FaceForensics++__Deepfakes__815_730.mp4,data\raw\FaceForensics++_C23\Deepfakes\815_730.mp4,1,Deepfakes,c23,815_730
FaceForensics++,FaceForensics++__Deepfakes__817_827.mp4,data\raw\FaceForensics++_C23\Deepfakes\817_827.mp4,1,Deepfakes,c23,817_827
FaceForensics++,FaceForensics++__Deepfakes__818_820.mp4,data\raw\FaceForensics++_C23\Deepfakes\818_820.mp4,1,Deepfakes,c23,818_820
FaceForensics++,FaceForensics++__Deepfakes__819_786.mp4,data\raw\FaceForensics++_C23\Deepfakes\819_786.mp4,1,Deepfakes,c23,819_786
FaceForensics++,FaceForensics++__Deepfakes__820_818.mp4,data\raw\FaceForensics++_C23\Deepfakes\820_818.mp4,1,Deepfakes,c23,820_818
FaceForensics++,FaceForensics++__Deepfakes__822_244.mp4,data\raw\FaceForensics++_C23\Deepfakes\822_244.mp4,1,Deepfakes,c23,822_244
FaceForensics++,FaceForensics++__Deepfakes__823_584.mp4,data\raw\FaceForensics++_C23\Deepfakes\823_584.mp4,1,Deepfakes,c23,823_584
FaceForensics++,FaceForensics++__Deepfakes__824_419.mp4,data\raw\FaceForensics++_C23\Deepfakes\824_419.mp4,1,Deepfakes,c23,824_419
FaceForensics++,FaceForensics++__Deepfakes__825_074.mp4,data\raw\FaceForensics++_C23\Deepfakes\825_074.mp4,1,Deepfakes,c23,825_074
FaceForensics++,FaceForensics++__Deepfakes__826_833.mp4,data\raw\FaceForensics++_C23\Deepfakes\826_833.mp4,1,Deepfakes,c23,826_833
FaceForensics++,FaceForensics++__Deepfakes__828_830.mp4,data\raw\FaceForensics++_C23\Deepfakes\828_830.mp4,1,Deepfakes,c23,828_830
FaceForensics++,FaceForensics++__Deepfakes__829_808.mp4,data\raw\FaceForensics++_C23\Deepfakes\829_808.mp4,1,Deepfakes,c23,829_808
FaceForensics++,FaceForensics++__Deepfakes__831_508.mp4,data\raw\FaceForensics++_C23\Deepfakes\831_508.mp4,1,Deepfakes,c23,831_508
FaceForensics++,FaceForensics++__Deepfakes__832_762.mp4,data\raw\FaceForensics++_C23\Deepfakes\832_762.mp4,1,Deepfakes,c23,832_762
FaceForensics++,FaceForensics++__Deepfakes__833_826.mp4,data\raw\FaceForensics++_C23\Deepfakes\833_826.mp4,1,Deepfakes,c23,833_826
FaceForensics++,FaceForensics++__Deepfakes__834_852.mp4,data\raw\FaceForensics++_C23\Deepfakes\834_852.mp4,1,Deepfakes,c23,834_852
FaceForensics++,FaceForensics++__Deepfakes__836_950.mp4,data\raw\FaceForensics++_C23\Deepfakes\836_950.mp4,1,Deepfakes,c23,836_950
FaceForensics++,FaceForensics++__Deepfakes__837_890.mp4,data\raw\FaceForensics++_C23\Deepfakes\837_890.mp4,1,Deepfakes,c23,837_890
FaceForensics++,FaceForensics++__Deepfakes__838_810.mp4,data\raw\FaceForensics++_C23\Deepfakes\838_810.mp4,1,Deepfakes,c23,838_810
FaceForensics++,FaceForensics++__Deepfakes__839_864.mp4,data\raw\FaceForensics++_C23\Deepfakes\839_864.mp4,1,Deepfakes,c23,839_864
FaceForensics++,FaceForensics++__Deepfakes__840_800.mp4,data\raw\FaceForensics++_C23\Deepfakes\840_800.mp4,1,Deepfakes,c23,840_800
FaceForensics++,FaceForensics++__Deepfakes__841_639.mp4,data\raw\FaceForensics++_C23\Deepfakes\841_639.mp4,1,Deepfakes,c23,841_639
FaceForensics++,FaceForensics++__Deepfakes__842_714.mp4,data\raw\FaceForensics++_C23\Deepfakes\842_714.mp4,1,Deepfakes,c23,842_714
FaceForensics++,FaceForensics++__Deepfakes__843_859.mp4,data\raw\FaceForensics++_C23\Deepfakes\843_859.mp4,1,Deepfakes,c23,843_859
FaceForensics++,FaceForensics++__Deepfakes__844_797.mp4,data\raw\FaceForensics++_C23\Deepfakes\844_797.mp4,1,Deepfakes,c23,844_797
FaceForensics++,FaceForensics++__Deepfakes__845_846.mp4,data\raw\FaceForensics++_C23\Deepfakes\845_846.mp4,1,Deepfakes,c23,845_846
FaceForensics++,FaceForensics++__Deepfakes__846_845.mp4,data\raw\FaceForensics++_C23\Deepfakes\846_845.mp4,1,Deepfakes,c23,846_845
FaceForensics++,FaceForensics++__Deepfakes__847_906.mp4,data\raw\FaceForensics++_C23\Deepfakes\847_906.mp4,1,Deepfakes,c23,847_906
FaceForensics++,FaceForensics++__Deepfakes__848_894.mp4,data\raw\FaceForensics++_C23\Deepfakes\848_894.mp4,1,Deepfakes,c23,848_894
FaceForensics++,FaceForensics++__Deepfakes__851_552.mp4,data\raw\FaceForensics++_C23\Deepfakes\851_552.mp4,1,Deepfakes,c23,851_552
FaceForensics++,FaceForensics++__Deepfakes__853_863.mp4,data\raw\FaceForensics++_C23\Deepfakes\853_863.mp4,1,Deepfakes,c23,853_863
FaceForensics++,FaceForensics++__Deepfakes__854_747.mp4,data\raw\FaceForensics++_C23\Deepfakes\854_747.mp4,1,Deepfakes,c23,854_747
FaceForensics++,FaceForensics++__Deepfakes__856_881.mp4,data\raw\FaceForensics++_C23\Deepfakes\856_881.mp4,1,Deepfakes,c23,856_881
FaceForensics++,FaceForensics++__Deepfakes__857_909.mp4,data\raw\FaceForensics++_C23\Deepfakes\857_909.mp4,1,Deepfakes,c23,857_909
FaceForensics++,FaceForensics++__Deepfakes__858_861.mp4,data\raw\FaceForensics++_C23\Deepfakes\858_861.mp4,1,Deepfakes,c23,858_861
FaceForensics++,FaceForensics++__Deepfakes__860_905.mp4,data\raw\FaceForensics++_C23\Deepfakes\860_905.mp4,1,Deepfakes,c23,860_905
FaceForensics++,FaceForensics++__Deepfakes__861_858.mp4,data\raw\FaceForensics++_C23\Deepfakes\861_858.mp4,1,Deepfakes,c23,861_858
FaceForensics++,FaceForensics++__Deepfakes__862_047.mp4,data\raw\FaceForensics++_C23\Deepfakes\862_047.mp4,1,Deepfakes,c23,862_047
FaceForensics++,FaceForensics++__Deepfakes__864_839.mp4,data\raw\FaceForensics++_C23\Deepfakes\864_839.mp4,1,Deepfakes,c23,864_839
FaceForensics++,FaceForensics++__Deepfakes__865_739.mp4,data\raw\FaceForensics++_C23\Deepfakes\865_739.mp4,1,Deepfakes,c23,865_739
FaceForensics++,FaceForensics++__Deepfakes__866_878.mp4,data\raw\FaceForensics++_C23\Deepfakes\866_878.mp4,1,Deepfakes,c23,866_878
FaceForensics++,FaceForensics++__Deepfakes__867_765.mp4,data\raw\FaceForensics++_C23\Deepfakes\867_765.mp4,1,Deepfakes,c23,867_765
FaceForensics++,FaceForensics++__Deepfakes__868_949.mp4,data\raw\FaceForensics++_C23\Deepfakes\868_949.mp4,1,Deepfakes,c23,868_949
FaceForensics++,FaceForensics++__Deepfakes__869_780.mp4,data\raw\FaceForensics++_C23\Deepfakes\869_780.mp4,1,Deepfakes,c23,869_780
FaceForensics++,FaceForensics++__Deepfakes__871_814.mp4,data\raw\FaceForensics++_C23\Deepfakes\871_814.mp4,1,Deepfakes,c23,871_814
FaceForensics++,FaceForensics++__Deepfakes__874_291.mp4,data\raw\FaceForensics++_C23\Deepfakes\874_291.mp4,1,Deepfakes,c23,874_291
FaceForensics++,FaceForensics++__Deepfakes__876_891.mp4,data\raw\FaceForensics++_C23\Deepfakes\876_891.mp4,1,Deepfakes,c23,876_891
FaceForensics++,FaceForensics++__Deepfakes__877_886.mp4,data\raw\FaceForensics++_C23\Deepfakes\877_886.mp4,1,Deepfakes,c23,877_886
FaceForensics++,FaceForensics++__Deepfakes__878_866.mp4,data\raw\FaceForensics++_C23\Deepfakes\878_866.mp4,1,Deepfakes,c23,878_866
FaceForensics++,FaceForensics++__Deepfakes__880_135.mp4,data\raw\FaceForensics++_C23\Deepfakes\880_135.mp4,1,Deepfakes,c23,880_135
FaceForensics++,FaceForensics++__Deepfakes__881_856.mp4,data\raw\FaceForensics++_C23\Deepfakes\881_856.mp4,1,Deepfakes,c23,881_856
FaceForensics++,FaceForensics++__Deepfakes__882_952.mp4,data\raw\FaceForensics++_C23\Deepfakes\882_952.mp4,1,Deepfakes,c23,882_952
FaceForensics++,FaceForensics++__Deepfakes__883_013.mp4,data\raw\FaceForensics++_C23\Deepfakes\883_013.mp4,1,Deepfakes,c23,883_013
FaceForensics++,FaceForensics++__Deepfakes__886_877.mp4,data\raw\FaceForensics++_C23\Deepfakes\886_877.mp4,1,Deepfakes,c23,886_877
FaceForensics++,FaceForensics++__Deepfakes__887_275.mp4,data\raw\FaceForensics++_C23\Deepfakes\887_275.mp4,1,Deepfakes,c23,887_275
FaceForensics++,FaceForensics++__Deepfakes__888_937.mp4,data\raw\FaceForensics++_C23\Deepfakes\888_937.mp4,1,Deepfakes,c23,888_937
FaceForensics++,FaceForensics++__Deepfakes__890_837.mp4,data\raw\FaceForensics++_C23\Deepfakes\890_837.mp4,1,Deepfakes,c23,890_837
FaceForensics++,FaceForensics++__Deepfakes__891_876.mp4,data\raw\FaceForensics++_C23\Deepfakes\891_876.mp4,1,Deepfakes,c23,891_876
FaceForensics++,FaceForensics++__Deepfakes__892_112.mp4,data\raw\FaceForensics++_C23\Deepfakes\892_112.mp4,1,Deepfakes,c23,892_112
FaceForensics++,FaceForensics++__Deepfakes__894_848.mp4,data\raw\FaceForensics++_C23\Deepfakes\894_848.mp4,1,Deepfakes,c23,894_848
FaceForensics++,FaceForensics++__Deepfakes__896_128.mp4,data\raw\FaceForensics++_C23\Deepfakes\896_128.mp4,1,Deepfakes,c23,896_128
FaceForensics++,FaceForensics++__Deepfakes__897_969.mp4,data\raw\FaceForensics++_C23\Deepfakes\897_969.mp4,1,Deepfakes,c23,897_969
FaceForensics++,FaceForensics++__Deepfakes__898_922.mp4,data\raw\FaceForensics++_C23\Deepfakes\898_922.mp4,1,Deepfakes,c23,898_922
FaceForensics++,FaceForensics++__Deepfakes__900_926.mp4,data\raw\FaceForensics++_C23\Deepfakes\900_926.mp4,1,Deepfakes,c23,900_926
FaceForensics++,FaceForensics++__Deepfakes__901_902.mp4,data\raw\FaceForensics++_C23\Deepfakes\901_902.mp4,1,Deepfakes,c23,901_902
FaceForensics++,FaceForensics++__Deepfakes__902_901.mp4,data\raw\FaceForensics++_C23\Deepfakes\902_901.mp4,1,Deepfakes,c23,902_901
FaceForensics++,FaceForensics++__Deepfakes__903_792.mp4,data\raw\FaceForensics++_C23\Deepfakes\903_792.mp4,1,Deepfakes,c23,903_792
FaceForensics++,FaceForensics++__Deepfakes__904_046.mp4,data\raw\FaceForensics++_C23\Deepfakes\904_046.mp4,1,Deepfakes,c23,904_046
FaceForensics++,FaceForensics++__Deepfakes__905_860.mp4,data\raw\FaceForensics++_C23\Deepfakes\905_860.mp4,1,Deepfakes,c23,905_860
FaceForensics++,FaceForensics++__Deepfakes__906_847.mp4,data\raw\FaceForensics++_C23\Deepfakes\906_847.mp4,1,Deepfakes,c23,906_847
FaceForensics++,FaceForensics++__Deepfakes__907_795.mp4,data\raw\FaceForensics++_C23\Deepfakes\907_795.mp4,1,Deepfakes,c23,907_795
FaceForensics++,FaceForensics++__Deepfakes__908_207.mp4,data\raw\FaceForensics++_C23\Deepfakes\908_207.mp4,1,Deepfakes,c23,908_207
FaceForensics++,FaceForensics++__Deepfakes__909_857.mp4,data\raw\FaceForensics++_C23\Deepfakes\909_857.mp4,1,Deepfakes,c23,909_857
FaceForensics++,FaceForensics++__Deepfakes__910_911.mp4,data\raw\FaceForensics++_C23\Deepfakes\910_911.mp4,1,Deepfakes,c23,910_911
FaceForensics++,FaceForensics++__Deepfakes__911_910.mp4,data\raw\FaceForensics++_C23\Deepfakes\911_910.mp4,1,Deepfakes,c23,911_910
FaceForensics++,FaceForensics++__Deepfakes__912_927.mp4,data\raw\FaceForensics++_C23\Deepfakes\912_927.mp4,1,Deepfakes,c23,912_927
FaceForensics++,FaceForensics++__Deepfakes__913_893.mp4,data\raw\FaceForensics++_C23\Deepfakes\913_893.mp4,1,Deepfakes,c23,913_893
FaceForensics++,FaceForensics++__Deepfakes__914_899.mp4,data\raw\FaceForensics++_C23\Deepfakes\914_899.mp4,1,Deepfakes,c23,914_899
FaceForensics++,FaceForensics++__Deepfakes__915_895.mp4,data\raw\FaceForensics++_C23\Deepfakes\915_895.mp4,1,Deepfakes,c23,915_895
FaceForensics++,FaceForensics++__Deepfakes__917_924.mp4,data\raw\FaceForensics++_C23\Deepfakes\917_924.mp4,1,Deepfakes,c23,917_924
FaceForensics++,FaceForensics++__Deepfakes__918_934.mp4,data\raw\FaceForensics++_C23\Deepfakes\918_934.mp4,1,Deepfakes,c23,918_934
FaceForensics++,FaceForensics++__Deepfakes__919_015.mp4,data\raw\FaceForensics++_C23\Deepfakes\919_015.mp4,1,Deepfakes,c23,919_015
FaceForensics++,FaceForensics++__Deepfakes__920_811.mp4,data\raw\FaceForensics++_C23\Deepfakes\920_811.mp4,1,Deepfakes,c23,920_811
FaceForensics++,FaceForensics++__Deepfakes__921_569.mp4,data\raw\FaceForensics++_C23\Deepfakes\921_569.mp4,1,Deepfakes,c23,921_569
FaceForensics++,FaceForensics++__Deepfakes__922_898.mp4,data\raw\FaceForensics++_C23\Deepfakes\922_898.mp4,1,Deepfakes,c23,922_898
FaceForensics++,FaceForensics++__Deepfakes__923_023.mp4,data\raw\FaceForensics++_C23\Deepfakes\923_023.mp4,1,Deepfakes,c23,923_023
FaceForensics++,FaceForensics++__Deepfakes__924_917.mp4,data\raw\FaceForensics++_C23\Deepfakes\924_917.mp4,1,Deepfakes,c23,924_917
FaceForensics++,FaceForensics++__Deepfakes__925_933.mp4,data\raw\FaceForensics++_C23\Deepfakes\925_933.mp4,1,Deepfakes,c23,925_933
FaceForensics++,FaceForensics++__Deepfakes__926_900.mp4,data\raw\FaceForensics++_C23\Deepfakes\926_900.mp4,1,Deepfakes,c23,926_900
FaceForensics++,FaceForensics++__Deepfakes__927_912.mp4,data\raw\FaceForensics++_C23\Deepfakes\927_912.mp4,1,Deepfakes,c23,927_912
FaceForensics++,FaceForensics++__Deepfakes__928_160.mp4,data\raw\FaceForensics++_C23\Deepfakes\928_160.mp4,1,Deepfakes,c23,928_160
FaceForensics++,FaceForensics++__Deepfakes__930_763.mp4,data\raw\FaceForensics++_C23\Deepfakes\930_763.mp4,1,Deepfakes,c23,930_763
FaceForensics++,FaceForensics++__Deepfakes__932_384.mp4,data\raw\FaceForensics++_C23\Deepfakes\932_384.mp4,1,Deepfakes,c23,932_384
FaceForensics++,FaceForensics++__Deepfakes__933_925.mp4,data\raw\FaceForensics++_C23\Deepfakes\933_925.mp4,1,Deepfakes,c23,933_925
FaceForensics++,FaceForensics++__Deepfakes__934_918.mp4,data\raw\FaceForensics++_C23\Deepfakes\934_918.mp4,1,Deepfakes,c23,934_918
FaceForensics++,FaceForensics++__Deepfakes__935_733.mp4,data\raw\FaceForensics++_C23\Deepfakes\935_733.mp4,1,Deepfakes,c23,935_733
FaceForensics++,FaceForensics++__Deepfakes__937_888.mp4,data\raw\FaceForensics++_C23\Deepfakes\937_888.mp4,1,Deepfakes,c23,937_888
FaceForensics++,FaceForensics++__Deepfakes__938_987.mp4,data\raw\FaceForensics++_C23\Deepfakes\938_987.mp4,1,Deepfakes,c23,938_987
FaceForensics++,FaceForensics++__Deepfakes__939_115.mp4,data\raw\FaceForensics++_C23\Deepfakes\939_115.mp4,1,Deepfakes,c23,939_115
FaceForensics++,FaceForensics++__Deepfakes__940_941.mp4,data\raw\FaceForensics++_C23\Deepfakes\940_941.mp4,1,Deepfakes,c23,940_941
FaceForensics++,FaceForensics++__Deepfakes__941_940.mp4,data\raw\FaceForensics++_C23\Deepfakes\941_940.mp4,1,Deepfakes,c23,941_940
FaceForensics++,FaceForensics++__Deepfakes__944_032.mp4,data\raw\FaceForensics++_C23\Deepfakes\944_032.mp4,1,Deepfakes,c23,944_032
FaceForensics++,FaceForensics++__Deepfakes__945_044.mp4,data\raw\FaceForensics++_C23\Deepfakes\945_044.mp4,1,Deepfakes,c23,945_044
FaceForensics++,FaceForensics++__Deepfakes__946_049.mp4,data\raw\FaceForensics++_C23\Deepfakes\946_049.mp4,1,Deepfakes,c23,946_049
FaceForensics++,FaceForensics++__Deepfakes__947_951.mp4,data\raw\FaceForensics++_C23\Deepfakes\947_951.mp4,1,Deepfakes,c23,947_951
FaceForensics++,FaceForensics++__Deepfakes__948_965.mp4,data\raw\FaceForensics++_C23\Deepfakes\948_965.mp4,1,Deepfakes,c23,948_965
FaceForensics++,FaceForensics++__Deepfakes__949_868.mp4,data\raw\FaceForensics++_C23\Deepfakes\949_868.mp4,1,Deepfakes,c23,949_868
FaceForensics++,FaceForensics++__Deepfakes__950_836.mp4,data\raw\FaceForensics++_C23\Deepfakes\950_836.mp4,1,Deepfakes,c23,950_836
FaceForensics++,FaceForensics++__Deepfakes__951_947.mp4,data\raw\FaceForensics++_C23\Deepfakes\951_947.mp4,1,Deepfakes,c23,951_947
FaceForensics++,FaceForensics++__Deepfakes__952_882.mp4,data\raw\FaceForensics++_C23\Deepfakes\952_882.mp4,1,Deepfakes,c23,952_882
FaceForensics++,FaceForensics++__Deepfakes__953_974.mp4,data\raw\FaceForensics++_C23\Deepfakes\953_974.mp4,1,Deepfakes,c23,953_974
FaceForensics++,FaceForensics++__Deepfakes__955_078.mp4,data\raw\FaceForensics++_C23\Deepfakes\955_078.mp4,1,Deepfakes,c23,955_078
FaceForensics++,FaceForensics++__Deepfakes__956_958.mp4,data\raw\FaceForensics++_C23\Deepfakes\956_958.mp4,1,Deepfakes,c23,956_958
FaceForensics++,FaceForensics++__Deepfakes__957_959.mp4,data\raw\FaceForensics++_C23\Deepfakes\957_959.mp4,1,Deepfakes,c23,957_959
FaceForensics++,FaceForensics++__Deepfakes__958_956.mp4,data\raw\FaceForensics++_C23\Deepfakes\958_956.mp4,1,Deepfakes,c23,958_956
FaceForensics++,FaceForensics++__Deepfakes__959_957.mp4,data\raw\FaceForensics++_C23\Deepfakes\959_957.mp4,1,Deepfakes,c23,959_957
FaceForensics++,FaceForensics++__Deepfakes__960_999.mp4,data\raw\FaceForensics++_C23\Deepfakes\960_999.mp4,1,Deepfakes,c23,960_999
FaceForensics++,FaceForensics++__Deepfakes__961_069.mp4,data\raw\FaceForensics++_C23\Deepfakes\961_069.mp4,1,Deepfakes,c23,961_069
FaceForensics++,FaceForensics++__Deepfakes__962_929.mp4,data\raw\FaceForensics++_C23\Deepfakes\962_929.mp4,1,Deepfakes,c23,962_929
FaceForensics++,FaceForensics++__Deepfakes__963_879.mp4,data\raw\FaceForensics++_C23\Deepfakes\963_879.mp4,1,Deepfakes,c23,963_879
FaceForensics++,FaceForensics++__Deepfakes__964_174.mp4,data\raw\FaceForensics++_C23\Deepfakes\964_174.mp4,1,Deepfakes,c23,964_174
FaceForensics++,FaceForensics++__Deepfakes__965_948.mp4,data\raw\FaceForensics++_C23\Deepfakes\965_948.mp4,1,Deepfakes,c23,965_948
FaceForensics++,FaceForensics++__Deepfakes__966_988.mp4,data\raw\FaceForensics++_C23\Deepfakes\966_988.mp4,1,Deepfakes,c23,966_988
FaceForensics++,FaceForensics++__Deepfakes__967_984.mp4,data\raw\FaceForensics++_C23\Deepfakes\967_984.mp4,1,Deepfakes,c23,967_984
FaceForensics++,FaceForensics++__Deepfakes__968_884.mp4,data\raw\FaceForensics++_C23\Deepfakes\968_884.mp4,1,Deepfakes,c23,968_884
FaceForensics++,FaceForensics++__Deepfakes__969_897.mp4,data\raw\FaceForensics++_C23\Deepfakes\969_897.mp4,1,Deepfakes,c23,969_897
FaceForensics++,FaceForensics++__Deepfakes__970_973.mp4,data\raw\FaceForensics++_C23\Deepfakes\970_973.mp4,1,Deepfakes,c23,970_973
FaceForensics++,FaceForensics++__Deepfakes__971_564.mp4,data\raw\FaceForensics++_C23\Deepfakes\971_564.mp4,1,Deepfakes,c23,971_564
FaceForensics++,FaceForensics++__Deepfakes__973_970.mp4,data\raw\FaceForensics++_C23\Deepfakes\973_970.mp4,1,Deepfakes,c23,973_970
FaceForensics++,FaceForensics++__Deepfakes__974_953.mp4,data\raw\FaceForensics++_C23\Deepfakes\974_953.mp4,1,Deepfakes,c23,974_953
FaceForensics++,FaceForensics++__Deepfakes__976_954.mp4,data\raw\FaceForensics++_C23\Deepfakes\976_954.mp4,1,Deepfakes,c23,976_954
FaceForensics++,FaceForensics++__Deepfakes__977_075.mp4,data\raw\FaceForensics++_C23\Deepfakes\977_075.mp4,1,Deepfakes,c23,977_075
FaceForensics++,FaceForensics++__Deepfakes__978_975.mp4,data\raw\FaceForensics++_C23\Deepfakes\978_975.mp4,1,Deepfakes,c23,978_975
FaceForensics++,FaceForensics++__Deepfakes__979_875.mp4,data\raw\FaceForensics++_C23\Deepfakes\979_875.mp4,1,Deepfakes,c23,979_875
FaceForensics++,FaceForensics++__Deepfakes__982_004.mp4,data\raw\FaceForensics++_C23\Deepfakes\982_004.mp4,1,Deepfakes,c23,982_004
FaceForensics++,FaceForensics++__Deepfakes__983_113.mp4,data\raw\FaceForensics++_C23\Deepfakes\983_113.mp4,1,Deepfakes,c23,983_113
FaceForensics++,FaceForensics++__Deepfakes__984_967.mp4,data\raw\FaceForensics++_C23\Deepfakes\984_967.mp4,1,Deepfakes,c23,984_967
FaceForensics++,FaceForensics++__Deepfakes__986_994.mp4,data\raw\FaceForensics++_C23\Deepfakes\986_994.mp4,1,Deepfakes,c23,986_994
FaceForensics++,FaceForensics++__Deepfakes__989_993.mp4,data\raw\FaceForensics++_C23\Deepfakes\989_993.mp4,1,Deepfakes,c23,989_993
FaceForensics++,FaceForensics++__Deepfakes__990_008.mp4,data\raw\FaceForensics++_C23\Deepfakes\990_008.mp4,1,Deepfakes,c23,990_008
FaceForensics++,FaceForensics++__Deepfakes__991_064.mp4,data\raw\FaceForensics++_C23\Deepfakes\991_064.mp4,1,Deepfakes,c23,991_064
FaceForensics++,FaceForensics++__Deepfakes__992_980.mp4,data\raw\FaceForensics++_C23\Deepfakes\992_980.mp4,1,Deepfakes,c23,992_980
FaceForensics++,FaceForensics++__Deepfakes__994_986.mp4,data\raw\FaceForensics++_C23\Deepfakes\994_986.mp4,1,Deepfakes,c23,994_986
FaceForensics++,FaceForensics++__Deepfakes__995_233.mp4,data\raw\FaceForensics++_C23\Deepfakes\995_233.mp4,1,Deepfakes,c23,995_233
FaceForensics++,FaceForensics++__Deepfakes__997_040.mp4,data\raw\FaceForensics++_C23\Deepfakes\997_040.mp4,1,Deepfakes,c23,997_040
FaceForensics++,FaceForensics++__Deepfakes__998_561.mp4,data\raw\FaceForensics++_C23\Deepfakes\998_561.mp4,1,Deepfakes,c23,998_561
FaceForensics++,FaceForensics++__Deepfakes__999_960.mp4,data\raw\FaceForensics++_C23\Deepfakes\999_960.mp4,1,Deepfakes,c23,999_960
FaceForensics++,FaceForensics++__Face2Face__001_870.mp4,data\raw\FaceForensics++_C23\Face2Face\001_870.mp4,1,Face2Face,c23,001_870
FaceForensics++,FaceForensics++__Face2Face__002_006.mp4,data\raw\FaceForensics++_C23\Face2Face\002_006.mp4,1,Face2Face,c23,002_006
FaceForensics++,FaceForensics++__Face2Face__003_000.mp4,data\raw\FaceForensics++_C23\Face2Face\003_000.mp4,1,Face2Face,c23,003_000
FaceForensics++,FaceForensics++__Face2Face__004_982.mp4,data\raw\FaceForensics++_C23\Face2Face\004_982.mp4,1,Face2Face,c23,004_982
FaceForensics++,FaceForensics++__Face2Face__005_010.mp4,data\raw\FaceForensics++_C23\Face2Face\005_010.mp4,1,Face2Face,c23,005_010
FaceForensics++,FaceForensics++__Face2Face__007_132.mp4,data\raw\FaceForensics++_C23\Face2Face\007_132.mp4,1,Face2Face,c23,007_132
FaceForensics++,FaceForensics++__Face2Face__008_990.mp4,data\raw\FaceForensics++_C23\Face2Face\008_990.mp4,1,Face2Face,c23,008_990
FaceForensics++,FaceForensics++__Face2Face__009_027.mp4,data\raw\FaceForensics++_C23\Face2Face\009_027.mp4,1,Face2Face,c23,009_027
FaceForensics++,FaceForensics++__Face2Face__010_005.mp4,data\raw\FaceForensics++_C23\Face2Face\010_005.mp4,1,Face2Face,c23,010_005
FaceForensics++,FaceForensics++__Face2Face__011_805.mp4,data\raw\FaceForensics++_C23\Face2Face\011_805.mp4,1,Face2Face,c23,011_805
FaceForensics++,FaceForensics++__Face2Face__012_026.mp4,data\raw\FaceForensics++_C23\Face2Face\012_026.mp4,1,Face2Face,c23,012_026
FaceForensics++,FaceForensics++__Face2Face__013_883.mp4,data\raw\FaceForensics++_C23\Face2Face\013_883.mp4,1,Face2Face,c23,013_883
FaceForensics++,FaceForensics++__Face2Face__015_919.mp4,data\raw\FaceForensics++_C23\Face2Face\015_919.mp4,1,Face2Face,c23,015_919
FaceForensics++,FaceForensics++__Face2Face__016_209.mp4,data\raw\FaceForensics++_C23\Face2Face\016_209.mp4,1,Face2Face,c23,016_209
FaceForensics++,FaceForensics++__Face2Face__017_803.mp4,data\raw\FaceForensics++_C23\Face2Face\017_803.mp4,1,Face2Face,c23,017_803
FaceForensics++,FaceForensics++__Face2Face__018_019.mp4,data\raw\FaceForensics++_C23\Face2Face\018_019.mp4,1,Face2Face,c23,018_019
FaceForensics++,FaceForensics++__Face2Face__020_344.mp4,data\raw\FaceForensics++_C23\Face2Face\020_344.mp4,1,Face2Face,c23,020_344
FaceForensics++,FaceForensics++__Face2Face__021_312.mp4,data\raw\FaceForensics++_C23\Face2Face\021_312.mp4,1,Face2Face,c23,021_312
FaceForensics++,FaceForensics++__Face2Face__022_489.mp4,data\raw\FaceForensics++_C23\Face2Face\022_489.mp4,1,Face2Face,c23,022_489
FaceForensics++,FaceForensics++__Face2Face__023_923.mp4,data\raw\FaceForensics++_C23\Face2Face\023_923.mp4,1,Face2Face,c23,023_923
FaceForensics++,FaceForensics++__Face2Face__024_073.mp4,data\raw\FaceForensics++_C23\Face2Face\024_073.mp4,1,Face2Face,c23,024_073
FaceForensics++,FaceForensics++__Face2Face__025_067.mp4,data\raw\FaceForensics++_C23\Face2Face\025_067.mp4,1,Face2Face,c23,025_067
FaceForensics++,FaceForensics++__Face2Face__026_012.mp4,data\raw\FaceForensics++_C23\Face2Face\026_012.mp4,1,Face2Face,c23,026_012
FaceForensics++,FaceForensics++__Face2Face__027_009.mp4,data\raw\FaceForensics++_C23\Face2Face\027_009.mp4,1,Face2Face,c23,027_009
FaceForensics++,FaceForensics++__Face2Face__028_068.mp4,data\raw\FaceForensics++_C23\Face2Face\028_068.mp4,1,Face2Face,c23,028_068
FaceForensics++,FaceForensics++__Face2Face__030_193.mp4,data\raw\FaceForensics++_C23\Face2Face\030_193.mp4,1,Face2Face,c23,030_193
FaceForensics++,FaceForensics++__Face2Face__032_944.mp4,data\raw\FaceForensics++_C23\Face2Face\032_944.mp4,1,Face2Face,c23,032_944
FaceForensics++,FaceForensics++__Face2Face__033_097.mp4,data\raw\FaceForensics++_C23\Face2Face\033_097.mp4,1,Face2Face,c23,033_097
FaceForensics++,FaceForensics++__Face2Face__036_035.mp4,data\raw\FaceForensics++_C23\Face2Face\036_035.mp4,1,Face2Face,c23,036_035
FaceForensics++,FaceForensics++__Face2Face__037_072.mp4,data\raw\FaceForensics++_C23\Face2Face\037_072.mp4,1,Face2Face,c23,037_072
FaceForensics++,FaceForensics++__Face2Face__038_125.mp4,data\raw\FaceForensics++_C23\Face2Face\038_125.mp4,1,Face2Face,c23,038_125
FaceForensics++,FaceForensics++__Face2Face__039_058.mp4,data\raw\FaceForensics++_C23\Face2Face\039_058.mp4,1,Face2Face,c23,039_058
FaceForensics++,FaceForensics++__Face2Face__040_997.mp4,data\raw\FaceForensics++_C23\Face2Face\040_997.mp4,1,Face2Face,c23,040_997
FaceForensics++,FaceForensics++__Face2Face__041_063.mp4,data\raw\FaceForensics++_C23\Face2Face\041_063.mp4,1,Face2Face,c23,041_063
FaceForensics++,FaceForensics++__Face2Face__042_084.mp4,data\raw\FaceForensics++_C23\Face2Face\042_084.mp4,1,Face2Face,c23,042_084
FaceForensics++,FaceForensics++__Face2Face__043_110.mp4,data\raw\FaceForensics++_C23\Face2Face\043_110.mp4,1,Face2Face,c23,043_110
FaceForensics++,FaceForensics++__Face2Face__045_889.mp4,data\raw\FaceForensics++_C23\Face2Face\045_889.mp4,1,Face2Face,c23,045_889
FaceForensics++,FaceForensics++__Face2Face__046_904.mp4,data\raw\FaceForensics++_C23\Face2Face\046_904.mp4,1,Face2Face,c23,046_904
FaceForensics++,FaceForensics++__Face2Face__047_862.mp4,data\raw\FaceForensics++_C23\Face2Face\047_862.mp4,1,Face2Face,c23,047_862
FaceForensics++,FaceForensics++__Face2Face__048_029.mp4,data\raw\FaceForensics++_C23\Face2Face\048_029.mp4,1,Face2Face,c23,048_029
FaceForensics++,FaceForensics++__Face2Face__050_059.mp4,data\raw\FaceForensics++_C23\Face2Face\050_059.mp4,1,Face2Face,c23,050_059
FaceForensics++,FaceForensics++__Face2Face__051_332.mp4,data\raw\FaceForensics++_C23\Face2Face\051_332.mp4,1,Face2Face,c23,051_332
FaceForensics++,FaceForensics++__Face2Face__052_108.mp4,data\raw\FaceForensics++_C23\Face2Face\052_108.mp4,1,Face2Face,c23,052_108
FaceForensics++,FaceForensics++__Face2Face__054_071.mp4,data\raw\FaceForensics++_C23\Face2Face\054_071.mp4,1,Face2Face,c23,054_071
FaceForensics++,FaceForensics++__Face2Face__055_147.mp4,data\raw\FaceForensics++_C23\Face2Face\055_147.mp4,1,Face2Face,c23,055_147
FaceForensics++,FaceForensics++__Face2Face__056_996.mp4,data\raw\FaceForensics++_C23\Face2Face\056_996.mp4,1,Face2Face,c23,056_996
FaceForensics++,FaceForensics++__Face2Face__057_070.mp4,data\raw\FaceForensics++_C23\Face2Face\057_070.mp4,1,Face2Face,c23,057_070
FaceForensics++,FaceForensics++__Face2Face__058_039.mp4,data\raw\FaceForensics++_C23\Face2Face\058_039.mp4,1,Face2Face,c23,058_039
FaceForensics++,FaceForensics++__Face2Face__059_050.mp4,data\raw\FaceForensics++_C23\Face2Face\059_050.mp4,1,Face2Face,c23,059_050
FaceForensics++,FaceForensics++__Face2Face__060_088.mp4,data\raw\FaceForensics++_C23\Face2Face\060_088.mp4,1,Face2Face,c23,060_088
FaceForensics++,FaceForensics++__Face2Face__061_080.mp4,data\raw\FaceForensics++_C23\Face2Face\061_080.mp4,1,Face2Face,c23,061_080
FaceForensics++,FaceForensics++__Face2Face__063_041.mp4,data\raw\FaceForensics++_C23\Face2Face\063_041.mp4,1,Face2Face,c23,063_041
FaceForensics++,FaceForensics++__Face2Face__064_991.mp4,data\raw\FaceForensics++_C23\Face2Face\064_991.mp4,1,Face2Face,c23,064_991
FaceForensics++,FaceForensics++__Face2Face__066_062.mp4,data\raw\FaceForensics++_C23\Face2Face\066_062.mp4,1,Face2Face,c23,066_062
FaceForensics++,FaceForensics++__Face2Face__067_025.mp4,data\raw\FaceForensics++_C23\Face2Face\067_025.mp4,1,Face2Face,c23,067_025
FaceForensics++,FaceForensics++__Face2Face__068_028.mp4,data\raw\FaceForensics++_C23\Face2Face\068_028.mp4,1,Face2Face,c23,068_028
FaceForensics++,FaceForensics++__Face2Face__069_961.mp4,data\raw\FaceForensics++_C23\Face2Face\069_961.mp4,1,Face2Face,c23,069_961
FaceForensics++,FaceForensics++__Face2Face__071_054.mp4,data\raw\FaceForensics++_C23\Face2Face\071_054.mp4,1,Face2Face,c23,071_054
FaceForensics++,FaceForensics++__Face2Face__072_037.mp4,data\raw\FaceForensics++_C23\Face2Face\072_037.mp4,1,Face2Face,c23,072_037
FaceForensics++,FaceForensics++__Face2Face__074_825.mp4,data\raw\FaceForensics++_C23\Face2Face\074_825.mp4,1,Face2Face,c23,074_825
FaceForensics++,FaceForensics++__Face2Face__075_977.mp4,data\raw\FaceForensics++_C23\Face2Face\075_977.mp4,1,Face2Face,c23,075_977
FaceForensics++,FaceForensics++__Face2Face__076_079.mp4,data\raw\FaceForensics++_C23\Face2Face\076_079.mp4,1,Face2Face,c23,076_079
FaceForensics++,FaceForensics++__Face2Face__077_100.mp4,data\raw\FaceForensics++_C23\Face2Face\077_100.mp4,1,Face2Face,c23,077_100
FaceForensics++,FaceForensics++__Face2Face__078_955.mp4,data\raw\FaceForensics++_C23\Face2Face\078_955.mp4,1,Face2Face,c23,078_955
FaceForensics++,FaceForensics++__Face2Face__080_061.mp4,data\raw\FaceForensics++_C23\Face2Face\080_061.mp4,1,Face2Face,c23,080_061
FaceForensics++,FaceForensics++__Face2Face__081_087.mp4,data\raw\FaceForensics++_C23\Face2Face\081_087.mp4,1,Face2Face,c23,081_087
FaceForensics++,FaceForensics++__Face2Face__082_103.mp4,data\raw\FaceForensics++_C23\Face2Face\082_103.mp4,1,Face2Face,c23,082_103
FaceForensics++,FaceForensics++__Face2Face__083_213.mp4,data\raw\FaceForensics++_C23\Face2Face\083_213.mp4,1,Face2Face,c23,083_213
FaceForensics++,FaceForensics++__Face2Face__084_042.mp4,data\raw\FaceForensics++_C23\Face2Face\084_042.mp4,1,Face2Face,c23,084_042
FaceForensics++,FaceForensics++__Face2Face__085_124.mp4,data\raw\FaceForensics++_C23\Face2Face\085_124.mp4,1,Face2Face,c23,085_124
FaceForensics++,FaceForensics++__Face2Face__086_090.mp4,data\raw\FaceForensics++_C23\Face2Face\086_090.mp4,1,Face2Face,c23,086_090
FaceForensics++,FaceForensics++__Face2Face__087_081.mp4,data\raw\FaceForensics++_C23\Face2Face\087_081.mp4,1,Face2Face,c23,087_081
FaceForensics++,FaceForensics++__Face2Face__088_060.mp4,data\raw\FaceForensics++_C23\Face2Face\088_060.mp4,1,Face2Face,c23,088_060
FaceForensics++,FaceForensics++__Face2Face__090_086.mp4,data\raw\FaceForensics++_C23\Face2Face\090_086.mp4,1,Face2Face,c23,090_086
FaceForensics++,FaceForensics++__Face2Face__092_098.mp4,data\raw\FaceForensics++_C23\Face2Face\092_098.mp4,1,Face2Face,c23,092_098
FaceForensics++,FaceForensics++__Face2Face__093_121.mp4,data\raw\FaceForensics++_C23\Face2Face\093_121.mp4,1,Face2Face,c23,093_121
FaceForensics++,FaceForensics++__Face2Face__094_111.mp4,data\raw\FaceForensics++_C23\Face2Face\094_111.mp4,1,Face2Face,c23,094_111
FaceForensics++,FaceForensics++__Face2Face__095_053.mp4,data\raw\FaceForensics++_C23\Face2Face\095_053.mp4,1,Face2Face,c23,095_053
FaceForensics++,FaceForensics++__Face2Face__097_033.mp4,data\raw\FaceForensics++_C23\Face2Face\097_033.mp4,1,Face2Face,c23,097_033
FaceForensics++,FaceForensics++__Face2Face__098_092.mp4,data\raw\FaceForensics++_C23\Face2Face\098_092.mp4,1,Face2Face,c23,098_092
FaceForensics++,FaceForensics++__Face2Face__100_077.mp4,data\raw\FaceForensics++_C23\Face2Face\100_077.mp4,1,Face2Face,c23,100_077
FaceForensics++,FaceForensics++__Face2Face__101_096.mp4,data\raw\FaceForensics++_C23\Face2Face\101_096.mp4,1,Face2Face,c23,101_096
FaceForensics++,FaceForensics++__Face2Face__102_114.mp4,data\raw\FaceForensics++_C23\Face2Face\102_114.mp4,1,Face2Face,c23,102_114
FaceForensics++,FaceForensics++__Face2Face__103_082.mp4,data\raw\FaceForensics++_C23\Face2Face\103_082.mp4,1,Face2Face,c23,103_082
FaceForensics++,FaceForensics++__Face2Face__104_126.mp4,data\raw\FaceForensics++_C23\Face2Face\104_126.mp4,1,Face2Face,c23,104_126
FaceForensics++,FaceForensics++__Face2Face__105_180.mp4,data\raw\FaceForensics++_C23\Face2Face\105_180.mp4,1,Face2Face,c23,105_180
FaceForensics++,FaceForensics++__Face2Face__106_198.mp4,data\raw\FaceForensics++_C23\Face2Face\106_198.mp4,1,Face2Face,c23,106_198
FaceForensics++,FaceForensics++__Face2Face__107_109.mp4,data\raw\FaceForensics++_C23\Face2Face\107_109.mp4,1,Face2Face,c23,107_109
FaceForensics++,FaceForensics++__Face2Face__108_052.mp4,data\raw\FaceForensics++_C23\Face2Face\108_052.mp4,1,Face2Face,c23,108_052
FaceForensics++,FaceForensics++__Face2Face__109_107.mp4,data\raw\FaceForensics++_C23\Face2Face\109_107.mp4,1,Face2Face,c23,109_107
FaceForensics++,FaceForensics++__Face2Face__110_043.mp4,data\raw\FaceForensics++_C23\Face2Face\110_043.mp4,1,Face2Face,c23,110_043
FaceForensics++,FaceForensics++__Face2Face__111_094.mp4,data\raw\FaceForensics++_C23\Face2Face\111_094.mp4,1,Face2Face,c23,111_094
FaceForensics++,FaceForensics++__Face2Face__112_892.mp4,data\raw\FaceForensics++_C23\Face2Face\112_892.mp4,1,Face2Face,c23,112_892
FaceForensics++,FaceForensics++__Face2Face__113_983.mp4,data\raw\FaceForensics++_C23\Face2Face\113_983.mp4,1,Face2Face,c23,113_983
FaceForensics++,FaceForensics++__Face2Face__114_102.mp4,data\raw\FaceForensics++_C23\Face2Face\114_102.mp4,1,Face2Face,c23,114_102
FaceForensics++,FaceForensics++__Face2Face__115_939.mp4,data\raw\FaceForensics++_C23\Face2Face\115_939.mp4,1,Face2Face,c23,115_939
FaceForensics++,FaceForensics++__Face2Face__116_091.mp4,data\raw\FaceForensics++_C23\Face2Face\116_091.mp4,1,Face2Face,c23,116_091
FaceForensics++,FaceForensics++__Face2Face__117_217.mp4,data\raw\FaceForensics++_C23\Face2Face\117_217.mp4,1,Face2Face,c23,117_217
FaceForensics++,FaceForensics++__Face2Face__118_120.mp4,data\raw\FaceForensics++_C23\Face2Face\118_120.mp4,1,Face2Face,c23,118_120
FaceForensics++,FaceForensics++__Face2Face__119_123.mp4,data\raw\FaceForensics++_C23\Face2Face\119_123.mp4,1,Face2Face,c23,119_123
FaceForensics++,FaceForensics++__Face2Face__120_118.mp4,data\raw\FaceForensics++_C23\Face2Face\120_118.mp4,1,Face2Face,c23,120_118
FaceForensics++,FaceForensics++__Face2Face__121_093.mp4,data\raw\FaceForensics++_C23\Face2Face\121_093.mp4,1,Face2Face,c23,121_093
FaceForensics++,FaceForensics++__Face2Face__122_144.mp4,data\raw\FaceForensics++_C23\Face2Face\122_144.mp4,1,Face2Face,c23,122_144
FaceForensics++,FaceForensics++__Face2Face__123_119.mp4,data\raw\FaceForensics++_C23\Face2Face\123_119.mp4,1,Face2Face,c23,123_119
FaceForensics++,FaceForensics++__Face2Face__124_085.mp4,data\raw\FaceForensics++_C23\Face2Face\124_085.mp4,1,Face2Face,c23,124_085
FaceForensics++,FaceForensics++__Face2Face__126_104.mp4,data\raw\FaceForensics++_C23\Face2Face\126_104.mp4,1,Face2Face,c23,126_104
FaceForensics++,FaceForensics++__Face2Face__127_129.mp4,data\raw\FaceForensics++_C23\Face2Face\127_129.mp4,1,Face2Face,c23,127_129
FaceForensics++,FaceForensics++__Face2Face__128_896.mp4,data\raw\FaceForensics++_C23\Face2Face\128_896.mp4,1,Face2Face,c23,128_896
FaceForensics++,FaceForensics++__Face2Face__131_518.mp4,data\raw\FaceForensics++_C23\Face2Face\131_518.mp4,1,Face2Face,c23,131_518
FaceForensics++,FaceForensics++__Face2Face__132_007.mp4,data\raw\FaceForensics++_C23\Face2Face\132_007.mp4,1,Face2Face,c23,132_007
FaceForensics++,FaceForensics++__Face2Face__133_148.mp4,data\raw\FaceForensics++_C23\Face2Face\133_148.mp4,1,Face2Face,c23,133_148
FaceForensics++,FaceForensics++__Face2Face__134_192.mp4,data\raw\FaceForensics++_C23\Face2Face\134_192.mp4,1,Face2Face,c23,134_192
FaceForensics++,FaceForensics++__Face2Face__135_880.mp4,data\raw\FaceForensics++_C23\Face2Face\135_880.mp4,1,Face2Face,c23,135_880
FaceForensics++,FaceForensics++__Face2Face__136_285.mp4,data\raw\FaceForensics++_C23\Face2Face\136_285.mp4,1,Face2Face,c23,136_285
FaceForensics++,FaceForensics++__Face2Face__138_142.mp4,data\raw\FaceForensics++_C23\Face2Face\138_142.mp4,1,Face2Face,c23,138_142
FaceForensics++,FaceForensics++__Face2Face__139_130.mp4,data\raw\FaceForensics++_C23\Face2Face\139_130.mp4,1,Face2Face,c23,139_130
FaceForensics++,FaceForensics++__Face2Face__140_143.mp4,data\raw\FaceForensics++_C23\Face2Face\140_143.mp4,1,Face2Face,c23,140_143
FaceForensics++,FaceForensics++__Face2Face__142_138.mp4,data\raw\FaceForensics++_C23\Face2Face\142_138.mp4,1,Face2Face,c23,142_138
FaceForensics++,FaceForensics++__Face2Face__143_140.mp4,data\raw\FaceForensics++_C23\Face2Face\143_140.mp4,1,Face2Face,c23,143_140
FaceForensics++,FaceForensics++__Face2Face__144_122.mp4,data\raw\FaceForensics++_C23\Face2Face\144_122.mp4,1,Face2Face,c23,144_122
FaceForensics++,FaceForensics++__Face2Face__145_299.mp4,data\raw\FaceForensics++_C23\Face2Face\145_299.mp4,1,Face2Face,c23,145_299
FaceForensics++,FaceForensics++__Face2Face__146_256.mp4,data\raw\FaceForensics++_C23\Face2Face\146_256.mp4,1,Face2Face,c23,146_256
FaceForensics++,FaceForensics++__Face2Face__147_055.mp4,data\raw\FaceForensics++_C23\Face2Face\147_055.mp4,1,Face2Face,c23,147_055
FaceForensics++,FaceForensics++__Face2Face__148_133.mp4,data\raw\FaceForensics++_C23\Face2Face\148_133.mp4,1,Face2Face,c23,148_133
FaceForensics++,FaceForensics++__Face2Face__150_153.mp4,data\raw\FaceForensics++_C23\Face2Face\150_153.mp4,1,Face2Face,c23,150_153
FaceForensics++,FaceForensics++__Face2Face__151_225.mp4,data\raw\FaceForensics++_C23\Face2Face\151_225.mp4,1,Face2Face,c23,151_225
FaceForensics++,FaceForensics++__Face2Face__155_576.mp4,data\raw\FaceForensics++_C23\Face2Face\155_576.mp4,1,Face2Face,c23,155_576
FaceForensics++,FaceForensics++__Face2Face__157_245.mp4,data\raw\FaceForensics++_C23\Face2Face\157_245.mp4,1,Face2Face,c23,157_245
FaceForensics++,FaceForensics++__Face2Face__158_379.mp4,data\raw\FaceForensics++_C23\Face2Face\158_379.mp4,1,Face2Face,c23,158_379
FaceForensics++,FaceForensics++__Face2Face__159_175.mp4,data\raw\FaceForensics++_C23\Face2Face\159_175.mp4,1,Face2Face,c23,159_175
FaceForensics++,FaceForensics++__Face2Face__160_928.mp4,data\raw\FaceForensics++_C23\Face2Face\160_928.mp4,1,Face2Face,c23,160_928
FaceForensics++,FaceForensics++__Face2Face__161_141.mp4,data\raw\FaceForensics++_C23\Face2Face\161_141.mp4,1,Face2Face,c23,161_141
FaceForensics++,FaceForensics++__Face2Face__162_330.mp4,data\raw\FaceForensics++_C23\Face2Face\162_330.mp4,1,Face2Face,c23,162_330
FaceForensics++,FaceForensics++__Face2Face__163_031.mp4,data\raw\FaceForensics++_C23\Face2Face\163_031.mp4,1,Face2Face,c23,163_031
FaceForensics++,FaceForensics++__Face2Face__164_216.mp4,data\raw\FaceForensics++_C23\Face2Face\164_216.mp4,1,Face2Face,c23,164_216
FaceForensics++,FaceForensics++__Face2Face__166_167.mp4,data\raw\FaceForensics++_C23\Face2Face\166_167.mp4,1,Face2Face,c23,166_167
FaceForensics++,FaceForensics++__Face2Face__167_166.mp4,data\raw\FaceForensics++_C23\Face2Face\167_166.mp4,1,Face2Face,c23,167_166
FaceForensics++,FaceForensics++__Face2Face__168_222.mp4,data\raw\FaceForensics++_C23\Face2Face\168_222.mp4,1,Face2Face,c23,168_222
FaceForensics++,FaceForensics++__Face2Face__169_227.mp4,data\raw\FaceForensics++_C23\Face2Face\169_227.mp4,1,Face2Face,c23,169_227
FaceForensics++,FaceForensics++__Face2Face__170_186.mp4,data\raw\FaceForensics++_C23\Face2Face\170_186.mp4,1,Face2Face,c23,170_186
FaceForensics++,FaceForensics++__Face2Face__172_582.mp4,data\raw\FaceForensics++_C23\Face2Face\172_582.mp4,1,Face2Face,c23,172_582
FaceForensics++,FaceForensics++__Face2Face__173_171.mp4,data\raw\FaceForensics++_C23\Face2Face\173_171.mp4,1,Face2Face,c23,173_171
FaceForensics++,FaceForensics++__Face2Face__175_159.mp4,data\raw\FaceForensics++_C23\Face2Face\175_159.mp4,1,Face2Face,c23,175_159
FaceForensics++,FaceForensics++__Face2Face__176_190.mp4,data\raw\FaceForensics++_C23\Face2Face\176_190.mp4,1,Face2Face,c23,176_190
FaceForensics++,FaceForensics++__Face2Face__178_598.mp4,data\raw\FaceForensics++_C23\Face2Face\178_598.mp4,1,Face2Face,c23,178_598
FaceForensics++,FaceForensics++__Face2Face__179_212.mp4,data\raw\FaceForensics++_C23\Face2Face\179_212.mp4,1,Face2Face,c23,179_212
FaceForensics++,FaceForensics++__Face2Face__180_105.mp4,data\raw\FaceForensics++_C23\Face2Face\180_105.mp4,1,Face2Face,c23,180_105
FaceForensics++,FaceForensics++__Face2Face__184_205.mp4,data\raw\FaceForensics++_C23\Face2Face\184_205.mp4,1,Face2Face,c23,184_205
FaceForensics++,FaceForensics++__Face2Face__189_200.mp4,data\raw\FaceForensics++_C23\Face2Face\189_200.mp4,1,Face2Face,c23,189_200
FaceForensics++,FaceForensics++__Face2Face__191_188.mp4,data\raw\FaceForensics++_C23\Face2Face\191_188.mp4,1,Face2Face,c23,191_188
FaceForensics++,FaceForensics++__Face2Face__194_235.mp4,data\raw\FaceForensics++_C23\Face2Face\194_235.mp4,1,Face2Face,c23,194_235
FaceForensics++,FaceForensics++__Face2Face__195_442.mp4,data\raw\FaceForensics++_C23\Face2Face\195_442.mp4,1,Face2Face,c23,195_442
FaceForensics++,FaceForensics++__Face2Face__198_106.mp4,data\raw\FaceForensics++_C23\Face2Face\198_106.mp4,1,Face2Face,c23,198_106
FaceForensics++,FaceForensics++__Face2Face__199_181.mp4,data\raw\FaceForensics++_C23\Face2Face\199_181.mp4,1,Face2Face,c23,199_181
FaceForensics++,FaceForensics++__Face2Face__200_189.mp4,data\raw\FaceForensics++_C23\Face2Face\200_189.mp4,1,Face2Face,c23,200_189
FaceForensics++,FaceForensics++__Face2Face__201_203.mp4,data\raw\FaceForensics++_C23\Face2Face\201_203.mp4,1,Face2Face,c23,201_203
FaceForensics++,FaceForensics++__Face2Face__202_348.mp4,data\raw\FaceForensics++_C23\Face2Face\202_348.mp4,1,Face2Face,c23,202_348
FaceForensics++,FaceForensics++__Face2Face__205_184.mp4,data\raw\FaceForensics++_C23\Face2Face\205_184.mp4,1,Face2Face,c23,205_184
FaceForensics++,FaceForensics++__Face2Face__206_221.mp4,data\raw\FaceForensics++_C23\Face2Face\206_221.mp4,1,Face2Face,c23,206_221
FaceForensics++,FaceForensics++__Face2Face__207_908.mp4,data\raw\FaceForensics++_C23\Face2Face\207_908.mp4,1,Face2Face,c23,207_908
FaceForensics++,FaceForensics++__Face2Face__208_215.mp4,data\raw\FaceForensics++_C23\Face2Face\208_215.mp4,1,Face2Face,c23,208_215
FaceForensics++,FaceForensics++__Face2Face__209_016.mp4,data\raw\FaceForensics++_C23\Face2Face\209_016.mp4,1,Face2Face,c23,209_016
FaceForensics++,FaceForensics++__Face2Face__210_241.mp4,data\raw\FaceForensics++_C23\Face2Face\210_241.mp4,1,Face2Face,c23,210_241
FaceForensics++,FaceForensics++__Face2Face__211_177.mp4,data\raw\FaceForensics++_C23\Face2Face\211_177.mp4,1,Face2Face,c23,211_177
FaceForensics++,FaceForensics++__Face2Face__212_179.mp4,data\raw\FaceForensics++_C23\Face2Face\212_179.mp4,1,Face2Face,c23,212_179
FaceForensics++,FaceForensics++__Face2Face__213_083.mp4,data\raw\FaceForensics++_C23\Face2Face\213_083.mp4,1,Face2Face,c23,213_083
FaceForensics++,FaceForensics++__Face2Face__214_255.mp4,data\raw\FaceForensics++_C23\Face2Face\214_255.mp4,1,Face2Face,c23,214_255
FaceForensics++,FaceForensics++__Face2Face__215_208.mp4,data\raw\FaceForensics++_C23\Face2Face\215_208.mp4,1,Face2Face,c23,215_208
FaceForensics++,FaceForensics++__Face2Face__217_117.mp4,data\raw\FaceForensics++_C23\Face2Face\217_117.mp4,1,Face2Face,c23,217_117
FaceForensics++,FaceForensics++__Face2Face__219_220.mp4,data\raw\FaceForensics++_C23\Face2Face\219_220.mp4,1,Face2Face,c23,219_220
FaceForensics++,FaceForensics++__Face2Face__220_219.mp4,data\raw\FaceForensics++_C23\Face2Face\220_219.mp4,1,Face2Face,c23,220_219
FaceForensics++,FaceForensics++__Face2Face__221_206.mp4,data\raw\FaceForensics++_C23\Face2Face\221_206.mp4,1,Face2Face,c23,221_206
FaceForensics++,FaceForensics++__Face2Face__222_168.mp4,data\raw\FaceForensics++_C23\Face2Face\222_168.mp4,1,Face2Face,c23,222_168
FaceForensics++,FaceForensics++__Face2Face__223_586.mp4,data\raw\FaceForensics++_C23\Face2Face\223_586.mp4,1,Face2Face,c23,223_586
FaceForensics++,FaceForensics++__Face2Face__225_151.mp4,data\raw\FaceForensics++_C23\Face2Face\225_151.mp4,1,Face2Face,c23,225_151
FaceForensics++,FaceForensics++__Face2Face__226_491.mp4,data\raw\FaceForensics++_C23\Face2Face\226_491.mp4,1,Face2Face,c23,226_491
FaceForensics++,FaceForensics++__Face2Face__227_169.mp4,data\raw\FaceForensics++_C23\Face2Face\227_169.mp4,1,Face2Face,c23,227_169
FaceForensics++,FaceForensics++__Face2Face__228_289.mp4,data\raw\FaceForensics++_C23\Face2Face\228_289.mp4,1,Face2Face,c23,228_289
FaceForensics++,FaceForensics++__Face2Face__229_247.mp4,data\raw\FaceForensics++_C23\Face2Face\229_247.mp4,1,Face2Face,c23,229_247
FaceForensics++,FaceForensics++__Face2Face__230_204.mp4,data\raw\FaceForensics++_C23\Face2Face\230_204.mp4,1,Face2Face,c23,230_204
FaceForensics++,FaceForensics++__Face2Face__231_663.mp4,data\raw\FaceForensics++_C23\Face2Face\231_663.mp4,1,Face2Face,c23,231_663
FaceForensics++,FaceForensics++__Face2Face__232_248.mp4,data\raw\FaceForensics++_C23\Face2Face\232_248.mp4,1,Face2Face,c23,232_248
FaceForensics++,FaceForensics++__Face2Face__233_995.mp4,data\raw\FaceForensics++_C23\Face2Face\233_995.mp4,1,Face2Face,c23,233_995
FaceForensics++,FaceForensics++__Face2Face__235_194.mp4,data\raw\FaceForensics++_C23\Face2Face\235_194.mp4,1,Face2Face,c23,235_194
FaceForensics++,FaceForensics++__Face2Face__236_237.mp4,data\raw\FaceForensics++_C23\Face2Face\236_237.mp4,1,Face2Face,c23,236_237
FaceForensics++,FaceForensics++__Face2Face__237_236.mp4,data\raw\FaceForensics++_C23\Face2Face\237_236.mp4,1,Face2Face,c23,237_236
FaceForensics++,FaceForensics++__Face2Face__238_282.mp4,data\raw\FaceForensics++_C23\Face2Face\238_282.mp4,1,Face2Face,c23,238_282
FaceForensics++,FaceForensics++__Face2Face__240_290.mp4,data\raw\FaceForensics++_C23\Face2Face\240_290.mp4,1,Face2Face,c23,240_290
FaceForensics++,FaceForensics++__Face2Face__241_210.mp4,data\raw\FaceForensics++_C23\Face2Face\241_210.mp4,1,Face2Face,c23,241_210
FaceForensics++,FaceForensics++__Face2Face__242_182.mp4,data\raw\FaceForensics++_C23\Face2Face\242_182.mp4,1,Face2Face,c23,242_182
FaceForensics++,FaceForensics++__Face2Face__243_156.mp4,data\raw\FaceForensics++_C23\Face2Face\243_156.mp4,1,Face2Face,c23,243_156
FaceForensics++,FaceForensics++__Face2Face__244_822.mp4,data\raw\FaceForensics++_C23\Face2Face\244_822.mp4,1,Face2Face,c23,244_822
FaceForensics++,FaceForensics++__Face2Face__245_157.mp4,data\raw\FaceForensics++_C23\Face2Face\245_157.mp4,1,Face2Face,c23,245_157
FaceForensics++,FaceForensics++__Face2Face__246_258.mp4,data\raw\FaceForensics++_C23\Face2Face\246_258.mp4,1,Face2Face,c23,246_258
FaceForensics++,FaceForensics++__Face2Face__247_229.mp4,data\raw\FaceForensics++_C23\Face2Face\247_229.mp4,1,Face2Face,c23,247_229
FaceForensics++,FaceForensics++__Face2Face__249_280.mp4,data\raw\FaceForensics++_C23\Face2Face\249_280.mp4,1,Face2Face,c23,249_280
FaceForensics++,FaceForensics++__Face2Face__250_461.mp4,data\raw\FaceForensics++_C23\Face2Face\250_461.mp4,1,Face2Face,c23,250_461
FaceForensics++,FaceForensics++__Face2Face__251_375.mp4,data\raw\FaceForensics++_C23\Face2Face\251_375.mp4,1,Face2Face,c23,251_375
FaceForensics++,FaceForensics++__Face2Face__252_266.mp4,data\raw\FaceForensics++_C23\Face2Face\252_266.mp4,1,Face2Face,c23,252_266
FaceForensics++,FaceForensics++__Face2Face__253_183.mp4,data\raw\FaceForensics++_C23\Face2Face\253_183.mp4,1,Face2Face,c23,253_183
FaceForensics++,FaceForensics++__Face2Face__255_214.mp4,data\raw\FaceForensics++_C23\Face2Face\255_214.mp4,1,Face2Face,c23,255_214
FaceForensics++,FaceForensics++__Face2Face__257_420.mp4,data\raw\FaceForensics++_C23\Face2Face\257_420.mp4,1,Face2Face,c23,257_420
FaceForensics++,FaceForensics++__Face2Face__258_246.mp4,data\raw\FaceForensics++_C23\Face2Face\258_246.mp4,1,Face2Face,c23,258_246
FaceForensics++,FaceForensics++__Face2Face__259_345.mp4,data\raw\FaceForensics++_C23\Face2Face\259_345.mp4,1,Face2Face,c23,259_345
FaceForensics++,FaceForensics++__Face2Face__260_331.mp4,data\raw\FaceForensics++_C23\Face2Face\260_331.mp4,1,Face2Face,c23,260_331
FaceForensics++,FaceForensics++__Face2Face__261_254.mp4,data\raw\FaceForensics++_C23\Face2Face\261_254.mp4,1,Face2Face,c23,261_254
FaceForensics++,FaceForensics++__Face2Face__262_301.mp4,data\raw\FaceForensics++_C23\Face2Face\262_301.mp4,1,Face2Face,c23,262_301
FaceForensics++,FaceForensics++__Face2Face__263_284.mp4,data\raw\FaceForensics++_C23\Face2Face\263_284.mp4,1,Face2Face,c23,263_284
FaceForensics++,FaceForensics++__Face2Face__264_271.mp4,data\raw\FaceForensics++_C23\Face2Face\264_271.mp4,1,Face2Face,c23,264_271
FaceForensics++,FaceForensics++__Face2Face__265_475.mp4,data\raw\FaceForensics++_C23\Face2Face\265_475.mp4,1,Face2Face,c23,265_475
FaceForensics++,FaceForensics++__Face2Face__266_252.mp4,data\raw\FaceForensics++_C23\Face2Face\266_252.mp4,1,Face2Face,c23,266_252
FaceForensics++,FaceForensics++__Face2Face__267_286.mp4,data\raw\FaceForensics++_C23\Face2Face\267_286.mp4,1,Face2Face,c23,267_286
FaceForensics++,FaceForensics++__Face2Face__268_269.mp4,data\raw\FaceForensics++_C23\Face2Face\268_269.mp4,1,Face2Face,c23,268_269
FaceForensics++,FaceForensics++__Face2Face__270_297.mp4,data\raw\FaceForensics++_C23\Face2Face\270_297.mp4,1,Face2Face,c23,270_297
FaceForensics++,FaceForensics++__Face2Face__271_264.mp4,data\raw\FaceForensics++_C23\Face2Face\271_264.mp4,1,Face2Face,c23,271_264
FaceForensics++,FaceForensics++__Face2Face__272_396.mp4,data\raw\FaceForensics++_C23\Face2Face\272_396.mp4,1,Face2Face,c23,272_396
FaceForensics++,FaceForensics++__Face2Face__273_807.mp4,data\raw\FaceForensics++_C23\Face2Face\273_807.mp4,1,Face2Face,c23,273_807
FaceForensics++,FaceForensics++__Face2Face__274_412.mp4,data\raw\FaceForensics++_C23\Face2Face\274_412.mp4,1,Face2Face,c23,274_412
FaceForensics++,FaceForensics++__Face2Face__275_887.mp4,data\raw\FaceForensics++_C23\Face2Face\275_887.mp4,1,Face2Face,c23,275_887
FaceForensics++,FaceForensics++__Face2Face__276_185.mp4,data\raw\FaceForensics++_C23\Face2Face\276_185.mp4,1,Face2Face,c23,276_185
FaceForensics++,FaceForensics++__Face2Face__278_306.mp4,data\raw\FaceForensics++_C23\Face2Face\278_306.mp4,1,Face2Face,c23,278_306
FaceForensics++,FaceForensics++__Face2Face__279_298.mp4,data\raw\FaceForensics++_C23\Face2Face\279_298.mp4,1,Face2Face,c23,279_298
FaceForensics++,FaceForensics++__Face2Face__280_249.mp4,data\raw\FaceForensics++_C23\Face2Face\280_249.mp4,1,Face2Face,c23,280_249
FaceForensics++,FaceForensics++__Face2Face__281_474.mp4,data\raw\FaceForensics++_C23\Face2Face\281_474.mp4,1,Face2Face,c23,281_474
FaceForensics++,FaceForensics++__Face2Face__282_238.mp4,data\raw\FaceForensics++_C23\Face2Face\282_238.mp4,1,Face2Face,c23,282_238
FaceForensics++,FaceForensics++__Face2Face__283_313.mp4,data\raw\FaceForensics++_C23\Face2Face\283_313.mp4,1,Face2Face,c23,283_313
FaceForensics++,FaceForensics++__Face2Face__284_263.mp4,data\raw\FaceForensics++_C23\Face2Face\284_263.mp4,1,Face2Face,c23,284_263
FaceForensics++,FaceForensics++__Face2Face__285_136.mp4,data\raw\FaceForensics++_C23\Face2Face\285_136.mp4,1,Face2Face,c23,285_136
FaceForensics++,FaceForensics++__Face2Face__286_267.mp4,data\raw\FaceForensics++_C23\Face2Face\286_267.mp4,1,Face2Face,c23,286_267
FaceForensics++,FaceForensics++__Face2Face__287_426.mp4,data\raw\FaceForensics++_C23\Face2Face\287_426.mp4,1,Face2Face,c23,287_426
FaceForensics++,FaceForensics++__Face2Face__289_228.mp4,data\raw\FaceForensics++_C23\Face2Face\289_228.mp4,1,Face2Face,c23,289_228
FaceForensics++,FaceForensics++__Face2Face__290_240.mp4,data\raw\FaceForensics++_C23\Face2Face\290_240.mp4,1,Face2Face,c23,290_240
FaceForensics++,FaceForensics++__Face2Face__291_874.mp4,data\raw\FaceForensics++_C23\Face2Face\291_874.mp4,1,Face2Face,c23,291_874
FaceForensics++,FaceForensics++__Face2Face__292_294.mp4,data\raw\FaceForensics++_C23\Face2Face\292_294.mp4,1,Face2Face,c23,292_294
FaceForensics++,FaceForensics++__Face2Face__293_296.mp4,data\raw\FaceForensics++_C23\Face2Face\293_296.mp4,1,Face2Face,c23,293_296
FaceForensics++,FaceForensics++__Face2Face__294_292.mp4,data\raw\FaceForensics++_C23\Face2Face\294_292.mp4,1,Face2Face,c23,294_292
FaceForensics++,FaceForensics++__Face2Face__295_099.mp4,data\raw\FaceForensics++_C23\Face2Face\295_099.mp4,1,Face2Face,c23,295_099
FaceForensics++,FaceForensics++__Face2Face__296_293.mp4,data\raw\FaceForensics++_C23\Face2Face\296_293.mp4,1,Face2Face,c23,296_293
FaceForensics++,FaceForensics++__Face2Face__297_270.mp4,data\raw\FaceForensics++_C23\Face2Face\297_270.mp4,1,Face2Face,c23,297_270
FaceForensics++,FaceForensics++__Face2Face__298_279.mp4,data\raw\FaceForensics++_C23\Face2Face\298_279.mp4,1,Face2Face,c23,298_279
FaceForensics++,FaceForensics++__Face2Face__300_304.mp4,data\raw\FaceForensics++_C23\Face2Face\300_304.mp4,1,Face2Face,c23,300_304
FaceForensics++,FaceForensics++__Face2Face__301_262.mp4,data\raw\FaceForensics++_C23\Face2Face\301_262.mp4,1,Face2Face,c23,301_262
FaceForensics++,FaceForensics++__Face2Face__302_323.mp4,data\raw\FaceForensics++_C23\Face2Face\302_323.mp4,1,Face2Face,c23,302_323
FaceForensics++,FaceForensics++__Face2Face__303_309.mp4,data\raw\FaceForensics++_C23\Face2Face\303_309.mp4,1,Face2Face,c23,303_309
FaceForensics++,FaceForensics++__Face2Face__304_300.mp4,data\raw\FaceForensics++_C23\Face2Face\304_300.mp4,1,Face2Face,c23,304_300
FaceForensics++,FaceForensics++__Face2Face__305_513.mp4,data\raw\FaceForensics++_C23\Face2Face\305_513.mp4,1,Face2Face,c23,305_513
FaceForensics++,FaceForensics++__Face2Face__306_278.mp4,data\raw\FaceForensics++_C23\Face2Face\306_278.mp4,1,Face2Face,c23,306_278
FaceForensics++,FaceForensics++__Face2Face__307_365.mp4,data\raw\FaceForensics++_C23\Face2Face\307_365.mp4,1,Face2Face,c23,307_365
FaceForensics++,FaceForensics++__Face2Face__308_388.mp4,data\raw\FaceForensics++_C23\Face2Face\308_388.mp4,1,Face2Face,c23,308_388
FaceForensics++,FaceForensics++__Face2Face__309_303.mp4,data\raw\FaceForensics++_C23\Face2Face\309_303.mp4,1,Face2Face,c23,309_303
FaceForensics++,FaceForensics++__Face2Face__311_387.mp4,data\raw\FaceForensics++_C23\Face2Face\311_387.mp4,1,Face2Face,c23,311_387
FaceForensics++,FaceForensics++__Face2Face__312_021.mp4,data\raw\FaceForensics++_C23\Face2Face\312_021.mp4,1,Face2Face,c23,312_021
FaceForensics++,FaceForensics++__Face2Face__313_283.mp4,data\raw\FaceForensics++_C23\Face2Face\313_283.mp4,1,Face2Face,c23,313_283
FaceForensics++,FaceForensics++__Face2Face__314_347.mp4,data\raw\FaceForensics++_C23\Face2Face\314_347.mp4,1,Face2Face,c23,314_347
FaceForensics++,FaceForensics++__Face2Face__315_322.mp4,data\raw\FaceForensics++_C23\Face2Face\315_322.mp4,1,Face2Face,c23,315_322
FaceForensics++,FaceForensics++__Face2Face__316_369.mp4,data\raw\FaceForensics++_C23\Face2Face\316_369.mp4,1,Face2Face,c23,316_369
FaceForensics++,FaceForensics++__Face2Face__319_352.mp4,data\raw\FaceForensics++_C23\Face2Face\319_352.mp4,1,Face2Face,c23,319_352
FaceForensics++,FaceForensics++__Face2Face__320_328.mp4,data\raw\FaceForensics++_C23\Face2Face\320_328.mp4,1,Face2Face,c23,320_328
FaceForensics++,FaceForensics++__Face2Face__322_315.mp4,data\raw\FaceForensics++_C23\Face2Face\322_315.mp4,1,Face2Face,c23,322_315
FaceForensics++,FaceForensics++__Face2Face__323_302.mp4,data\raw\FaceForensics++_C23\Face2Face\323_302.mp4,1,Face2Face,c23,323_302
FaceForensics++,FaceForensics++__Face2Face__325_492.mp4,data\raw\FaceForensics++_C23\Face2Face\325_492.mp4,1,Face2Face,c23,325_492
FaceForensics++,FaceForensics++__Face2Face__327_329.mp4,data\raw\FaceForensics++_C23\Face2Face\327_329.mp4,1,Face2Face,c23,327_329
FaceForensics++,FaceForensics++__Face2Face__328_320.mp4,data\raw\FaceForensics++_C23\Face2Face\328_320.mp4,1,Face2Face,c23,328_320
FaceForensics++,FaceForensics++__Face2Face__329_327.mp4,data\raw\FaceForensics++_C23\Face2Face\329_327.mp4,1,Face2Face,c23,329_327
FaceForensics++,FaceForensics++__Face2Face__330_162.mp4,data\raw\FaceForensics++_C23\Face2Face\330_162.mp4,1,Face2Face,c23,330_162
FaceForensics++,FaceForensics++__Face2Face__332_051.mp4,data\raw\FaceForensics++_C23\Face2Face\332_051.mp4,1,Face2Face,c23,332_051
FaceForensics++,FaceForensics++__Face2Face__334_318.mp4,data\raw\FaceForensics++_C23\Face2Face\334_318.mp4,1,Face2Face,c23,334_318
FaceForensics++,FaceForensics++__Face2Face__335_277.mp4,data\raw\FaceForensics++_C23\Face2Face\335_277.mp4,1,Face2Face,c23,335_277
FaceForensics++,FaceForensics++__Face2Face__336_338.mp4,data\raw\FaceForensics++_C23\Face2Face\336_338.mp4,1,Face2Face,c23,336_338
FaceForensics++,FaceForensics++__Face2Face__337_522.mp4,data\raw\FaceForensics++_C23\Face2Face\337_522.mp4,1,Face2Face,c23,337_522
FaceForensics++,FaceForensics++__Face2Face__338_336.mp4,data\raw\FaceForensics++_C23\Face2Face\338_336.mp4,1,Face2Face,c23,338_336
FaceForensics++,FaceForensics++__Face2Face__339_392.mp4,data\raw\FaceForensics++_C23\Face2Face\339_392.mp4,1,Face2Face,c23,339_392
FaceForensics++,FaceForensics++__Face2Face__340_341.mp4,data\raw\FaceForensics++_C23\Face2Face\340_341.mp4,1,Face2Face,c23,340_341
FaceForensics++,FaceForensics++__Face2Face__342_416.mp4,data\raw\FaceForensics++_C23\Face2Face\342_416.mp4,1,Face2Face,c23,342_416
FaceForensics++,FaceForensics++__Face2Face__343_363.mp4,data\raw\FaceForensics++_C23\Face2Face\343_363.mp4,1,Face2Face,c23,343_363
FaceForensics++,FaceForensics++__Face2Face__344_020.mp4,data\raw\FaceForensics++_C23\Face2Face\344_020.mp4,1,Face2Face,c23,344_020
FaceForensics++,FaceForensics++__Face2Face__345_259.mp4,data\raw\FaceForensics++_C23\Face2Face\345_259.mp4,1,Face2Face,c23,345_259
FaceForensics++,FaceForensics++__Face2Face__346_351.mp4,data\raw\FaceForensics++_C23\Face2Face\346_351.mp4,1,Face2Face,c23,346_351
FaceForensics++,FaceForensics++__Face2Face__347_314.mp4,data\raw\FaceForensics++_C23\Face2Face\347_314.mp4,1,Face2Face,c23,347_314
FaceForensics++,FaceForensics++__Face2Face__349_350.mp4,data\raw\FaceForensics++_C23\Face2Face\349_350.mp4,1,Face2Face,c23,349_350
FaceForensics++,FaceForensics++__Face2Face__350_349.mp4,data\raw\FaceForensics++_C23\Face2Face\350_349.mp4,1,Face2Face,c23,350_349
FaceForensics++,FaceForensics++__Face2Face__351_346.mp4,data\raw\FaceForensics++_C23\Face2Face\351_346.mp4,1,Face2Face,c23,351_346
FaceForensics++,FaceForensics++__Face2Face__352_319.mp4,data\raw\FaceForensics++_C23\Face2Face\352_319.mp4,1,Face2Face,c23,352_319
FaceForensics++,FaceForensics++__Face2Face__353_383.mp4,data\raw\FaceForensics++_C23\Face2Face\353_383.mp4,1,Face2Face,c23,353_383
FaceForensics++,FaceForensics++__Face2Face__354_362.mp4,data\raw\FaceForensics++_C23\Face2Face\354_362.mp4,1,Face2Face,c23,354_362
FaceForensics++,FaceForensics++__Face2Face__355_748.mp4,data\raw\FaceForensics++_C23\Face2Face\355_748.mp4,1,Face2Face,c23,355_748
FaceForensics++,FaceForensics++__Face2Face__356_324.mp4,data\raw\FaceForensics++_C23\Face2Face\356_324.mp4,1,Face2Face,c23,356_324
FaceForensics++,FaceForensics++__Face2Face__357_432.mp4,data\raw\FaceForensics++_C23\Face2Face\357_432.mp4,1,Face2Face,c23,357_432
FaceForensics++,FaceForensics++__Face2Face__359_317.mp4,data\raw\FaceForensics++_C23\Face2Face\359_317.mp4,1,Face2Face,c23,359_317
FaceForensics++,FaceForensics++__Face2Face__360_437.mp4,data\raw\FaceForensics++_C23\Face2Face\360_437.mp4,1,Face2Face,c23,360_437
FaceForensics++,FaceForensics++__Face2Face__361_448.mp4,data\raw\FaceForensics++_C23\Face2Face\361_448.mp4,1,Face2Face,c23,361_448
FaceForensics++,FaceForensics++__Face2Face__362_354.mp4,data\raw\FaceForensics++_C23\Face2Face\362_354.mp4,1,Face2Face,c23,362_354
FaceForensics++,FaceForensics++__Face2Face__363_343.mp4,data\raw\FaceForensics++_C23\Face2Face\363_343.mp4,1,Face2Face,c23,363_343
FaceForensics++,FaceForensics++__Face2Face__367_371.mp4,data\raw\FaceForensics++_C23\Face2Face\367_371.mp4,1,Face2Face,c23,367_371
FaceForensics++,FaceForensics++__Face2Face__368_378.mp4,data\raw\FaceForensics++_C23\Face2Face\368_378.mp4,1,Face2Face,c23,368_378
FaceForensics++,FaceForensics++__Face2Face__369_316.mp4,data\raw\FaceForensics++_C23\Face2Face\369_316.mp4,1,Face2Face,c23,369_316
FaceForensics++,FaceForensics++__Face2Face__371_367.mp4,data\raw\FaceForensics++_C23\Face2Face\371_367.mp4,1,Face2Face,c23,371_367
FaceForensics++,FaceForensics++__Face2Face__372_413.mp4,data\raw\FaceForensics++_C23\Face2Face\372_413.mp4,1,Face2Face,c23,372_413
FaceForensics++,FaceForensics++__Face2Face__374_407.mp4,data\raw\FaceForensics++_C23\Face2Face\374_407.mp4,1,Face2Face,c23,374_407
FaceForensics++,FaceForensics++__Face2Face__376_381.mp4,data\raw\FaceForensics++_C23\Face2Face\376_381.mp4,1,Face2Face,c23,376_381
FaceForensics++,FaceForensics++__Face2Face__377_333.mp4,data\raw\FaceForensics++_C23\Face2Face\377_333.mp4,1,Face2Face,c23,377_333
FaceForensics++,FaceForensics++__Face2Face__378_368.mp4,data\raw\FaceForensics++_C23\Face2Face\378_368.mp4,1,Face2Face,c23,378_368
FaceForensics++,FaceForensics++__Face2Face__379_158.mp4,data\raw\FaceForensics++_C23\Face2Face\379_158.mp4,1,Face2Face,c23,379_158
FaceForensics++,FaceForensics++__Face2Face__380_358.mp4,data\raw\FaceForensics++_C23\Face2Face\380_358.mp4,1,Face2Face,c23,380_358
FaceForensics++,FaceForensics++__Face2Face__381_376.mp4,data\raw\FaceForensics++_C23\Face2Face\381_376.mp4,1,Face2Face,c23,381_376
FaceForensics++,FaceForensics++__Face2Face__383_353.mp4,data\raw\FaceForensics++_C23\Face2Face\383_353.mp4,1,Face2Face,c23,383_353
FaceForensics++,FaceForensics++__Face2Face__384_932.mp4,data\raw\FaceForensics++_C23\Face2Face\384_932.mp4,1,Face2Face,c23,384_932
FaceForensics++,FaceForensics++__Face2Face__385_414.mp4,data\raw\FaceForensics++_C23\Face2Face\385_414.mp4,1,Face2Face,c23,385_414
FaceForensics++,FaceForensics++__Face2Face__386_154.mp4,data\raw\FaceForensics++_C23\Face2Face\386_154.mp4,1,Face2Face,c23,386_154
FaceForensics++,FaceForensics++__Face2Face__387_311.mp4,data\raw\FaceForensics++_C23\Face2Face\387_311.mp4,1,Face2Face,c23,387_311
FaceForensics++,FaceForensics++__Face2Face__388_308.mp4,data\raw\FaceForensics++_C23\Face2Face\388_308.mp4,1,Face2Face,c23,388_308
FaceForensics++,FaceForensics++__Face2Face__390_709.mp4,data\raw\FaceForensics++_C23\Face2Face\390_709.mp4,1,Face2Face,c23,390_709
FaceForensics++,FaceForensics++__Face2Face__391_406.mp4,data\raw\FaceForensics++_C23\Face2Face\391_406.mp4,1,Face2Face,c23,391_406
FaceForensics++,FaceForensics++__Face2Face__392_339.mp4,data\raw\FaceForensics++_C23\Face2Face\392_339.mp4,1,Face2Face,c23,392_339
FaceForensics++,FaceForensics++__Face2Face__394_373.mp4,data\raw\FaceForensics++_C23\Face2Face\394_373.mp4,1,Face2Face,c23,394_373
FaceForensics++,FaceForensics++__Face2Face__395_401.mp4,data\raw\FaceForensics++_C23\Face2Face\395_401.mp4,1,Face2Face,c23,395_401
FaceForensics++,FaceForensics++__Face2Face__396_272.mp4,data\raw\FaceForensics++_C23\Face2Face\396_272.mp4,1,Face2Face,c23,396_272
FaceForensics++,FaceForensics++__Face2Face__397_602.mp4,data\raw\FaceForensics++_C23\Face2Face\397_602.mp4,1,Face2Face,c23,397_602
FaceForensics++,FaceForensics++__Face2Face__398_457.mp4,data\raw\FaceForensics++_C23\Face2Face\398_457.mp4,1,Face2Face,c23,398_457
FaceForensics++,FaceForensics++__Face2Face__399_488.mp4,data\raw\FaceForensics++_C23\Face2Face\399_488.mp4,1,Face2Face,c23,399_488
FaceForensics++,FaceForensics++__Face2Face__401_395.mp4,data\raw\FaceForensics++_C23\Face2Face\401_395.mp4,1,Face2Face,c23,401_395
FaceForensics++,FaceForensics++__Face2Face__402_453.mp4,data\raw\FaceForensics++_C23\Face2Face\402_453.mp4,1,Face2Face,c23,402_453
FaceForensics++,FaceForensics++__Face2Face__403_497.mp4,data\raw\FaceForensics++_C23\Face2Face\403_497.mp4,1,Face2Face,c23,403_497
FaceForensics++,FaceForensics++__Face2Face__406_391.mp4,data\raw\FaceForensics++_C23\Face2Face\406_391.mp4,1,Face2Face,c23,406_391
FaceForensics++,FaceForensics++__Face2Face__408_424.mp4,data\raw\FaceForensics++_C23\Face2Face\408_424.mp4,1,Face2Face,c23,408_424
FaceForensics++,FaceForensics++__Face2Face__409_382.mp4,data\raw\FaceForensics++_C23\Face2Face\409_382.mp4,1,Face2Face,c23,409_382
FaceForensics++,FaceForensics++__Face2Face__410_411.mp4,data\raw\FaceForensics++_C23\Face2Face\410_411.mp4,1,Face2Face,c23,410_411
FaceForensics++,FaceForensics++__Face2Face__411_410.mp4,data\raw\FaceForensics++_C23\Face2Face\411_410.mp4,1,Face2Face,c23,411_410
FaceForensics++,FaceForensics++__Face2Face__412_274.mp4,data\raw\FaceForensics++_C23\Face2Face\412_274.mp4,1,Face2Face,c23,412_274
FaceForensics++,FaceForensics++__Face2Face__413_372.mp4,data\raw\FaceForensics++_C23\Face2Face\413_372.mp4,1,Face2Face,c23,413_372
FaceForensics++,FaceForensics++__Face2Face__414_385.mp4,data\raw\FaceForensics++_C23\Face2Face\414_385.mp4,1,Face2Face,c23,414_385
FaceForensics++,FaceForensics++__Face2Face__415_484.mp4,data\raw\FaceForensics++_C23\Face2Face\415_484.mp4,1,Face2Face,c23,415_484
FaceForensics++,FaceForensics++__Face2Face__416_342.mp4,data\raw\FaceForensics++_C23\Face2Face\416_342.mp4,1,Face2Face,c23,416_342
FaceForensics++,FaceForensics++__Face2Face__417_496.mp4,data\raw\FaceForensics++_C23\Face2Face\417_496.mp4,1,Face2Face,c23,417_496
FaceForensics++,FaceForensics++__Face2Face__420_257.mp4,data\raw\FaceForensics++_C23\Face2Face\420_257.mp4,1,Face2Face,c23,420_257
FaceForensics++,FaceForensics++__Face2Face__422_695.mp4,data\raw\FaceForensics++_C23\Face2Face\422_695.mp4,1,Face2Face,c23,422_695
FaceForensics++,FaceForensics++__Face2Face__423_421.mp4,data\raw\FaceForensics++_C23\Face2Face\423_421.mp4,1,Face2Face,c23,423_421
FaceForensics++,FaceForensics++__Face2Face__425_485.mp4,data\raw\FaceForensics++_C23\Face2Face\425_485.mp4,1,Face2Face,c23,425_485
FaceForensics++,FaceForensics++__Face2Face__426_287.mp4,data\raw\FaceForensics++_C23\Face2Face\426_287.mp4,1,Face2Face,c23,426_287
FaceForensics++,FaceForensics++__Face2Face__427_637.mp4,data\raw\FaceForensics++_C23\Face2Face\427_637.mp4,1,Face2Face,c23,427_637
FaceForensics++,FaceForensics++__Face2Face__429_404.mp4,data\raw\FaceForensics++_C23\Face2Face\429_404.mp4,1,Face2Face,c23,429_404
FaceForensics++,FaceForensics++__Face2Face__430_459.mp4,data\raw\FaceForensics++_C23\Face2Face\430_459.mp4,1,Face2Face,c23,430_459
FaceForensics++,FaceForensics++__Face2Face__433_498.mp4,data\raw\FaceForensics++_C23\Face2Face\433_498.mp4,1,Face2Face,c23,433_498
FaceForensics++,FaceForensics++__Face2Face__435_456.mp4,data\raw\FaceForensics++_C23\Face2Face\435_456.mp4,1,Face2Face,c23,435_456
FaceForensics++,FaceForensics++__Face2Face__436_526.mp4,data\raw\FaceForensics++_C23\Face2Face\436_526.mp4,1,Face2Face,c23,436_526
FaceForensics++,FaceForensics++__Face2Face__437_360.mp4,data\raw\FaceForensics++_C23\Face2Face\437_360.mp4,1,Face2Face,c23,437_360
FaceForensics++,FaceForensics++__Face2Face__441_439.mp4,data\raw\FaceForensics++_C23\Face2Face\441_439.mp4,1,Face2Face,c23,441_439
FaceForensics++,FaceForensics++__Face2Face__443_514.mp4,data\raw\FaceForensics++_C23\Face2Face\443_514.mp4,1,Face2Face,c23,443_514
FaceForensics++,FaceForensics++__Face2Face__444_655.mp4,data\raw\FaceForensics++_C23\Face2Face\444_655.mp4,1,Face2Face,c23,444_655
FaceForensics++,FaceForensics++__Face2Face__445_494.mp4,data\raw\FaceForensics++_C23\Face2Face\445_494.mp4,1,Face2Face,c23,445_494
FaceForensics++,FaceForensics++__Face2Face__447_431.mp4,data\raw\FaceForensics++_C23\Face2Face\447_431.mp4,1,Face2Face,c23,447_431
FaceForensics++,FaceForensics++__Face2Face__448_361.mp4,data\raw\FaceForensics++_C23\Face2Face\448_361.mp4,1,Face2Face,c23,448_361
FaceForensics++,FaceForensics++__Face2Face__449_451.mp4,data\raw\FaceForensics++_C23\Face2Face\449_451.mp4,1,Face2Face,c23,449_451
FaceForensics++,FaceForensics++__Face2Face__450_533.mp4,data\raw\FaceForensics++_C23\Face2Face\450_533.mp4,1,Face2Face,c23,450_533
FaceForensics++,FaceForensics++__Face2Face__452_550.mp4,data\raw\FaceForensics++_C23\Face2Face\452_550.mp4,1,Face2Face,c23,452_550
FaceForensics++,FaceForensics++__Face2Face__453_402.mp4,data\raw\FaceForensics++_C23\Face2Face\453_402.mp4,1,Face2Face,c23,453_402
FaceForensics++,FaceForensics++__Face2Face__454_527.mp4,data\raw\FaceForensics++_C23\Face2Face\454_527.mp4,1,Face2Face,c23,454_527
FaceForensics++,FaceForensics++__Face2Face__455_471.mp4,data\raw\FaceForensics++_C23\Face2Face\455_471.mp4,1,Face2Face,c23,455_471
FaceForensics++,FaceForensics++__Face2Face__456_435.mp4,data\raw\FaceForensics++_C23\Face2Face\456_435.mp4,1,Face2Face,c23,456_435
FaceForensics++,FaceForensics++__Face2Face__457_398.mp4,data\raw\FaceForensics++_C23\Face2Face\457_398.mp4,1,Face2Face,c23,457_398
FaceForensics++,FaceForensics++__Face2Face__459_430.mp4,data\raw\FaceForensics++_C23\Face2Face\459_430.mp4,1,Face2Face,c23,459_430
FaceForensics++,FaceForensics++__Face2Face__460_678.mp4,data\raw\FaceForensics++_C23\Face2Face\460_678.mp4,1,Face2Face,c23,460_678
FaceForensics++,FaceForensics++__Face2Face__461_250.mp4,data\raw\FaceForensics++_C23\Face2Face\461_250.mp4,1,Face2Face,c23,461_250
FaceForensics++,FaceForensics++__Face2Face__462_467.mp4,data\raw\FaceForensics++_C23\Face2Face\462_467.mp4,1,Face2Face,c23,462_467
FaceForensics++,FaceForensics++__Face2Face__464_463.mp4,data\raw\FaceForensics++_C23\Face2Face\464_463.mp4,1,Face2Face,c23,464_463
FaceForensics++,FaceForensics++__Face2Face__465_482.mp4,data\raw\FaceForensics++_C23\Face2Face\465_482.mp4,1,Face2Face,c23,465_482
FaceForensics++,FaceForensics++__Face2Face__466_428.mp4,data\raw\FaceForensics++_C23\Face2Face\466_428.mp4,1,Face2Face,c23,466_428
FaceForensics++,FaceForensics++__Face2Face__467_462.mp4,data\raw\FaceForensics++_C23\Face2Face\467_462.mp4,1,Face2Face,c23,467_462
FaceForensics++,FaceForensics++__Face2Face__469_481.mp4,data\raw\FaceForensics++_C23\Face2Face\469_481.mp4,1,Face2Face,c23,469_481
FaceForensics++,FaceForensics++__Face2Face__470_468.mp4,data\raw\FaceForensics++_C23\Face2Face\470_468.mp4,1,Face2Face,c23,470_468
FaceForensics++,FaceForensics++__Face2Face__471_455.mp4,data\raw\FaceForensics++_C23\Face2Face\471_455.mp4,1,Face2Face,c23,471_455
FaceForensics++,FaceForensics++__Face2Face__472_511.mp4,data\raw\FaceForensics++_C23\Face2Face\472_511.mp4,1,Face2Face,c23,472_511
FaceForensics++,FaceForensics++__Face2Face__473_366.mp4,data\raw\FaceForensics++_C23\Face2Face\473_366.mp4,1,Face2Face,c23,473_366
FaceForensics++,FaceForensics++__Face2Face__474_281.mp4,data\raw\FaceForensics++_C23\Face2Face\474_281.mp4,1,Face2Face,c23,474_281
FaceForensics++,FaceForensics++__Face2Face__475_265.mp4,data\raw\FaceForensics++_C23\Face2Face\475_265.mp4,1,Face2Face,c23,475_265
FaceForensics++,FaceForensics++__Face2Face__476_400.mp4,data\raw\FaceForensics++_C23\Face2Face\476_400.mp4,1,Face2Face,c23,476_400
FaceForensics++,FaceForensics++__Face2Face__477_487.mp4,data\raw\FaceForensics++_C23\Face2Face\477_487.mp4,1,Face2Face,c23,477_487
FaceForensics++,FaceForensics++__Face2Face__478_506.mp4,data\raw\FaceForensics++_C23\Face2Face\478_506.mp4,1,Face2Face,c23,478_506
FaceForensics++,FaceForensics++__Face2Face__479_706.mp4,data\raw\FaceForensics++_C23\Face2Face\479_706.mp4,1,Face2Face,c23,479_706
FaceForensics++,FaceForensics++__Face2Face__480_389.mp4,data\raw\FaceForensics++_C23\Face2Face\480_389.mp4,1,Face2Face,c23,480_389
FaceForensics++,FaceForensics++__Face2Face__481_469.mp4,data\raw\FaceForensics++_C23\Face2Face\481_469.mp4,1,Face2Face,c23,481_469
FaceForensics++,FaceForensics++__Face2Face__482_465.mp4,data\raw\FaceForensics++_C23\Face2Face\482_465.mp4,1,Face2Face,c23,482_465
FaceForensics++,FaceForensics++__Face2Face__483_370.mp4,data\raw\FaceForensics++_C23\Face2Face\483_370.mp4,1,Face2Face,c23,483_370
FaceForensics++,FaceForensics++__Face2Face__484_415.mp4,data\raw\FaceForensics++_C23\Face2Face\484_415.mp4,1,Face2Face,c23,484_415
FaceForensics++,FaceForensics++__Face2Face__486_680.mp4,data\raw\FaceForensics++_C23\Face2Face\486_680.mp4,1,Face2Face,c23,486_680
FaceForensics++,FaceForensics++__Face2Face__487_477.mp4,data\raw\FaceForensics++_C23\Face2Face\487_477.mp4,1,Face2Face,c23,487_477
FaceForensics++,FaceForensics++__Face2Face__488_399.mp4,data\raw\FaceForensics++_C23\Face2Face\488_399.mp4,1,Face2Face,c23,488_399
FaceForensics++,FaceForensics++__Face2Face__489_022.mp4,data\raw\FaceForensics++_C23\Face2Face\489_022.mp4,1,Face2Face,c23,489_022
FaceForensics++,FaceForensics++__Face2Face__490_534.mp4,data\raw\FaceForensics++_C23\Face2Face\490_534.mp4,1,Face2Face,c23,490_534
FaceForensics++,FaceForensics++__Face2Face__491_226.mp4,data\raw\FaceForensics++_C23\Face2Face\491_226.mp4,1,Face2Face,c23,491_226
FaceForensics++,FaceForensics++__Face2Face__492_325.mp4,data\raw\FaceForensics++_C23\Face2Face\492_325.mp4,1,Face2Face,c23,492_325
FaceForensics++,FaceForensics++__Face2Face__493_538.mp4,data\raw\FaceForensics++_C23\Face2Face\493_538.mp4,1,Face2Face,c23,493_538
FaceForensics++,FaceForensics++__Face2Face__495_512.mp4,data\raw\FaceForensics++_C23\Face2Face\495_512.mp4,1,Face2Face,c23,495_512
FaceForensics++,FaceForensics++__Face2Face__497_403.mp4,data\raw\FaceForensics++_C23\Face2Face\497_403.mp4,1,Face2Face,c23,497_403
FaceForensics++,FaceForensics++__Face2Face__498_433.mp4,data\raw\FaceForensics++_C23\Face2Face\498_433.mp4,1,Face2Face,c23,498_433
FaceForensics++,FaceForensics++__Face2Face__499_539.mp4,data\raw\FaceForensics++_C23\Face2Face\499_539.mp4,1,Face2Face,c23,499_539
FaceForensics++,FaceForensics++__Face2Face__501_326.mp4,data\raw\FaceForensics++_C23\Face2Face\501_326.mp4,1,Face2Face,c23,501_326
FaceForensics++,FaceForensics++__Face2Face__502_504.mp4,data\raw\FaceForensics++_C23\Face2Face\502_504.mp4,1,Face2Face,c23,502_504
FaceForensics++,FaceForensics++__Face2Face__503_756.mp4,data\raw\FaceForensics++_C23\Face2Face\503_756.mp4,1,Face2Face,c23,503_756
FaceForensics++,FaceForensics++__Face2Face__504_502.mp4,data\raw\FaceForensics++_C23\Face2Face\504_502.mp4,1,Face2Face,c23,504_502
FaceForensics++,FaceForensics++__Face2Face__505_600.mp4,data\raw\FaceForensics++_C23\Face2Face\505_600.mp4,1,Face2Face,c23,505_600
FaceForensics++,FaceForensics++__Face2Face__506_478.mp4,data\raw\FaceForensics++_C23\Face2Face\506_478.mp4,1,Face2Face,c23,506_478
FaceForensics++,FaceForensics++__Face2Face__507_418.mp4,data\raw\FaceForensics++_C23\Face2Face\507_418.mp4,1,Face2Face,c23,507_418
FaceForensics++,FaceForensics++__Face2Face__508_831.mp4,data\raw\FaceForensics++_C23\Face2Face\508_831.mp4,1,Face2Face,c23,508_831
FaceForensics++,FaceForensics++__Face2Face__509_525.mp4,data\raw\FaceForensics++_C23\Face2Face\509_525.mp4,1,Face2Face,c23,509_525
FaceForensics++,FaceForensics++__Face2Face__511_472.mp4,data\raw\FaceForensics++_C23\Face2Face\511_472.mp4,1,Face2Face,c23,511_472
FaceForensics++,FaceForensics++__Face2Face__512_495.mp4,data\raw\FaceForensics++_C23\Face2Face\512_495.mp4,1,Face2Face,c23,512_495
FaceForensics++,FaceForensics++__Face2Face__513_305.mp4,data\raw\FaceForensics++_C23\Face2Face\513_305.mp4,1,Face2Face,c23,513_305
FaceForensics++,FaceForensics++__Face2Face__514_443.mp4,data\raw\FaceForensics++_C23\Face2Face\514_443.mp4,1,Face2Face,c23,514_443
FaceForensics++,FaceForensics++__Face2Face__515_519.mp4,data\raw\FaceForensics++_C23\Face2Face\515_519.mp4,1,Face2Face,c23,515_519
FaceForensics++,FaceForensics++__Face2Face__516_555.mp4,data\raw\FaceForensics++_C23\Face2Face\516_555.mp4,1,Face2Face,c23,516_555
FaceForensics++,FaceForensics++__Face2Face__517_521.mp4,data\raw\FaceForensics++_C23\Face2Face\517_521.mp4,1,Face2Face,c23,517_521
FaceForensics++,FaceForensics++__Face2Face__518_131.mp4,data\raw\FaceForensics++_C23\Face2Face\518_131.mp4,1,Face2Face,c23,518_131
FaceForensics++,FaceForensics++__Face2Face__519_515.mp4,data\raw\FaceForensics++_C23\Face2Face\519_515.mp4,1,Face2Face,c23,519_515
FaceForensics++,FaceForensics++__Face2Face__520_542.mp4,data\raw\FaceForensics++_C23\Face2Face\520_542.mp4,1,Face2Face,c23,520_542
FaceForensics++,FaceForensics++__Face2Face__521_517.mp4,data\raw\FaceForensics++_C23\Face2Face\521_517.mp4,1,Face2Face,c23,521_517
FaceForensics++,FaceForensics++__Face2Face__522_337.mp4,data\raw\FaceForensics++_C23\Face2Face\522_337.mp4,1,Face2Face,c23,522_337
FaceForensics++,FaceForensics++__Face2Face__523_541.mp4,data\raw\FaceForensics++_C23\Face2Face\523_541.mp4,1,Face2Face,c23,523_541
FaceForensics++,FaceForensics++__Face2Face__524_580.mp4,data\raw\FaceForensics++_C23\Face2Face\524_580.mp4,1,Face2Face,c23,524_580
FaceForensics++,FaceForensics++__Face2Face__525_509.mp4,data\raw\FaceForensics++_C23\Face2Face\525_509.mp4,1,Face2Face,c23,525_509
FaceForensics++,FaceForensics++__Face2Face__526_436.mp4,data\raw\FaceForensics++_C23\Face2Face\526_436.mp4,1,Face2Face,c23,526_436
FaceForensics++,FaceForensics++__Face2Face__527_454.mp4,data\raw\FaceForensics++_C23\Face2Face\527_454.mp4,1,Face2Face,c23,527_454
FaceForensics++,FaceForensics++__Face2Face__528_510.mp4,data\raw\FaceForensics++_C23\Face2Face\528_510.mp4,1,Face2Face,c23,528_510
FaceForensics++,FaceForensics++__Face2Face__530_594.mp4,data\raw\FaceForensics++_C23\Face2Face\530_594.mp4,1,Face2Face,c23,530_594
FaceForensics++,FaceForensics++__Face2Face__531_549.mp4,data\raw\FaceForensics++_C23\Face2Face\531_549.mp4,1,Face2Face,c23,531_549
FaceForensics++,FaceForensics++__Face2Face__532_544.mp4,data\raw\FaceForensics++_C23\Face2Face\532_544.mp4,1,Face2Face,c23,532_544
FaceForensics++,FaceForensics++__Face2Face__535_587.mp4,data\raw\FaceForensics++_C23\Face2Face\535_587.mp4,1,Face2Face,c23,535_587
FaceForensics++,FaceForensics++__Face2Face__536_540.mp4,data\raw\FaceForensics++_C23\Face2Face\536_540.mp4,1,Face2Face,c23,536_540
FaceForensics++,FaceForensics++__Face2Face__537_563.mp4,data\raw\FaceForensics++_C23\Face2Face\537_563.mp4,1,Face2Face,c23,537_563
FaceForensics++,FaceForensics++__Face2Face__540_536.mp4,data\raw\FaceForensics++_C23\Face2Face\540_536.mp4,1,Face2Face,c23,540_536
FaceForensics++,FaceForensics++__Face2Face__541_523.mp4,data\raw\FaceForensics++_C23\Face2Face\541_523.mp4,1,Face2Face,c23,541_523
FaceForensics++,FaceForensics++__Face2Face__542_520.mp4,data\raw\FaceForensics++_C23\Face2Face\542_520.mp4,1,Face2Face,c23,542_520
FaceForensics++,FaceForensics++__Face2Face__544_532.mp4,data\raw\FaceForensics++_C23\Face2Face\544_532.mp4,1,Face2Face,c23,544_532
FaceForensics++,FaceForensics++__Face2Face__545_553.mp4,data\raw\FaceForensics++_C23\Face2Face\545_553.mp4,1,Face2Face,c23,545_553
FaceForensics++,FaceForensics++__Face2Face__547_574.mp4,data\raw\FaceForensics++_C23\Face2Face\547_574.mp4,1,Face2Face,c23,547_574
FaceForensics++,FaceForensics++__Face2Face__548_632.mp4,data\raw\FaceForensics++_C23\Face2Face\548_632.mp4,1,Face2Face,c23,548_632
FaceForensics++,FaceForensics++__Face2Face__549_531.mp4,data\raw\FaceForensics++_C23\Face2Face\549_531.mp4,1,Face2Face,c23,549_531
FaceForensics++,FaceForensics++__Face2Face__550_452.mp4,data\raw\FaceForensics++_C23\Face2Face\550_452.mp4,1,Face2Face,c23,550_452
FaceForensics++,FaceForensics++__Face2Face__551_631.mp4,data\raw\FaceForensics++_C23\Face2Face\551_631.mp4,1,Face2Face,c23,551_631
FaceForensics++,FaceForensics++__Face2Face__553_545.mp4,data\raw\FaceForensics++_C23\Face2Face\553_545.mp4,1,Face2Face,c23,553_545
FaceForensics++,FaceForensics++__Face2Face__554_572.mp4,data\raw\FaceForensics++_C23\Face2Face\554_572.mp4,1,Face2Face,c23,554_572
FaceForensics++,FaceForensics++__Face2Face__556_588.mp4,data\raw\FaceForensics++_C23\Face2Face\556_588.mp4,1,Face2Face,c23,556_588
FaceForensics++,FaceForensics++__Face2Face__557_560.mp4,data\raw\FaceForensics++_C23\Face2Face\557_560.mp4,1,Face2Face,c23,557_560
FaceForensics++,FaceForensics++__Face2Face__558_583.mp4,data\raw\FaceForensics++_C23\Face2Face\558_583.mp4,1,Face2Face,c23,558_583
FaceForensics++,FaceForensics++__Face2Face__561_998.mp4,data\raw\FaceForensics++_C23\Face2Face\561_998.mp4,1,Face2Face,c23,561_998
FaceForensics++,FaceForensics++__Face2Face__562_626.mp4,data\raw\FaceForensics++_C23\Face2Face\562_626.mp4,1,Face2Face,c23,562_626
FaceForensics++,FaceForensics++__Face2Face__563_537.mp4,data\raw\FaceForensics++_C23\Face2Face\563_537.mp4,1,Face2Face,c23,563_537
FaceForensics++,FaceForensics++__Face2Face__565_589.mp4,data\raw\FaceForensics++_C23\Face2Face\565_589.mp4,1,Face2Face,c23,565_589
FaceForensics++,FaceForensics++__Face2Face__566_617.mp4,data\raw\FaceForensics++_C23\Face2Face\566_617.mp4,1,Face2Face,c23,566_617
FaceForensics++,FaceForensics++__Face2Face__568_628.mp4,data\raw\FaceForensics++_C23\Face2Face\568_628.mp4,1,Face2Face,c23,568_628
FaceForensics++,FaceForensics++__Face2Face__569_921.mp4,data\raw\FaceForensics++_C23\Face2Face\569_921.mp4,1,Face2Face,c23,569_921
FaceForensics++,FaceForensics++__Face2Face__571_746.mp4,data\raw\FaceForensics++_C23\Face2Face\571_746.mp4,1,Face2Face,c23,571_746
FaceForensics++,FaceForensics++__Face2Face__572_554.mp4,data\raw\FaceForensics++_C23\Face2Face\572_554.mp4,1,Face2Face,c23,572_554
FaceForensics++,FaceForensics++__Face2Face__573_757.mp4,data\raw\FaceForensics++_C23\Face2Face\573_757.mp4,1,Face2Face,c23,573_757
FaceForensics++,FaceForensics++__Face2Face__574_547.mp4,data\raw\FaceForensics++_C23\Face2Face\574_547.mp4,1,Face2Face,c23,574_547
FaceForensics++,FaceForensics++__Face2Face__575_603.mp4,data\raw\FaceForensics++_C23\Face2Face\575_603.mp4,1,Face2Face,c23,575_603
FaceForensics++,FaceForensics++__Face2Face__576_155.mp4,data\raw\FaceForensics++_C23\Face2Face\576_155.mp4,1,Face2Face,c23,576_155
FaceForensics++,FaceForensics++__Face2Face__577_593.mp4,data\raw\FaceForensics++_C23\Face2Face\577_593.mp4,1,Face2Face,c23,577_593
FaceForensics++,FaceForensics++__Face2Face__578_636.mp4,data\raw\FaceForensics++_C23\Face2Face\578_636.mp4,1,Face2Face,c23,578_636
FaceForensics++,FaceForensics++__Face2Face__579_701.mp4,data\raw\FaceForensics++_C23\Face2Face\579_701.mp4,1,Face2Face,c23,579_701
FaceForensics++,FaceForensics++__Face2Face__581_697.mp4,data\raw\FaceForensics++_C23\Face2Face\581_697.mp4,1,Face2Face,c23,581_697
FaceForensics++,FaceForensics++__Face2Face__582_172.mp4,data\raw\FaceForensics++_C23\Face2Face\582_172.mp4,1,Face2Face,c23,582_172
FaceForensics++,FaceForensics++__Face2Face__584_823.mp4,data\raw\FaceForensics++_C23\Face2Face\584_823.mp4,1,Face2Face,c23,584_823
FaceForensics++,FaceForensics++__Face2Face__585_599.mp4,data\raw\FaceForensics++_C23\Face2Face\585_599.mp4,1,Face2Face,c23,585_599
FaceForensics++,FaceForensics++__Face2Face__586_223.mp4,data\raw\FaceForensics++_C23\Face2Face\586_223.mp4,1,Face2Face,c23,586_223
FaceForensics++,FaceForensics++__Face2Face__588_556.mp4,data\raw\FaceForensics++_C23\Face2Face\588_556.mp4,1,Face2Face,c23,588_556
FaceForensics++,FaceForensics++__Face2Face__589_565.mp4,data\raw\FaceForensics++_C23\Face2Face\589_565.mp4,1,Face2Face,c23,589_565
FaceForensics++,FaceForensics++__Face2Face__591_605.mp4,data\raw\FaceForensics++_C23\Face2Face\591_605.mp4,1,Face2Face,c23,591_605
FaceForensics++,FaceForensics++__Face2Face__592_500.mp4,data\raw\FaceForensics++_C23\Face2Face\592_500.mp4,1,Face2Face,c23,592_500
FaceForensics++,FaceForensics++__Face2Face__594_530.mp4,data\raw\FaceForensics++_C23\Face2Face\594_530.mp4,1,Face2Face,c23,594_530
FaceForensics++,FaceForensics++__Face2Face__595_597.mp4,data\raw\FaceForensics++_C23\Face2Face\595_597.mp4,1,Face2Face,c23,595_597
FaceForensics++,FaceForensics++__Face2Face__596_609.mp4,data\raw\FaceForensics++_C23\Face2Face\596_609.mp4,1,Face2Face,c23,596_609
FaceForensics++,FaceForensics++__Face2Face__597_595.mp4,data\raw\FaceForensics++_C23\Face2Face\597_595.mp4,1,Face2Face,c23,597_595
FaceForensics++,FaceForensics++__Face2Face__598_178.mp4,data\raw\FaceForensics++_C23\Face2Face\598_178.mp4,1,Face2Face,c23,598_178
FaceForensics++,FaceForensics++__Face2Face__600_505.mp4,data\raw\FaceForensics++_C23\Face2Face\600_505.mp4,1,Face2Face,c23,600_505
FaceForensics++,FaceForensics++__Face2Face__601_653.mp4,data\raw\FaceForensics++_C23\Face2Face\601_653.mp4,1,Face2Face,c23,601_653
FaceForensics++,FaceForensics++__Face2Face__605_591.mp4,data\raw\FaceForensics++_C23\Face2Face\605_591.mp4,1,Face2Face,c23,605_591
FaceForensics++,FaceForensics++__Face2Face__606_567.mp4,data\raw\FaceForensics++_C23\Face2Face\606_567.mp4,1,Face2Face,c23,606_567
FaceForensics++,FaceForensics++__Face2Face__607_683.mp4,data\raw\FaceForensics++_C23\Face2Face\607_683.mp4,1,Face2Face,c23,607_683
FaceForensics++,FaceForensics++__Face2Face__608_675.mp4,data\raw\FaceForensics++_C23\Face2Face\608_675.mp4,1,Face2Face,c23,608_675
FaceForensics++,FaceForensics++__Face2Face__609_596.mp4,data\raw\FaceForensics++_C23\Face2Face\609_596.mp4,1,Face2Face,c23,609_596
FaceForensics++,FaceForensics++__Face2Face__610_692.mp4,data\raw\FaceForensics++_C23\Face2Face\610_692.mp4,1,Face2Face,c23,610_692
FaceForensics++,FaceForensics++__Face2Face__611_760.mp4,data\raw\FaceForensics++_C23\Face2Face\611_760.mp4,1,Face2Face,c23,611_760
FaceForensics++,FaceForensics++__Face2Face__613_685.mp4,data\raw\FaceForensics++_C23\Face2Face\613_685.mp4,1,Face2Face,c23,613_685
FaceForensics++,FaceForensics++__Face2Face__614_616.mp4,data\raw\FaceForensics++_C23\Face2Face\614_616.mp4,1,Face2Face,c23,614_616
FaceForensics++,FaceForensics++__Face2Face__615_687.mp4,data\raw\FaceForensics++_C23\Face2Face\615_687.mp4,1,Face2Face,c23,615_687
FaceForensics++,FaceForensics++__Face2Face__617_566.mp4,data\raw\FaceForensics++_C23\Face2Face\617_566.mp4,1,Face2Face,c23,617_566
FaceForensics++,FaceForensics++__Face2Face__618_629.mp4,data\raw\FaceForensics++_C23\Face2Face\618_629.mp4,1,Face2Face,c23,618_629
FaceForensics++,FaceForensics++__Face2Face__619_620.mp4,data\raw\FaceForensics++_C23\Face2Face\619_620.mp4,1,Face2Face,c23,619_620
FaceForensics++,FaceForensics++__Face2Face__620_619.mp4,data\raw\FaceForensics++_C23\Face2Face\620_619.mp4,1,Face2Face,c23,620_619
FaceForensics++,FaceForensics++__Face2Face__621_546.mp4,data\raw\FaceForensics++_C23\Face2Face\621_546.mp4,1,Face2Face,c23,621_546
FaceForensics++,FaceForensics++__Face2Face__622_647.mp4,data\raw\FaceForensics++_C23\Face2Face\622_647.mp4,1,Face2Face,c23,622_647
FaceForensics++,FaceForensics++__Face2Face__623_630.mp4,data\raw\FaceForensics++_C23\Face2Face\623_630.mp4,1,Face2Face,c23,623_630
FaceForensics++,FaceForensics++__Face2Face__624_570.mp4,data\raw\FaceForensics++_C23\Face2Face\624_570.mp4,1,Face2Face,c23,624_570
FaceForensics++,FaceForensics++__Face2Face__626_562.mp4,data\raw\FaceForensics++_C23\Face2Face\626_562.mp4,1,Face2Face,c23,626_562
FaceForensics++,FaceForensics++__Face2Face__627_658.mp4,data\raw\FaceForensics++_C23\Face2Face\627_658.mp4,1,Face2Face,c23,627_658
FaceForensics++,FaceForensics++__Face2Face__628_568.mp4,data\raw\FaceForensics++_C23\Face2Face\628_568.mp4,1,Face2Face,c23,628_568
FaceForensics++,FaceForensics++__Face2Face__632_548.mp4,data\raw\FaceForensics++_C23\Face2Face\632_548.mp4,1,Face2Face,c23,632_548
FaceForensics++,FaceForensics++__Face2Face__633_529.mp4,data\raw\FaceForensics++_C23\Face2Face\633_529.mp4,1,Face2Face,c23,633_529
FaceForensics++,FaceForensics++__Face2Face__634_660.mp4,data\raw\FaceForensics++_C23\Face2Face\634_660.mp4,1,Face2Face,c23,634_660
FaceForensics++,FaceForensics++__Face2Face__636_578.mp4,data\raw\FaceForensics++_C23\Face2Face\636_578.mp4,1,Face2Face,c23,636_578
FaceForensics++,FaceForensics++__Face2Face__637_427.mp4,data\raw\FaceForensics++_C23\Face2Face\637_427.mp4,1,Face2Face,c23,637_427
FaceForensics++,FaceForensics++__Face2Face__638_640.mp4,data\raw\FaceForensics++_C23\Face2Face\638_640.mp4,1,Face2Face,c23,638_640
FaceForensics++,FaceForensics++__Face2Face__639_841.mp4,data\raw\FaceForensics++_C23\Face2Face\639_841.mp4,1,Face2Face,c23,639_841
FaceForensics++,FaceForensics++__Face2Face__642_635.mp4,data\raw\FaceForensics++_C23\Face2Face\642_635.mp4,1,Face2Face,c23,642_635
FaceForensics++,FaceForensics++__Face2Face__643_646.mp4,data\raw\FaceForensics++_C23\Face2Face\643_646.mp4,1,Face2Face,c23,643_646
FaceForensics++,FaceForensics++__Face2Face__645_688.mp4,data\raw\FaceForensics++_C23\Face2Face\645_688.mp4,1,Face2Face,c23,645_688
FaceForensics++,FaceForensics++__Face2Face__647_622.mp4,data\raw\FaceForensics++_C23\Face2Face\647_622.mp4,1,Face2Face,c23,647_622
FaceForensics++,FaceForensics++__Face2Face__650_625.mp4,data\raw\FaceForensics++_C23\Face2Face\650_625.mp4,1,Face2Face,c23,650_625
FaceForensics++,FaceForensics++__Face2Face__651_835.mp4,data\raw\FaceForensics++_C23\Face2Face\651_835.mp4,1,Face2Face,c23,651_835
FaceForensics++,FaceForensics++__Face2Face__652_773.mp4,data\raw\FaceForensics++_C23\Face2Face\652_773.mp4,1,Face2Face,c23,652_773
FaceForensics++,FaceForensics++__Face2Face__653_601.mp4,data\raw\FaceForensics++_C23\Face2Face\653_601.mp4,1,Face2Face,c23,653_601
FaceForensics++,FaceForensics++__Face2Face__654_648.mp4,data\raw\FaceForensics++_C23\Face2Face\654_648.mp4,1,Face2Face,c23,654_648
FaceForensics++,FaceForensics++__Face2Face__655_444.mp4,data\raw\FaceForensics++_C23\Face2Face\655_444.mp4,1,Face2Face,c23,655_444
FaceForensics++,FaceForensics++__Face2Face__656_666.mp4,data\raw\FaceForensics++_C23\Face2Face\656_666.mp4,1,Face2Face,c23,656_666
FaceForensics++,FaceForensics++__Face2Face__658_627.mp4,data\raw\FaceForensics++_C23\Face2Face\658_627.mp4,1,Face2Face,c23,658_627
FaceForensics++,FaceForensics++__Face2Face__659_749.mp4,data\raw\FaceForensics++_C23\Face2Face\659_749.mp4,1,Face2Face,c23,659_749
FaceForensics++,FaceForensics++__Face2Face__660_634.mp4,data\raw\FaceForensics++_C23\Face2Face\660_634.mp4,1,Face2Face,c23,660_634
FaceForensics++,FaceForensics++__Face2Face__662_641.mp4,data\raw\FaceForensics++_C23\Face2Face\662_641.mp4,1,Face2Face,c23,662_641
FaceForensics++,FaceForensics++__Face2Face__663_231.mp4,data\raw\FaceForensics++_C23\Face2Face\663_231.mp4,1,Face2Face,c23,663_231
FaceForensics++,FaceForensics++__Face2Face__664_668.mp4,data\raw\FaceForensics++_C23\Face2Face\664_668.mp4,1,Face2Face,c23,664_668
FaceForensics++,FaceForensics++__Face2Face__667_446.mp4,data\raw\FaceForensics++_C23\Face2Face\667_446.mp4,1,Face2Face,c23,667_446
FaceForensics++,FaceForensics++__Face2Face__668_664.mp4,data\raw\FaceForensics++_C23\Face2Face\668_664.mp4,1,Face2Face,c23,668_664
FaceForensics++,FaceForensics++__Face2Face__669_682.mp4,data\raw\FaceForensics++_C23\Face2Face\669_682.mp4,1,Face2Face,c23,669_682
FaceForensics++,FaceForensics++__Face2Face__670_661.mp4,data\raw\FaceForensics++_C23\Face2Face\670_661.mp4,1,Face2Face,c23,670_661
FaceForensics++,FaceForensics++__Face2Face__671_677.mp4,data\raw\FaceForensics++_C23\Face2Face\671_677.mp4,1,Face2Face,c23,671_677
FaceForensics++,FaceForensics++__Face2Face__672_720.mp4,data\raw\FaceForensics++_C23\Face2Face\672_720.mp4,1,Face2Face,c23,672_720
FaceForensics++,FaceForensics++__Face2Face__673_728.mp4,data\raw\FaceForensics++_C23\Face2Face\673_728.mp4,1,Face2Face,c23,673_728
FaceForensics++,FaceForensics++__Face2Face__674_744.mp4,data\raw\FaceForensics++_C23\Face2Face\674_744.mp4,1,Face2Face,c23,674_744
FaceForensics++,FaceForensics++__Face2Face__675_608.mp4,data\raw\FaceForensics++_C23\Face2Face\675_608.mp4,1,Face2Face,c23,675_608
FaceForensics++,FaceForensics++__Face2Face__676_776.mp4,data\raw\FaceForensics++_C23\Face2Face\676_776.mp4,1,Face2Face,c23,676_776
FaceForensics++,FaceForensics++__Face2Face__677_671.mp4,data\raw\FaceForensics++_C23\Face2Face\677_671.mp4,1,Face2Face,c23,677_671
FaceForensics++,FaceForensics++__Face2Face__679_665.mp4,data\raw\FaceForensics++_C23\Face2Face\679_665.mp4,1,Face2Face,c23,679_665
FaceForensics++,FaceForensics++__Face2Face__681_711.mp4,data\raw\FaceForensics++_C23\Face2Face\681_711.mp4,1,Face2Face,c23,681_711
FaceForensics++,FaceForensics++__Face2Face__682_669.mp4,data\raw\FaceForensics++_C23\Face2Face\682_669.mp4,1,Face2Face,c23,682_669
FaceForensics++,FaceForensics++__Face2Face__683_607.mp4,data\raw\FaceForensics++_C23\Face2Face\683_607.mp4,1,Face2Face,c23,683_607
FaceForensics++,FaceForensics++__Face2Face__684_717.mp4,data\raw\FaceForensics++_C23\Face2Face\684_717.mp4,1,Face2Face,c23,684_717
FaceForensics++,FaceForensics++__Face2Face__686_696.mp4,data\raw\FaceForensics++_C23\Face2Face\686_696.mp4,1,Face2Face,c23,686_696
FaceForensics++,FaceForensics++__Face2Face__688_645.mp4,data\raw\FaceForensics++_C23\Face2Face\688_645.mp4,1,Face2Face,c23,688_645
FaceForensics++,FaceForensics++__Face2Face__689_690.mp4,data\raw\FaceForensics++_C23\Face2Face\689_690.mp4,1,Face2Face,c23,689_690
FaceForensics++,FaceForensics++__Face2Face__690_689.mp4,data\raw\FaceForensics++_C23\Face2Face\690_689.mp4,1,Face2Face,c23,690_689
FaceForensics++,FaceForensics++__Face2Face__691_732.mp4,data\raw\FaceForensics++_C23\Face2Face\691_732.mp4,1,Face2Face,c23,691_732
FaceForensics++,FaceForensics++__Face2Face__693_698.mp4,data\raw\FaceForensics++_C23\Face2Face\693_698.mp4,1,Face2Face,c23,693_698
FaceForensics++,FaceForensics++__Face2Face__694_767.mp4,data\raw\FaceForensics++_C23\Face2Face\694_767.mp4,1,Face2Face,c23,694_767
FaceForensics++,FaceForensics++__Face2Face__695_422.mp4,data\raw\FaceForensics++_C23\Face2Face\695_422.mp4,1,Face2Face,c23,695_422
FaceForensics++,FaceForensics++__Face2Face__696_686.mp4,data\raw\FaceForensics++_C23\Face2Face\696_686.mp4,1,Face2Face,c23,696_686
FaceForensics++,FaceForensics++__Face2Face__697_581.mp4,data\raw\FaceForensics++_C23\Face2Face\697_581.mp4,1,Face2Face,c23,697_581
FaceForensics++,FaceForensics++__Face2Face__698_693.mp4,data\raw\FaceForensics++_C23\Face2Face\698_693.mp4,1,Face2Face,c23,698_693
FaceForensics++,FaceForensics++__Face2Face__699_734.mp4,data\raw\FaceForensics++_C23\Face2Face\699_734.mp4,1,Face2Face,c23,699_734
FaceForensics++,FaceForensics++__Face2Face__700_813.mp4,data\raw\FaceForensics++_C23\Face2Face\700_813.mp4,1,Face2Face,c23,700_813
FaceForensics++,FaceForensics++__Face2Face__701_579.mp4,data\raw\FaceForensics++_C23\Face2Face\701_579.mp4,1,Face2Face,c23,701_579
FaceForensics++,FaceForensics++__Face2Face__702_612.mp4,data\raw\FaceForensics++_C23\Face2Face\702_612.mp4,1,Face2Face,c23,702_612
FaceForensics++,FaceForensics++__Face2Face__703_604.mp4,data\raw\FaceForensics++_C23\Face2Face\703_604.mp4,1,Face2Face,c23,703_604
FaceForensics++,FaceForensics++__Face2Face__705_707.mp4,data\raw\FaceForensics++_C23\Face2Face\705_707.mp4,1,Face2Face,c23,705_707
FaceForensics++,FaceForensics++__Face2Face__707_705.mp4,data\raw\FaceForensics++_C23\Face2Face\707_705.mp4,1,Face2Face,c23,707_705
FaceForensics++,FaceForensics++__Face2Face__708_772.mp4,data\raw\FaceForensics++_C23\Face2Face\708_772.mp4,1,Face2Face,c23,708_772
FaceForensics++,FaceForensics++__Face2Face__709_390.mp4,data\raw\FaceForensics++_C23\Face2Face\709_390.mp4,1,Face2Face,c23,709_390
FaceForensics++,FaceForensics++__Face2Face__710_788.mp4,data\raw\FaceForensics++_C23\Face2Face\710_788.mp4,1,Face2Face,c23,710_788
FaceForensics++,FaceForensics++__Face2Face__711_681.mp4,data\raw\FaceForensics++_C23\Face2Face\711_681.mp4,1,Face2Face,c23,711_681
FaceForensics++,FaceForensics++__Face2Face__712_716.mp4,data\raw\FaceForensics++_C23\Face2Face\712_716.mp4,1,Face2Face,c23,712_716
FaceForensics++,FaceForensics++__Face2Face__713_726.mp4,data\raw\FaceForensics++_C23\Face2Face\713_726.mp4,1,Face2Face,c23,713_726
FaceForensics++,FaceForensics++__Face2Face__714_842.mp4,data\raw\FaceForensics++_C23\Face2Face\714_842.mp4,1,Face2Face,c23,714_842
FaceForensics++,FaceForensics++__Face2Face__715_721.mp4,data\raw\FaceForensics++_C23\Face2Face\715_721.mp4,1,Face2Face,c23,715_721
FaceForensics++,FaceForensics++__Face2Face__716_712.mp4,data\raw\FaceForensics++_C23\Face2Face\716_712.mp4,1,Face2Face,c23,716_712
FaceForensics++,FaceForensics++__Face2Face__719_737.mp4,data\raw\FaceForensics++_C23\Face2Face\719_737.mp4,1,Face2Face,c23,719_737
FaceForensics++,FaceForensics++__Face2Face__720_672.mp4,data\raw\FaceForensics++_C23\Face2Face\720_672.mp4,1,Face2Face,c23,720_672
FaceForensics++,FaceForensics++__Face2Face__722_458.mp4,data\raw\FaceForensics++_C23\Face2Face\722_458.mp4,1,Face2Face,c23,722_458
FaceForensics++,FaceForensics++__Face2Face__723_704.mp4,data\raw\FaceForensics++_C23\Face2Face\723_704.mp4,1,Face2Face,c23,723_704
FaceForensics++,FaceForensics++__Face2Face__724_725.mp4,data\raw\FaceForensics++_C23\Face2Face\724_725.mp4,1,Face2Face,c23,724_725
FaceForensics++,FaceForensics++__Face2Face__725_724.mp4,data\raw\FaceForensics++_C23\Face2Face\725_724.mp4,1,Face2Face,c23,725_724
FaceForensics++,FaceForensics++__Face2Face__727_729.mp4,data\raw\FaceForensics++_C23\Face2Face\727_729.mp4,1,Face2Face,c23,727_729
FaceForensics++,FaceForensics++__Face2Face__728_673.mp4,data\raw\FaceForensics++_C23\Face2Face\728_673.mp4,1,Face2Face,c23,728_673
FaceForensics++,FaceForensics++__Face2Face__729_727.mp4,data\raw\FaceForensics++_C23\Face2Face\729_727.mp4,1,Face2Face,c23,729_727
FaceForensics++,FaceForensics++__Face2Face__730_815.mp4,data\raw\FaceForensics++_C23\Face2Face\730_815.mp4,1,Face2Face,c23,730_815
FaceForensics++,FaceForensics++__Face2Face__731_741.mp4,data\raw\FaceForensics++_C23\Face2Face\731_741.mp4,1,Face2Face,c23,731_741
FaceForensics++,FaceForensics++__Face2Face__733_935.mp4,data\raw\FaceForensics++_C23\Face2Face\733_935.mp4,1,Face2Face,c23,733_935
FaceForensics++,FaceForensics++__Face2Face__734_699.mp4,data\raw\FaceForensics++_C23\Face2Face\734_699.mp4,1,Face2Face,c23,734_699
FaceForensics++,FaceForensics++__Face2Face__735_774.mp4,data\raw\FaceForensics++_C23\Face2Face\735_774.mp4,1,Face2Face,c23,735_774
FaceForensics++,FaceForensics++__Face2Face__736_785.mp4,data\raw\FaceForensics++_C23\Face2Face\736_785.mp4,1,Face2Face,c23,736_785
FaceForensics++,FaceForensics++__Face2Face__737_719.mp4,data\raw\FaceForensics++_C23\Face2Face\737_719.mp4,1,Face2Face,c23,737_719
FaceForensics++,FaceForensics++__Face2Face__739_865.mp4,data\raw\FaceForensics++_C23\Face2Face\739_865.mp4,1,Face2Face,c23,739_865
FaceForensics++,FaceForensics++__Face2Face__740_796.mp4,data\raw\FaceForensics++_C23\Face2Face\740_796.mp4,1,Face2Face,c23,740_796
FaceForensics++,FaceForensics++__Face2Face__742_775.mp4,data\raw\FaceForensics++_C23\Face2Face\742_775.mp4,1,Face2Face,c23,742_775
FaceForensics++,FaceForensics++__Face2Face__743_750.mp4,data\raw\FaceForensics++_C23\Face2Face\743_750.mp4,1,Face2Face,c23,743_750
FaceForensics++,FaceForensics++__Face2Face__744_674.mp4,data\raw\FaceForensics++_C23\Face2Face\744_674.mp4,1,Face2Face,c23,744_674
FaceForensics++,FaceForensics++__Face2Face__745_777.mp4,data\raw\FaceForensics++_C23\Face2Face\745_777.mp4,1,Face2Face,c23,745_777
FaceForensics++,FaceForensics++__Face2Face__746_571.mp4,data\raw\FaceForensics++_C23\Face2Face\746_571.mp4,1,Face2Face,c23,746_571
FaceForensics++,FaceForensics++__Face2Face__748_355.mp4,data\raw\FaceForensics++_C23\Face2Face\748_355.mp4,1,Face2Face,c23,748_355
FaceForensics++,FaceForensics++__Face2Face__749_659.mp4,data\raw\FaceForensics++_C23\Face2Face\749_659.mp4,1,Face2Face,c23,749_659
FaceForensics++,FaceForensics++__Face2Face__750_743.mp4,data\raw\FaceForensics++_C23\Face2Face\750_743.mp4,1,Face2Face,c23,750_743
FaceForensics++,FaceForensics++__Face2Face__751_752.mp4,data\raw\FaceForensics++_C23\Face2Face\751_752.mp4,1,Face2Face,c23,751_752
FaceForensics++,FaceForensics++__Face2Face__753_789.mp4,data\raw\FaceForensics++_C23\Face2Face\753_789.mp4,1,Face2Face,c23,753_789
FaceForensics++,FaceForensics++__Face2Face__754_758.mp4,data\raw\FaceForensics++_C23\Face2Face\754_758.mp4,1,Face2Face,c23,754_758
FaceForensics++,FaceForensics++__Face2Face__755_759.mp4,data\raw\FaceForensics++_C23\Face2Face\755_759.mp4,1,Face2Face,c23,755_759
FaceForensics++,FaceForensics++__Face2Face__756_503.mp4,data\raw\FaceForensics++_C23\Face2Face\756_503.mp4,1,Face2Face,c23,756_503
FaceForensics++,FaceForensics++__Face2Face__757_573.mp4,data\raw\FaceForensics++_C23\Face2Face\757_573.mp4,1,Face2Face,c23,757_573
FaceForensics++,FaceForensics++__Face2Face__758_754.mp4,data\raw\FaceForensics++_C23\Face2Face\758_754.mp4,1,Face2Face,c23,758_754
FaceForensics++,FaceForensics++__Face2Face__759_755.mp4,data\raw\FaceForensics++_C23\Face2Face\759_755.mp4,1,Face2Face,c23,759_755
FaceForensics++,FaceForensics++__Face2Face__760_611.mp4,data\raw\FaceForensics++_C23\Face2Face\760_611.mp4,1,Face2Face,c23,760_611
FaceForensics++,FaceForensics++__Face2Face__761_766.mp4,data\raw\FaceForensics++_C23\Face2Face\761_766.mp4,1,Face2Face,c23,761_766
FaceForensics++,FaceForensics++__Face2Face__762_832.mp4,data\raw\FaceForensics++_C23\Face2Face\762_832.mp4,1,Face2Face,c23,762_832
FaceForensics++,FaceForensics++__Face2Face__763_930.mp4,data\raw\FaceForensics++_C23\Face2Face\763_930.mp4,1,Face2Face,c23,763_930
FaceForensics++,FaceForensics++__Face2Face__764_850.mp4,data\raw\FaceForensics++_C23\Face2Face\764_850.mp4,1,Face2Face,c23,764_850
FaceForensics++,FaceForensics++__Face2Face__765_867.mp4,data\raw\FaceForensics++_C23\Face2Face\765_867.mp4,1,Face2Face,c23,765_867
FaceForensics++,FaceForensics++__Face2Face__767_694.mp4,data\raw\FaceForensics++_C23\Face2Face\767_694.mp4,1,Face2Face,c23,767_694
FaceForensics++,FaceForensics++__Face2Face__768_793.mp4,data\raw\FaceForensics++_C23\Face2Face\768_793.mp4,1,Face2Face,c23,768_793
FaceForensics++,FaceForensics++__Face2Face__769_784.mp4,data\raw\FaceForensics++_C23\Face2Face\769_784.mp4,1,Face2Face,c23,769_784
FaceForensics++,FaceForensics++__Face2Face__770_791.mp4,data\raw\FaceForensics++_C23\Face2Face\770_791.mp4,1,Face2Face,c23,770_791
FaceForensics++,FaceForensics++__Face2Face__771_849.mp4,data\raw\FaceForensics++_C23\Face2Face\771_849.mp4,1,Face2Face,c23,771_849
FaceForensics++,FaceForensics++__Face2Face__772_708.mp4,data\raw\FaceForensics++_C23\Face2Face\772_708.mp4,1,Face2Face,c23,772_708
FaceForensics++,FaceForensics++__Face2Face__773_652.mp4,data\raw\FaceForensics++_C23\Face2Face\773_652.mp4,1,Face2Face,c23,773_652
FaceForensics++,FaceForensics++__Face2Face__774_735.mp4,data\raw\FaceForensics++_C23\Face2Face\774_735.mp4,1,Face2Face,c23,774_735
FaceForensics++,FaceForensics++__Face2Face__775_742.mp4,data\raw\FaceForensics++_C23\Face2Face\775_742.mp4,1,Face2Face,c23,775_742
FaceForensics++,FaceForensics++__Face2Face__776_676.mp4,data\raw\FaceForensics++_C23\Face2Face\776_676.mp4,1,Face2Face,c23,776_676
FaceForensics++,FaceForensics++__Face2Face__777_745.mp4,data\raw\FaceForensics++_C23\Face2Face\777_745.mp4,1,Face2Face,c23,777_745
FaceForensics++,FaceForensics++__Face2Face__778_798.mp4,data\raw\FaceForensics++_C23\Face2Face\778_798.mp4,1,Face2Face,c23,778_798
FaceForensics++,FaceForensics++__Face2Face__779_794.mp4,data\raw\FaceForensics++_C23\Face2Face\779_794.mp4,1,Face2Face,c23,779_794
FaceForensics++,FaceForensics++__Face2Face__781_806.mp4,data\raw\FaceForensics++_C23\Face2Face\781_806.mp4,1,Face2Face,c23,781_806
FaceForensics++,FaceForensics++__Face2Face__782_787.mp4,data\raw\FaceForensics++_C23\Face2Face\782_787.mp4,1,Face2Face,c23,782_787
FaceForensics++,FaceForensics++__Face2Face__783_916.mp4,data\raw\FaceForensics++_C23\Face2Face\783_916.mp4,1,Face2Face,c23,783_916
FaceForensics++,FaceForensics++__Face2Face__784_769.mp4,data\raw\FaceForensics++_C23\Face2Face\784_769.mp4,1,Face2Face,c23,784_769
FaceForensics++,FaceForensics++__Face2Face__785_736.mp4,data\raw\FaceForensics++_C23\Face2Face\785_736.mp4,1,Face2Face,c23,785_736
FaceForensics++,FaceForensics++__Face2Face__786_819.mp4,data\raw\FaceForensics++_C23\Face2Face\786_819.mp4,1,Face2Face,c23,786_819
FaceForensics++,FaceForensics++__Face2Face__788_710.mp4,data\raw\FaceForensics++_C23\Face2Face\788_710.mp4,1,Face2Face,c23,788_710
FaceForensics++,FaceForensics++__Face2Face__789_753.mp4,data\raw\FaceForensics++_C23\Face2Face\789_753.mp4,1,Face2Face,c23,789_753
FaceForensics++,FaceForensics++__Face2Face__790_014.mp4,data\raw\FaceForensics++_C23\Face2Face\790_014.mp4,1,Face2Face,c23,790_014
FaceForensics++,FaceForensics++__Face2Face__791_770.mp4,data\raw\FaceForensics++_C23\Face2Face\791_770.mp4,1,Face2Face,c23,791_770
FaceForensics++,FaceForensics++__Face2Face__792_903.mp4,data\raw\FaceForensics++_C23\Face2Face\792_903.mp4,1,Face2Face,c23,792_903
FaceForensics++,FaceForensics++__Face2Face__793_768.mp4,data\raw\FaceForensics++_C23\Face2Face\793_768.mp4,1,Face2Face,c23,793_768
FaceForensics++,FaceForensics++__Face2Face__795_907.mp4,data\raw\FaceForensics++_C23\Face2Face\795_907.mp4,1,Face2Face,c23,795_907
FaceForensics++,FaceForensics++__Face2Face__796_740.mp4,data\raw\FaceForensics++_C23\Face2Face\796_740.mp4,1,Face2Face,c23,796_740
FaceForensics++,FaceForensics++__Face2Face__797_844.mp4,data\raw\FaceForensics++_C23\Face2Face\797_844.mp4,1,Face2Face,c23,797_844
FaceForensics++,FaceForensics++__Face2Face__799_809.mp4,data\raw\FaceForensics++_C23\Face2Face\799_809.mp4,1,Face2Face,c23,799_809
FaceForensics++,FaceForensics++__Face2Face__800_840.mp4,data\raw\FaceForensics++_C23\Face2Face\800_840.mp4,1,Face2Face,c23,800_840
FaceForensics++,FaceForensics++__Face2Face__802_885.mp4,data\raw\FaceForensics++_C23\Face2Face\802_885.mp4,1,Face2Face,c23,802_885
FaceForensics++,FaceForensics++__Face2Face__803_017.mp4,data\raw\FaceForensics++_C23\Face2Face\803_017.mp4,1,Face2Face,c23,803_017
FaceForensics++,FaceForensics++__Face2Face__804_738.mp4,data\raw\FaceForensics++_C23\Face2Face\804_738.mp4,1,Face2Face,c23,804_738
FaceForensics++,FaceForensics++__Face2Face__805_011.mp4,data\raw\FaceForensics++_C23\Face2Face\805_011.mp4,1,Face2Face,c23,805_011
FaceForensics++,FaceForensics++__Face2Face__806_781.mp4,data\raw\FaceForensics++_C23\Face2Face\806_781.mp4,1,Face2Face,c23,806_781
FaceForensics++,FaceForensics++__Face2Face__807_273.mp4,data\raw\FaceForensics++_C23\Face2Face\807_273.mp4,1,Face2Face,c23,807_273
FaceForensics++,FaceForensics++__Face2Face__811_920.mp4,data\raw\FaceForensics++_C23\Face2Face\811_920.mp4,1,Face2Face,c23,811_920
FaceForensics++,FaceForensics++__Face2Face__813_700.mp4,data\raw\FaceForensics++_C23\Face2Face\813_700.mp4,1,Face2Face,c23,813_700
FaceForensics++,FaceForensics++__Face2Face__814_871.mp4,data\raw\FaceForensics++_C23\Face2Face\814_871.mp4,1,Face2Face,c23,814_871
FaceForensics++,FaceForensics++__Face2Face__815_730.mp4,data\raw\FaceForensics++_C23\Face2Face\815_730.mp4,1,Face2Face,c23,815_730
FaceForensics++,FaceForensics++__Face2Face__817_827.mp4,data\raw\FaceForensics++_C23\Face2Face\817_827.mp4,1,Face2Face,c23,817_827
FaceForensics++,FaceForensics++__Face2Face__818_820.mp4,data\raw\FaceForensics++_C23\Face2Face\818_820.mp4,1,Face2Face,c23,818_820
FaceForensics++,FaceForensics++__Face2Face__819_786.mp4,data\raw\FaceForensics++_C23\Face2Face\819_786.mp4,1,Face2Face,c23,819_786
FaceForensics++,FaceForensics++__Face2Face__820_818.mp4,data\raw\FaceForensics++_C23\Face2Face\820_818.mp4,1,Face2Face,c23,820_818
FaceForensics++,FaceForensics++__Face2Face__822_244.mp4,data\raw\FaceForensics++_C23\Face2Face\822_244.mp4,1,Face2Face,c23,822_244
FaceForensics++,FaceForensics++__Face2Face__823_584.mp4,data\raw\FaceForensics++_C23\Face2Face\823_584.mp4,1,Face2Face,c23,823_584
FaceForensics++,FaceForensics++__Face2Face__824_419.mp4,data\raw\FaceForensics++_C23\Face2Face\824_419.mp4,1,Face2Face,c23,824_419
FaceForensics++,FaceForensics++__Face2Face__825_074.mp4,data\raw\FaceForensics++_C23\Face2Face\825_074.mp4,1,Face2Face,c23,825_074
FaceForensics++,FaceForensics++__Face2Face__826_833.mp4,data\raw\FaceForensics++_C23\Face2Face\826_833.mp4,1,Face2Face,c23,826_833
FaceForensics++,FaceForensics++__Face2Face__828_830.mp4,data\raw\FaceForensics++_C23\Face2Face\828_830.mp4,1,Face2Face,c23,828_830
FaceForensics++,FaceForensics++__Face2Face__829_808.mp4,data\raw\FaceForensics++_C23\Face2Face\829_808.mp4,1,Face2Face,c23,829_808
FaceForensics++,FaceForensics++__Face2Face__831_508.mp4,data\raw\FaceForensics++_C23\Face2Face\831_508.mp4,1,Face2Face,c23,831_508
FaceForensics++,FaceForensics++__Face2Face__832_762.mp4,data\raw\FaceForensics++_C23\Face2Face\832_762.mp4,1,Face2Face,c23,832_762
FaceForensics++,FaceForensics++__Face2Face__833_826.mp4,data\raw\FaceForensics++_C23\Face2Face\833_826.mp4,1,Face2Face,c23,833_826
FaceForensics++,FaceForensics++__Face2Face__834_852.mp4,data\raw\FaceForensics++_C23\Face2Face\834_852.mp4,1,Face2Face,c23,834_852
FaceForensics++,FaceForensics++__Face2Face__836_950.mp4,data\raw\FaceForensics++_C23\Face2Face\836_950.mp4,1,Face2Face,c23,836_950
FaceForensics++,FaceForensics++__Face2Face__837_890.mp4,data\raw\FaceForensics++_C23\Face2Face\837_890.mp4,1,Face2Face,c23,837_890
FaceForensics++,FaceForensics++__Face2Face__838_810.mp4,data\raw\FaceForensics++_C23\Face2Face\838_810.mp4,1,Face2Face,c23,838_810
FaceForensics++,FaceForensics++__Face2Face__839_864.mp4,data\raw\FaceForensics++_C23\Face2Face\839_864.mp4,1,Face2Face,c23,839_864
FaceForensics++,FaceForensics++__Face2Face__840_800.mp4,data\raw\FaceForensics++_C23\Face2Face\840_800.mp4,1,Face2Face,c23,840_800
FaceForensics++,FaceForensics++__Face2Face__841_639.mp4,data\raw\FaceForensics++_C23\Face2Face\841_639.mp4,1,Face2Face,c23,841_639
FaceForensics++,FaceForensics++__Face2Face__842_714.mp4,data\raw\FaceForensics++_C23\Face2Face\842_714.mp4,1,Face2Face,c23,842_714
FaceForensics++,FaceForensics++__Face2Face__843_859.mp4,data\raw\FaceForensics++_C23\Face2Face\843_859.mp4,1,Face2Face,c23,843_859
FaceForensics++,FaceForensics++__Face2Face__844_797.mp4,data\raw\FaceForensics++_C23\Face2Face\844_797.mp4,1,Face2Face,c23,844_797
FaceForensics++,FaceForensics++__Face2Face__845_846.mp4,data\raw\FaceForensics++_C23\Face2Face\845_846.mp4,1,Face2Face,c23,845_846
FaceForensics++,FaceForensics++__Face2Face__846_845.mp4,data\raw\FaceForensics++_C23\Face2Face\846_845.mp4,1,Face2Face,c23,846_845
FaceForensics++,FaceForensics++__Face2Face__847_906.mp4,data\raw\FaceForensics++_C23\Face2Face\847_906.mp4,1,Face2Face,c23,847_906
FaceForensics++,FaceForensics++__Face2Face__848_894.mp4,data\raw\FaceForensics++_C23\Face2Face\848_894.mp4,1,Face2Face,c23,848_894
FaceForensics++,FaceForensics++__Face2Face__851_552.mp4,data\raw\FaceForensics++_C23\Face2Face\851_552.mp4,1,Face2Face,c23,851_552
FaceForensics++,FaceForensics++__Face2Face__853_863.mp4,data\raw\FaceForensics++_C23\Face2Face\853_863.mp4,1,Face2Face,c23,853_863
FaceForensics++,FaceForensics++__Face2Face__854_747.mp4,data\raw\FaceForensics++_C23\Face2Face\854_747.mp4,1,Face2Face,c23,854_747
FaceForensics++,FaceForensics++__Face2Face__856_881.mp4,data\raw\FaceForensics++_C23\Face2Face\856_881.mp4,1,Face2Face,c23,856_881
FaceForensics++,FaceForensics++__Face2Face__857_909.mp4,data\raw\FaceForensics++_C23\Face2Face\857_909.mp4,1,Face2Face,c23,857_909
FaceForensics++,FaceForensics++__Face2Face__858_861.mp4,data\raw\FaceForensics++_C23\Face2Face\858_861.mp4,1,Face2Face,c23,858_861
FaceForensics++,FaceForensics++__Face2Face__860_905.mp4,data\raw\FaceForensics++_C23\Face2Face\860_905.mp4,1,Face2Face,c23,860_905
FaceForensics++,FaceForensics++__Face2Face__861_858.mp4,data\raw\FaceForensics++_C23\Face2Face\861_858.mp4,1,Face2Face,c23,861_858
FaceForensics++,FaceForensics++__Face2Face__862_047.mp4,data\raw\FaceForensics++_C23\Face2Face\862_047.mp4,1,Face2Face,c23,862_047
FaceForensics++,FaceForensics++__Face2Face__864_839.mp4,data\raw\FaceForensics++_C23\Face2Face\864_839.mp4,1,Face2Face,c23,864_839
FaceForensics++,FaceForensics++__Face2Face__865_739.mp4,data\raw\FaceForensics++_C23\Face2Face\865_739.mp4,1,Face2Face,c23,865_739
FaceForensics++,FaceForensics++__Face2Face__866_878.mp4,data\raw\FaceForensics++_C23\Face2Face\866_878.mp4,1,Face2Face,c23,866_878
FaceForensics++,FaceForensics++__Face2Face__867_765.mp4,data\raw\FaceForensics++_C23\Face2Face\867_765.mp4,1,Face2Face,c23,867_765
FaceForensics++,FaceForensics++__Face2Face__868_949.mp4,data\raw\FaceForensics++_C23\Face2Face\868_949.mp4,1,Face2Face,c23,868_949
FaceForensics++,FaceForensics++__Face2Face__869_780.mp4,data\raw\FaceForensics++_C23\Face2Face\869_780.mp4,1,Face2Face,c23,869_780
FaceForensics++,FaceForensics++__Face2Face__871_814.mp4,data\raw\FaceForensics++_C23\Face2Face\871_814.mp4,1,Face2Face,c23,871_814
FaceForensics++,FaceForensics++__Face2Face__874_291.mp4,data\raw\FaceForensics++_C23\Face2Face\874_291.mp4,1,Face2Face,c23,874_291
FaceForensics++,FaceForensics++__Face2Face__876_891.mp4,data\raw\FaceForensics++_C23\Face2Face\876_891.mp4,1,Face2Face,c23,876_891
FaceForensics++,FaceForensics++__Face2Face__877_886.mp4,data\raw\FaceForensics++_C23\Face2Face\877_886.mp4,1,Face2Face,c23,877_886
FaceForensics++,FaceForensics++__Face2Face__878_866.mp4,data\raw\FaceForensics++_C23\Face2Face\878_866.mp4,1,Face2Face,c23,878_866
FaceForensics++,FaceForensics++__Face2Face__880_135.mp4,data\raw\FaceForensics++_C23\Face2Face\880_135.mp4,1,Face2Face,c23,880_135
FaceForensics++,FaceForensics++__Face2Face__881_856.mp4,data\raw\FaceForensics++_C23\Face2Face\881_856.mp4,1,Face2Face,c23,881_856
FaceForensics++,FaceForensics++__Face2Face__882_952.mp4,data\raw\FaceForensics++_C23\Face2Face\882_952.mp4,1,Face2Face,c23,882_952
FaceForensics++,FaceForensics++__Face2Face__883_013.mp4,data\raw\FaceForensics++_C23\Face2Face\883_013.mp4,1,Face2Face,c23,883_013
FaceForensics++,FaceForensics++__Face2Face__886_877.mp4,data\raw\FaceForensics++_C23\Face2Face\886_877.mp4,1,Face2Face,c23,886_877
FaceForensics++,FaceForensics++__Face2Face__887_275.mp4,data\raw\FaceForensics++_C23\Face2Face\887_275.mp4,1,Face2Face,c23,887_275
FaceForensics++,FaceForensics++__Face2Face__888_937.mp4,data\raw\FaceForensics++_C23\Face2Face\888_937.mp4,1,Face2Face,c23,888_937
FaceForensics++,FaceForensics++__Face2Face__890_837.mp4,data\raw\FaceForensics++_C23\Face2Face\890_837.mp4,1,Face2Face,c23,890_837
FaceForensics++,FaceForensics++__Face2Face__891_876.mp4,data\raw\FaceForensics++_C23\Face2Face\891_876.mp4,1,Face2Face,c23,891_876
FaceForensics++,FaceForensics++__Face2Face__892_112.mp4,data\raw\FaceForensics++_C23\Face2Face\892_112.mp4,1,Face2Face,c23,892_112
FaceForensics++,FaceForensics++__Face2Face__894_848.mp4,data\raw\FaceForensics++_C23\Face2Face\894_848.mp4,1,Face2Face,c23,894_848
FaceForensics++,FaceForensics++__Face2Face__896_128.mp4,data\raw\FaceForensics++_C23\Face2Face\896_128.mp4,1,Face2Face,c23,896_128
FaceForensics++,FaceForensics++__Face2Face__897_969.mp4,data\raw\FaceForensics++_C23\Face2Face\897_969.mp4,1,Face2Face,c23,897_969
FaceForensics++,FaceForensics++__Face2Face__898_922.mp4,data\raw\FaceForensics++_C23\Face2Face\898_922.mp4,1,Face2Face,c23,898_922
FaceForensics++,FaceForensics++__Face2Face__900_926.mp4,data\raw\FaceForensics++_C23\Face2Face\900_926.mp4,1,Face2Face,c23,900_926
FaceForensics++,FaceForensics++__Face2Face__901_902.mp4,data\raw\FaceForensics++_C23\Face2Face\901_902.mp4,1,Face2Face,c23,901_902
FaceForensics++,FaceForensics++__Face2Face__902_901.mp4,data\raw\FaceForensics++_C23\Face2Face\902_901.mp4,1,Face2Face,c23,902_901
FaceForensics++,FaceForensics++__Face2Face__903_792.mp4,data\raw\FaceForensics++_C23\Face2Face\903_792.mp4,1,Face2Face,c23,903_792
FaceForensics++,FaceForensics++__Face2Face__904_046.mp4,data\raw\FaceForensics++_C23\Face2Face\904_046.mp4,1,Face2Face,c23,904_046
FaceForensics++,FaceForensics++__Face2Face__905_860.mp4,data\raw\FaceForensics++_C23\Face2Face\905_860.mp4,1,Face2Face,c23,905_860
FaceForensics++,FaceForensics++__Face2Face__906_847.mp4,data\raw\FaceForensics++_C23\Face2Face\906_847.mp4,1,Face2Face,c23,906_847
FaceForensics++,FaceForensics++__Face2Face__907_795.mp4,data\raw\FaceForensics++_C23\Face2Face\907_795.mp4,1,Face2Face,c23,907_795
FaceForensics++,FaceForensics++__Face2Face__908_207.mp4,data\raw\FaceForensics++_C23\Face2Face\908_207.mp4,1,Face2Face,c23,908_207
FaceForensics++,FaceForensics++__Face2Face__909_857.mp4,data\raw\FaceForensics++_C23\Face2Face\909_857.mp4,1,Face2Face,c23,909_857
FaceForensics++,FaceForensics++__Face2Face__910_911.mp4,data\raw\FaceForensics++_C23\Face2Face\910_911.mp4,1,Face2Face,c23,910_911
FaceForensics++,FaceForensics++__Face2Face__911_910.mp4,data\raw\FaceForensics++_C23\Face2Face\911_910.mp4,1,Face2Face,c23,911_910
FaceForensics++,FaceForensics++__Face2Face__912_927.mp4,data\raw\FaceForensics++_C23\Face2Face\912_927.mp4,1,Face2Face,c23,912_927
FaceForensics++,FaceForensics++__Face2Face__913_893.mp4,data\raw\FaceForensics++_C23\Face2Face\913_893.mp4,1,Face2Face,c23,913_893
FaceForensics++,FaceForensics++__Face2Face__914_899.mp4,data\raw\FaceForensics++_C23\Face2Face\914_899.mp4,1,Face2Face,c23,914_899
FaceForensics++,FaceForensics++__Face2Face__915_895.mp4,data\raw\FaceForensics++_C23\Face2Face\915_895.mp4,1,Face2Face,c23,915_895
FaceForensics++,FaceForensics++__Face2Face__917_924.mp4,data\raw\FaceForensics++_C23\Face2Face\917_924.mp4,1,Face2Face,c23,917_924
FaceForensics++,FaceForensics++__Face2Face__918_934.mp4,data\raw\FaceForensics++_C23\Face2Face\918_934.mp4,1,Face2Face,c23,918_934
FaceForensics++,FaceForensics++__Face2Face__919_015.mp4,data\raw\FaceForensics++_C23\Face2Face\919_015.mp4,1,Face2Face,c23,919_015
FaceForensics++,FaceForensics++__Face2Face__920_811.mp4,data\raw\FaceForensics++_C23\Face2Face\920_811.mp4,1,Face2Face,c23,920_811
FaceForensics++,FaceForensics++__Face2Face__921_569.mp4,data\raw\FaceForensics++_C23\Face2Face\921_569.mp4,1,Face2Face,c23,921_569
FaceForensics++,FaceForensics++__Face2Face__922_898.mp4,data\raw\FaceForensics++_C23\Face2Face\922_898.mp4,1,Face2Face,c23,922_898
FaceForensics++,FaceForensics++__Face2Face__923_023.mp4,data\raw\FaceForensics++_C23\Face2Face\923_023.mp4,1,Face2Face,c23,923_023
FaceForensics++,FaceForensics++__Face2Face__924_917.mp4,data\raw\FaceForensics++_C23\Face2Face\924_917.mp4,1,Face2Face,c23,924_917
FaceForensics++,FaceForensics++__Face2Face__925_933.mp4,data\raw\FaceForensics++_C23\Face2Face\925_933.mp4,1,Face2Face,c23,925_933
FaceForensics++,FaceForensics++__Face2Face__926_900.mp4,data\raw\FaceForensics++_C23\Face2Face\926_900.mp4,1,Face2Face,c23,926_900
FaceForensics++,FaceForensics++__Face2Face__927_912.mp4,data\raw\FaceForensics++_C23\Face2Face\927_912.mp4,1,Face2Face,c23,927_912
FaceForensics++,FaceForensics++__Face2Face__928_160.mp4,data\raw\FaceForensics++_C23\Face2Face\928_160.mp4,1,Face2Face,c23,928_160
FaceForensics++,FaceForensics++__Face2Face__930_763.mp4,data\raw\FaceForensics++_C23\Face2Face\930_763.mp4,1,Face2Face,c23,930_763
FaceForensics++,FaceForensics++__Face2Face__932_384.mp4,data\raw\FaceForensics++_C23\Face2Face\932_384.mp4,1,Face2Face,c23,932_384
FaceForensics++,FaceForensics++__Face2Face__933_925.mp4,data\raw\FaceForensics++_C23\Face2Face\933_925.mp4,1,Face2Face,c23,933_925
FaceForensics++,FaceForensics++__Face2Face__934_918.mp4,data\raw\FaceForensics++_C23\Face2Face\934_918.mp4,1,Face2Face,c23,934_918
FaceForensics++,FaceForensics++__Face2Face__935_733.mp4,data\raw\FaceForensics++_C23\Face2Face\935_733.mp4,1,Face2Face,c23,935_733
FaceForensics++,FaceForensics++__Face2Face__937_888.mp4,data\raw\FaceForensics++_C23\Face2Face\937_888.mp4,1,Face2Face,c23,937_888
FaceForensics++,FaceForensics++__Face2Face__938_987.mp4,data\raw\FaceForensics++_C23\Face2Face\938_987.mp4,1,Face2Face,c23,938_987
FaceForensics++,FaceForensics++__Face2Face__939_115.mp4,data\raw\FaceForensics++_C23\Face2Face\939_115.mp4,1,Face2Face,c23,939_115
FaceForensics++,FaceForensics++__Face2Face__940_941.mp4,data\raw\FaceForensics++_C23\Face2Face\940_941.mp4,1,Face2Face,c23,940_941
FaceForensics++,FaceForensics++__Face2Face__941_940.mp4,data\raw\FaceForensics++_C23\Face2Face\941_940.mp4,1,Face2Face,c23,941_940
FaceForensics++,FaceForensics++__Face2Face__944_032.mp4,data\raw\FaceForensics++_C23\Face2Face\944_032.mp4,1,Face2Face,c23,944_032
FaceForensics++,FaceForensics++__Face2Face__945_044.mp4,data\raw\FaceForensics++_C23\Face2Face\945_044.mp4,1,Face2Face,c23,945_044
FaceForensics++,FaceForensics++__Face2Face__946_049.mp4,data\raw\FaceForensics++_C23\Face2Face\946_049.mp4,1,Face2Face,c23,946_049
FaceForensics++,FaceForensics++__Face2Face__947_951.mp4,data\raw\FaceForensics++_C23\Face2Face\947_951.mp4,1,Face2Face,c23,947_951
FaceForensics++,FaceForensics++__Face2Face__948_965.mp4,data\raw\FaceForensics++_C23\Face2Face\948_965.mp4,1,Face2Face,c23,948_965
FaceForensics++,FaceForensics++__Face2Face__949_868.mp4,data\raw\FaceForensics++_C23\Face2Face\949_868.mp4,1,Face2Face,c23,949_868
FaceForensics++,FaceForensics++__Face2Face__950_836.mp4,data\raw\FaceForensics++_C23\Face2Face\950_836.mp4,1,Face2Face,c23,950_836
FaceForensics++,FaceForensics++__Face2Face__951_947.mp4,data\raw\FaceForensics++_C23\Face2Face\951_947.mp4,1,Face2Face,c23,951_947
FaceForensics++,FaceForensics++__Face2Face__952_882.mp4,data\raw\FaceForensics++_C23\Face2Face\952_882.mp4,1,Face2Face,c23,952_882
FaceForensics++,FaceForensics++__Face2Face__953_974.mp4,data\raw\FaceForensics++_C23\Face2Face\953_974.mp4,1,Face2Face,c23,953_974
FaceForensics++,FaceForensics++__Face2Face__955_078.mp4,data\raw\FaceForensics++_C23\Face2Face\955_078.mp4,1,Face2Face,c23,955_078
FaceForensics++,FaceForensics++__Face2Face__956_958.mp4,data\raw\FaceForensics++_C23\Face2Face\956_958.mp4,1,Face2Face,c23,956_958
FaceForensics++,FaceForensics++__Face2Face__957_959.mp4,data\raw\FaceForensics++_C23\Face2Face\957_959.mp4,1,Face2Face,c23,957_959
FaceForensics++,FaceForensics++__Face2Face__958_956.mp4,data\raw\FaceForensics++_C23\Face2Face\958_956.mp4,1,Face2Face,c23,958_956
FaceForensics++,FaceForensics++__Face2Face__959_957.mp4,data\raw\FaceForensics++_C23\Face2Face\959_957.mp4,1,Face2Face,c23,959_957
FaceForensics++,FaceForensics++__Face2Face__960_999.mp4,data\raw\FaceForensics++_C23\Face2Face\960_999.mp4,1,Face2Face,c23,960_999
FaceForensics++,FaceForensics++__Face2Face__961_069.mp4,data\raw\FaceForensics++_C23\Face2Face\961_069.mp4,1,Face2Face,c23,961_069
FaceForensics++,FaceForensics++__Face2Face__962_929.mp4,data\raw\FaceForensics++_C23\Face2Face\962_929.mp4,1,Face2Face,c23,962_929
FaceForensics++,FaceForensics++__Face2Face__963_879.mp4,data\raw\FaceForensics++_C23\Face2Face\963_879.mp4,1,Face2Face,c23,963_879
FaceForensics++,FaceForensics++__Face2Face__964_174.mp4,data\raw\FaceForensics++_C23\Face2Face\964_174.mp4,1,Face2Face,c23,964_174
FaceForensics++,FaceForensics++__Face2Face__965_948.mp4,data\raw\FaceForensics++_C23\Face2Face\965_948.mp4,1,Face2Face,c23,965_948
FaceForensics++,FaceForensics++__Face2Face__966_988.mp4,data\raw\FaceForensics++_C23\Face2Face\966_988.mp4,1,Face2Face,c23,966_988
FaceForensics++,FaceForensics++__Face2Face__967_984.mp4,data\raw\FaceForensics++_C23\Face2Face\967_984.mp4,1,Face2Face,c23,967_984
FaceForensics++,FaceForensics++__Face2Face__968_884.mp4,data\raw\FaceForensics++_C23\Face2Face\968_884.mp4,1,Face2Face,c23,968_884
FaceForensics++,FaceForensics++__Face2Face__969_897.mp4,data\raw\FaceForensics++_C23\Face2Face\969_897.mp4,1,Face2Face,c23,969_897
FaceForensics++,FaceForensics++__Face2Face__970_973.mp4,data\raw\FaceForensics++_C23\Face2Face\970_973.mp4,1,Face2Face,c23,970_973
FaceForensics++,FaceForensics++__Face2Face__971_564.mp4,data\raw\FaceForensics++_C23\Face2Face\971_564.mp4,1,Face2Face,c23,971_564
FaceForensics++,FaceForensics++__Face2Face__973_970.mp4,data\raw\FaceForensics++_C23\Face2Face\973_970.mp4,1,Face2Face,c23,973_970
FaceForensics++,FaceForensics++__Face2Face__974_953.mp4,data\raw\FaceForensics++_C23\Face2Face\974_953.mp4,1,Face2Face,c23,974_953
FaceForensics++,FaceForensics++__Face2Face__976_954.mp4,data\raw\FaceForensics++_C23\Face2Face\976_954.mp4,1,Face2Face,c23,976_954
FaceForensics++,FaceForensics++__Face2Face__977_075.mp4,data\raw\FaceForensics++_C23\Face2Face\977_075.mp4,1,Face2Face,c23,977_075
FaceForensics++,FaceForensics++__Face2Face__978_975.mp4,data\raw\FaceForensics++_C23\Face2Face\978_975.mp4,1,Face2Face,c23,978_975
FaceForensics++,FaceForensics++__Face2Face__979_875.mp4,data\raw\FaceForensics++_C23\Face2Face\979_875.mp4,1,Face2Face,c23,979_875
FaceForensics++,FaceForensics++__Face2Face__982_004.mp4,data\raw\FaceForensics++_C23\Face2Face\982_004.mp4,1,Face2Face,c23,982_004
FaceForensics++,FaceForensics++__Face2Face__983_113.mp4,data\raw\FaceForensics++_C23\Face2Face\983_113.mp4,1,Face2Face,c23,983_113
FaceForensics++,FaceForensics++__Face2Face__984_967.mp4,data\raw\FaceForensics++_C23\Face2Face\984_967.mp4,1,Face2Face,c23,984_967
FaceForensics++,FaceForensics++__Face2Face__986_994.mp4,data\raw\FaceForensics++_C23\Face2Face\986_994.mp4,1,Face2Face,c23,986_994
FaceForensics++,FaceForensics++__Face2Face__989_993.mp4,data\raw\FaceForensics++_C23\Face2Face\989_993.mp4,1,Face2Face,c23,989_993
FaceForensics++,FaceForensics++__Face2Face__990_008.mp4,data\raw\FaceForensics++_C23\Face2Face\990_008.mp4,1,Face2Face,c23,990_008
FaceForensics++,FaceForensics++__Face2Face__991_064.mp4,data\raw\FaceForensics++_C23\Face2Face\991_064.mp4,1,Face2Face,c23,991_064
FaceForensics++,FaceForensics++__Face2Face__992_980.mp4,data\raw\FaceForensics++_C23\Face2Face\992_980.mp4,1,Face2Face,c23,992_980
FaceForensics++,FaceForensics++__Face2Face__994_986.mp4,data\raw\FaceForensics++_C23\Face2Face\994_986.mp4,1,Face2Face,c23,994_986
FaceForensics++,FaceForensics++__Face2Face__995_233.mp4,data\raw\FaceForensics++_C23\Face2Face\995_233.mp4,1,Face2Face,c23,995_233
FaceForensics++,FaceForensics++__Face2Face__997_040.mp4,data\raw\FaceForensics++_C23\Face2Face\997_040.mp4,1,Face2Face,c23,997_040
FaceForensics++,FaceForensics++__Face2Face__998_561.mp4,data\raw\FaceForensics++_C23\Face2Face\998_561.mp4,1,Face2Face,c23,998_561
FaceForensics++,FaceForensics++__Face2Face__999_960.mp4,data\raw\FaceForensics++_C23\Face2Face\999_960.mp4,1,Face2Face,c23,999_960
FaceForensics++,FaceForensics++__FaceSwap__001_870.mp4,data\raw\FaceForensics++_C23\FaceSwap\001_870.mp4,1,FaceSwap,c23,001_870
FaceForensics++,FaceForensics++__FaceSwap__002_006.mp4,data\raw\FaceForensics++_C23\FaceSwap\002_006.mp4,1,FaceSwap,c23,002_006
FaceForensics++,FaceForensics++__FaceSwap__003_000.mp4,data\raw\FaceForensics++_C23\FaceSwap\003_000.mp4,1,FaceSwap,c23,003_000
FaceForensics++,FaceForensics++__FaceSwap__004_982.mp4,data\raw\FaceForensics++_C23\FaceSwap\004_982.mp4,1,FaceSwap,c23,004_982
FaceForensics++,FaceForensics++__FaceSwap__005_010.mp4,data\raw\FaceForensics++_C23\FaceSwap\005_010.mp4,1,FaceSwap,c23,005_010
FaceForensics++,FaceForensics++__FaceSwap__007_132.mp4,data\raw\FaceForensics++_C23\FaceSwap\007_132.mp4,1,FaceSwap,c23,007_132
FaceForensics++,FaceForensics++__FaceSwap__008_990.mp4,data\raw\FaceForensics++_C23\FaceSwap\008_990.mp4,1,FaceSwap,c23,008_990
FaceForensics++,FaceForensics++__FaceSwap__009_027.mp4,data\raw\FaceForensics++_C23\FaceSwap\009_027.mp4,1,FaceSwap,c23,009_027
FaceForensics++,FaceForensics++__FaceSwap__010_005.mp4,data\raw\FaceForensics++_C23\FaceSwap\010_005.mp4,1,FaceSwap,c23,010_005
FaceForensics++,FaceForensics++__FaceSwap__011_805.mp4,data\raw\FaceForensics++_C23\FaceSwap\011_805.mp4,1,FaceSwap,c23,011_805
FaceForensics++,FaceForensics++__FaceSwap__012_026.mp4,data\raw\FaceForensics++_C23\FaceSwap\012_026.mp4,1,FaceSwap,c23,012_026
FaceForensics++,FaceForensics++__FaceSwap__013_883.mp4,data\raw\FaceForensics++_C23\FaceSwap\013_883.mp4,1,FaceSwap,c23,013_883
FaceForensics++,FaceForensics++__FaceSwap__015_919.mp4,data\raw\FaceForensics++_C23\FaceSwap\015_919.mp4,1,FaceSwap,c23,015_919
FaceForensics++,FaceForensics++__FaceSwap__016_209.mp4,data\raw\FaceForensics++_C23\FaceSwap\016_209.mp4,1,FaceSwap,c23,016_209
FaceForensics++,FaceForensics++__FaceSwap__017_803.mp4,data\raw\FaceForensics++_C23\FaceSwap\017_803.mp4,1,FaceSwap,c23,017_803
FaceForensics++,FaceForensics++__FaceSwap__018_019.mp4,data\raw\FaceForensics++_C23\FaceSwap\018_019.mp4,1,FaceSwap,c23,018_019
FaceForensics++,FaceForensics++__FaceSwap__020_344.mp4,data\raw\FaceForensics++_C23\FaceSwap\020_344.mp4,1,FaceSwap,c23,020_344
FaceForensics++,FaceForensics++__FaceSwap__021_312.mp4,data\raw\FaceForensics++_C23\FaceSwap\021_312.mp4,1,FaceSwap,c23,021_312
FaceForensics++,FaceForensics++__FaceSwap__022_489.mp4,data\raw\FaceForensics++_C23\FaceSwap\022_489.mp4,1,FaceSwap,c23,022_489
FaceForensics++,FaceForensics++__FaceSwap__023_923.mp4,data\raw\FaceForensics++_C23\FaceSwap\023_923.mp4,1,FaceSwap,c23,023_923
FaceForensics++,FaceForensics++__FaceSwap__024_073.mp4,data\raw\FaceForensics++_C23\FaceSwap\024_073.mp4,1,FaceSwap,c23,024_073
FaceForensics++,FaceForensics++__FaceSwap__025_067.mp4,data\raw\FaceForensics++_C23\FaceSwap\025_067.mp4,1,FaceSwap,c23,025_067
FaceForensics++,FaceForensics++__FaceSwap__026_012.mp4,data\raw\FaceForensics++_C23\FaceSwap\026_012.mp4,1,FaceSwap,c23,026_012
FaceForensics++,FaceForensics++__FaceSwap__027_009.mp4,data\raw\FaceForensics++_C23\FaceSwap\027_009.mp4,1,FaceSwap,c23,027_009
FaceForensics++,FaceForensics++__FaceSwap__028_068.mp4,data\raw\FaceForensics++_C23\FaceSwap\028_068.mp4,1,FaceSwap,c23,028_068
FaceForensics++,FaceForensics++__FaceSwap__030_193.mp4,data\raw\FaceForensics++_C23\FaceSwap\030_193.mp4,1,FaceSwap,c23,030_193
FaceForensics++,FaceForensics++__FaceSwap__032_944.mp4,data\raw\FaceForensics++_C23\FaceSwap\032_944.mp4,1,FaceSwap,c23,032_944
FaceForensics++,FaceForensics++__FaceSwap__033_097.mp4,data\raw\FaceForensics++_C23\FaceSwap\033_097.mp4,1,FaceSwap,c23,033_097
FaceForensics++,FaceForensics++__FaceSwap__036_035.mp4,data\raw\FaceForensics++_C23\FaceSwap\036_035.mp4,1,FaceSwap,c23,036_035
FaceForensics++,FaceForensics++__FaceSwap__037_072.mp4,data\raw\FaceForensics++_C23\FaceSwap\037_072.mp4,1,FaceSwap,c23,037_072
FaceForensics++,FaceForensics++__FaceSwap__038_125.mp4,data\raw\FaceForensics++_C23\FaceSwap\038_125.mp4,1,FaceSwap,c23,038_125
FaceForensics++,FaceForensics++__FaceSwap__039_058.mp4,data\raw\FaceForensics++_C23\FaceSwap\039_058.mp4,1,FaceSwap,c23,039_058
FaceForensics++,FaceForensics++__FaceSwap__040_997.mp4,data\raw\FaceForensics++_C23\FaceSwap\040_997.mp4,1,FaceSwap,c23,040_997
FaceForensics++,FaceForensics++__FaceSwap__041_063.mp4,data\raw\FaceForensics++_C23\FaceSwap\041_063.mp4,1,FaceSwap,c23,041_063
FaceForensics++,FaceForensics++__FaceSwap__042_084.mp4,data\raw\FaceForensics++_C23\FaceSwap\042_084.mp4,1,FaceSwap,c23,042_084
FaceForensics++,FaceForensics++__FaceSwap__043_110.mp4,data\raw\FaceForensics++_C23\FaceSwap\043_110.mp4,1,FaceSwap,c23,043_110
FaceForensics++,FaceForensics++__FaceSwap__045_889.mp4,data\raw\FaceForensics++_C23\FaceSwap\045_889.mp4,1,FaceSwap,c23,045_889
FaceForensics++,FaceForensics++__FaceSwap__046_904.mp4,data\raw\FaceForensics++_C23\FaceSwap\046_904.mp4,1,FaceSwap,c23,046_904
FaceForensics++,FaceForensics++__FaceSwap__047_862.mp4,data\raw\FaceForensics++_C23\FaceSwap\047_862.mp4,1,FaceSwap,c23,047_862
FaceForensics++,FaceForensics++__FaceSwap__048_029.mp4,data\raw\FaceForensics++_C23\FaceSwap\048_029.mp4,1,FaceSwap,c23,048_029
FaceForensics++,FaceForensics++__FaceSwap__050_059.mp4,data\raw\FaceForensics++_C23\FaceSwap\050_059.mp4,1,FaceSwap,c23,050_059
FaceForensics++,FaceForensics++__FaceSwap__051_332.mp4,data\raw\FaceForensics++_C23\FaceSwap\051_332.mp4,1,FaceSwap,c23,051_332
FaceForensics++,FaceForensics++__FaceSwap__052_108.mp4,data\raw\FaceForensics++_C23\FaceSwap\052_108.mp4,1,FaceSwap,c23,052_108
FaceForensics++,FaceForensics++__FaceSwap__054_071.mp4,data\raw\FaceForensics++_C23\FaceSwap\054_071.mp4,1,FaceSwap,c23,054_071
FaceForensics++,FaceForensics++__FaceSwap__055_147.mp4,data\raw\FaceForensics++_C23\FaceSwap\055_147.mp4,1,FaceSwap,c23,055_147
FaceForensics++,FaceForensics++__FaceSwap__056_996.mp4,data\raw\FaceForensics++_C23\FaceSwap\056_996.mp4,1,FaceSwap,c23,056_996
FaceForensics++,FaceForensics++__FaceSwap__057_070.mp4,data\raw\FaceForensics++_C23\FaceSwap\057_070.mp4,1,FaceSwap,c23,057_070
FaceForensics++,FaceForensics++__FaceSwap__058_039.mp4,data\raw\FaceForensics++_C23\FaceSwap\058_039.mp4,1,FaceSwap,c23,058_039
FaceForensics++,FaceForensics++__FaceSwap__059_050.mp4,data\raw\FaceForensics++_C23\FaceSwap\059_050.mp4,1,FaceSwap,c23,059_050
FaceForensics++,FaceForensics++__FaceSwap__060_088.mp4,data\raw\FaceForensics++_C23\FaceSwap\060_088.mp4,1,FaceSwap,c23,060_088
FaceForensics++,FaceForensics++__FaceSwap__061_080.mp4,data\raw\FaceForensics++_C23\FaceSwap\061_080.mp4,1,FaceSwap,c23,061_080
FaceForensics++,FaceForensics++__FaceSwap__063_041.mp4,data\raw\FaceForensics++_C23\FaceSwap\063_041.mp4,1,FaceSwap,c23,063_041
FaceForensics++,FaceForensics++__FaceSwap__064_991.mp4,data\raw\FaceForensics++_C23\FaceSwap\064_991.mp4,1,FaceSwap,c23,064_991
FaceForensics++,FaceForensics++__FaceSwap__066_062.mp4,data\raw\FaceForensics++_C23\FaceSwap\066_062.mp4,1,FaceSwap,c23,066_062
FaceForensics++,FaceForensics++__FaceSwap__067_025.mp4,data\raw\FaceForensics++_C23\FaceSwap\067_025.mp4,1,FaceSwap,c23,067_025
FaceForensics++,FaceForensics++__FaceSwap__068_028.mp4,data\raw\FaceForensics++_C23\FaceSwap\068_028.mp4,1,FaceSwap,c23,068_028
FaceForensics++,FaceForensics++__FaceSwap__069_961.mp4,data\raw\FaceForensics++_C23\FaceSwap\069_961.mp4,1,FaceSwap,c23,069_961
FaceForensics++,FaceForensics++__FaceSwap__071_054.mp4,data\raw\FaceForensics++_C23\FaceSwap\071_054.mp4,1,FaceSwap,c23,071_054
FaceForensics++,FaceForensics++__FaceSwap__072_037.mp4,data\raw\FaceForensics++_C23\FaceSwap\072_037.mp4,1,FaceSwap,c23,072_037
FaceForensics++,FaceForensics++__FaceSwap__074_825.mp4,data\raw\FaceForensics++_C23\FaceSwap\074_825.mp4,1,FaceSwap,c23,074_825
FaceForensics++,FaceForensics++__FaceSwap__075_977.mp4,data\raw\FaceForensics++_C23\FaceSwap\075_977.mp4,1,FaceSwap,c23,075_977
FaceForensics++,FaceForensics++__FaceSwap__076_079.mp4,data\raw\FaceForensics++_C23\FaceSwap\076_079.mp4,1,FaceSwap,c23,076_079
FaceForensics++,FaceForensics++__FaceSwap__077_100.mp4,data\raw\FaceForensics++_C23\FaceSwap\077_100.mp4,1,FaceSwap,c23,077_100
FaceForensics++,FaceForensics++__FaceSwap__078_955.mp4,data\raw\FaceForensics++_C23\FaceSwap\078_955.mp4,1,FaceSwap,c23,078_955
FaceForensics++,FaceForensics++__FaceSwap__080_061.mp4,data\raw\FaceForensics++_C23\FaceSwap\080_061.mp4,1,FaceSwap,c23,080_061
FaceForensics++,FaceForensics++__FaceSwap__081_087.mp4,data\raw\FaceForensics++_C23\FaceSwap\081_087.mp4,1,FaceSwap,c23,081_087
FaceForensics++,FaceForensics++__FaceSwap__082_103.mp4,data\raw\FaceForensics++_C23\FaceSwap\082_103.mp4,1,FaceSwap,c23,082_103
FaceForensics++,FaceForensics++__FaceSwap__083_213.mp4,data\raw\FaceForensics++_C23\FaceSwap\083_213.mp4,1,FaceSwap,c23,083_213
FaceForensics++,FaceForensics++__FaceSwap__084_042.mp4,data\raw\FaceForensics++_C23\FaceSwap\084_042.mp4,1,FaceSwap,c23,084_042
FaceForensics++,FaceForensics++__FaceSwap__085_124.mp4,data\raw\FaceForensics++_C23\FaceSwap\085_124.mp4,1,FaceSwap,c23,085_124
FaceForensics++,FaceForensics++__FaceSwap__086_090.mp4,data\raw\FaceForensics++_C23\FaceSwap\086_090.mp4,1,FaceSwap,c23,086_090
FaceForensics++,FaceForensics++__FaceSwap__087_081.mp4,data\raw\FaceForensics++_C23\FaceSwap\087_081.mp4,1,FaceSwap,c23,087_081
FaceForensics++,FaceForensics++__FaceSwap__088_060.mp4,data\raw\FaceForensics++_C23\FaceSwap\088_060.mp4,1,FaceSwap,c23,088_060
FaceForensics++,FaceForensics++__FaceSwap__090_086.mp4,data\raw\FaceForensics++_C23\FaceSwap\090_086.mp4,1,FaceSwap,c23,090_086
FaceForensics++,FaceForensics++__FaceSwap__092_098.mp4,data\raw\FaceForensics++_C23\FaceSwap\092_098.mp4,1,FaceSwap,c23,092_098
FaceForensics++,FaceForensics++__FaceSwap__093_121.mp4,data\raw\FaceForensics++_C23\FaceSwap\093_121.mp4,1,FaceSwap,c23,093_121
FaceForensics++,FaceForensics++__FaceSwap__094_111.mp4,data\raw\FaceForensics++_C23\FaceSwap\094_111.mp4,1,FaceSwap,c23,094_111
FaceForensics++,FaceForensics++__FaceSwap__095_053.mp4,data\raw\FaceForensics++_C23\FaceSwap\095_053.mp4,1,FaceSwap,c23,095_053
FaceForensics++,FaceForensics++__FaceSwap__097_033.mp4,data\raw\FaceForensics++_C23\FaceSwap\097_033.mp4,1,FaceSwap,c23,097_033
FaceForensics++,FaceForensics++__FaceSwap__098_092.mp4,data\raw\FaceForensics++_C23\FaceSwap\098_092.mp4,1,FaceSwap,c23,098_092
FaceForensics++,FaceForensics++__FaceSwap__100_077.mp4,data\raw\FaceForensics++_C23\FaceSwap\100_077.mp4,1,FaceSwap,c23,100_077
FaceForensics++,FaceForensics++__FaceSwap__101_096.mp4,data\raw\FaceForensics++_C23\FaceSwap\101_096.mp4,1,FaceSwap,c23,101_096
FaceForensics++,FaceForensics++__FaceSwap__102_114.mp4,data\raw\FaceForensics++_C23\FaceSwap\102_114.mp4,1,FaceSwap,c23,102_114
FaceForensics++,FaceForensics++__FaceSwap__103_082.mp4,data\raw\FaceForensics++_C23\FaceSwap\103_082.mp4,1,FaceSwap,c23,103_082
FaceForensics++,FaceForensics++__FaceSwap__104_126.mp4,data\raw\FaceForensics++_C23\FaceSwap\104_126.mp4,1,FaceSwap,c23,104_126
FaceForensics++,FaceForensics++__FaceSwap__105_180.mp4,data\raw\FaceForensics++_C23\FaceSwap\105_180.mp4,1,FaceSwap,c23,105_180
FaceForensics++,FaceForensics++__FaceSwap__106_198.mp4,data\raw\FaceForensics++_C23\FaceSwap\106_198.mp4,1,FaceSwap,c23,106_198
FaceForensics++,FaceForensics++__FaceSwap__107_109.mp4,data\raw\FaceForensics++_C23\FaceSwap\107_109.mp4,1,FaceSwap,c23,107_109
FaceForensics++,FaceForensics++__FaceSwap__108_052.mp4,data\raw\FaceForensics++_C23\FaceSwap\108_052.mp4,1,FaceSwap,c23,108_052
FaceForensics++,FaceForensics++__FaceSwap__109_107.mp4,data\raw\FaceForensics++_C23\FaceSwap\109_107.mp4,1,FaceSwap,c23,109_107
FaceForensics++,FaceForensics++__FaceSwap__110_043.mp4,data\raw\FaceForensics++_C23\FaceSwap\110_043.mp4,1,FaceSwap,c23,110_043
FaceForensics++,FaceForensics++__FaceSwap__111_094.mp4,data\raw\FaceForensics++_C23\FaceSwap\111_094.mp4,1,FaceSwap,c23,111_094
FaceForensics++,FaceForensics++__FaceSwap__112_892.mp4,data\raw\FaceForensics++_C23\FaceSwap\112_892.mp4,1,FaceSwap,c23,112_892
FaceForensics++,FaceForensics++__FaceSwap__113_983.mp4,data\raw\FaceForensics++_C23\FaceSwap\113_983.mp4,1,FaceSwap,c23,113_983
FaceForensics++,FaceForensics++__FaceSwap__114_102.mp4,data\raw\FaceForensics++_C23\FaceSwap\114_102.mp4,1,FaceSwap,c23,114_102
FaceForensics++,FaceForensics++__FaceSwap__115_939.mp4,data\raw\FaceForensics++_C23\FaceSwap\115_939.mp4,1,FaceSwap,c23,115_939
FaceForensics++,FaceForensics++__FaceSwap__116_091.mp4,data\raw\FaceForensics++_C23\FaceSwap\116_091.mp4,1,FaceSwap,c23,116_091
FaceForensics++,FaceForensics++__FaceSwap__117_217.mp4,data\raw\FaceForensics++_C23\FaceSwap\117_217.mp4,1,FaceSwap,c23,117_217
FaceForensics++,FaceForensics++__FaceSwap__118_120.mp4,data\raw\FaceForensics++_C23\FaceSwap\118_120.mp4,1,FaceSwap,c23,118_120
FaceForensics++,FaceForensics++__FaceSwap__119_123.mp4,data\raw\FaceForensics++_C23\FaceSwap\119_123.mp4,1,FaceSwap,c23,119_123
FaceForensics++,FaceForensics++__FaceSwap__120_118.mp4,data\raw\FaceForensics++_C23\FaceSwap\120_118.mp4,1,FaceSwap,c23,120_118
FaceForensics++,FaceForensics++__FaceSwap__121_093.mp4,data\raw\FaceForensics++_C23\FaceSwap\121_093.mp4,1,FaceSwap,c23,121_093
FaceForensics++,FaceForensics++__FaceSwap__122_144.mp4,data\raw\FaceForensics++_C23\FaceSwap\122_144.mp4,1,FaceSwap,c23,122_144
FaceForensics++,FaceForensics++__FaceSwap__123_119.mp4,data\raw\FaceForensics++_C23\FaceSwap\123_119.mp4,1,FaceSwap,c23,123_119
FaceForensics++,FaceForensics++__FaceSwap__124_085.mp4,data\raw\FaceForensics++_C23\FaceSwap\124_085.mp4,1,FaceSwap,c23,124_085
FaceForensics++,FaceForensics++__FaceSwap__126_104.mp4,data\raw\FaceForensics++_C23\FaceSwap\126_104.mp4,1,FaceSwap,c23,126_104
FaceForensics++,FaceForensics++__FaceSwap__127_129.mp4,data\raw\FaceForensics++_C23\FaceSwap\127_129.mp4,1,FaceSwap,c23,127_129
FaceForensics++,FaceForensics++__FaceSwap__128_896.mp4,data\raw\FaceForensics++_C23\FaceSwap\128_896.mp4,1,FaceSwap,c23,128_896
FaceForensics++,FaceForensics++__FaceSwap__131_518.mp4,data\raw\FaceForensics++_C23\FaceSwap\131_518.mp4,1,FaceSwap,c23,131_518
FaceForensics++,FaceForensics++__FaceSwap__132_007.mp4,data\raw\FaceForensics++_C23\FaceSwap\132_007.mp4,1,FaceSwap,c23,132_007
FaceForensics++,FaceForensics++__FaceSwap__133_148.mp4,data\raw\FaceForensics++_C23\FaceSwap\133_148.mp4,1,FaceSwap,c23,133_148
FaceForensics++,FaceForensics++__FaceSwap__134_192.mp4,data\raw\FaceForensics++_C23\FaceSwap\134_192.mp4,1,FaceSwap,c23,134_192
FaceForensics++,FaceForensics++__FaceSwap__135_880.mp4,data\raw\FaceForensics++_C23\FaceSwap\135_880.mp4,1,FaceSwap,c23,135_880
FaceForensics++,FaceForensics++__FaceSwap__136_285.mp4,data\raw\FaceForensics++_C23\FaceSwap\136_285.mp4,1,FaceSwap,c23,136_285
FaceForensics++,FaceForensics++__FaceSwap__138_142.mp4,data\raw\FaceForensics++_C23\FaceSwap\138_142.mp4,1,FaceSwap,c23,138_142
FaceForensics++,FaceForensics++__FaceSwap__139_130.mp4,data\raw\FaceForensics++_C23\FaceSwap\139_130.mp4,1,FaceSwap,c23,139_130
FaceForensics++,FaceForensics++__FaceSwap__140_143.mp4,data\raw\FaceForensics++_C23\FaceSwap\140_143.mp4,1,FaceSwap,c23,140_143
FaceForensics++,FaceForensics++__FaceSwap__142_138.mp4,data\raw\FaceForensics++_C23\FaceSwap\142_138.mp4,1,FaceSwap,c23,142_138
FaceForensics++,FaceForensics++__FaceSwap__143_140.mp4,data\raw\FaceForensics++_C23\FaceSwap\143_140.mp4,1,FaceSwap,c23,143_140
FaceForensics++,FaceForensics++__FaceSwap__144_122.mp4,data\raw\FaceForensics++_C23\FaceSwap\144_122.mp4,1,FaceSwap,c23,144_122
FaceForensics++,FaceForensics++__FaceSwap__145_299.mp4,data\raw\FaceForensics++_C23\FaceSwap\145_299.mp4,1,FaceSwap,c23,145_299
FaceForensics++,FaceForensics++__FaceSwap__146_256.mp4,data\raw\FaceForensics++_C23\FaceSwap\146_256.mp4,1,FaceSwap,c23,146_256
FaceForensics++,FaceForensics++__FaceSwap__147_055.mp4,data\raw\FaceForensics++_C23\FaceSwap\147_055.mp4,1,FaceSwap,c23,147_055
FaceForensics++,FaceForensics++__FaceSwap__148_133.mp4,data\raw\FaceForensics++_C23\FaceSwap\148_133.mp4,1,FaceSwap,c23,148_133
FaceForensics++,FaceForensics++__FaceSwap__150_153.mp4,data\raw\FaceForensics++_C23\FaceSwap\150_153.mp4,1,FaceSwap,c23,150_153
FaceForensics++,FaceForensics++__FaceSwap__151_225.mp4,data\raw\FaceForensics++_C23\FaceSwap\151_225.mp4,1,FaceSwap,c23,151_225
FaceForensics++,FaceForensics++__FaceSwap__155_576.mp4,data\raw\FaceForensics++_C23\FaceSwap\155_576.mp4,1,FaceSwap,c23,155_576
FaceForensics++,FaceForensics++__FaceSwap__157_245.mp4,data\raw\FaceForensics++_C23\FaceSwap\157_245.mp4,1,FaceSwap,c23,157_245
FaceForensics++,FaceForensics++__FaceSwap__158_379.mp4,data\raw\FaceForensics++_C23\FaceSwap\158_379.mp4,1,FaceSwap,c23,158_379
FaceForensics++,FaceForensics++__FaceSwap__159_175.mp4,data\raw\FaceForensics++_C23\FaceSwap\159_175.mp4,1,FaceSwap,c23,159_175
FaceForensics++,FaceForensics++__FaceSwap__160_928.mp4,data\raw\FaceForensics++_C23\FaceSwap\160_928.mp4,1,FaceSwap,c23,160_928
FaceForensics++,FaceForensics++__FaceSwap__161_141.mp4,data\raw\FaceForensics++_C23\FaceSwap\161_141.mp4,1,FaceSwap,c23,161_141
FaceForensics++,FaceForensics++__FaceSwap__162_330.mp4,data\raw\FaceForensics++_C23\FaceSwap\162_330.mp4,1,FaceSwap,c23,162_330
FaceForensics++,FaceForensics++__FaceSwap__163_031.mp4,data\raw\FaceForensics++_C23\FaceSwap\163_031.mp4,1,FaceSwap,c23,163_031
FaceForensics++,FaceForensics++__FaceSwap__164_216.mp4,data\raw\FaceForensics++_C23\FaceSwap\164_216.mp4,1,FaceSwap,c23,164_216
FaceForensics++,FaceForensics++__FaceSwap__166_167.mp4,data\raw\FaceForensics++_C23\FaceSwap\166_167.mp4,1,FaceSwap,c23,166_167
FaceForensics++,FaceForensics++__FaceSwap__167_166.mp4,data\raw\FaceForensics++_C23\FaceSwap\167_166.mp4,1,FaceSwap,c23,167_166
FaceForensics++,FaceForensics++__FaceSwap__168_222.mp4,data\raw\FaceForensics++_C23\FaceSwap\168_222.mp4,1,FaceSwap,c23,168_222
FaceForensics++,FaceForensics++__FaceSwap__169_227.mp4,data\raw\FaceForensics++_C23\FaceSwap\169_227.mp4,1,FaceSwap,c23,169_227
FaceForensics++,FaceForensics++__FaceSwap__170_186.mp4,data\raw\FaceForensics++_C23\FaceSwap\170_186.mp4,1,FaceSwap,c23,170_186
FaceForensics++,FaceForensics++__FaceSwap__172_582.mp4,data\raw\FaceForensics++_C23\FaceSwap\172_582.mp4,1,FaceSwap,c23,172_582
FaceForensics++,FaceForensics++__FaceSwap__173_171.mp4,data\raw\FaceForensics++_C23\FaceSwap\173_171.mp4,1,FaceSwap,c23,173_171
FaceForensics++,FaceForensics++__FaceSwap__175_159.mp4,data\raw\FaceForensics++_C23\FaceSwap\175_159.mp4,1,FaceSwap,c23,175_159
FaceForensics++,FaceForensics++__FaceSwap__176_190.mp4,data\raw\FaceForensics++_C23\FaceSwap\176_190.mp4,1,FaceSwap,c23,176_190
FaceForensics++,FaceForensics++__FaceSwap__178_598.mp4,data\raw\FaceForensics++_C23\FaceSwap\178_598.mp4,1,FaceSwap,c23,178_598
FaceForensics++,FaceForensics++__FaceSwap__179_212.mp4,data\raw\FaceForensics++_C23\FaceSwap\179_212.mp4,1,FaceSwap,c23,179_212
FaceForensics++,FaceForensics++__FaceSwap__180_105.mp4,data\raw\FaceForensics++_C23\FaceSwap\180_105.mp4,1,FaceSwap,c23,180_105
FaceForensics++,FaceForensics++__FaceSwap__184_205.mp4,data\raw\FaceForensics++_C23\FaceSwap\184_205.mp4,1,FaceSwap,c23,184_205
FaceForensics++,FaceForensics++__FaceSwap__189_200.mp4,data\raw\FaceForensics++_C23\FaceSwap\189_200.mp4,1,FaceSwap,c23,189_200
FaceForensics++,FaceForensics++__FaceSwap__191_188.mp4,data\raw\FaceForensics++_C23\FaceSwap\191_188.mp4,1,FaceSwap,c23,191_188
FaceForensics++,FaceForensics++__FaceSwap__194_235.mp4,data\raw\FaceForensics++_C23\FaceSwap\194_235.mp4,1,FaceSwap,c23,194_235
FaceForensics++,FaceForensics++__FaceSwap__195_442.mp4,data\raw\FaceForensics++_C23\FaceSwap\195_442.mp4,1,FaceSwap,c23,195_442
FaceForensics++,FaceForensics++__FaceSwap__198_106.mp4,data\raw\FaceForensics++_C23\FaceSwap\198_106.mp4,1,FaceSwap,c23,198_106
FaceForensics++,FaceForensics++__FaceSwap__199_181.mp4,data\raw\FaceForensics++_C23\FaceSwap\199_181.mp4,1,FaceSwap,c23,199_181
FaceForensics++,FaceForensics++__FaceSwap__200_189.mp4,data\raw\FaceForensics++_C23\FaceSwap\200_189.mp4,1,FaceSwap,c23,200_189
FaceForensics++,FaceForensics++__FaceSwap__201_203.mp4,data\raw\FaceForensics++_C23\FaceSwap\201_203.mp4,1,FaceSwap,c23,201_203
FaceForensics++,FaceForensics++__FaceSwap__202_348.mp4,data\raw\FaceForensics++_C23\FaceSwap\202_348.mp4,1,FaceSwap,c23,202_348
FaceForensics++,FaceForensics++__FaceSwap__205_184.mp4,data\raw\FaceForensics++_C23\FaceSwap\205_184.mp4,1,FaceSwap,c23,205_184
FaceForensics++,FaceForensics++__FaceSwap__206_221.mp4,data\raw\FaceForensics++_C23\FaceSwap\206_221.mp4,1,FaceSwap,c23,206_221
FaceForensics++,FaceForensics++__FaceSwap__207_908.mp4,data\raw\FaceForensics++_C23\FaceSwap\207_908.mp4,1,FaceSwap,c23,207_908
FaceForensics++,FaceForensics++__FaceSwap__208_215.mp4,data\raw\FaceForensics++_C23\FaceSwap\208_215.mp4,1,FaceSwap,c23,208_215
FaceForensics++,FaceForensics++__FaceSwap__209_016.mp4,data\raw\FaceForensics++_C23\FaceSwap\209_016.mp4,1,FaceSwap,c23,209_016
FaceForensics++,FaceForensics++__FaceSwap__210_241.mp4,data\raw\FaceForensics++_C23\FaceSwap\210_241.mp4,1,FaceSwap,c23,210_241
FaceForensics++,FaceForensics++__FaceSwap__211_177.mp4,data\raw\FaceForensics++_C23\FaceSwap\211_177.mp4,1,FaceSwap,c23,211_177
FaceForensics++,FaceForensics++__FaceSwap__212_179.mp4,data\raw\FaceForensics++_C23\FaceSwap\212_179.mp4,1,FaceSwap,c23,212_179
FaceForensics++,FaceForensics++__FaceSwap__213_083.mp4,data\raw\FaceForensics++_C23\FaceSwap\213_083.mp4,1,FaceSwap,c23,213_083
FaceForensics++,FaceForensics++__FaceSwap__214_255.mp4,data\raw\FaceForensics++_C23\FaceSwap\214_255.mp4,1,FaceSwap,c23,214_255
FaceForensics++,FaceForensics++__FaceSwap__215_208.mp4,data\raw\FaceForensics++_C23\FaceSwap\215_208.mp4,1,FaceSwap,c23,215_208
FaceForensics++,FaceForensics++__FaceSwap__217_117.mp4,data\raw\FaceForensics++_C23\FaceSwap\217_117.mp4,1,FaceSwap,c23,217_117
FaceForensics++,FaceForensics++__FaceSwap__219_220.mp4,data\raw\FaceForensics++_C23\FaceSwap\219_220.mp4,1,FaceSwap,c23,219_220
FaceForensics++,FaceForensics++__FaceSwap__220_219.mp4,data\raw\FaceForensics++_C23\FaceSwap\220_219.mp4,1,FaceSwap,c23,220_219
FaceForensics++,FaceForensics++__FaceSwap__221_206.mp4,data\raw\FaceForensics++_C23\FaceSwap\221_206.mp4,1,FaceSwap,c23,221_206
FaceForensics++,FaceForensics++__FaceSwap__222_168.mp4,data\raw\FaceForensics++_C23\FaceSwap\222_168.mp4,1,FaceSwap,c23,222_168
FaceForensics++,FaceForensics++__FaceSwap__223_586.mp4,data\raw\FaceForensics++_C23\FaceSwap\223_586.mp4,1,FaceSwap,c23,223_586
FaceForensics++,FaceForensics++__FaceSwap__225_151.mp4,data\raw\FaceForensics++_C23\FaceSwap\225_151.mp4,1,FaceSwap,c23,225_151
FaceForensics++,FaceForensics++__FaceSwap__226_491.mp4,data\raw\FaceForensics++_C23\FaceSwap\226_491.mp4,1,FaceSwap,c23,226_491
FaceForensics++,FaceForensics++__FaceSwap__227_169.mp4,data\raw\FaceForensics++_C23\FaceSwap\227_169.mp4,1,FaceSwap,c23,227_169
FaceForensics++,FaceForensics++__FaceSwap__228_289.mp4,data\raw\FaceForensics++_C23\FaceSwap\228_289.mp4,1,FaceSwap,c23,228_289
FaceForensics++,FaceForensics++__FaceSwap__229_247.mp4,data\raw\FaceForensics++_C23\FaceSwap\229_247.mp4,1,FaceSwap,c23,229_247
FaceForensics++,FaceForensics++__FaceSwap__230_204.mp4,data\raw\FaceForensics++_C23\FaceSwap\230_204.mp4,1,FaceSwap,c23,230_204
FaceForensics++,FaceForensics++__FaceSwap__231_663.mp4,data\raw\FaceForensics++_C23\FaceSwap\231_663.mp4,1,FaceSwap,c23,231_663
FaceForensics++,FaceForensics++__FaceSwap__232_248.mp4,data\raw\FaceForensics++_C23\FaceSwap\232_248.mp4,1,FaceSwap,c23,232_248
FaceForensics++,FaceForensics++__FaceSwap__233_995.mp4,data\raw\FaceForensics++_C23\FaceSwap\233_995.mp4,1,FaceSwap,c23,233_995
FaceForensics++,FaceForensics++__FaceSwap__235_194.mp4,data\raw\FaceForensics++_C23\FaceSwap\235_194.mp4,1,FaceSwap,c23,235_194
FaceForensics++,FaceForensics++__FaceSwap__236_237.mp4,data\raw\FaceForensics++_C23\FaceSwap\236_237.mp4,1,FaceSwap,c23,236_237
FaceForensics++,FaceForensics++__FaceSwap__237_236.mp4,data\raw\FaceForensics++_C23\FaceSwap\237_236.mp4,1,FaceSwap,c23,237_236
FaceForensics++,FaceForensics++__FaceSwap__238_282.mp4,data\raw\FaceForensics++_C23\FaceSwap\238_282.mp4,1,FaceSwap,c23,238_282
FaceForensics++,FaceForensics++__FaceSwap__240_290.mp4,data\raw\FaceForensics++_C23\FaceSwap\240_290.mp4,1,FaceSwap,c23,240_290
FaceForensics++,FaceForensics++__FaceSwap__241_210.mp4,data\raw\FaceForensics++_C23\FaceSwap\241_210.mp4,1,FaceSwap,c23,241_210
FaceForensics++,FaceForensics++__FaceSwap__242_182.mp4,data\raw\FaceForensics++_C23\FaceSwap\242_182.mp4,1,FaceSwap,c23,242_182
FaceForensics++,FaceForensics++__FaceSwap__243_156.mp4,data\raw\FaceForensics++_C23\FaceSwap\243_156.mp4,1,FaceSwap,c23,243_156
FaceForensics++,FaceForensics++__FaceSwap__244_822.mp4,data\raw\FaceForensics++_C23\FaceSwap\244_822.mp4,1,FaceSwap,c23,244_822
FaceForensics++,FaceForensics++__FaceSwap__245_157.mp4,data\raw\FaceForensics++_C23\FaceSwap\245_157.mp4,1,FaceSwap,c23,245_157
FaceForensics++,FaceForensics++__FaceSwap__246_258.mp4,data\raw\FaceForensics++_C23\FaceSwap\246_258.mp4,1,FaceSwap,c23,246_258
FaceForensics++,FaceForensics++__FaceSwap__247_229.mp4,data\raw\FaceForensics++_C23\FaceSwap\247_229.mp4,1,FaceSwap,c23,247_229
FaceForensics++,FaceForensics++__FaceSwap__249_280.mp4,data\raw\FaceForensics++_C23\FaceSwap\249_280.mp4,1,FaceSwap,c23,249_280
FaceForensics++,FaceForensics++__FaceSwap__250_461.mp4,data\raw\FaceForensics++_C23\FaceSwap\250_461.mp4,1,FaceSwap,c23,250_461
FaceForensics++,FaceForensics++__FaceSwap__251_375.mp4,data\raw\FaceForensics++_C23\FaceSwap\251_375.mp4,1,FaceSwap,c23,251_375
FaceForensics++,FaceForensics++__FaceSwap__252_266.mp4,data\raw\FaceForensics++_C23\FaceSwap\252_266.mp4,1,FaceSwap,c23,252_266
FaceForensics++,FaceForensics++__FaceSwap__253_183.mp4,data\raw\FaceForensics++_C23\FaceSwap\253_183.mp4,1,FaceSwap,c23,253_183
FaceForensics++,FaceForensics++__FaceSwap__255_214.mp4,data\raw\FaceForensics++_C23\FaceSwap\255_214.mp4,1,FaceSwap,c23,255_214
FaceForensics++,FaceForensics++__FaceSwap__257_420.mp4,data\raw\FaceForensics++_C23\FaceSwap\257_420.mp4,1,FaceSwap,c23,257_420
FaceForensics++,FaceForensics++__FaceSwap__258_246.mp4,data\raw\FaceForensics++_C23\FaceSwap\258_246.mp4,1,FaceSwap,c23,258_246
FaceForensics++,FaceForensics++__FaceSwap__259_345.mp4,data\raw\FaceForensics++_C23\FaceSwap\259_345.mp4,1,FaceSwap,c23,259_345
FaceForensics++,FaceForensics++__FaceSwap__260_331.mp4,data\raw\FaceForensics++_C23\FaceSwap\260_331.mp4,1,FaceSwap,c23,260_331
FaceForensics++,FaceForensics++__FaceSwap__261_254.mp4,data\raw\FaceForensics++_C23\FaceSwap\261_254.mp4,1,FaceSwap,c23,261_254
FaceForensics++,FaceForensics++__FaceSwap__262_301.mp4,data\raw\FaceForensics++_C23\FaceSwap\262_301.mp4,1,FaceSwap,c23,262_301
FaceForensics++,FaceForensics++__FaceSwap__263_284.mp4,data\raw\FaceForensics++_C23\FaceSwap\263_284.mp4,1,FaceSwap,c23,263_284
FaceForensics++,FaceForensics++__FaceSwap__264_271.mp4,data\raw\FaceForensics++_C23\FaceSwap\264_271.mp4,1,FaceSwap,c23,264_271
FaceForensics++,FaceForensics++__FaceSwap__265_475.mp4,data\raw\FaceForensics++_C23\FaceSwap\265_475.mp4,1,FaceSwap,c23,265_475
FaceForensics++,FaceForensics++__FaceSwap__266_252.mp4,data\raw\FaceForensics++_C23\FaceSwap\266_252.mp4,1,FaceSwap,c23,266_252
FaceForensics++,FaceForensics++__FaceSwap__267_286.mp4,data\raw\FaceForensics++_C23\FaceSwap\267_286.mp4,1,FaceSwap,c23,267_286
FaceForensics++,FaceForensics++__FaceSwap__268_269.mp4,data\raw\FaceForensics++_C23\FaceSwap\268_269.mp4,1,FaceSwap,c23,268_269
FaceForensics++,FaceForensics++__FaceSwap__270_297.mp4,data\raw\FaceForensics++_C23\FaceSwap\270_297.mp4,1,FaceSwap,c23,270_297
FaceForensics++,FaceForensics++__FaceSwap__271_264.mp4,data\raw\FaceForensics++_C23\FaceSwap\271_264.mp4,1,FaceSwap,c23,271_264
FaceForensics++,FaceForensics++__FaceSwap__272_396.mp4,data\raw\FaceForensics++_C23\FaceSwap\272_396.mp4,1,FaceSwap,c23,272_396
FaceForensics++,FaceForensics++__FaceSwap__273_807.mp4,data\raw\FaceForensics++_C23\FaceSwap\273_807.mp4,1,FaceSwap,c23,273_807
FaceForensics++,FaceForensics++__FaceSwap__274_412.mp4,data\raw\FaceForensics++_C23\FaceSwap\274_412.mp4,1,FaceSwap,c23,274_412
FaceForensics++,FaceForensics++__FaceSwap__275_887.mp4,data\raw\FaceForensics++_C23\FaceSwap\275_887.mp4,1,FaceSwap,c23,275_887
FaceForensics++,FaceForensics++__FaceSwap__276_185.mp4,data\raw\FaceForensics++_C23\FaceSwap\276_185.mp4,1,FaceSwap,c23,276_185
FaceForensics++,FaceForensics++__FaceSwap__278_306.mp4,data\raw\FaceForensics++_C23\FaceSwap\278_306.mp4,1,FaceSwap,c23,278_306
FaceForensics++,FaceForensics++__FaceSwap__279_298.mp4,data\raw\FaceForensics++_C23\FaceSwap\279_298.mp4,1,FaceSwap,c23,279_298
FaceForensics++,FaceForensics++__FaceSwap__280_249.mp4,data\raw\FaceForensics++_C23\FaceSwap\280_249.mp4,1,FaceSwap,c23,280_249
FaceForensics++,FaceForensics++__FaceSwap__281_474.mp4,data\raw\FaceForensics++_C23\FaceSwap\281_474.mp4,1,FaceSwap,c23,281_474
FaceForensics++,FaceForensics++__FaceSwap__282_238.mp4,data\raw\FaceForensics++_C23\FaceSwap\282_238.mp4,1,FaceSwap,c23,282_238
FaceForensics++,FaceForensics++__FaceSwap__283_313.mp4,data\raw\FaceForensics++_C23\FaceSwap\283_313.mp4,1,FaceSwap,c23,283_313
FaceForensics++,FaceForensics++__FaceSwap__284_263.mp4,data\raw\FaceForensics++_C23\FaceSwap\284_263.mp4,1,FaceSwap,c23,284_263
FaceForensics++,FaceForensics++__FaceSwap__285_136.mp4,data\raw\FaceForensics++_C23\FaceSwap\285_136.mp4,1,FaceSwap,c23,285_136
FaceForensics++,FaceForensics++__FaceSwap__286_267.mp4,data\raw\FaceForensics++_C23\FaceSwap\286_267.mp4,1,FaceSwap,c23,286_267
FaceForensics++,FaceForensics++__FaceSwap__287_426.mp4,data\raw\FaceForensics++_C23\FaceSwap\287_426.mp4,1,FaceSwap,c23,287_426
FaceForensics++,FaceForensics++__FaceSwap__289_228.mp4,data\raw\FaceForensics++_C23\FaceSwap\289_228.mp4,1,FaceSwap,c23,289_228
FaceForensics++,FaceForensics++__FaceSwap__290_240.mp4,data\raw\FaceForensics++_C23\FaceSwap\290_240.mp4,1,FaceSwap,c23,290_240
FaceForensics++,FaceForensics++__FaceSwap__291_874.mp4,data\raw\FaceForensics++_C23\FaceSwap\291_874.mp4,1,FaceSwap,c23,291_874
FaceForensics++,FaceForensics++__FaceSwap__292_294.mp4,data\raw\FaceForensics++_C23\FaceSwap\292_294.mp4,1,FaceSwap,c23,292_294
FaceForensics++,FaceForensics++__FaceSwap__293_296.mp4,data\raw\FaceForensics++_C23\FaceSwap\293_296.mp4,1,FaceSwap,c23,293_296
FaceForensics++,FaceForensics++__FaceSwap__294_292.mp4,data\raw\FaceForensics++_C23\FaceSwap\294_292.mp4,1,FaceSwap,c23,294_292
FaceForensics++,FaceForensics++__FaceSwap__295_099.mp4,data\raw\FaceForensics++_C23\FaceSwap\295_099.mp4,1,FaceSwap,c23,295_099
FaceForensics++,FaceForensics++__FaceSwap__296_293.mp4,data\raw\FaceForensics++_C23\FaceSwap\296_293.mp4,1,FaceSwap,c23,296_293
FaceForensics++,FaceForensics++__FaceSwap__297_270.mp4,data\raw\FaceForensics++_C23\FaceSwap\297_270.mp4,1,FaceSwap,c23,297_270
FaceForensics++,FaceForensics++__FaceSwap__298_279.mp4,data\raw\FaceForensics++_C23\FaceSwap\298_279.mp4,1,FaceSwap,c23,298_279
FaceForensics++,FaceForensics++__FaceSwap__300_304.mp4,data\raw\FaceForensics++_C23\FaceSwap\300_304.mp4,1,FaceSwap,c23,300_304
FaceForensics++,FaceForensics++__FaceSwap__301_262.mp4,data\raw\FaceForensics++_C23\FaceSwap\301_262.mp4,1,FaceSwap,c23,301_262
FaceForensics++,FaceForensics++__FaceSwap__302_323.mp4,data\raw\FaceForensics++_C23\FaceSwap\302_323.mp4,1,FaceSwap,c23,302_323
FaceForensics++,FaceForensics++__FaceSwap__303_309.mp4,data\raw\FaceForensics++_C23\FaceSwap\303_309.mp4,1,FaceSwap,c23,303_309
FaceForensics++,FaceForensics++__FaceSwap__304_300.mp4,data\raw\FaceForensics++_C23\FaceSwap\304_300.mp4,1,FaceSwap,c23,304_300
FaceForensics++,FaceForensics++__FaceSwap__305_513.mp4,data\raw\FaceForensics++_C23\FaceSwap\305_513.mp4,1,FaceSwap,c23,305_513
FaceForensics++,FaceForensics++__FaceSwap__306_278.mp4,data\raw\FaceForensics++_C23\FaceSwap\306_278.mp4,1,FaceSwap,c23,306_278
FaceForensics++,FaceForensics++__FaceSwap__307_365.mp4,data\raw\FaceForensics++_C23\FaceSwap\307_365.mp4,1,FaceSwap,c23,307_365
FaceForensics++,FaceForensics++__FaceSwap__308_388.mp4,data\raw\FaceForensics++_C23\FaceSwap\308_388.mp4,1,FaceSwap,c23,308_388
FaceForensics++,FaceForensics++__FaceSwap__309_303.mp4,data\raw\FaceForensics++_C23\FaceSwap\309_303.mp4,1,FaceSwap,c23,309_303
FaceForensics++,FaceForensics++__FaceSwap__311_387.mp4,data\raw\FaceForensics++_C23\FaceSwap\311_387.mp4,1,FaceSwap,c23,311_387
FaceForensics++,FaceForensics++__FaceSwap__312_021.mp4,data\raw\FaceForensics++_C23\FaceSwap\312_021.mp4,1,FaceSwap,c23,312_021
FaceForensics++,FaceForensics++__FaceSwap__313_283.mp4,data\raw\FaceForensics++_C23\FaceSwap\313_283.mp4,1,FaceSwap,c23,313_283
FaceForensics++,FaceForensics++__FaceSwap__314_347.mp4,data\raw\FaceForensics++_C23\FaceSwap\314_347.mp4,1,FaceSwap,c23,314_347
FaceForensics++,FaceForensics++__FaceSwap__315_322.mp4,data\raw\FaceForensics++_C23\FaceSwap\315_322.mp4,1,FaceSwap,c23,315_322
FaceForensics++,FaceForensics++__FaceSwap__316_369.mp4,data\raw\FaceForensics++_C23\FaceSwap\316_369.mp4,1,FaceSwap,c23,316_369
FaceForensics++,FaceForensics++__FaceSwap__319_352.mp4,data\raw\FaceForensics++_C23\FaceSwap\319_352.mp4,1,FaceSwap,c23,319_352
FaceForensics++,FaceForensics++__FaceSwap__320_328.mp4,data\raw\FaceForensics++_C23\FaceSwap\320_328.mp4,1,FaceSwap,c23,320_328
FaceForensics++,FaceForensics++__FaceSwap__322_315.mp4,data\raw\FaceForensics++_C23\FaceSwap\322_315.mp4,1,FaceSwap,c23,322_315
FaceForensics++,FaceForensics++__FaceSwap__323_302.mp4,data\raw\FaceForensics++_C23\FaceSwap\323_302.mp4,1,FaceSwap,c23,323_302
FaceForensics++,FaceForensics++__FaceSwap__325_492.mp4,data\raw\FaceForensics++_C23\FaceSwap\325_492.mp4,1,FaceSwap,c23,325_492
FaceForensics++,FaceForensics++__FaceSwap__327_329.mp4,data\raw\FaceForensics++_C23\FaceSwap\327_329.mp4,1,FaceSwap,c23,327_329
FaceForensics++,FaceForensics++__FaceSwap__328_320.mp4,data\raw\FaceForensics++_C23\FaceSwap\328_320.mp4,1,FaceSwap,c23,328_320
FaceForensics++,FaceForensics++__FaceSwap__329_327.mp4,data\raw\FaceForensics++_C23\FaceSwap\329_327.mp4,1,FaceSwap,c23,329_327
FaceForensics++,FaceForensics++__FaceSwap__330_162.mp4,data\raw\FaceForensics++_C23\FaceSwap\330_162.mp4,1,FaceSwap,c23,330_162
FaceForensics++,FaceForensics++__FaceSwap__332_051.mp4,data\raw\FaceForensics++_C23\FaceSwap\332_051.mp4,1,FaceSwap,c23,332_051
FaceForensics++,FaceForensics++__FaceSwap__334_318.mp4,data\raw\FaceForensics++_C23\FaceSwap\334_318.mp4,1,FaceSwap,c23,334_318
FaceForensics++,FaceForensics++__FaceSwap__335_277.mp4,data\raw\FaceForensics++_C23\FaceSwap\335_277.mp4,1,FaceSwap,c23,335_277
FaceForensics++,FaceForensics++__FaceSwap__336_338.mp4,data\raw\FaceForensics++_C23\FaceSwap\336_338.mp4,1,FaceSwap,c23,336_338
FaceForensics++,FaceForensics++__FaceSwap__337_522.mp4,data\raw\FaceForensics++_C23\FaceSwap\337_522.mp4,1,FaceSwap,c23,337_522
FaceForensics++,FaceForensics++__FaceSwap__338_336.mp4,data\raw\FaceForensics++_C23\FaceSwap\338_336.mp4,1,FaceSwap,c23,338_336
FaceForensics++,FaceForensics++__FaceSwap__339_392.mp4,data\raw\FaceForensics++_C23\FaceSwap\339_392.mp4,1,FaceSwap,c23,339_392
FaceForensics++,FaceForensics++__FaceSwap__340_341.mp4,data\raw\FaceForensics++_C23\FaceSwap\340_341.mp4,1,FaceSwap,c23,340_341
FaceForensics++,FaceForensics++__FaceSwap__342_416.mp4,data\raw\FaceForensics++_C23\FaceSwap\342_416.mp4,1,FaceSwap,c23,342_416
FaceForensics++,FaceForensics++__FaceSwap__343_363.mp4,data\raw\FaceForensics++_C23\FaceSwap\343_363.mp4,1,FaceSwap,c23,343_363
FaceForensics++,FaceForensics++__FaceSwap__344_020.mp4,data\raw\FaceForensics++_C23\FaceSwap\344_020.mp4,1,FaceSwap,c23,344_020
FaceForensics++,FaceForensics++__FaceSwap__345_259.mp4,data\raw\FaceForensics++_C23\FaceSwap\345_259.mp4,1,FaceSwap,c23,345_259
FaceForensics++,FaceForensics++__FaceSwap__346_351.mp4,data\raw\FaceForensics++_C23\FaceSwap\346_351.mp4,1,FaceSwap,c23,346_351
FaceForensics++,FaceForensics++__FaceSwap__347_314.mp4,data\raw\FaceForensics++_C23\FaceSwap\347_314.mp4,1,FaceSwap,c23,347_314
FaceForensics++,FaceForensics++__FaceSwap__349_350.mp4,data\raw\FaceForensics++_C23\FaceSwap\349_350.mp4,1,FaceSwap,c23,349_350
FaceForensics++,FaceForensics++__FaceSwap__350_349.mp4,data\raw\FaceForensics++_C23\FaceSwap\350_349.mp4,1,FaceSwap,c23,350_349
FaceForensics++,FaceForensics++__FaceSwap__351_346.mp4,data\raw\FaceForensics++_C23\FaceSwap\351_346.mp4,1,FaceSwap,c23,351_346
FaceForensics++,FaceForensics++__FaceSwap__352_319.mp4,data\raw\FaceForensics++_C23\FaceSwap\352_319.mp4,1,FaceSwap,c23,352_319
FaceForensics++,FaceForensics++__FaceSwap__353_383.mp4,data\raw\FaceForensics++_C23\FaceSwap\353_383.mp4,1,FaceSwap,c23,353_383
FaceForensics++,FaceForensics++__FaceSwap__354_362.mp4,data\raw\FaceForensics++_C23\FaceSwap\354_362.mp4,1,FaceSwap,c23,354_362
FaceForensics++,FaceForensics++__FaceSwap__355_748.mp4,data\raw\FaceForensics++_C23\FaceSwap\355_748.mp4,1,FaceSwap,c23,355_748
FaceForensics++,FaceForensics++__FaceSwap__356_324.mp4,data\raw\FaceForensics++_C23\FaceSwap\356_324.mp4,1,FaceSwap,c23,356_324
FaceForensics++,FaceForensics++__FaceSwap__357_432.mp4,data\raw\FaceForensics++_C23\FaceSwap\357_432.mp4,1,FaceSwap,c23,357_432
FaceForensics++,FaceForensics++__FaceSwap__359_317.mp4,data\raw\FaceForensics++_C23\FaceSwap\359_317.mp4,1,FaceSwap,c23,359_317
FaceForensics++,FaceForensics++__FaceSwap__360_437.mp4,data\raw\FaceForensics++_C23\FaceSwap\360_437.mp4,1,FaceSwap,c23,360_437
FaceForensics++,FaceForensics++__FaceSwap__361_448.mp4,data\raw\FaceForensics++_C23\FaceSwap\361_448.mp4,1,FaceSwap,c23,361_448
FaceForensics++,FaceForensics++__FaceSwap__362_354.mp4,data\raw\FaceForensics++_C23\FaceSwap\362_354.mp4,1,FaceSwap,c23,362_354
FaceForensics++,FaceForensics++__FaceSwap__363_343.mp4,data\raw\FaceForensics++_C23\FaceSwap\363_343.mp4,1,FaceSwap,c23,363_343
FaceForensics++,FaceForensics++__FaceSwap__367_371.mp4,data\raw\FaceForensics++_C23\FaceSwap\367_371.mp4,1,FaceSwap,c23,367_371
FaceForensics++,FaceForensics++__FaceSwap__368_378.mp4,data\raw\FaceForensics++_C23\FaceSwap\368_378.mp4,1,FaceSwap,c23,368_378
FaceForensics++,FaceForensics++__FaceSwap__369_316.mp4,data\raw\FaceForensics++_C23\FaceSwap\369_316.mp4,1,FaceSwap,c23,369_316
FaceForensics++,FaceForensics++__FaceSwap__371_367.mp4,data\raw\FaceForensics++_C23\FaceSwap\371_367.mp4,1,FaceSwap,c23,371_367
FaceForensics++,FaceForensics++__FaceSwap__372_413.mp4,data\raw\FaceForensics++_C23\FaceSwap\372_413.mp4,1,FaceSwap,c23,372_413
FaceForensics++,FaceForensics++__FaceSwap__374_407.mp4,data\raw\FaceForensics++_C23\FaceSwap\374_407.mp4,1,FaceSwap,c23,374_407
FaceForensics++,FaceForensics++__FaceSwap__376_381.mp4,data\raw\FaceForensics++_C23\FaceSwap\376_381.mp4,1,FaceSwap,c23,376_381
FaceForensics++,FaceForensics++__FaceSwap__377_333.mp4,data\raw\FaceForensics++_C23\FaceSwap\377_333.mp4,1,FaceSwap,c23,377_333
FaceForensics++,FaceForensics++__FaceSwap__378_368.mp4,data\raw\FaceForensics++_C23\FaceSwap\378_368.mp4,1,FaceSwap,c23,378_368
FaceForensics++,FaceForensics++__FaceSwap__379_158.mp4,data\raw\FaceForensics++_C23\FaceSwap\379_158.mp4,1,FaceSwap,c23,379_158
FaceForensics++,FaceForensics++__FaceSwap__380_358.mp4,data\raw\FaceForensics++_C23\FaceSwap\380_358.mp4,1,FaceSwap,c23,380_358
FaceForensics++,FaceForensics++__FaceSwap__381_376.mp4,data\raw\FaceForensics++_C23\FaceSwap\381_376.mp4,1,FaceSwap,c23,381_376
FaceForensics++,FaceForensics++__FaceSwap__383_353.mp4,data\raw\FaceForensics++_C23\FaceSwap\383_353.mp4,1,FaceSwap,c23,383_353
FaceForensics++,FaceForensics++__FaceSwap__384_932.mp4,data\raw\FaceForensics++_C23\FaceSwap\384_932.mp4,1,FaceSwap,c23,384_932
FaceForensics++,FaceForensics++__FaceSwap__385_414.mp4,data\raw\FaceForensics++_C23\FaceSwap\385_414.mp4,1,FaceSwap,c23,385_414
FaceForensics++,FaceForensics++__FaceSwap__386_154.mp4,data\raw\FaceForensics++_C23\FaceSwap\386_154.mp4,1,FaceSwap,c23,386_154
FaceForensics++,FaceForensics++__FaceSwap__387_311.mp4,data\raw\FaceForensics++_C23\FaceSwap\387_311.mp4,1,FaceSwap,c23,387_311
FaceForensics++,FaceForensics++__FaceSwap__388_308.mp4,data\raw\FaceForensics++_C23\FaceSwap\388_308.mp4,1,FaceSwap,c23,388_308
FaceForensics++,FaceForensics++__FaceSwap__390_709.mp4,data\raw\FaceForensics++_C23\FaceSwap\390_709.mp4,1,FaceSwap,c23,390_709
FaceForensics++,FaceForensics++__FaceSwap__391_406.mp4,data\raw\FaceForensics++_C23\FaceSwap\391_406.mp4,1,FaceSwap,c23,391_406
FaceForensics++,FaceForensics++__FaceSwap__392_339.mp4,data\raw\FaceForensics++_C23\FaceSwap\392_339.mp4,1,FaceSwap,c23,392_339
FaceForensics++,FaceForensics++__FaceSwap__394_373.mp4,data\raw\FaceForensics++_C23\FaceSwap\394_373.mp4,1,FaceSwap,c23,394_373
FaceForensics++,FaceForensics++__FaceSwap__395_401.mp4,data\raw\FaceForensics++_C23\FaceSwap\395_401.mp4,1,FaceSwap,c23,395_401
FaceForensics++,FaceForensics++__FaceSwap__396_272.mp4,data\raw\FaceForensics++_C23\FaceSwap\396_272.mp4,1,FaceSwap,c23,396_272
FaceForensics++,FaceForensics++__FaceSwap__397_602.mp4,data\raw\FaceForensics++_C23\FaceSwap\397_602.mp4,1,FaceSwap,c23,397_602
FaceForensics++,FaceForensics++__FaceSwap__398_457.mp4,data\raw\FaceForensics++_C23\FaceSwap\398_457.mp4,1,FaceSwap,c23,398_457
FaceForensics++,FaceForensics++__FaceSwap__399_488.mp4,data\raw\FaceForensics++_C23\FaceSwap\399_488.mp4,1,FaceSwap,c23,399_488
FaceForensics++,FaceForensics++__FaceSwap__401_395.mp4,data\raw\FaceForensics++_C23\FaceSwap\401_395.mp4,1,FaceSwap,c23,401_395
FaceForensics++,FaceForensics++__FaceSwap__402_453.mp4,data\raw\FaceForensics++_C23\FaceSwap\402_453.mp4,1,FaceSwap,c23,402_453
FaceForensics++,FaceForensics++__FaceSwap__403_497.mp4,data\raw\FaceForensics++_C23\FaceSwap\403_497.mp4,1,FaceSwap,c23,403_497
FaceForensics++,FaceForensics++__FaceSwap__406_391.mp4,data\raw\FaceForensics++_C23\FaceSwap\406_391.mp4,1,FaceSwap,c23,406_391
FaceForensics++,FaceForensics++__FaceSwap__408_424.mp4,data\raw\FaceForensics++_C23\FaceSwap\408_424.mp4,1,FaceSwap,c23,408_424
FaceForensics++,FaceForensics++__FaceSwap__409_382.mp4,data\raw\FaceForensics++_C23\FaceSwap\409_382.mp4,1,FaceSwap,c23,409_382
FaceForensics++,FaceForensics++__FaceSwap__410_411.mp4,data\raw\FaceForensics++_C23\FaceSwap\410_411.mp4,1,FaceSwap,c23,410_411
FaceForensics++,FaceForensics++__FaceSwap__411_410.mp4,data\raw\FaceForensics++_C23\FaceSwap\411_410.mp4,1,FaceSwap,c23,411_410
FaceForensics++,FaceForensics++__FaceSwap__412_274.mp4,data\raw\FaceForensics++_C23\FaceSwap\412_274.mp4,1,FaceSwap,c23,412_274
FaceForensics++,FaceForensics++__FaceSwap__413_372.mp4,data\raw\FaceForensics++_C23\FaceSwap\413_372.mp4,1,FaceSwap,c23,413_372
FaceForensics++,FaceForensics++__FaceSwap__414_385.mp4,data\raw\FaceForensics++_C23\FaceSwap\414_385.mp4,1,FaceSwap,c23,414_385
FaceForensics++,FaceForensics++__FaceSwap__415_484.mp4,data\raw\FaceForensics++_C23\FaceSwap\415_484.mp4,1,FaceSwap,c23,415_484
FaceForensics++,FaceForensics++__FaceSwap__416_342.mp4,data\raw\FaceForensics++_C23\FaceSwap\416_342.mp4,1,FaceSwap,c23,416_342
FaceForensics++,FaceForensics++__FaceSwap__417_496.mp4,data\raw\FaceForensics++_C23\FaceSwap\417_496.mp4,1,FaceSwap,c23,417_496
FaceForensics++,FaceForensics++__FaceSwap__420_257.mp4,data\raw\FaceForensics++_C23\FaceSwap\420_257.mp4,1,FaceSwap,c23,420_257
FaceForensics++,FaceForensics++__FaceSwap__422_695.mp4,data\raw\FaceForensics++_C23\FaceSwap\422_695.mp4,1,FaceSwap,c23,422_695
FaceForensics++,FaceForensics++__FaceSwap__423_421.mp4,data\raw\FaceForensics++_C23\FaceSwap\423_421.mp4,1,FaceSwap,c23,423_421
FaceForensics++,FaceForensics++__FaceSwap__425_485.mp4,data\raw\FaceForensics++_C23\FaceSwap\425_485.mp4,1,FaceSwap,c23,425_485
FaceForensics++,FaceForensics++__FaceSwap__426_287.mp4,data\raw\FaceForensics++_C23\FaceSwap\426_287.mp4,1,FaceSwap,c23,426_287
FaceForensics++,FaceForensics++__FaceSwap__427_637.mp4,data\raw\FaceForensics++_C23\FaceSwap\427_637.mp4,1,FaceSwap,c23,427_637
FaceForensics++,FaceForensics++__FaceSwap__429_404.mp4,data\raw\FaceForensics++_C23\FaceSwap\429_404.mp4,1,FaceSwap,c23,429_404
FaceForensics++,FaceForensics++__FaceSwap__430_459.mp4,data\raw\FaceForensics++_C23\FaceSwap\430_459.mp4,1,FaceSwap,c23,430_459
FaceForensics++,FaceForensics++__FaceSwap__433_498.mp4,data\raw\FaceForensics++_C23\FaceSwap\433_498.mp4,1,FaceSwap,c23,433_498
FaceForensics++,FaceForensics++__FaceSwap__435_456.mp4,data\raw\FaceForensics++_C23\FaceSwap\435_456.mp4,1,FaceSwap,c23,435_456
FaceForensics++,FaceForensics++__FaceSwap__436_526.mp4,data\raw\FaceForensics++_C23\FaceSwap\436_526.mp4,1,FaceSwap,c23,436_526
FaceForensics++,FaceForensics++__FaceSwap__437_360.mp4,data\raw\FaceForensics++_C23\FaceSwap\437_360.mp4,1,FaceSwap,c23,437_360
FaceForensics++,FaceForensics++__FaceSwap__441_439.mp4,data\raw\FaceForensics++_C23\FaceSwap\441_439.mp4,1,FaceSwap,c23,441_439
FaceForensics++,FaceForensics++__FaceSwap__443_514.mp4,data\raw\FaceForensics++_C23\FaceSwap\443_514.mp4,1,FaceSwap,c23,443_514
FaceForensics++,FaceForensics++__FaceSwap__444_655.mp4,data\raw\FaceForensics++_C23\FaceSwap\444_655.mp4,1,FaceSwap,c23,444_655
FaceForensics++,FaceForensics++__FaceSwap__445_494.mp4,data\raw\FaceForensics++_C23\FaceSwap\445_494.mp4,1,FaceSwap,c23,445_494
FaceForensics++,FaceForensics++__FaceSwap__447_431.mp4,data\raw\FaceForensics++_C23\FaceSwap\447_431.mp4,1,FaceSwap,c23,447_431
FaceForensics++,FaceForensics++__FaceSwap__448_361.mp4,data\raw\FaceForensics++_C23\FaceSwap\448_361.mp4,1,FaceSwap,c23,448_361
FaceForensics++,FaceForensics++__FaceSwap__449_451.mp4,data\raw\FaceForensics++_C23\FaceSwap\449_451.mp4,1,FaceSwap,c23,449_451
FaceForensics++,FaceForensics++__FaceSwap__450_533.mp4,data\raw\FaceForensics++_C23\FaceSwap\450_533.mp4,1,FaceSwap,c23,450_533
FaceForensics++,FaceForensics++__FaceSwap__452_550.mp4,data\raw\FaceForensics++_C23\FaceSwap\452_550.mp4,1,FaceSwap,c23,452_550
FaceForensics++,FaceForensics++__FaceSwap__453_402.mp4,data\raw\FaceForensics++_C23\FaceSwap\453_402.mp4,1,FaceSwap,c23,453_402
FaceForensics++,FaceForensics++__FaceSwap__454_527.mp4,data\raw\FaceForensics++_C23\FaceSwap\454_527.mp4,1,FaceSwap,c23,454_527
FaceForensics++,FaceForensics++__FaceSwap__455_471.mp4,data\raw\FaceForensics++_C23\FaceSwap\455_471.mp4,1,FaceSwap,c23,455_471
FaceForensics++,FaceForensics++__FaceSwap__456_435.mp4,data\raw\FaceForensics++_C23\FaceSwap\456_435.mp4,1,FaceSwap,c23,456_435
FaceForensics++,FaceForensics++__FaceSwap__457_398.mp4,data\raw\FaceForensics++_C23\FaceSwap\457_398.mp4,1,FaceSwap,c23,457_398
FaceForensics++,FaceForensics++__FaceSwap__459_430.mp4,data\raw\FaceForensics++_C23\FaceSwap\459_430.mp4,1,FaceSwap,c23,459_430
FaceForensics++,FaceForensics++__FaceSwap__460_678.mp4,data\raw\FaceForensics++_C23\FaceSwap\460_678.mp4,1,FaceSwap,c23,460_678
FaceForensics++,FaceForensics++__FaceSwap__461_250.mp4,data\raw\FaceForensics++_C23\FaceSwap\461_250.mp4,1,FaceSwap,c23,461_250
FaceForensics++,FaceForensics++__FaceSwap__462_467.mp4,data\raw\FaceForensics++_C23\FaceSwap\462_467.mp4,1,FaceSwap,c23,462_467
FaceForensics++,FaceForensics++__FaceSwap__464_463.mp4,data\raw\FaceForensics++_C23\FaceSwap\464_463.mp4,1,FaceSwap,c23,464_463
FaceForensics++,FaceForensics++__FaceSwap__465_482.mp4,data\raw\FaceForensics++_C23\FaceSwap\465_482.mp4,1,FaceSwap,c23,465_482
FaceForensics++,FaceForensics++__FaceSwap__466_428.mp4,data\raw\FaceForensics++_C23\FaceSwap\466_428.mp4,1,FaceSwap,c23,466_428
FaceForensics++,FaceForensics++__FaceSwap__467_462.mp4,data\raw\FaceForensics++_C23\FaceSwap\467_462.mp4,1,FaceSwap,c23,467_462
FaceForensics++,FaceForensics++__FaceSwap__469_481.mp4,data\raw\FaceForensics++_C23\FaceSwap\469_481.mp4,1,FaceSwap,c23,469_481
FaceForensics++,FaceForensics++__FaceSwap__470_468.mp4,data\raw\FaceForensics++_C23\FaceSwap\470_468.mp4,1,FaceSwap,c23,470_468
FaceForensics++,FaceForensics++__FaceSwap__471_455.mp4,data\raw\FaceForensics++_C23\FaceSwap\471_455.mp4,1,FaceSwap,c23,471_455
FaceForensics++,FaceForensics++__FaceSwap__472_511.mp4,data\raw\FaceForensics++_C23\FaceSwap\472_511.mp4,1,FaceSwap,c23,472_511
FaceForensics++,FaceForensics++__FaceSwap__473_366.mp4,data\raw\FaceForensics++_C23\FaceSwap\473_366.mp4,1,FaceSwap,c23,473_366
FaceForensics++,FaceForensics++__FaceSwap__474_281.mp4,data\raw\FaceForensics++_C23\FaceSwap\474_281.mp4,1,FaceSwap,c23,474_281
FaceForensics++,FaceForensics++__FaceSwap__475_265.mp4,data\raw\FaceForensics++_C23\FaceSwap\475_265.mp4,1,FaceSwap,c23,475_265
FaceForensics++,FaceForensics++__FaceSwap__476_400.mp4,data\raw\FaceForensics++_C23\FaceSwap\476_400.mp4,1,FaceSwap,c23,476_400
FaceForensics++,FaceForensics++__FaceSwap__477_487.mp4,data\raw\FaceForensics++_C23\FaceSwap\477_487.mp4,1,FaceSwap,c23,477_487
FaceForensics++,FaceForensics++__FaceSwap__478_506.mp4,data\raw\FaceForensics++_C23\FaceSwap\478_506.mp4,1,FaceSwap,c23,478_506
FaceForensics++,FaceForensics++__FaceSwap__479_706.mp4,data\raw\FaceForensics++_C23\FaceSwap\479_706.mp4,1,FaceSwap,c23,479_706
FaceForensics++,FaceForensics++__FaceSwap__480_389.mp4,data\raw\FaceForensics++_C23\FaceSwap\480_389.mp4,1,FaceSwap,c23,480_389
FaceForensics++,FaceForensics++__FaceSwap__481_469.mp4,data\raw\FaceForensics++_C23\FaceSwap\481_469.mp4,1,FaceSwap,c23,481_469
FaceForensics++,FaceForensics++__FaceSwap__482_465.mp4,data\raw\FaceForensics++_C23\FaceSwap\482_465.mp4,1,FaceSwap,c23,482_465
FaceForensics++,FaceForensics++__FaceSwap__483_370.mp4,data\raw\FaceForensics++_C23\FaceSwap\483_370.mp4,1,FaceSwap,c23,483_370
FaceForensics++,FaceForensics++__FaceSwap__484_415.mp4,data\raw\FaceForensics++_C23\FaceSwap\484_415.mp4,1,FaceSwap,c23,484_415
FaceForensics++,FaceForensics++__FaceSwap__486_680.mp4,data\raw\FaceForensics++_C23\FaceSwap\486_680.mp4,1,FaceSwap,c23,486_680
FaceForensics++,FaceForensics++__FaceSwap__487_477.mp4,data\raw\FaceForensics++_C23\FaceSwap\487_477.mp4,1,FaceSwap,c23,487_477
FaceForensics++,FaceForensics++__FaceSwap__488_399.mp4,data\raw\FaceForensics++_C23\FaceSwap\488_399.mp4,1,FaceSwap,c23,488_399
FaceForensics++,FaceForensics++__FaceSwap__489_022.mp4,data\raw\FaceForensics++_C23\FaceSwap\489_022.mp4,1,FaceSwap,c23,489_022
FaceForensics++,FaceForensics++__FaceSwap__490_534.mp4,data\raw\FaceForensics++_C23\FaceSwap\490_534.mp4,1,FaceSwap,c23,490_534
FaceForensics++,FaceForensics++__FaceSwap__491_226.mp4,data\raw\FaceForensics++_C23\FaceSwap\491_226.mp4,1,FaceSwap,c23,491_226
FaceForensics++,FaceForensics++__FaceSwap__492_325.mp4,data\raw\FaceForensics++_C23\FaceSwap\492_325.mp4,1,FaceSwap,c23,492_325
FaceForensics++,FaceForensics++__FaceSwap__493_538.mp4,data\raw\FaceForensics++_C23\FaceSwap\493_538.mp4,1,FaceSwap,c23,493_538
FaceForensics++,FaceForensics++__FaceSwap__495_512.mp4,data\raw\FaceForensics++_C23\FaceSwap\495_512.mp4,1,FaceSwap,c23,495_512
FaceForensics++,FaceForensics++__FaceSwap__497_403.mp4,data\raw\FaceForensics++_C23\FaceSwap\497_403.mp4,1,FaceSwap,c23,497_403
FaceForensics++,FaceForensics++__FaceSwap__498_433.mp4,data\raw\FaceForensics++_C23\FaceSwap\498_433.mp4,1,FaceSwap,c23,498_433
FaceForensics++,FaceForensics++__FaceSwap__499_539.mp4,data\raw\FaceForensics++_C23\FaceSwap\499_539.mp4,1,FaceSwap,c23,499_539
FaceForensics++,FaceForensics++__FaceSwap__501_326.mp4,data\raw\FaceForensics++_C23\FaceSwap\501_326.mp4,1,FaceSwap,c23,501_326
FaceForensics++,FaceForensics++__FaceSwap__502_504.mp4,data\raw\FaceForensics++_C23\FaceSwap\502_504.mp4,1,FaceSwap,c23,502_504
FaceForensics++,FaceForensics++__FaceSwap__503_756.mp4,data\raw\FaceForensics++_C23\FaceSwap\503_756.mp4,1,FaceSwap,c23,503_756
FaceForensics++,FaceForensics++__FaceSwap__504_502.mp4,data\raw\FaceForensics++_C23\FaceSwap\504_502.mp4,1,FaceSwap,c23,504_502
FaceForensics++,FaceForensics++__FaceSwap__505_600.mp4,data\raw\FaceForensics++_C23\FaceSwap\505_600.mp4,1,FaceSwap,c23,505_600
FaceForensics++,FaceForensics++__FaceSwap__506_478.mp4,data\raw\FaceForensics++_C23\FaceSwap\506_478.mp4,1,FaceSwap,c23,506_478
FaceForensics++,FaceForensics++__FaceSwap__507_418.mp4,data\raw\FaceForensics++_C23\FaceSwap\507_418.mp4,1,FaceSwap,c23,507_418
FaceForensics++,FaceForensics++__FaceSwap__508_831.mp4,data\raw\FaceForensics++_C23\FaceSwap\508_831.mp4,1,FaceSwap,c23,508_831
FaceForensics++,FaceForensics++__FaceSwap__509_525.mp4,data\raw\FaceForensics++_C23\FaceSwap\509_525.mp4,1,FaceSwap,c23,509_525
FaceForensics++,FaceForensics++__FaceSwap__511_472.mp4,data\raw\FaceForensics++_C23\FaceSwap\511_472.mp4,1,FaceSwap,c23,511_472
FaceForensics++,FaceForensics++__FaceSwap__512_495.mp4,data\raw\FaceForensics++_C23\FaceSwap\512_495.mp4,1,FaceSwap,c23,512_495
FaceForensics++,FaceForensics++__FaceSwap__513_305.mp4,data\raw\FaceForensics++_C23\FaceSwap\513_305.mp4,1,FaceSwap,c23,513_305
FaceForensics++,FaceForensics++__FaceSwap__514_443.mp4,data\raw\FaceForensics++_C23\FaceSwap\514_443.mp4,1,FaceSwap,c23,514_443
FaceForensics++,FaceForensics++__FaceSwap__515_519.mp4,data\raw\FaceForensics++_C23\FaceSwap\515_519.mp4,1,FaceSwap,c23,515_519
FaceForensics++,FaceForensics++__FaceSwap__516_555.mp4,data\raw\FaceForensics++_C23\FaceSwap\516_555.mp4,1,FaceSwap,c23,516_555
FaceForensics++,FaceForensics++__FaceSwap__517_521.mp4,data\raw\FaceForensics++_C23\FaceSwap\517_521.mp4,1,FaceSwap,c23,517_521
FaceForensics++,FaceForensics++__FaceSwap__518_131.mp4,data\raw\FaceForensics++_C23\FaceSwap\518_131.mp4,1,FaceSwap,c23,518_131
FaceForensics++,FaceForensics++__FaceSwap__519_515.mp4,data\raw\FaceForensics++_C23\FaceSwap\519_515.mp4,1,FaceSwap,c23,519_515
FaceForensics++,FaceForensics++__FaceSwap__520_542.mp4,data\raw\FaceForensics++_C23\FaceSwap\520_542.mp4,1,FaceSwap,c23,520_542
FaceForensics++,FaceForensics++__FaceSwap__521_517.mp4,data\raw\FaceForensics++_C23\FaceSwap\521_517.mp4,1,FaceSwap,c23,521_517
FaceForensics++,FaceForensics++__FaceSwap__522_337.mp4,data\raw\FaceForensics++_C23\FaceSwap\522_337.mp4,1,FaceSwap,c23,522_337
FaceForensics++,FaceForensics++__FaceSwap__523_541.mp4,data\raw\FaceForensics++_C23\FaceSwap\523_541.mp4,1,FaceSwap,c23,523_541
FaceForensics++,FaceForensics++__FaceSwap__524_580.mp4,data\raw\FaceForensics++_C23\FaceSwap\524_580.mp4,1,FaceSwap,c23,524_580
FaceForensics++,FaceForensics++__FaceSwap__525_509.mp4,data\raw\FaceForensics++_C23\FaceSwap\525_509.mp4,1,FaceSwap,c23,525_509
FaceForensics++,FaceForensics++__FaceSwap__526_436.mp4,data\raw\FaceForensics++_C23\FaceSwap\526_436.mp4,1,FaceSwap,c23,526_436
FaceForensics++,FaceForensics++__FaceSwap__527_454.mp4,data\raw\FaceForensics++_C23\FaceSwap\527_454.mp4,1,FaceSwap,c23,527_454
FaceForensics++,FaceForensics++__FaceSwap__528_510.mp4,data\raw\FaceForensics++_C23\FaceSwap\528_510.mp4,1,FaceSwap,c23,528_510
FaceForensics++,FaceForensics++__FaceSwap__530_594.mp4,data\raw\FaceForensics++_C23\FaceSwap\530_594.mp4,1,FaceSwap,c23,530_594
FaceForensics++,FaceForensics++__FaceSwap__531_549.mp4,data\raw\FaceForensics++_C23\FaceSwap\531_549.mp4,1,FaceSwap,c23,531_549
FaceForensics++,FaceForensics++__FaceSwap__532_544.mp4,data\raw\FaceForensics++_C23\FaceSwap\532_544.mp4,1,FaceSwap,c23,532_544
FaceForensics++,FaceForensics++__FaceSwap__535_587.mp4,data\raw\FaceForensics++_C23\FaceSwap\535_587.mp4,1,FaceSwap,c23,535_587
FaceForensics++,FaceForensics++__FaceSwap__536_540.mp4,data\raw\FaceForensics++_C23\FaceSwap\536_540.mp4,1,FaceSwap,c23,536_540
FaceForensics++,FaceForensics++__FaceSwap__537_563.mp4,data\raw\FaceForensics++_C23\FaceSwap\537_563.mp4,1,FaceSwap,c23,537_563
FaceForensics++,FaceForensics++__FaceSwap__540_536.mp4,data\raw\FaceForensics++_C23\FaceSwap\540_536.mp4,1,FaceSwap,c23,540_536
FaceForensics++,FaceForensics++__FaceSwap__541_523.mp4,data\raw\FaceForensics++_C23\FaceSwap\541_523.mp4,1,FaceSwap,c23,541_523
FaceForensics++,FaceForensics++__FaceSwap__542_520.mp4,data\raw\FaceForensics++_C23\FaceSwap\542_520.mp4,1,FaceSwap,c23,542_520
FaceForensics++,FaceForensics++__FaceSwap__544_532.mp4,data\raw\FaceForensics++_C23\FaceSwap\544_532.mp4,1,FaceSwap,c23,544_532
FaceForensics++,FaceForensics++__FaceSwap__545_553.mp4,data\raw\FaceForensics++_C23\FaceSwap\545_553.mp4,1,FaceSwap,c23,545_553
FaceForensics++,FaceForensics++__FaceSwap__547_574.mp4,data\raw\FaceForensics++_C23\FaceSwap\547_574.mp4,1,FaceSwap,c23,547_574
FaceForensics++,FaceForensics++__FaceSwap__548_632.mp4,data\raw\FaceForensics++_C23\FaceSwap\548_632.mp4,1,FaceSwap,c23,548_632
FaceForensics++,FaceForensics++__FaceSwap__549_531.mp4,data\raw\FaceForensics++_C23\FaceSwap\549_531.mp4,1,FaceSwap,c23,549_531
FaceForensics++,FaceForensics++__FaceSwap__550_452.mp4,data\raw\FaceForensics++_C23\FaceSwap\550_452.mp4,1,FaceSwap,c23,550_452
FaceForensics++,FaceForensics++__FaceSwap__551_631.mp4,data\raw\FaceForensics++_C23\FaceSwap\551_631.mp4,1,FaceSwap,c23,551_631
FaceForensics++,FaceForensics++__FaceSwap__553_545.mp4,data\raw\FaceForensics++_C23\FaceSwap\553_545.mp4,1,FaceSwap,c23,553_545
FaceForensics++,FaceForensics++__FaceSwap__554_572.mp4,data\raw\FaceForensics++_C23\FaceSwap\554_572.mp4,1,FaceSwap,c23,554_572
FaceForensics++,FaceForensics++__FaceSwap__556_588.mp4,data\raw\FaceForensics++_C23\FaceSwap\556_588.mp4,1,FaceSwap,c23,556_588
FaceForensics++,FaceForensics++__FaceSwap__557_560.mp4,data\raw\FaceForensics++_C23\FaceSwap\557_560.mp4,1,FaceSwap,c23,557_560
FaceForensics++,FaceForensics++__FaceSwap__558_583.mp4,data\raw\FaceForensics++_C23\FaceSwap\558_583.mp4,1,FaceSwap,c23,558_583
FaceForensics++,FaceForensics++__FaceSwap__561_998.mp4,data\raw\FaceForensics++_C23\FaceSwap\561_998.mp4,1,FaceSwap,c23,561_998
FaceForensics++,FaceForensics++__FaceSwap__562_626.mp4,data\raw\FaceForensics++_C23\FaceSwap\562_626.mp4,1,FaceSwap,c23,562_626
FaceForensics++,FaceForensics++__FaceSwap__563_537.mp4,data\raw\FaceForensics++_C23\FaceSwap\563_537.mp4,1,FaceSwap,c23,563_537
FaceForensics++,FaceForensics++__FaceSwap__565_589.mp4,data\raw\FaceForensics++_C23\FaceSwap\565_589.mp4,1,FaceSwap,c23,565_589
FaceForensics++,FaceForensics++__FaceSwap__566_617.mp4,data\raw\FaceForensics++_C23\FaceSwap\566_617.mp4,1,FaceSwap,c23,566_617
FaceForensics++,FaceForensics++__FaceSwap__568_628.mp4,data\raw\FaceForensics++_C23\FaceSwap\568_628.mp4,1,FaceSwap,c23,568_628
FaceForensics++,FaceForensics++__FaceSwap__569_921.mp4,data\raw\FaceForensics++_C23\FaceSwap\569_921.mp4,1,FaceSwap,c23,569_921
FaceForensics++,FaceForensics++__FaceSwap__571_746.mp4,data\raw\FaceForensics++_C23\FaceSwap\571_746.mp4,1,FaceSwap,c23,571_746
FaceForensics++,FaceForensics++__FaceSwap__572_554.mp4,data\raw\FaceForensics++_C23\FaceSwap\572_554.mp4,1,FaceSwap,c23,572_554
FaceForensics++,FaceForensics++__FaceSwap__573_757.mp4,data\raw\FaceForensics++_C23\FaceSwap\573_757.mp4,1,FaceSwap,c23,573_757
FaceForensics++,FaceForensics++__FaceSwap__574_547.mp4,data\raw\FaceForensics++_C23\FaceSwap\574_547.mp4,1,FaceSwap,c23,574_547
FaceForensics++,FaceForensics++__FaceSwap__575_603.mp4,data\raw\FaceForensics++_C23\FaceSwap\575_603.mp4,1,FaceSwap,c23,575_603
FaceForensics++,FaceForensics++__FaceSwap__576_155.mp4,data\raw\FaceForensics++_C23\FaceSwap\576_155.mp4,1,FaceSwap,c23,576_155
FaceForensics++,FaceForensics++__FaceSwap__577_593.mp4,data\raw\FaceForensics++_C23\FaceSwap\577_593.mp4,1,FaceSwap,c23,577_593
FaceForensics++,FaceForensics++__FaceSwap__578_636.mp4,data\raw\FaceForensics++_C23\FaceSwap\578_636.mp4,1,FaceSwap,c23,578_636
FaceForensics++,FaceForensics++__FaceSwap__579_701.mp4,data\raw\FaceForensics++_C23\FaceSwap\579_701.mp4,1,FaceSwap,c23,579_701
FaceForensics++,FaceForensics++__FaceSwap__581_697.mp4,data\raw\FaceForensics++_C23\FaceSwap\581_697.mp4,1,FaceSwap,c23,581_697
FaceForensics++,FaceForensics++__FaceSwap__582_172.mp4,data\raw\FaceForensics++_C23\FaceSwap\582_172.mp4,1,FaceSwap,c23,582_172
FaceForensics++,FaceForensics++__FaceSwap__584_823.mp4,data\raw\FaceForensics++_C23\FaceSwap\584_823.mp4,1,FaceSwap,c23,584_823
FaceForensics++,FaceForensics++__FaceSwap__585_599.mp4,data\raw\FaceForensics++_C23\FaceSwap\585_599.mp4,1,FaceSwap,c23,585_599
FaceForensics++,FaceForensics++__FaceSwap__586_223.mp4,data\raw\FaceForensics++_C23\FaceSwap\586_223.mp4,1,FaceSwap,c23,586_223
FaceForensics++,FaceForensics++__FaceSwap__588_556.mp4,data\raw\FaceForensics++_C23\FaceSwap\588_556.mp4,1,FaceSwap,c23,588_556
FaceForensics++,FaceForensics++__FaceSwap__589_565.mp4,data\raw\FaceForensics++_C23\FaceSwap\589_565.mp4,1,FaceSwap,c23,589_565
FaceForensics++,FaceForensics++__FaceSwap__591_605.mp4,data\raw\FaceForensics++_C23\FaceSwap\591_605.mp4,1,FaceSwap,c23,591_605
FaceForensics++,FaceForensics++__FaceSwap__592_500.mp4,data\raw\FaceForensics++_C23\FaceSwap\592_500.mp4,1,FaceSwap,c23,592_500
FaceForensics++,FaceForensics++__FaceSwap__594_530.mp4,data\raw\FaceForensics++_C23\FaceSwap\594_530.mp4,1,FaceSwap,c23,594_530
FaceForensics++,FaceForensics++__FaceSwap__595_597.mp4,data\raw\FaceForensics++_C23\FaceSwap\595_597.mp4,1,FaceSwap,c23,595_597
FaceForensics++,FaceForensics++__FaceSwap__596_609.mp4,data\raw\FaceForensics++_C23\FaceSwap\596_609.mp4,1,FaceSwap,c23,596_609
FaceForensics++,FaceForensics++__FaceSwap__597_595.mp4,data\raw\FaceForensics++_C23\FaceSwap\597_595.mp4,1,FaceSwap,c23,597_595
FaceForensics++,FaceForensics++__FaceSwap__598_178.mp4,data\raw\FaceForensics++_C23\FaceSwap\598_178.mp4,1,FaceSwap,c23,598_178
FaceForensics++,FaceForensics++__FaceSwap__600_505.mp4,data\raw\FaceForensics++_C23\FaceSwap\600_505.mp4,1,FaceSwap,c23,600_505
FaceForensics++,FaceForensics++__FaceSwap__601_653.mp4,data\raw\FaceForensics++_C23\FaceSwap\601_653.mp4,1,FaceSwap,c23,601_653
FaceForensics++,FaceForensics++__FaceSwap__605_591.mp4,data\raw\FaceForensics++_C23\FaceSwap\605_591.mp4,1,FaceSwap,c23,605_591
FaceForensics++,FaceForensics++__FaceSwap__606_567.mp4,data\raw\FaceForensics++_C23\FaceSwap\606_567.mp4,1,FaceSwap,c23,606_567
FaceForensics++,FaceForensics++__FaceSwap__607_683.mp4,data\raw\FaceForensics++_C23\FaceSwap\607_683.mp4,1,FaceSwap,c23,607_683
FaceForensics++,FaceForensics++__FaceSwap__608_675.mp4,data\raw\FaceForensics++_C23\FaceSwap\608_675.mp4,1,FaceSwap,c23,608_675
FaceForensics++,FaceForensics++__FaceSwap__609_596.mp4,data\raw\FaceForensics++_C23\FaceSwap\609_596.mp4,1,FaceSwap,c23,609_596
FaceForensics++,FaceForensics++__FaceSwap__610_692.mp4,data\raw\FaceForensics++_C23\FaceSwap\610_692.mp4,1,FaceSwap,c23,610_692
FaceForensics++,FaceForensics++__FaceSwap__611_760.mp4,data\raw\FaceForensics++_C23\FaceSwap\611_760.mp4,1,FaceSwap,c23,611_760
FaceForensics++,FaceForensics++__FaceSwap__613_685.mp4,data\raw\FaceForensics++_C23\FaceSwap\613_685.mp4,1,FaceSwap,c23,613_685
FaceForensics++,FaceForensics++__FaceSwap__614_616.mp4,data\raw\FaceForensics++_C23\FaceSwap\614_616.mp4,1,FaceSwap,c23,614_616
FaceForensics++,FaceForensics++__FaceSwap__615_687.mp4,data\raw\FaceForensics++_C23\FaceSwap\615_687.mp4,1,FaceSwap,c23,615_687
FaceForensics++,FaceForensics++__FaceSwap__617_566.mp4,data\raw\FaceForensics++_C23\FaceSwap\617_566.mp4,1,FaceSwap,c23,617_566
FaceForensics++,FaceForensics++__FaceSwap__618_629.mp4,data\raw\FaceForensics++_C23\FaceSwap\618_629.mp4,1,FaceSwap,c23,618_629
FaceForensics++,FaceForensics++__FaceSwap__619_620.mp4,data\raw\FaceForensics++_C23\FaceSwap\619_620.mp4,1,FaceSwap,c23,619_620
FaceForensics++,FaceForensics++__FaceSwap__620_619.mp4,data\raw\FaceForensics++_C23\FaceSwap\620_619.mp4,1,FaceSwap,c23,620_619
FaceForensics++,FaceForensics++__FaceSwap__621_546.mp4,data\raw\FaceForensics++_C23\FaceSwap\621_546.mp4,1,FaceSwap,c23,621_546
FaceForensics++,FaceForensics++__FaceSwap__622_647.mp4,data\raw\FaceForensics++_C23\FaceSwap\622_647.mp4,1,FaceSwap,c23,622_647
FaceForensics++,FaceForensics++__FaceSwap__623_630.mp4,data\raw\FaceForensics++_C23\FaceSwap\623_630.mp4,1,FaceSwap,c23,623_630
FaceForensics++,FaceForensics++__FaceSwap__624_570.mp4,data\raw\FaceForensics++_C23\FaceSwap\624_570.mp4,1,FaceSwap,c23,624_570
FaceForensics++,FaceForensics++__FaceSwap__626_562.mp4,data\raw\FaceForensics++_C23\FaceSwap\626_562.mp4,1,FaceSwap,c23,626_562
FaceForensics++,FaceForensics++__FaceSwap__627_658.mp4,data\raw\FaceForensics++_C23\FaceSwap\627_658.mp4,1,FaceSwap,c23,627_658
FaceForensics++,FaceForensics++__FaceSwap__628_568.mp4,data\raw\FaceForensics++_C23\FaceSwap\628_568.mp4,1,FaceSwap,c23,628_568
FaceForensics++,FaceForensics++__FaceSwap__632_548.mp4,data\raw\FaceForensics++_C23\FaceSwap\632_548.mp4,1,FaceSwap,c23,632_548
FaceForensics++,FaceForensics++__FaceSwap__633_529.mp4,data\raw\FaceForensics++_C23\FaceSwap\633_529.mp4,1,FaceSwap,c23,633_529
FaceForensics++,FaceForensics++__FaceSwap__634_660.mp4,data\raw\FaceForensics++_C23\FaceSwap\634_660.mp4,1,FaceSwap,c23,634_660
FaceForensics++,FaceForensics++__FaceSwap__636_578.mp4,data\raw\FaceForensics++_C23\FaceSwap\636_578.mp4,1,FaceSwap,c23,636_578
FaceForensics++,FaceForensics++__FaceSwap__637_427.mp4,data\raw\FaceForensics++_C23\FaceSwap\637_427.mp4,1,FaceSwap,c23,637_427
FaceForensics++,FaceForensics++__FaceSwap__638_640.mp4,data\raw\FaceForensics++_C23\FaceSwap\638_640.mp4,1,FaceSwap,c23,638_640
FaceForensics++,FaceForensics++__FaceSwap__639_841.mp4,data\raw\FaceForensics++_C23\FaceSwap\639_841.mp4,1,FaceSwap,c23,639_841
FaceForensics++,FaceForensics++__FaceSwap__642_635.mp4,data\raw\FaceForensics++_C23\FaceSwap\642_635.mp4,1,FaceSwap,c23,642_635
FaceForensics++,FaceForensics++__FaceSwap__643_646.mp4,data\raw\FaceForensics++_C23\FaceSwap\643_646.mp4,1,FaceSwap,c23,643_646
FaceForensics++,FaceForensics++__FaceSwap__645_688.mp4,data\raw\FaceForensics++_C23\FaceSwap\645_688.mp4,1,FaceSwap,c23,645_688
FaceForensics++,FaceForensics++__FaceSwap__647_622.mp4,data\raw\FaceForensics++_C23\FaceSwap\647_622.mp4,1,FaceSwap,c23,647_622
FaceForensics++,FaceForensics++__FaceSwap__650_625.mp4,data\raw\FaceForensics++_C23\FaceSwap\650_625.mp4,1,FaceSwap,c23,650_625
FaceForensics++,FaceForensics++__FaceSwap__651_835.mp4,data\raw\FaceForensics++_C23\FaceSwap\651_835.mp4,1,FaceSwap,c23,651_835
FaceForensics++,FaceForensics++__FaceSwap__652_773.mp4,data\raw\FaceForensics++_C23\FaceSwap\652_773.mp4,1,FaceSwap,c23,652_773
FaceForensics++,FaceForensics++__FaceSwap__653_601.mp4,data\raw\FaceForensics++_C23\FaceSwap\653_601.mp4,1,FaceSwap,c23,653_601
FaceForensics++,FaceForensics++__FaceSwap__654_648.mp4,data\raw\FaceForensics++_C23\FaceSwap\654_648.mp4,1,FaceSwap,c23,654_648
FaceForensics++,FaceForensics++__FaceSwap__655_444.mp4,data\raw\FaceForensics++_C23\FaceSwap\655_444.mp4,1,FaceSwap,c23,655_444
FaceForensics++,FaceForensics++__FaceSwap__656_666.mp4,data\raw\FaceForensics++_C23\FaceSwap\656_666.mp4,1,FaceSwap,c23,656_666
FaceForensics++,FaceForensics++__FaceSwap__658_627.mp4,data\raw\FaceForensics++_C23\FaceSwap\658_627.mp4,1,FaceSwap,c23,658_627
FaceForensics++,FaceForensics++__FaceSwap__659_749.mp4,data\raw\FaceForensics++_C23\FaceSwap\659_749.mp4,1,FaceSwap,c23,659_749
FaceForensics++,FaceForensics++__FaceSwap__660_634.mp4,data\raw\FaceForensics++_C23\FaceSwap\660_634.mp4,1,FaceSwap,c23,660_634
FaceForensics++,FaceForensics++__FaceSwap__662_641.mp4,data\raw\FaceForensics++_C23\FaceSwap\662_641.mp4,1,FaceSwap,c23,662_641
FaceForensics++,FaceForensics++__FaceSwap__663_231.mp4,data\raw\FaceForensics++_C23\FaceSwap\663_231.mp4,1,FaceSwap,c23,663_231
FaceForensics++,FaceForensics++__FaceSwap__664_668.mp4,data\raw\FaceForensics++_C23\FaceSwap\664_668.mp4,1,FaceSwap,c23,664_668
FaceForensics++,FaceForensics++__FaceSwap__667_446.mp4,data\raw\FaceForensics++_C23\FaceSwap\667_446.mp4,1,FaceSwap,c23,667_446
FaceForensics++,FaceForensics++__FaceSwap__668_664.mp4,data\raw\FaceForensics++_C23\FaceSwap\668_664.mp4,1,FaceSwap,c23,668_664
FaceForensics++,FaceForensics++__FaceSwap__669_682.mp4,data\raw\FaceForensics++_C23\FaceSwap\669_682.mp4,1,FaceSwap,c23,669_682
FaceForensics++,FaceForensics++__FaceSwap__670_661.mp4,data\raw\FaceForensics++_C23\FaceSwap\670_661.mp4,1,FaceSwap,c23,670_661
FaceForensics++,FaceForensics++__FaceSwap__671_677.mp4,data\raw\FaceForensics++_C23\FaceSwap\671_677.mp4,1,FaceSwap,c23,671_677
FaceForensics++,FaceForensics++__FaceSwap__672_720.mp4,data\raw\FaceForensics++_C23\FaceSwap\672_720.mp4,1,FaceSwap,c23,672_720
FaceForensics++,FaceForensics++__FaceSwap__673_728.mp4,data\raw\FaceForensics++_C23\FaceSwap\673_728.mp4,1,FaceSwap,c23,673_728
FaceForensics++,FaceForensics++__FaceSwap__674_744.mp4,data\raw\FaceForensics++_C23\FaceSwap\674_744.mp4,1,FaceSwap,c23,674_744
FaceForensics++,FaceForensics++__FaceSwap__675_608.mp4,data\raw\FaceForensics++_C23\FaceSwap\675_608.mp4,1,FaceSwap,c23,675_608
FaceForensics++,FaceForensics++__FaceSwap__676_776.mp4,data\raw\FaceForensics++_C23\FaceSwap\676_776.mp4,1,FaceSwap,c23,676_776
FaceForensics++,FaceForensics++__FaceSwap__677_671.mp4,data\raw\FaceForensics++_C23\FaceSwap\677_671.mp4,1,FaceSwap,c23,677_671
FaceForensics++,FaceForensics++__FaceSwap__679_665.mp4,data\raw\FaceForensics++_C23\FaceSwap\679_665.mp4,1,FaceSwap,c23,679_665
FaceForensics++,FaceForensics++__FaceSwap__681_711.mp4,data\raw\FaceForensics++_C23\FaceSwap\681_711.mp4,1,FaceSwap,c23,681_711
FaceForensics++,FaceForensics++__FaceSwap__682_669.mp4,data\raw\FaceForensics++_C23\FaceSwap\682_669.mp4,1,FaceSwap,c23,682_669
FaceForensics++,FaceForensics++__FaceSwap__683_607.mp4,data\raw\FaceForensics++_C23\FaceSwap\683_607.mp4,1,FaceSwap,c23,683_607
FaceForensics++,FaceForensics++__FaceSwap__684_717.mp4,data\raw\FaceForensics++_C23\FaceSwap\684_717.mp4,1,FaceSwap,c23,684_717
FaceForensics++,FaceForensics++__FaceSwap__686_696.mp4,data\raw\FaceForensics++_C23\FaceSwap\686_696.mp4,1,FaceSwap,c23,686_696
FaceForensics++,FaceForensics++__FaceSwap__688_645.mp4,data\raw\FaceForensics++_C23\FaceSwap\688_645.mp4,1,FaceSwap,c23,688_645
FaceForensics++,FaceForensics++__FaceSwap__689_690.mp4,data\raw\FaceForensics++_C23\FaceSwap\689_690.mp4,1,FaceSwap,c23,689_690
FaceForensics++,FaceForensics++__FaceSwap__690_689.mp4,data\raw\FaceForensics++_C23\FaceSwap\690_689.mp4,1,FaceSwap,c23,690_689
FaceForensics++,FaceForensics++__FaceSwap__691_732.mp4,data\raw\FaceForensics++_C23\FaceSwap\691_732.mp4,1,FaceSwap,c23,691_732
FaceForensics++,FaceForensics++__FaceSwap__693_698.mp4,data\raw\FaceForensics++_C23\FaceSwap\693_698.mp4,1,FaceSwap,c23,693_698
FaceForensics++,FaceForensics++__FaceSwap__694_767.mp4,data\raw\FaceForensics++_C23\FaceSwap\694_767.mp4,1,FaceSwap,c23,694_767
FaceForensics++,FaceForensics++__FaceSwap__695_422.mp4,data\raw\FaceForensics++_C23\FaceSwap\695_422.mp4,1,FaceSwap,c23,695_422
FaceForensics++,FaceForensics++__FaceSwap__696_686.mp4,data\raw\FaceForensics++_C23\FaceSwap\696_686.mp4,1,FaceSwap,c23,696_686
FaceForensics++,FaceForensics++__FaceSwap__697_581.mp4,data\raw\FaceForensics++_C23\FaceSwap\697_581.mp4,1,FaceSwap,c23,697_581
FaceForensics++,FaceForensics++__FaceSwap__698_693.mp4,data\raw\FaceForensics++_C23\FaceSwap\698_693.mp4,1,FaceSwap,c23,698_693
FaceForensics++,FaceForensics++__FaceSwap__699_734.mp4,data\raw\FaceForensics++_C23\FaceSwap\699_734.mp4,1,FaceSwap,c23,699_734
FaceForensics++,FaceForensics++__FaceSwap__700_813.mp4,data\raw\FaceForensics++_C23\FaceSwap\700_813.mp4,1,FaceSwap,c23,700_813
FaceForensics++,FaceForensics++__FaceSwap__701_579.mp4,data\raw\FaceForensics++_C23\FaceSwap\701_579.mp4,1,FaceSwap,c23,701_579
FaceForensics++,FaceForensics++__FaceSwap__702_612.mp4,data\raw\FaceForensics++_C23\FaceSwap\702_612.mp4,1,FaceSwap,c23,702_612
FaceForensics++,FaceForensics++__FaceSwap__703_604.mp4,data\raw\FaceForensics++_C23\FaceSwap\703_604.mp4,1,FaceSwap,c23,703_604
FaceForensics++,FaceForensics++__FaceSwap__705_707.mp4,data\raw\FaceForensics++_C23\FaceSwap\705_707.mp4,1,FaceSwap,c23,705_707
FaceForensics++,FaceForensics++__FaceSwap__707_705.mp4,data\raw\FaceForensics++_C23\FaceSwap\707_705.mp4,1,FaceSwap,c23,707_705
FaceForensics++,FaceForensics++__FaceSwap__708_772.mp4,data\raw\FaceForensics++_C23\FaceSwap\708_772.mp4,1,FaceSwap,c23,708_772
FaceForensics++,FaceForensics++__FaceSwap__709_390.mp4,data\raw\FaceForensics++_C23\FaceSwap\709_390.mp4,1,FaceSwap,c23,709_390
FaceForensics++,FaceForensics++__FaceSwap__710_788.mp4,data\raw\FaceForensics++_C23\FaceSwap\710_788.mp4,1,FaceSwap,c23,710_788
FaceForensics++,FaceForensics++__FaceSwap__711_681.mp4,data\raw\FaceForensics++_C23\FaceSwap\711_681.mp4,1,FaceSwap,c23,711_681
FaceForensics++,FaceForensics++__FaceSwap__712_716.mp4,data\raw\FaceForensics++_C23\FaceSwap\712_716.mp4,1,FaceSwap,c23,712_716
FaceForensics++,FaceForensics++__FaceSwap__713_726.mp4,data\raw\FaceForensics++_C23\FaceSwap\713_726.mp4,1,FaceSwap,c23,713_726
FaceForensics++,FaceForensics++__FaceSwap__714_842.mp4,data\raw\FaceForensics++_C23\FaceSwap\714_842.mp4,1,FaceSwap,c23,714_842
FaceForensics++,FaceForensics++__FaceSwap__715_721.mp4,data\raw\FaceForensics++_C23\FaceSwap\715_721.mp4,1,FaceSwap,c23,715_721
FaceForensics++,FaceForensics++__FaceSwap__716_712.mp4,data\raw\FaceForensics++_C23\FaceSwap\716_712.mp4,1,FaceSwap,c23,716_712
FaceForensics++,FaceForensics++__FaceSwap__719_737.mp4,data\raw\FaceForensics++_C23\FaceSwap\719_737.mp4,1,FaceSwap,c23,719_737
FaceForensics++,FaceForensics++__FaceSwap__720_672.mp4,data\raw\FaceForensics++_C23\FaceSwap\720_672.mp4,1,FaceSwap,c23,720_672
FaceForensics++,FaceForensics++__FaceSwap__722_458.mp4,data\raw\FaceForensics++_C23\FaceSwap\722_458.mp4,1,FaceSwap,c23,722_458
FaceForensics++,FaceForensics++__FaceSwap__723_704.mp4,data\raw\FaceForensics++_C23\FaceSwap\723_704.mp4,1,FaceSwap,c23,723_704
FaceForensics++,FaceForensics++__FaceSwap__724_725.mp4,data\raw\FaceForensics++_C23\FaceSwap\724_725.mp4,1,FaceSwap,c23,724_725
FaceForensics++,FaceForensics++__FaceSwap__725_724.mp4,data\raw\FaceForensics++_C23\FaceSwap\725_724.mp4,1,FaceSwap,c23,725_724
FaceForensics++,FaceForensics++__FaceSwap__727_729.mp4,data\raw\FaceForensics++_C23\FaceSwap\727_729.mp4,1,FaceSwap,c23,727_729
FaceForensics++,FaceForensics++__FaceSwap__728_673.mp4,data\raw\FaceForensics++_C23\FaceSwap\728_673.mp4,1,FaceSwap,c23,728_673
FaceForensics++,FaceForensics++__FaceSwap__729_727.mp4,data\raw\FaceForensics++_C23\FaceSwap\729_727.mp4,1,FaceSwap,c23,729_727
FaceForensics++,FaceForensics++__FaceSwap__730_815.mp4,data\raw\FaceForensics++_C23\FaceSwap\730_815.mp4,1,FaceSwap,c23,730_815
FaceForensics++,FaceForensics++__FaceSwap__731_741.mp4,data\raw\FaceForensics++_C23\FaceSwap\731_741.mp4,1,FaceSwap,c23,731_741
FaceForensics++,FaceForensics++__FaceSwap__733_935.mp4,data\raw\FaceForensics++_C23\FaceSwap\733_935.mp4,1,FaceSwap,c23,733_935
FaceForensics++,FaceForensics++__FaceSwap__734_699.mp4,data\raw\FaceForensics++_C23\FaceSwap\734_699.mp4,1,FaceSwap,c23,734_699
FaceForensics++,FaceForensics++__FaceSwap__735_774.mp4,data\raw\FaceForensics++_C23\FaceSwap\735_774.mp4,1,FaceSwap,c23,735_774
FaceForensics++,FaceForensics++__FaceSwap__736_785.mp4,data\raw\FaceForensics++_C23\FaceSwap\736_785.mp4,1,FaceSwap,c23,736_785
FaceForensics++,FaceForensics++__FaceSwap__737_719.mp4,data\raw\FaceForensics++_C23\FaceSwap\737_719.mp4,1,FaceSwap,c23,737_719
FaceForensics++,FaceForensics++__FaceSwap__739_865.mp4,data\raw\FaceForensics++_C23\FaceSwap\739_865.mp4,1,FaceSwap,c23,739_865
FaceForensics++,FaceForensics++__FaceSwap__740_796.mp4,data\raw\FaceForensics++_C23\FaceSwap\740_796.mp4,1,FaceSwap,c23,740_796
FaceForensics++,FaceForensics++__FaceSwap__742_775.mp4,data\raw\FaceForensics++_C23\FaceSwap\742_775.mp4,1,FaceSwap,c23,742_775
FaceForensics++,FaceForensics++__FaceSwap__743_750.mp4,data\raw\FaceForensics++_C23\FaceSwap\743_750.mp4,1,FaceSwap,c23,743_750
FaceForensics++,FaceForensics++__FaceSwap__744_674.mp4,data\raw\FaceForensics++_C23\FaceSwap\744_674.mp4,1,FaceSwap,c23,744_674
FaceForensics++,FaceForensics++__FaceSwap__745_777.mp4,data\raw\FaceForensics++_C23\FaceSwap\745_777.mp4,1,FaceSwap,c23,745_777
FaceForensics++,FaceForensics++__FaceSwap__746_571.mp4,data\raw\FaceForensics++_C23\FaceSwap\746_571.mp4,1,FaceSwap,c23,746_571
FaceForensics++,FaceForensics++__FaceSwap__748_355.mp4,data\raw\FaceForensics++_C23\FaceSwap\748_355.mp4,1,FaceSwap,c23,748_355
FaceForensics++,FaceForensics++__FaceSwap__749_659.mp4,data\raw\FaceForensics++_C23\FaceSwap\749_659.mp4,1,FaceSwap,c23,749_659
FaceForensics++,FaceForensics++__FaceSwap__750_743.mp4,data\raw\FaceForensics++_C23\FaceSwap\750_743.mp4,1,FaceSwap,c23,750_743
FaceForensics++,FaceForensics++__FaceSwap__751_752.mp4,data\raw\FaceForensics++_C23\FaceSwap\751_752.mp4,1,FaceSwap,c23,751_752
FaceForensics++,FaceForensics++__FaceSwap__753_789.mp4,data\raw\FaceForensics++_C23\FaceSwap\753_789.mp4,1,FaceSwap,c23,753_789
FaceForensics++,FaceForensics++__FaceSwap__754_758.mp4,data\raw\FaceForensics++_C23\FaceSwap\754_758.mp4,1,FaceSwap,c23,754_758
FaceForensics++,FaceForensics++__FaceSwap__755_759.mp4,data\raw\FaceForensics++_C23\FaceSwap\755_759.mp4,1,FaceSwap,c23,755_759
FaceForensics++,FaceForensics++__FaceSwap__756_503.mp4,data\raw\FaceForensics++_C23\FaceSwap\756_503.mp4,1,FaceSwap,c23,756_503
FaceForensics++,FaceForensics++__FaceSwap__757_573.mp4,data\raw\FaceForensics++_C23\FaceSwap\757_573.mp4,1,FaceSwap,c23,757_573
FaceForensics++,FaceForensics++__FaceSwap__758_754.mp4,data\raw\FaceForensics++_C23\FaceSwap\758_754.mp4,1,FaceSwap,c23,758_754
FaceForensics++,FaceForensics++__FaceSwap__759_755.mp4,data\raw\FaceForensics++_C23\FaceSwap\759_755.mp4,1,FaceSwap,c23,759_755
FaceForensics++,FaceForensics++__FaceSwap__760_611.mp4,data\raw\FaceForensics++_C23\FaceSwap\760_611.mp4,1,FaceSwap,c23,760_611
FaceForensics++,FaceForensics++__FaceSwap__761_766.mp4,data\raw\FaceForensics++_C23\FaceSwap\761_766.mp4,1,FaceSwap,c23,761_766
FaceForensics++,FaceForensics++__FaceSwap__762_832.mp4,data\raw\FaceForensics++_C23\FaceSwap\762_832.mp4,1,FaceSwap,c23,762_832
FaceForensics++,FaceForensics++__FaceSwap__763_930.mp4,data\raw\FaceForensics++_C23\FaceSwap\763_930.mp4,1,FaceSwap,c23,763_930
FaceForensics++,FaceForensics++__FaceSwap__764_850.mp4,data\raw\FaceForensics++_C23\FaceSwap\764_850.mp4,1,FaceSwap,c23,764_850
FaceForensics++,FaceForensics++__FaceSwap__765_867.mp4,data\raw\FaceForensics++_C23\FaceSwap\765_867.mp4,1,FaceSwap,c23,765_867
FaceForensics++,FaceForensics++__FaceSwap__767_694.mp4,data\raw\FaceForensics++_C23\FaceSwap\767_694.mp4,1,FaceSwap,c23,767_694
FaceForensics++,FaceForensics++__FaceSwap__768_793.mp4,data\raw\FaceForensics++_C23\FaceSwap\768_793.mp4,1,FaceSwap,c23,768_793
FaceForensics++,FaceForensics++__FaceSwap__769_784.mp4,data\raw\FaceForensics++_C23\FaceSwap\769_784.mp4,1,FaceSwap,c23,769_784
FaceForensics++,FaceForensics++__FaceSwap__770_791.mp4,data\raw\FaceForensics++_C23\FaceSwap\770_791.mp4,1,FaceSwap,c23,770_791
FaceForensics++,FaceForensics++__FaceSwap__771_849.mp4,data\raw\FaceForensics++_C23\FaceSwap\771_849.mp4,1,FaceSwap,c23,771_849
FaceForensics++,FaceForensics++__FaceSwap__772_708.mp4,data\raw\FaceForensics++_C23\FaceSwap\772_708.mp4,1,FaceSwap,c23,772_708
FaceForensics++,FaceForensics++__FaceSwap__773_652.mp4,data\raw\FaceForensics++_C23\FaceSwap\773_652.mp4,1,FaceSwap,c23,773_652
FaceForensics++,FaceForensics++__FaceSwap__774_735.mp4,data\raw\FaceForensics++_C23\FaceSwap\774_735.mp4,1,FaceSwap,c23,774_735
FaceForensics++,FaceForensics++__FaceSwap__775_742.mp4,data\raw\FaceForensics++_C23\FaceSwap\775_742.mp4,1,FaceSwap,c23,775_742
FaceForensics++,FaceForensics++__FaceSwap__776_676.mp4,data\raw\FaceForensics++_C23\FaceSwap\776_676.mp4,1,FaceSwap,c23,776_676
FaceForensics++,FaceForensics++__FaceSwap__777_745.mp4,data\raw\FaceForensics++_C23\FaceSwap\777_745.mp4,1,FaceSwap,c23,777_745
FaceForensics++,FaceForensics++__FaceSwap__778_798.mp4,data\raw\FaceForensics++_C23\FaceSwap\778_798.mp4,1,FaceSwap,c23,778_798
FaceForensics++,FaceForensics++__FaceSwap__779_794.mp4,data\raw\FaceForensics++_C23\FaceSwap\779_794.mp4,1,FaceSwap,c23,779_794
FaceForensics++,FaceForensics++__FaceSwap__781_806.mp4,data\raw\FaceForensics++_C23\FaceSwap\781_806.mp4,1,FaceSwap,c23,781_806
FaceForensics++,FaceForensics++__FaceSwap__782_787.mp4,data\raw\FaceForensics++_C23\FaceSwap\782_787.mp4,1,FaceSwap,c23,782_787
FaceForensics++,FaceForensics++__FaceSwap__783_916.mp4,data\raw\FaceForensics++_C23\FaceSwap\783_916.mp4,1,FaceSwap,c23,783_916
FaceForensics++,FaceForensics++__FaceSwap__784_769.mp4,data\raw\FaceForensics++_C23\FaceSwap\784_769.mp4,1,FaceSwap,c23,784_769
FaceForensics++,FaceForensics++__FaceSwap__785_736.mp4,data\raw\FaceForensics++_C23\FaceSwap\785_736.mp4,1,FaceSwap,c23,785_736
FaceForensics++,FaceForensics++__FaceSwap__786_819.mp4,data\raw\FaceForensics++_C23\FaceSwap\786_819.mp4,1,FaceSwap,c23,786_819
FaceForensics++,FaceForensics++__FaceSwap__788_710.mp4,data\raw\FaceForensics++_C23\FaceSwap\788_710.mp4,1,FaceSwap,c23,788_710
FaceForensics++,FaceForensics++__FaceSwap__789_753.mp4,data\raw\FaceForensics++_C23\FaceSwap\789_753.mp4,1,FaceSwap,c23,789_753
FaceForensics++,FaceForensics++__FaceSwap__790_014.mp4,data\raw\FaceForensics++_C23\FaceSwap\790_014.mp4,1,FaceSwap,c23,790_014
FaceForensics++,FaceForensics++__FaceSwap__791_770.mp4,data\raw\FaceForensics++_C23\FaceSwap\791_770.mp4,1,FaceSwap,c23,791_770
FaceForensics++,FaceForensics++__FaceSwap__792_903.mp4,data\raw\FaceForensics++_C23\FaceSwap\792_903.mp4,1,FaceSwap,c23,792_903
FaceForensics++,FaceForensics++__FaceSwap__793_768.mp4,data\raw\FaceForensics++_C23\FaceSwap\793_768.mp4,1,FaceSwap,c23,793_768
FaceForensics++,FaceForensics++__FaceSwap__795_907.mp4,data\raw\FaceForensics++_C23\FaceSwap\795_907.mp4,1,FaceSwap,c23,795_907
FaceForensics++,FaceForensics++__FaceSwap__796_740.mp4,data\raw\FaceForensics++_C23\FaceSwap\796_740.mp4,1,FaceSwap,c23,796_740
FaceForensics++,FaceForensics++__FaceSwap__797_844.mp4,data\raw\FaceForensics++_C23\FaceSwap\797_844.mp4,1,FaceSwap,c23,797_844
FaceForensics++,FaceForensics++__FaceSwap__799_809.mp4,data\raw\FaceForensics++_C23\FaceSwap\799_809.mp4,1,FaceSwap,c23,799_809
FaceForensics++,FaceForensics++__FaceSwap__800_840.mp4,data\raw\FaceForensics++_C23\FaceSwap\800_840.mp4,1,FaceSwap,c23,800_840
FaceForensics++,FaceForensics++__FaceSwap__802_885.mp4,data\raw\FaceForensics++_C23\FaceSwap\802_885.mp4,1,FaceSwap,c23,802_885
FaceForensics++,FaceForensics++__FaceSwap__803_017.mp4,data\raw\FaceForensics++_C23\FaceSwap\803_017.mp4,1,FaceSwap,c23,803_017
FaceForensics++,FaceForensics++__FaceSwap__804_738.mp4,data\raw\FaceForensics++_C23\FaceSwap\804_738.mp4,1,FaceSwap,c23,804_738
FaceForensics++,FaceForensics++__FaceSwap__805_011.mp4,data\raw\FaceForensics++_C23\FaceSwap\805_011.mp4,1,FaceSwap,c23,805_011
FaceForensics++,FaceForensics++__FaceSwap__806_781.mp4,data\raw\FaceForensics++_C23\FaceSwap\806_781.mp4,1,FaceSwap,c23,806_781
FaceForensics++,FaceForensics++__FaceSwap__807_273.mp4,data\raw\FaceForensics++_C23\FaceSwap\807_273.mp4,1,FaceSwap,c23,807_273
FaceForensics++,FaceForensics++__FaceSwap__811_920.mp4,data\raw\FaceForensics++_C23\FaceSwap\811_920.mp4,1,FaceSwap,c23,811_920
FaceForensics++,FaceForensics++__FaceSwap__813_700.mp4,data\raw\FaceForensics++_C23\FaceSwap\813_700.mp4,1,FaceSwap,c23,813_700
FaceForensics++,FaceForensics++__FaceSwap__814_871.mp4,data\raw\FaceForensics++_C23\FaceSwap\814_871.mp4,1,FaceSwap,c23,814_871
FaceForensics++,FaceForensics++__FaceSwap__815_730.mp4,data\raw\FaceForensics++_C23\FaceSwap\815_730.mp4,1,FaceSwap,c23,815_730
FaceForensics++,FaceForensics++__FaceSwap__817_827.mp4,data\raw\FaceForensics++_C23\FaceSwap\817_827.mp4,1,FaceSwap,c23,817_827
FaceForensics++,FaceForensics++__FaceSwap__818_820.mp4,data\raw\FaceForensics++_C23\FaceSwap\818_820.mp4,1,FaceSwap,c23,818_820
FaceForensics++,FaceForensics++__FaceSwap__819_786.mp4,data\raw\FaceForensics++_C23\FaceSwap\819_786.mp4,1,FaceSwap,c23,819_786
FaceForensics++,FaceForensics++__FaceSwap__820_818.mp4,data\raw\FaceForensics++_C23\FaceSwap\820_818.mp4,1,FaceSwap,c23,820_818
FaceForensics++,FaceForensics++__FaceSwap__822_244.mp4,data\raw\FaceForensics++_C23\FaceSwap\822_244.mp4,1,FaceSwap,c23,822_244
FaceForensics++,FaceForensics++__FaceSwap__823_584.mp4,data\raw\FaceForensics++_C23\FaceSwap\823_584.mp4,1,FaceSwap,c23,823_584
FaceForensics++,FaceForensics++__FaceSwap__824_419.mp4,data\raw\FaceForensics++_C23\FaceSwap\824_419.mp4,1,FaceSwap,c23,824_419
FaceForensics++,FaceForensics++__FaceSwap__825_074.mp4,data\raw\FaceForensics++_C23\FaceSwap\825_074.mp4,1,FaceSwap,c23,825_074
FaceForensics++,FaceForensics++__FaceSwap__826_833.mp4,data\raw\FaceForensics++_C23\FaceSwap\826_833.mp4,1,FaceSwap,c23,826_833
FaceForensics++,FaceForensics++__FaceSwap__828_830.mp4,data\raw\FaceForensics++_C23\FaceSwap\828_830.mp4,1,FaceSwap,c23,828_830
FaceForensics++,FaceForensics++__FaceSwap__829_808.mp4,data\raw\FaceForensics++_C23\FaceSwap\829_808.mp4,1,FaceSwap,c23,829_808
FaceForensics++,FaceForensics++__FaceSwap__831_508.mp4,data\raw\FaceForensics++_C23\FaceSwap\831_508.mp4,1,FaceSwap,c23,831_508
FaceForensics++,FaceForensics++__FaceSwap__832_762.mp4,data\raw\FaceForensics++_C23\FaceSwap\832_762.mp4,1,FaceSwap,c23,832_762
FaceForensics++,FaceForensics++__FaceSwap__833_826.mp4,data\raw\FaceForensics++_C23\FaceSwap\833_826.mp4,1,FaceSwap,c23,833_826
FaceForensics++,FaceForensics++__FaceSwap__834_852.mp4,data\raw\FaceForensics++_C23\FaceSwap\834_852.mp4,1,FaceSwap,c23,834_852
FaceForensics++,FaceForensics++__FaceSwap__836_950.mp4,data\raw\FaceForensics++_C23\FaceSwap\836_950.mp4,1,FaceSwap,c23,836_950
FaceForensics++,FaceForensics++__FaceSwap__837_890.mp4,data\raw\FaceForensics++_C23\FaceSwap\837_890.mp4,1,FaceSwap,c23,837_890
FaceForensics++,FaceForensics++__FaceSwap__838_810.mp4,data\raw\FaceForensics++_C23\FaceSwap\838_810.mp4,1,FaceSwap,c23,838_810
FaceForensics++,FaceForensics++__FaceSwap__839_864.mp4,data\raw\FaceForensics++_C23\FaceSwap\839_864.mp4,1,FaceSwap,c23,839_864
FaceForensics++,FaceForensics++__FaceSwap__840_800.mp4,data\raw\FaceForensics++_C23\FaceSwap\840_800.mp4,1,FaceSwap,c23,840_800
FaceForensics++,FaceForensics++__FaceSwap__841_639.mp4,data\raw\FaceForensics++_C23\FaceSwap\841_639.mp4,1,FaceSwap,c23,841_639
FaceForensics++,FaceForensics++__FaceSwap__842_714.mp4,data\raw\FaceForensics++_C23\FaceSwap\842_714.mp4,1,FaceSwap,c23,842_714
FaceForensics++,FaceForensics++__FaceSwap__843_859.mp4,data\raw\FaceForensics++_C23\FaceSwap\843_859.mp4,1,FaceSwap,c23,843_859
FaceForensics++,FaceForensics++__FaceSwap__844_797.mp4,data\raw\FaceForensics++_C23\FaceSwap\844_797.mp4,1,FaceSwap,c23,844_797
FaceForensics++,FaceForensics++__FaceSwap__845_846.mp4,data\raw\FaceForensics++_C23\FaceSwap\845_846.mp4,1,FaceSwap,c23,845_846
FaceForensics++,FaceForensics++__FaceSwap__846_845.mp4,data\raw\FaceForensics++_C23\FaceSwap\846_845.mp4,1,FaceSwap,c23,846_845
FaceForensics++,FaceForensics++__FaceSwap__847_906.mp4,data\raw\FaceForensics++_C23\FaceSwap\847_906.mp4,1,FaceSwap,c23,847_906
FaceForensics++,FaceForensics++__FaceSwap__848_894.mp4,data\raw\FaceForensics++_C23\FaceSwap\848_894.mp4,1,FaceSwap,c23,848_894
FaceForensics++,FaceForensics++__FaceSwap__851_552.mp4,data\raw\FaceForensics++_C23\FaceSwap\851_552.mp4,1,FaceSwap,c23,851_552
FaceForensics++,FaceForensics++__FaceSwap__853_863.mp4,data\raw\FaceForensics++_C23\FaceSwap\853_863.mp4,1,FaceSwap,c23,853_863
FaceForensics++,FaceForensics++__FaceSwap__854_747.mp4,data\raw\FaceForensics++_C23\FaceSwap\854_747.mp4,1,FaceSwap,c23,854_747
FaceForensics++,FaceForensics++__FaceSwap__856_881.mp4,data\raw\FaceForensics++_C23\FaceSwap\856_881.mp4,1,FaceSwap,c23,856_881
FaceForensics++,FaceForensics++__FaceSwap__857_909.mp4,data\raw\FaceForensics++_C23\FaceSwap\857_909.mp4,1,FaceSwap,c23,857_909
FaceForensics++,FaceForensics++__FaceSwap__858_861.mp4,data\raw\FaceForensics++_C23\FaceSwap\858_861.mp4,1,FaceSwap,c23,858_861
FaceForensics++,FaceForensics++__FaceSwap__860_905.mp4,data\raw\FaceForensics++_C23\FaceSwap\860_905.mp4,1,FaceSwap,c23,860_905
FaceForensics++,FaceForensics++__FaceSwap__861_858.mp4,data\raw\FaceForensics++_C23\FaceSwap\861_858.mp4,1,FaceSwap,c23,861_858
FaceForensics++,FaceForensics++__FaceSwap__862_047.mp4,data\raw\FaceForensics++_C23\FaceSwap\862_047.mp4,1,FaceSwap,c23,862_047
FaceForensics++,FaceForensics++__FaceSwap__864_839.mp4,data\raw\FaceForensics++_C23\FaceSwap\864_839.mp4,1,FaceSwap,c23,864_839
FaceForensics++,FaceForensics++__FaceSwap__865_739.mp4,data\raw\FaceForensics++_C23\FaceSwap\865_739.mp4,1,FaceSwap,c23,865_739
FaceForensics++,FaceForensics++__FaceSwap__866_878.mp4,data\raw\FaceForensics++_C23\FaceSwap\866_878.mp4,1,FaceSwap,c23,866_878
FaceForensics++,FaceForensics++__FaceSwap__867_765.mp4,data\raw\FaceForensics++_C23\FaceSwap\867_765.mp4,1,FaceSwap,c23,867_765
FaceForensics++,FaceForensics++__FaceSwap__868_949.mp4,data\raw\FaceForensics++_C23\FaceSwap\868_949.mp4,1,FaceSwap,c23,868_949
FaceForensics++,FaceForensics++__FaceSwap__869_780.mp4,data\raw\FaceForensics++_C23\FaceSwap\869_780.mp4,1,FaceSwap,c23,869_780
FaceForensics++,FaceForensics++__FaceSwap__871_814.mp4,data\raw\FaceForensics++_C23\FaceSwap\871_814.mp4,1,FaceSwap,c23,871_814
FaceForensics++,FaceForensics++__FaceSwap__874_291.mp4,data\raw\FaceForensics++_C23\FaceSwap\874_291.mp4,1,FaceSwap,c23,874_291
FaceForensics++,FaceForensics++__FaceSwap__876_891.mp4,data\raw\FaceForensics++_C23\FaceSwap\876_891.mp4,1,FaceSwap,c23,876_891
FaceForensics++,FaceForensics++__FaceSwap__877_886.mp4,data\raw\FaceForensics++_C23\FaceSwap\877_886.mp4,1,FaceSwap,c23,877_886
FaceForensics++,FaceForensics++__FaceSwap__878_866.mp4,data\raw\FaceForensics++_C23\FaceSwap\878_866.mp4,1,FaceSwap,c23,878_866
FaceForensics++,FaceForensics++__FaceSwap__880_135.mp4,data\raw\FaceForensics++_C23\FaceSwap\880_135.mp4,1,FaceSwap,c23,880_135
FaceForensics++,FaceForensics++__FaceSwap__881_856.mp4,data\raw\FaceForensics++_C23\FaceSwap\881_856.mp4,1,FaceSwap,c23,881_856
FaceForensics++,FaceForensics++__FaceSwap__882_952.mp4,data\raw\FaceForensics++_C23\FaceSwap\882_952.mp4,1,FaceSwap,c23,882_952
FaceForensics++,FaceForensics++__FaceSwap__883_013.mp4,data\raw\FaceForensics++_C23\FaceSwap\883_013.mp4,1,FaceSwap,c23,883_013
FaceForensics++,FaceForensics++__FaceSwap__886_877.mp4,data\raw\FaceForensics++_C23\FaceSwap\886_877.mp4,1,FaceSwap,c23,886_877
FaceForensics++,FaceForensics++__FaceSwap__887_275.mp4,data\raw\FaceForensics++_C23\FaceSwap\887_275.mp4,1,FaceSwap,c23,887_275
FaceForensics++,FaceForensics++__FaceSwap__888_937.mp4,data\raw\FaceForensics++_C23\FaceSwap\888_937.mp4,1,FaceSwap,c23,888_937
FaceForensics++,FaceForensics++__FaceSwap__890_837.mp4,data\raw\FaceForensics++_C23\FaceSwap\890_837.mp4,1,FaceSwap,c23,890_837
FaceForensics++,FaceForensics++__FaceSwap__891_876.mp4,data\raw\FaceForensics++_C23\FaceSwap\891_876.mp4,1,FaceSwap,c23,891_876
FaceForensics++,FaceForensics++__FaceSwap__892_112.mp4,data\raw\FaceForensics++_C23\FaceSwap\892_112.mp4,1,FaceSwap,c23,892_112
FaceForensics++,FaceForensics++__FaceSwap__894_848.mp4,data\raw\FaceForensics++_C23\FaceSwap\894_848.mp4,1,FaceSwap,c23,894_848
FaceForensics++,FaceForensics++__FaceSwap__896_128.mp4,data\raw\FaceForensics++_C23\FaceSwap\896_128.mp4,1,FaceSwap,c23,896_128
FaceForensics++,FaceForensics++__FaceSwap__897_969.mp4,data\raw\FaceForensics++_C23\FaceSwap\897_969.mp4,1,FaceSwap,c23,897_969
FaceForensics++,FaceForensics++__FaceSwap__898_922.mp4,data\raw\FaceForensics++_C23\FaceSwap\898_922.mp4,1,FaceSwap,c23,898_922
FaceForensics++,FaceForensics++__FaceSwap__900_926.mp4,data\raw\FaceForensics++_C23\FaceSwap\900_926.mp4,1,FaceSwap,c23,900_926
FaceForensics++,FaceForensics++__FaceSwap__901_902.mp4,data\raw\FaceForensics++_C23\FaceSwap\901_902.mp4,1,FaceSwap,c23,901_902
FaceForensics++,FaceForensics++__FaceSwap__902_901.mp4,data\raw\FaceForensics++_C23\FaceSwap\902_901.mp4,1,FaceSwap,c23,902_901
FaceForensics++,FaceForensics++__FaceSwap__903_792.mp4,data\raw\FaceForensics++_C23\FaceSwap\903_792.mp4,1,FaceSwap,c23,903_792
FaceForensics++,FaceForensics++__FaceSwap__904_046.mp4,data\raw\FaceForensics++_C23\FaceSwap\904_046.mp4,1,FaceSwap,c23,904_046
FaceForensics++,FaceForensics++__FaceSwap__905_860.mp4,data\raw\FaceForensics++_C23\FaceSwap\905_860.mp4,1,FaceSwap,c23,905_860
FaceForensics++,FaceForensics++__FaceSwap__906_847.mp4,data\raw\FaceForensics++_C23\FaceSwap\906_847.mp4,1,FaceSwap,c23,906_847
FaceForensics++,FaceForensics++__FaceSwap__907_795.mp4,data\raw\FaceForensics++_C23\FaceSwap\907_795.mp4,1,FaceSwap,c23,907_795
FaceForensics++,FaceForensics++__FaceSwap__908_207.mp4,data\raw\FaceForensics++_C23\FaceSwap\908_207.mp4,1,FaceSwap,c23,908_207
FaceForensics++,FaceForensics++__FaceSwap__909_857.mp4,data\raw\FaceForensics++_C23\FaceSwap\909_857.mp4,1,FaceSwap,c23,909_857
FaceForensics++,FaceForensics++__FaceSwap__910_911.mp4,data\raw\FaceForensics++_C23\FaceSwap\910_911.mp4,1,FaceSwap,c23,910_911
FaceForensics++,FaceForensics++__FaceSwap__911_910.mp4,data\raw\FaceForensics++_C23\FaceSwap\911_910.mp4,1,FaceSwap,c23,911_910
FaceForensics++,FaceForensics++__FaceSwap__912_927.mp4,data\raw\FaceForensics++_C23\FaceSwap\912_927.mp4,1,FaceSwap,c23,912_927
FaceForensics++,FaceForensics++__FaceSwap__913_893.mp4,data\raw\FaceForensics++_C23\FaceSwap\913_893.mp4,1,FaceSwap,c23,913_893
FaceForensics++,FaceForensics++__FaceSwap__914_899.mp4,data\raw\FaceForensics++_C23\FaceSwap\914_899.mp4,1,FaceSwap,c23,914_899
FaceForensics++,FaceForensics++__FaceSwap__915_895.mp4,data\raw\FaceForensics++_C23\FaceSwap\915_895.mp4,1,FaceSwap,c23,915_895
FaceForensics++,FaceForensics++__FaceSwap__917_924.mp4,data\raw\FaceForensics++_C23\FaceSwap\917_924.mp4,1,FaceSwap,c23,917_924
FaceForensics++,FaceForensics++__FaceSwap__918_934.mp4,data\raw\FaceForensics++_C23\FaceSwap\918_934.mp4,1,FaceSwap,c23,918_934
FaceForensics++,FaceForensics++__FaceSwap__919_015.mp4,data\raw\FaceForensics++_C23\FaceSwap\919_015.mp4,1,FaceSwap,c23,919_015
FaceForensics++,FaceForensics++__FaceSwap__920_811.mp4,data\raw\FaceForensics++_C23\FaceSwap\920_811.mp4,1,FaceSwap,c23,920_811
FaceForensics++,FaceForensics++__FaceSwap__921_569.mp4,data\raw\FaceForensics++_C23\FaceSwap\921_569.mp4,1,FaceSwap,c23,921_569
FaceForensics++,FaceForensics++__FaceSwap__922_898.mp4,data\raw\FaceForensics++_C23\FaceSwap\922_898.mp4,1,FaceSwap,c23,922_898
FaceForensics++,FaceForensics++__FaceSwap__923_023.mp4,data\raw\FaceForensics++_C23\FaceSwap\923_023.mp4,1,FaceSwap,c23,923_023
FaceForensics++,FaceForensics++__FaceSwap__924_917.mp4,data\raw\FaceForensics++_C23\FaceSwap\924_917.mp4,1,FaceSwap,c23,924_917
FaceForensics++,FaceForensics++__FaceSwap__925_933.mp4,data\raw\FaceForensics++_C23\FaceSwap\925_933.mp4,1,FaceSwap,c23,925_933
FaceForensics++,FaceForensics++__FaceSwap__926_900.mp4,data\raw\FaceForensics++_C23\FaceSwap\926_900.mp4,1,FaceSwap,c23,926_900
FaceForensics++,FaceForensics++__FaceSwap__927_912.mp4,data\raw\FaceForensics++_C23\FaceSwap\927_912.mp4,1,FaceSwap,c23,927_912
FaceForensics++,FaceForensics++__FaceSwap__928_160.mp4,data\raw\FaceForensics++_C23\FaceSwap\928_160.mp4,1,FaceSwap,c23,928_160
FaceForensics++,FaceForensics++__FaceSwap__930_763.mp4,data\raw\FaceForensics++_C23\FaceSwap\930_763.mp4,1,FaceSwap,c23,930_763
FaceForensics++,FaceForensics++__FaceSwap__932_384.mp4,data\raw\FaceForensics++_C23\FaceSwap\932_384.mp4,1,FaceSwap,c23,932_384
FaceForensics++,FaceForensics++__FaceSwap__933_925.mp4,data\raw\FaceForensics++_C23\FaceSwap\933_925.mp4,1,FaceSwap,c23,933_925
FaceForensics++,FaceForensics++__FaceSwap__934_918.mp4,data\raw\FaceForensics++_C23\FaceSwap\934_918.mp4,1,FaceSwap,c23,934_918
FaceForensics++,FaceForensics++__FaceSwap__935_733.mp4,data\raw\FaceForensics++_C23\FaceSwap\935_733.mp4,1,FaceSwap,c23,935_733
FaceForensics++,FaceForensics++__FaceSwap__937_888.mp4,data\raw\FaceForensics++_C23\FaceSwap\937_888.mp4,1,FaceSwap,c23,937_888
FaceForensics++,FaceForensics++__FaceSwap__938_987.mp4,data\raw\FaceForensics++_C23\FaceSwap\938_987.mp4,1,FaceSwap,c23,938_987
FaceForensics++,FaceForensics++__FaceSwap__939_115.mp4,data\raw\FaceForensics++_C23\FaceSwap\939_115.mp4,1,FaceSwap,c23,939_115
FaceForensics++,FaceForensics++__FaceSwap__940_941.mp4,data\raw\FaceForensics++_C23\FaceSwap\940_941.mp4,1,FaceSwap,c23,940_941
FaceForensics++,FaceForensics++__FaceSwap__941_940.mp4,data\raw\FaceForensics++_C23\FaceSwap\941_940.mp4,1,FaceSwap,c23,941_940
FaceForensics++,FaceForensics++__FaceSwap__944_032.mp4,data\raw\FaceForensics++_C23\FaceSwap\944_032.mp4,1,FaceSwap,c23,944_032
FaceForensics++,FaceForensics++__FaceSwap__945_044.mp4,data\raw\FaceForensics++_C23\FaceSwap\945_044.mp4,1,FaceSwap,c23,945_044
FaceForensics++,FaceForensics++__FaceSwap__946_049.mp4,data\raw\FaceForensics++_C23\FaceSwap\946_049.mp4,1,FaceSwap,c23,946_049
FaceForensics++,FaceForensics++__FaceSwap__947_951.mp4,data\raw\FaceForensics++_C23\FaceSwap\947_951.mp4,1,FaceSwap,c23,947_951
FaceForensics++,FaceForensics++__FaceSwap__948_965.mp4,data\raw\FaceForensics++_C23\FaceSwap\948_965.mp4,1,FaceSwap,c23,948_965
FaceForensics++,FaceForensics++__FaceSwap__949_868.mp4,data\raw\FaceForensics++_C23\FaceSwap\949_868.mp4,1,FaceSwap,c23,949_868
FaceForensics++,FaceForensics++__FaceSwap__950_836.mp4,data\raw\FaceForensics++_C23\FaceSwap\950_836.mp4,1,FaceSwap,c23,950_836
FaceForensics++,FaceForensics++__FaceSwap__951_947.mp4,data\raw\FaceForensics++_C23\FaceSwap\951_947.mp4,1,FaceSwap,c23,951_947
FaceForensics++,FaceForensics++__FaceSwap__952_882.mp4,data\raw\FaceForensics++_C23\FaceSwap\952_882.mp4,1,FaceSwap,c23,952_882
FaceForensics++,FaceForensics++__FaceSwap__953_974.mp4,data\raw\FaceForensics++_C23\FaceSwap\953_974.mp4,1,FaceSwap,c23,953_974
FaceForensics++,FaceForensics++__FaceSwap__955_078.mp4,data\raw\FaceForensics++_C23\FaceSwap\955_078.mp4,1,FaceSwap,c23,955_078
FaceForensics++,FaceForensics++__FaceSwap__956_958.mp4,data\raw\FaceForensics++_C23\FaceSwap\956_958.mp4,1,FaceSwap,c23,956_958
FaceForensics++,FaceForensics++__FaceSwap__957_959.mp4,data\raw\FaceForensics++_C23\FaceSwap\957_959.mp4,1,FaceSwap,c23,957_959
FaceForensics++,FaceForensics++__FaceSwap__958_956.mp4,data\raw\FaceForensics++_C23\FaceSwap\958_956.mp4,1,FaceSwap,c23,958_956
FaceForensics++,FaceForensics++__FaceSwap__959_957.mp4,data\raw\FaceForensics++_C23\FaceSwap\959_957.mp4,1,FaceSwap,c23,959_957
FaceForensics++,FaceForensics++__FaceSwap__960_999.mp4,data\raw\FaceForensics++_C23\FaceSwap\960_999.mp4,1,FaceSwap,c23,960_999
FaceForensics++,FaceForensics++__FaceSwap__961_069.mp4,data\raw\FaceForensics++_C23\FaceSwap\961_069.mp4,1,FaceSwap,c23,961_069
FaceForensics++,FaceForensics++__FaceSwap__962_929.mp4,data\raw\FaceForensics++_C23\FaceSwap\962_929.mp4,1,FaceSwap,c23,962_929
FaceForensics++,FaceForensics++__FaceSwap__963_879.mp4,data\raw\FaceForensics++_C23\FaceSwap\963_879.mp4,1,FaceSwap,c23,963_879
FaceForensics++,FaceForensics++__FaceSwap__964_174.mp4,data\raw\FaceForensics++_C23\FaceSwap\964_174.mp4,1,FaceSwap,c23,964_174
FaceForensics++,FaceForensics++__FaceSwap__965_948.mp4,data\raw\FaceForensics++_C23\FaceSwap\965_948.mp4,1,FaceSwap,c23,965_948
FaceForensics++,FaceForensics++__FaceSwap__966_988.mp4,data\raw\FaceForensics++_C23\FaceSwap\966_988.mp4,1,FaceSwap,c23,966_988
FaceForensics++,FaceForensics++__FaceSwap__967_984.mp4,data\raw\FaceForensics++_C23\FaceSwap\967_984.mp4,1,FaceSwap,c23,967_984
FaceForensics++,FaceForensics++__FaceSwap__968_884.mp4,data\raw\FaceForensics++_C23\FaceSwap\968_884.mp4,1,FaceSwap,c23,968_884
FaceForensics++,FaceForensics++__FaceSwap__969_897.mp4,data\raw\FaceForensics++_C23\FaceSwap\969_897.mp4,1,FaceSwap,c23,969_897
FaceForensics++,FaceForensics++__FaceSwap__970_973.mp4,data\raw\FaceForensics++_C23\FaceSwap\970_973.mp4,1,FaceSwap,c23,970_973
FaceForensics++,FaceForensics++__FaceSwap__971_564.mp4,data\raw\FaceForensics++_C23\FaceSwap\971_564.mp4,1,FaceSwap,c23,971_564
FaceForensics++,FaceForensics++__FaceSwap__973_970.mp4,data\raw\FaceForensics++_C23\FaceSwap\973_970.mp4,1,FaceSwap,c23,973_970
FaceForensics++,FaceForensics++__FaceSwap__974_953.mp4,data\raw\FaceForensics++_C23\FaceSwap\974_953.mp4,1,FaceSwap,c23,974_953
FaceForensics++,FaceForensics++__FaceSwap__976_954.mp4,data\raw\FaceForensics++_C23\FaceSwap\976_954.mp4,1,FaceSwap,c23,976_954
FaceForensics++,FaceForensics++__FaceSwap__977_075.mp4,data\raw\FaceForensics++_C23\FaceSwap\977_075.mp4,1,FaceSwap,c23,977_075
FaceForensics++,FaceForensics++__FaceSwap__978_975.mp4,data\raw\FaceForensics++_C23\FaceSwap\978_975.mp4,1,FaceSwap,c23,978_975
FaceForensics++,FaceForensics++__FaceSwap__979_875.mp4,data\raw\FaceForensics++_C23\FaceSwap\979_875.mp4,1,FaceSwap,c23,979_875
FaceForensics++,FaceForensics++__FaceSwap__982_004.mp4,data\raw\FaceForensics++_C23\FaceSwap\982_004.mp4,1,FaceSwap,c23,982_004
FaceForensics++,FaceForensics++__FaceSwap__983_113.mp4,data\raw\FaceForensics++_C23\FaceSwap\983_113.mp4,1,FaceSwap,c23,983_113
FaceForensics++,FaceForensics++__FaceSwap__984_967.mp4,data\raw\FaceForensics++_C23\FaceSwap\984_967.mp4,1,FaceSwap,c23,984_967
FaceForensics++,FaceForensics++__FaceSwap__986_994.mp4,data\raw\FaceForensics++_C23\FaceSwap\986_994.mp4,1,FaceSwap,c23,986_994
FaceForensics++,FaceForensics++__FaceSwap__989_993.mp4,data\raw\FaceForensics++_C23\FaceSwap\989_993.mp4,1,FaceSwap,c23,989_993
FaceForensics++,FaceForensics++__FaceSwap__990_008.mp4,data\raw\FaceForensics++_C23\FaceSwap\990_008.mp4,1,FaceSwap,c23,990_008
FaceForensics++,FaceForensics++__FaceSwap__991_064.mp4,data\raw\FaceForensics++_C23\FaceSwap\991_064.mp4,1,FaceSwap,c23,991_064
FaceForensics++,FaceForensics++__FaceSwap__992_980.mp4,data\raw\FaceForensics++_C23\FaceSwap\992_980.mp4,1,FaceSwap,c23,992_980
FaceForensics++,FaceForensics++__FaceSwap__994_986.mp4,data\raw\FaceForensics++_C23\FaceSwap\994_986.mp4,1,FaceSwap,c23,994_986
FaceForensics++,FaceForensics++__FaceSwap__995_233.mp4,data\raw\FaceForensics++_C23\FaceSwap\995_233.mp4,1,FaceSwap,c23,995_233
FaceForensics++,FaceForensics++__FaceSwap__997_040.mp4,data\raw\FaceForensics++_C23\FaceSwap\997_040.mp4,1,FaceSwap,c23,997_040
FaceForensics++,FaceForensics++__FaceSwap__998_561.mp4,data\raw\FaceForensics++_C23\FaceSwap\998_561.mp4,1,FaceSwap,c23,998_561
FaceForensics++,FaceForensics++__FaceSwap__999_960.mp4,data\raw\FaceForensics++_C23\FaceSwap\999_960.mp4,1,FaceSwap,c23,999_960
FaceForensics++,FaceForensics++__NeuralTextures__001_870.mp4,data\raw\FaceForensics++_C23\NeuralTextures\001_870.mp4,1,NeuralTextures,c23,001_870
FaceForensics++,FaceForensics++__NeuralTextures__002_006.mp4,data\raw\FaceForensics++_C23\NeuralTextures\002_006.mp4,1,NeuralTextures,c23,002_006
FaceForensics++,FaceForensics++__NeuralTextures__003_000.mp4,data\raw\FaceForensics++_C23\NeuralTextures\003_000.mp4,1,NeuralTextures,c23,003_000
FaceForensics++,FaceForensics++__NeuralTextures__004_982.mp4,data\raw\FaceForensics++_C23\NeuralTextures\004_982.mp4,1,NeuralTextures,c23,004_982
FaceForensics++,FaceForensics++__NeuralTextures__005_010.mp4,data\raw\FaceForensics++_C23\NeuralTextures\005_010.mp4,1,NeuralTextures,c23,005_010
FaceForensics++,FaceForensics++__NeuralTextures__007_132.mp4,data\raw\FaceForensics++_C23\NeuralTextures\007_132.mp4,1,NeuralTextures,c23,007_132
FaceForensics++,FaceForensics++__NeuralTextures__008_990.mp4,data\raw\FaceForensics++_C23\NeuralTextures\008_990.mp4,1,NeuralTextures,c23,008_990
FaceForensics++,FaceForensics++__NeuralTextures__009_027.mp4,data\raw\FaceForensics++_C23\NeuralTextures\009_027.mp4,1,NeuralTextures,c23,009_027
FaceForensics++,FaceForensics++__NeuralTextures__010_005.mp4,data\raw\FaceForensics++_C23\NeuralTextures\010_005.mp4,1,NeuralTextures,c23,010_005
FaceForensics++,FaceForensics++__NeuralTextures__011_805.mp4,data\raw\FaceForensics++_C23\NeuralTextures\011_805.mp4,1,NeuralTextures,c23,011_805
FaceForensics++,FaceForensics++__NeuralTextures__012_026.mp4,data\raw\FaceForensics++_C23\NeuralTextures\012_026.mp4,1,NeuralTextures,c23,012_026
FaceForensics++,FaceForensics++__NeuralTextures__013_883.mp4,data\raw\FaceForensics++_C23\NeuralTextures\013_883.mp4,1,NeuralTextures,c23,013_883
FaceForensics++,FaceForensics++__NeuralTextures__015_919.mp4,data\raw\FaceForensics++_C23\NeuralTextures\015_919.mp4,1,NeuralTextures,c23,015_919
FaceForensics++,FaceForensics++__NeuralTextures__016_209.mp4,data\raw\FaceForensics++_C23\NeuralTextures\016_209.mp4,1,NeuralTextures,c23,016_209
FaceForensics++,FaceForensics++__NeuralTextures__017_803.mp4,data\raw\FaceForensics++_C23\NeuralTextures\017_803.mp4,1,NeuralTextures,c23,017_803
FaceForensics++,FaceForensics++__NeuralTextures__018_019.mp4,data\raw\FaceForensics++_C23\NeuralTextures\018_019.mp4,1,NeuralTextures,c23,018_019
FaceForensics++,FaceForensics++__NeuralTextures__020_344.mp4,data\raw\FaceForensics++_C23\NeuralTextures\020_344.mp4,1,NeuralTextures,c23,020_344
FaceForensics++,FaceForensics++__NeuralTextures__021_312.mp4,data\raw\FaceForensics++_C23\NeuralTextures\021_312.mp4,1,NeuralTextures,c23,021_312
FaceForensics++,FaceForensics++__NeuralTextures__022_489.mp4,data\raw\FaceForensics++_C23\NeuralTextures\022_489.mp4,1,NeuralTextures,c23,022_489
FaceForensics++,FaceForensics++__NeuralTextures__023_923.mp4,data\raw\FaceForensics++_C23\NeuralTextures\023_923.mp4,1,NeuralTextures,c23,023_923
FaceForensics++,FaceForensics++__NeuralTextures__024_073.mp4,data\raw\FaceForensics++_C23\NeuralTextures\024_073.mp4,1,NeuralTextures,c23,024_073
FaceForensics++,FaceForensics++__NeuralTextures__025_067.mp4,data\raw\FaceForensics++_C23\NeuralTextures\025_067.mp4,1,NeuralTextures,c23,025_067
FaceForensics++,FaceForensics++__NeuralTextures__026_012.mp4,data\raw\FaceForensics++_C23\NeuralTextures\026_012.mp4,1,NeuralTextures,c23,026_012
FaceForensics++,FaceForensics++__NeuralTextures__027_009.mp4,data\raw\FaceForensics++_C23\NeuralTextures\027_009.mp4,1,NeuralTextures,c23,027_009
FaceForensics++,FaceForensics++__NeuralTextures__028_068.mp4,data\raw\FaceForensics++_C23\NeuralTextures\028_068.mp4,1,NeuralTextures,c23,028_068
FaceForensics++,FaceForensics++__NeuralTextures__030_193.mp4,data\raw\FaceForensics++_C23\NeuralTextures\030_193.mp4,1,NeuralTextures,c23,030_193
FaceForensics++,FaceForensics++__NeuralTextures__032_944.mp4,data\raw\FaceForensics++_C23\NeuralTextures\032_944.mp4,1,NeuralTextures,c23,032_944
FaceForensics++,FaceForensics++__NeuralTextures__033_097.mp4,data\raw\FaceForensics++_C23\NeuralTextures\033_097.mp4,1,NeuralTextures,c23,033_097
FaceForensics++,FaceForensics++__NeuralTextures__036_035.mp4,data\raw\FaceForensics++_C23\NeuralTextures\036_035.mp4,1,NeuralTextures,c23,036_035
FaceForensics++,FaceForensics++__NeuralTextures__037_072.mp4,data\raw\FaceForensics++_C23\NeuralTextures\037_072.mp4,1,NeuralTextures,c23,037_072
FaceForensics++,FaceForensics++__NeuralTextures__038_125.mp4,data\raw\FaceForensics++_C23\NeuralTextures\038_125.mp4,1,NeuralTextures,c23,038_125
FaceForensics++,FaceForensics++__NeuralTextures__039_058.mp4,data\raw\FaceForensics++_C23\NeuralTextures\039_058.mp4,1,NeuralTextures,c23,039_058
FaceForensics++,FaceForensics++__NeuralTextures__040_997.mp4,data\raw\FaceForensics++_C23\NeuralTextures\040_997.mp4,1,NeuralTextures,c23,040_997
FaceForensics++,FaceForensics++__NeuralTextures__041_063.mp4,data\raw\FaceForensics++_C23\NeuralTextures\041_063.mp4,1,NeuralTextures,c23,041_063
FaceForensics++,FaceForensics++__NeuralTextures__042_084.mp4,data\raw\FaceForensics++_C23\NeuralTextures\042_084.mp4,1,NeuralTextures,c23,042_084
FaceForensics++,FaceForensics++__NeuralTextures__043_110.mp4,data\raw\FaceForensics++_C23\NeuralTextures\043_110.mp4,1,NeuralTextures,c23,043_110
FaceForensics++,FaceForensics++__NeuralTextures__045_889.mp4,data\raw\FaceForensics++_C23\NeuralTextures\045_889.mp4,1,NeuralTextures,c23,045_889
FaceForensics++,FaceForensics++__NeuralTextures__046_904.mp4,data\raw\FaceForensics++_C23\NeuralTextures\046_904.mp4,1,NeuralTextures,c23,046_904
FaceForensics++,FaceForensics++__NeuralTextures__047_862.mp4,data\raw\FaceForensics++_C23\NeuralTextures\047_862.mp4,1,NeuralTextures,c23,047_862
FaceForensics++,FaceForensics++__NeuralTextures__048_029.mp4,data\raw\FaceForensics++_C23\NeuralTextures\048_029.mp4,1,NeuralTextures,c23,048_029
FaceForensics++,FaceForensics++__NeuralTextures__050_059.mp4,data\raw\FaceForensics++_C23\NeuralTextures\050_059.mp4,1,NeuralTextures,c23,050_059
FaceForensics++,FaceForensics++__NeuralTextures__051_332.mp4,data\raw\FaceForensics++_C23\NeuralTextures\051_332.mp4,1,NeuralTextures,c23,051_332
FaceForensics++,FaceForensics++__NeuralTextures__052_108.mp4,data\raw\FaceForensics++_C23\NeuralTextures\052_108.mp4,1,NeuralTextures,c23,052_108
FaceForensics++,FaceForensics++__NeuralTextures__054_071.mp4,data\raw\FaceForensics++_C23\NeuralTextures\054_071.mp4,1,NeuralTextures,c23,054_071
FaceForensics++,FaceForensics++__NeuralTextures__055_147.mp4,data\raw\FaceForensics++_C23\NeuralTextures\055_147.mp4,1,NeuralTextures,c23,055_147
FaceForensics++,FaceForensics++__NeuralTextures__056_996.mp4,data\raw\FaceForensics++_C23\NeuralTextures\056_996.mp4,1,NeuralTextures,c23,056_996
FaceForensics++,FaceForensics++__NeuralTextures__057_070.mp4,data\raw\FaceForensics++_C23\NeuralTextures\057_070.mp4,1,NeuralTextures,c23,057_070
FaceForensics++,FaceForensics++__NeuralTextures__058_039.mp4,data\raw\FaceForensics++_C23\NeuralTextures\058_039.mp4,1,NeuralTextures,c23,058_039
FaceForensics++,FaceForensics++__NeuralTextures__059_050.mp4,data\raw\FaceForensics++_C23\NeuralTextures\059_050.mp4,1,NeuralTextures,c23,059_050
FaceForensics++,FaceForensics++__NeuralTextures__060_088.mp4,data\raw\FaceForensics++_C23\NeuralTextures\060_088.mp4,1,NeuralTextures,c23,060_088
FaceForensics++,FaceForensics++__NeuralTextures__061_080.mp4,data\raw\FaceForensics++_C23\NeuralTextures\061_080.mp4,1,NeuralTextures,c23,061_080
FaceForensics++,FaceForensics++__NeuralTextures__063_041.mp4,data\raw\FaceForensics++_C23\NeuralTextures\063_041.mp4,1,NeuralTextures,c23,063_041
FaceForensics++,FaceForensics++__NeuralTextures__064_991.mp4,data\raw\FaceForensics++_C23\NeuralTextures\064_991.mp4,1,NeuralTextures,c23,064_991
FaceForensics++,FaceForensics++__NeuralTextures__066_062.mp4,data\raw\FaceForensics++_C23\NeuralTextures\066_062.mp4,1,NeuralTextures,c23,066_062
FaceForensics++,FaceForensics++__NeuralTextures__067_025.mp4,data\raw\FaceForensics++_C23\NeuralTextures\067_025.mp4,1,NeuralTextures,c23,067_025
FaceForensics++,FaceForensics++__NeuralTextures__068_028.mp4,data\raw\FaceForensics++_C23\NeuralTextures\068_028.mp4,1,NeuralTextures,c23,068_028
FaceForensics++,FaceForensics++__NeuralTextures__069_961.mp4,data\raw\FaceForensics++_C23\NeuralTextures\069_961.mp4,1,NeuralTextures,c23,069_961
FaceForensics++,FaceForensics++__NeuralTextures__071_054.mp4,data\raw\FaceForensics++_C23\NeuralTextures\071_054.mp4,1,NeuralTextures,c23,071_054
FaceForensics++,FaceForensics++__NeuralTextures__072_037.mp4,data\raw\FaceForensics++_C23\NeuralTextures\072_037.mp4,1,NeuralTextures,c23,072_037
FaceForensics++,FaceForensics++__NeuralTextures__074_825.mp4,data\raw\FaceForensics++_C23\NeuralTextures\074_825.mp4,1,NeuralTextures,c23,074_825
FaceForensics++,FaceForensics++__NeuralTextures__075_977.mp4,data\raw\FaceForensics++_C23\NeuralTextures\075_977.mp4,1,NeuralTextures,c23,075_977
FaceForensics++,FaceForensics++__NeuralTextures__076_079.mp4,data\raw\FaceForensics++_C23\NeuralTextures\076_079.mp4,1,NeuralTextures,c23,076_079
FaceForensics++,FaceForensics++__NeuralTextures__077_100.mp4,data\raw\FaceForensics++_C23\NeuralTextures\077_100.mp4,1,NeuralTextures,c23,077_100
FaceForensics++,FaceForensics++__NeuralTextures__078_955.mp4,data\raw\FaceForensics++_C23\NeuralTextures\078_955.mp4,1,NeuralTextures,c23,078_955
FaceForensics++,FaceForensics++__NeuralTextures__080_061.mp4,data\raw\FaceForensics++_C23\NeuralTextures\080_061.mp4,1,NeuralTextures,c23,080_061
FaceForensics++,FaceForensics++__NeuralTextures__081_087.mp4,data\raw\FaceForensics++_C23\NeuralTextures\081_087.mp4,1,NeuralTextures,c23,081_087
FaceForensics++,FaceForensics++__NeuralTextures__082_103.mp4,data\raw\FaceForensics++_C23\NeuralTextures\082_103.mp4,1,NeuralTextures,c23,082_103
FaceForensics++,FaceForensics++__NeuralTextures__083_213.mp4,data\raw\FaceForensics++_C23\NeuralTextures\083_213.mp4,1,NeuralTextures,c23,083_213
FaceForensics++,FaceForensics++__NeuralTextures__084_042.mp4,data\raw\FaceForensics++_C23\NeuralTextures\084_042.mp4,1,NeuralTextures,c23,084_042
FaceForensics++,FaceForensics++__NeuralTextures__085_124.mp4,data\raw\FaceForensics++_C23\NeuralTextures\085_124.mp4,1,NeuralTextures,c23,085_124
FaceForensics++,FaceForensics++__NeuralTextures__086_090.mp4,data\raw\FaceForensics++_C23\NeuralTextures\086_090.mp4,1,NeuralTextures,c23,086_090
FaceForensics++,FaceForensics++__NeuralTextures__087_081.mp4,data\raw\FaceForensics++_C23\NeuralTextures\087_081.mp4,1,NeuralTextures,c23,087_081
FaceForensics++,FaceForensics++__NeuralTextures__088_060.mp4,data\raw\FaceForensics++_C23\NeuralTextures\088_060.mp4,1,NeuralTextures,c23,088_060
FaceForensics++,FaceForensics++__NeuralTextures__090_086.mp4,data\raw\FaceForensics++_C23\NeuralTextures\090_086.mp4,1,NeuralTextures,c23,090_086
FaceForensics++,FaceForensics++__NeuralTextures__092_098.mp4,data\raw\FaceForensics++_C23\NeuralTextures\092_098.mp4,1,NeuralTextures,c23,092_098
FaceForensics++,FaceForensics++__NeuralTextures__093_121.mp4,data\raw\FaceForensics++_C23\NeuralTextures\093_121.mp4,1,NeuralTextures,c23,093_121
FaceForensics++,FaceForensics++__NeuralTextures__094_111.mp4,data\raw\FaceForensics++_C23\NeuralTextures\094_111.mp4,1,NeuralTextures,c23,094_111
FaceForensics++,FaceForensics++__NeuralTextures__095_053.mp4,data\raw\FaceForensics++_C23\NeuralTextures\095_053.mp4,1,NeuralTextures,c23,095_053
FaceForensics++,FaceForensics++__NeuralTextures__097_033.mp4,data\raw\FaceForensics++_C23\NeuralTextures\097_033.mp4,1,NeuralTextures,c23,097_033
FaceForensics++,FaceForensics++__NeuralTextures__098_092.mp4,data\raw\FaceForensics++_C23\NeuralTextures\098_092.mp4,1,NeuralTextures,c23,098_092
FaceForensics++,FaceForensics++__NeuralTextures__100_077.mp4,data\raw\FaceForensics++_C23\NeuralTextures\100_077.mp4,1,NeuralTextures,c23,100_077
FaceForensics++,FaceForensics++__NeuralTextures__101_096.mp4,data\raw\FaceForensics++_C23\NeuralTextures\101_096.mp4,1,NeuralTextures,c23,101_096
FaceForensics++,FaceForensics++__NeuralTextures__102_114.mp4,data\raw\FaceForensics++_C23\NeuralTextures\102_114.mp4,1,NeuralTextures,c23,102_114
FaceForensics++,FaceForensics++__NeuralTextures__103_082.mp4,data\raw\FaceForensics++_C23\NeuralTextures\103_082.mp4,1,NeuralTextures,c23,103_082
FaceForensics++,FaceForensics++__NeuralTextures__104_126.mp4,data\raw\FaceForensics++_C23\NeuralTextures\104_126.mp4,1,NeuralTextures,c23,104_126
FaceForensics++,FaceForensics++__NeuralTextures__105_180.mp4,data\raw\FaceForensics++_C23\NeuralTextures\105_180.mp4,1,NeuralTextures,c23,105_180
FaceForensics++,FaceForensics++__NeuralTextures__106_198.mp4,data\raw\FaceForensics++_C23\NeuralTextures\106_198.mp4,1,NeuralTextures,c23,106_198
FaceForensics++,FaceForensics++__NeuralTextures__107_109.mp4,data\raw\FaceForensics++_C23\NeuralTextures\107_109.mp4,1,NeuralTextures,c23,107_109
FaceForensics++,FaceForensics++__NeuralTextures__108_052.mp4,data\raw\FaceForensics++_C23\NeuralTextures\108_052.mp4,1,NeuralTextures,c23,108_052
FaceForensics++,FaceForensics++__NeuralTextures__109_107.mp4,data\raw\FaceForensics++_C23\NeuralTextures\109_107.mp4,1,NeuralTextures,c23,109_107
FaceForensics++,FaceForensics++__NeuralTextures__110_043.mp4,data\raw\FaceForensics++_C23\NeuralTextures\110_043.mp4,1,NeuralTextures,c23,110_043
FaceForensics++,FaceForensics++__NeuralTextures__111_094.mp4,data\raw\FaceForensics++_C23\NeuralTextures\111_094.mp4,1,NeuralTextures,c23,111_094
FaceForensics++,FaceForensics++__NeuralTextures__112_892.mp4,data\raw\FaceForensics++_C23\NeuralTextures\112_892.mp4,1,NeuralTextures,c23,112_892
FaceForensics++,FaceForensics++__NeuralTextures__113_983.mp4,data\raw\FaceForensics++_C23\NeuralTextures\113_983.mp4,1,NeuralTextures,c23,113_983
FaceForensics++,FaceForensics++__NeuralTextures__114_102.mp4,data\raw\FaceForensics++_C23\NeuralTextures\114_102.mp4,1,NeuralTextures,c23,114_102
FaceForensics++,FaceForensics++__NeuralTextures__115_939.mp4,data\raw\FaceForensics++_C23\NeuralTextures\115_939.mp4,1,NeuralTextures,c23,115_939
FaceForensics++,FaceForensics++__NeuralTextures__116_091.mp4,data\raw\FaceForensics++_C23\NeuralTextures\116_091.mp4,1,NeuralTextures,c23,116_091
FaceForensics++,FaceForensics++__NeuralTextures__117_217.mp4,data\raw\FaceForensics++_C23\NeuralTextures\117_217.mp4,1,NeuralTextures,c23,117_217
FaceForensics++,FaceForensics++__NeuralTextures__118_120.mp4,data\raw\FaceForensics++_C23\NeuralTextures\118_120.mp4,1,NeuralTextures,c23,118_120
FaceForensics++,FaceForensics++__NeuralTextures__119_123.mp4,data\raw\FaceForensics++_C23\NeuralTextures\119_123.mp4,1,NeuralTextures,c23,119_123
FaceForensics++,FaceForensics++__NeuralTextures__120_118.mp4,data\raw\FaceForensics++_C23\NeuralTextures\120_118.mp4,1,NeuralTextures,c23,120_118
FaceForensics++,FaceForensics++__NeuralTextures__121_093.mp4,data\raw\FaceForensics++_C23\NeuralTextures\121_093.mp4,1,NeuralTextures,c23,121_093
FaceForensics++,FaceForensics++__NeuralTextures__122_144.mp4,data\raw\FaceForensics++_C23\NeuralTextures\122_144.mp4,1,NeuralTextures,c23,122_144
FaceForensics++,FaceForensics++__NeuralTextures__123_119.mp4,data\raw\FaceForensics++_C23\NeuralTextures\123_119.mp4,1,NeuralTextures,c23,123_119
FaceForensics++,FaceForensics++__NeuralTextures__124_085.mp4,data\raw\FaceForensics++_C23\NeuralTextures\124_085.mp4,1,NeuralTextures,c23,124_085
FaceForensics++,FaceForensics++__NeuralTextures__126_104.mp4,data\raw\FaceForensics++_C23\NeuralTextures\126_104.mp4,1,NeuralTextures,c23,126_104
FaceForensics++,FaceForensics++__NeuralTextures__127_129.mp4,data\raw\FaceForensics++_C23\NeuralTextures\127_129.mp4,1,NeuralTextures,c23,127_129
FaceForensics++,FaceForensics++__NeuralTextures__128_896.mp4,data\raw\FaceForensics++_C23\NeuralTextures\128_896.mp4,1,NeuralTextures,c23,128_896
FaceForensics++,FaceForensics++__NeuralTextures__131_518.mp4,data\raw\FaceForensics++_C23\NeuralTextures\131_518.mp4,1,NeuralTextures,c23,131_518
FaceForensics++,FaceForensics++__NeuralTextures__132_007.mp4,data\raw\FaceForensics++_C23\NeuralTextures\132_007.mp4,1,NeuralTextures,c23,132_007
FaceForensics++,FaceForensics++__NeuralTextures__133_148.mp4,data\raw\FaceForensics++_C23\NeuralTextures\133_148.mp4,1,NeuralTextures,c23,133_148
FaceForensics++,FaceForensics++__NeuralTextures__134_192.mp4,data\raw\FaceForensics++_C23\NeuralTextures\134_192.mp4,1,NeuralTextures,c23,134_192
FaceForensics++,FaceForensics++__NeuralTextures__135_880.mp4,data\raw\FaceForensics++_C23\NeuralTextures\135_880.mp4,1,NeuralTextures,c23,135_880
FaceForensics++,FaceForensics++__NeuralTextures__136_285.mp4,data\raw\FaceForensics++_C23\NeuralTextures\136_285.mp4,1,NeuralTextures,c23,136_285
FaceForensics++,FaceForensics++__NeuralTextures__138_142.mp4,data\raw\FaceForensics++_C23\NeuralTextures\138_142.mp4,1,NeuralTextures,c23,138_142
FaceForensics++,FaceForensics++__NeuralTextures__139_130.mp4,data\raw\FaceForensics++_C23\NeuralTextures\139_130.mp4,1,NeuralTextures,c23,139_130
FaceForensics++,FaceForensics++__NeuralTextures__140_143.mp4,data\raw\FaceForensics++_C23\NeuralTextures\140_143.mp4,1,NeuralTextures,c23,140_143
FaceForensics++,FaceForensics++__NeuralTextures__142_138.mp4,data\raw\FaceForensics++_C23\NeuralTextures\142_138.mp4,1,NeuralTextures,c23,142_138
FaceForensics++,FaceForensics++__NeuralTextures__143_140.mp4,data\raw\FaceForensics++_C23\NeuralTextures\143_140.mp4,1,NeuralTextures,c23,143_140
FaceForensics++,FaceForensics++__NeuralTextures__144_122.mp4,data\raw\FaceForensics++_C23\NeuralTextures\144_122.mp4,1,NeuralTextures,c23,144_122
FaceForensics++,FaceForensics++__NeuralTextures__145_299.mp4,data\raw\FaceForensics++_C23\NeuralTextures\145_299.mp4,1,NeuralTextures,c23,145_299
FaceForensics++,FaceForensics++__NeuralTextures__146_256.mp4,data\raw\FaceForensics++_C23\NeuralTextures\146_256.mp4,1,NeuralTextures,c23,146_256
FaceForensics++,FaceForensics++__NeuralTextures__147_055.mp4,data\raw\FaceForensics++_C23\NeuralTextures\147_055.mp4,1,NeuralTextures,c23,147_055
FaceForensics++,FaceForensics++__NeuralTextures__148_133.mp4,data\raw\FaceForensics++_C23\NeuralTextures\148_133.mp4,1,NeuralTextures,c23,148_133
FaceForensics++,FaceForensics++__NeuralTextures__150_153.mp4,data\raw\FaceForensics++_C23\NeuralTextures\150_153.mp4,1,NeuralTextures,c23,150_153
FaceForensics++,FaceForensics++__NeuralTextures__151_225.mp4,data\raw\FaceForensics++_C23\NeuralTextures\151_225.mp4,1,NeuralTextures,c23,151_225
FaceForensics++,FaceForensics++__NeuralTextures__155_576.mp4,data\raw\FaceForensics++_C23\NeuralTextures\155_576.mp4,1,NeuralTextures,c23,155_576
FaceForensics++,FaceForensics++__NeuralTextures__157_245.mp4,data\raw\FaceForensics++_C23\NeuralTextures\157_245.mp4,1,NeuralTextures,c23,157_245
FaceForensics++,FaceForensics++__NeuralTextures__158_379.mp4,data\raw\FaceForensics++_C23\NeuralTextures\158_379.mp4,1,NeuralTextures,c23,158_379
FaceForensics++,FaceForensics++__NeuralTextures__159_175.mp4,data\raw\FaceForensics++_C23\NeuralTextures\159_175.mp4,1,NeuralTextures,c23,159_175
FaceForensics++,FaceForensics++__NeuralTextures__160_928.mp4,data\raw\FaceForensics++_C23\NeuralTextures\160_928.mp4,1,NeuralTextures,c23,160_928
FaceForensics++,FaceForensics++__NeuralTextures__161_141.mp4,data\raw\FaceForensics++_C23\NeuralTextures\161_141.mp4,1,NeuralTextures,c23,161_141
FaceForensics++,FaceForensics++__NeuralTextures__162_330.mp4,data\raw\FaceForensics++_C23\NeuralTextures\162_330.mp4,1,NeuralTextures,c23,162_330
FaceForensics++,FaceForensics++__NeuralTextures__163_031.mp4,data\raw\FaceForensics++_C23\NeuralTextures\163_031.mp4,1,NeuralTextures,c23,163_031
FaceForensics++,FaceForensics++__NeuralTextures__164_216.mp4,data\raw\FaceForensics++_C23\NeuralTextures\164_216.mp4,1,NeuralTextures,c23,164_216
FaceForensics++,FaceForensics++__NeuralTextures__166_167.mp4,data\raw\FaceForensics++_C23\NeuralTextures\166_167.mp4,1,NeuralTextures,c23,166_167
FaceForensics++,FaceForensics++__NeuralTextures__167_166.mp4,data\raw\FaceForensics++_C23\NeuralTextures\167_166.mp4,1,NeuralTextures,c23,167_166
FaceForensics++,FaceForensics++__NeuralTextures__168_222.mp4,data\raw\FaceForensics++_C23\NeuralTextures\168_222.mp4,1,NeuralTextures,c23,168_222
FaceForensics++,FaceForensics++__NeuralTextures__169_227.mp4,data\raw\FaceForensics++_C23\NeuralTextures\169_227.mp4,1,NeuralTextures,c23,169_227
FaceForensics++,FaceForensics++__NeuralTextures__170_186.mp4,data\raw\FaceForensics++_C23\NeuralTextures\170_186.mp4,1,NeuralTextures,c23,170_186
FaceForensics++,FaceForensics++__NeuralTextures__172_582.mp4,data\raw\FaceForensics++_C23\NeuralTextures\172_582.mp4,1,NeuralTextures,c23,172_582
FaceForensics++,FaceForensics++__NeuralTextures__173_171.mp4,data\raw\FaceForensics++_C23\NeuralTextures\173_171.mp4,1,NeuralTextures,c23,173_171
FaceForensics++,FaceForensics++__NeuralTextures__175_159.mp4,data\raw\FaceForensics++_C23\NeuralTextures\175_159.mp4,1,NeuralTextures,c23,175_159
FaceForensics++,FaceForensics++__NeuralTextures__176_190.mp4,data\raw\FaceForensics++_C23\NeuralTextures\176_190.mp4,1,NeuralTextures,c23,176_190
FaceForensics++,FaceForensics++__NeuralTextures__178_598.mp4,data\raw\FaceForensics++_C23\NeuralTextures\178_598.mp4,1,NeuralTextures,c23,178_598
FaceForensics++,FaceForensics++__NeuralTextures__179_212.mp4,data\raw\FaceForensics++_C23\NeuralTextures\179_212.mp4,1,NeuralTextures,c23,179_212
FaceForensics++,FaceForensics++__NeuralTextures__180_105.mp4,data\raw\FaceForensics++_C23\NeuralTextures\180_105.mp4,1,NeuralTextures,c23,180_105
FaceForensics++,FaceForensics++__NeuralTextures__184_205.mp4,data\raw\FaceForensics++_C23\NeuralTextures\184_205.mp4,1,NeuralTextures,c23,184_205
FaceForensics++,FaceForensics++__NeuralTextures__189_200.mp4,data\raw\FaceForensics++_C23\NeuralTextures\189_200.mp4,1,NeuralTextures,c23,189_200
FaceForensics++,FaceForensics++__NeuralTextures__191_188.mp4,data\raw\FaceForensics++_C23\NeuralTextures\191_188.mp4,1,NeuralTextures,c23,191_188
FaceForensics++,FaceForensics++__NeuralTextures__194_235.mp4,data\raw\FaceForensics++_C23\NeuralTextures\194_235.mp4,1,NeuralTextures,c23,194_235
FaceForensics++,FaceForensics++__NeuralTextures__195_442.mp4,data\raw\FaceForensics++_C23\NeuralTextures\195_442.mp4,1,NeuralTextures,c23,195_442
FaceForensics++,FaceForensics++__NeuralTextures__198_106.mp4,data\raw\FaceForensics++_C23\NeuralTextures\198_106.mp4,1,NeuralTextures,c23,198_106
FaceForensics++,FaceForensics++__NeuralTextures__199_181.mp4,data\raw\FaceForensics++_C23\NeuralTextures\199_181.mp4,1,NeuralTextures,c23,199_181
FaceForensics++,FaceForensics++__NeuralTextures__200_189.mp4,data\raw\FaceForensics++_C23\NeuralTextures\200_189.mp4,1,NeuralTextures,c23,200_189
FaceForensics++,FaceForensics++__NeuralTextures__201_203.mp4,data\raw\FaceForensics++_C23\NeuralTextures\201_203.mp4,1,NeuralTextures,c23,201_203
FaceForensics++,FaceForensics++__NeuralTextures__202_348.mp4,data\raw\FaceForensics++_C23\NeuralTextures\202_348.mp4,1,NeuralTextures,c23,202_348
FaceForensics++,FaceForensics++__NeuralTextures__205_184.mp4,data\raw\FaceForensics++_C23\NeuralTextures\205_184.mp4,1,NeuralTextures,c23,205_184
FaceForensics++,FaceForensics++__NeuralTextures__206_221.mp4,data\raw\FaceForensics++_C23\NeuralTextures\206_221.mp4,1,NeuralTextures,c23,206_221
FaceForensics++,FaceForensics++__NeuralTextures__207_908.mp4,data\raw\FaceForensics++_C23\NeuralTextures\207_908.mp4,1,NeuralTextures,c23,207_908
FaceForensics++,FaceForensics++__NeuralTextures__208_215.mp4,data\raw\FaceForensics++_C23\NeuralTextures\208_215.mp4,1,NeuralTextures,c23,208_215
FaceForensics++,FaceForensics++__NeuralTextures__209_016.mp4,data\raw\FaceForensics++_C23\NeuralTextures\209_016.mp4,1,NeuralTextures,c23,209_016
FaceForensics++,FaceForensics++__NeuralTextures__210_241.mp4,data\raw\FaceForensics++_C23\NeuralTextures\210_241.mp4,1,NeuralTextures,c23,210_241
FaceForensics++,FaceForensics++__NeuralTextures__211_177.mp4,data\raw\FaceForensics++_C23\NeuralTextures\211_177.mp4,1,NeuralTextures,c23,211_177
FaceForensics++,FaceForensics++__NeuralTextures__212_179.mp4,data\raw\FaceForensics++_C23\NeuralTextures\212_179.mp4,1,NeuralTextures,c23,212_179
FaceForensics++,FaceForensics++__NeuralTextures__213_083.mp4,data\raw\FaceForensics++_C23\NeuralTextures\213_083.mp4,1,NeuralTextures,c23,213_083
FaceForensics++,FaceForensics++__NeuralTextures__214_255.mp4,data\raw\FaceForensics++_C23\NeuralTextures\214_255.mp4,1,NeuralTextures,c23,214_255
FaceForensics++,FaceForensics++__NeuralTextures__215_208.mp4,data\raw\FaceForensics++_C23\NeuralTextures\215_208.mp4,1,NeuralTextures,c23,215_208
FaceForensics++,FaceForensics++__NeuralTextures__217_117.mp4,data\raw\FaceForensics++_C23\NeuralTextures\217_117.mp4,1,NeuralTextures,c23,217_117
FaceForensics++,FaceForensics++__NeuralTextures__219_220.mp4,data\raw\FaceForensics++_C23\NeuralTextures\219_220.mp4,1,NeuralTextures,c23,219_220
FaceForensics++,FaceForensics++__NeuralTextures__220_219.mp4,data\raw\FaceForensics++_C23\NeuralTextures\220_219.mp4,1,NeuralTextures,c23,220_219
FaceForensics++,FaceForensics++__NeuralTextures__221_206.mp4,data\raw\FaceForensics++_C23\NeuralTextures\221_206.mp4,1,NeuralTextures,c23,221_206
FaceForensics++,FaceForensics++__NeuralTextures__222_168.mp4,data\raw\FaceForensics++_C23\NeuralTextures\222_168.mp4,1,NeuralTextures,c23,222_168
FaceForensics++,FaceForensics++__NeuralTextures__223_586.mp4,data\raw\FaceForensics++_C23\NeuralTextures\223_586.mp4,1,NeuralTextures,c23,223_586
FaceForensics++,FaceForensics++__NeuralTextures__225_151.mp4,data\raw\FaceForensics++_C23\NeuralTextures\225_151.mp4,1,NeuralTextures,c23,225_151
FaceForensics++,FaceForensics++__NeuralTextures__226_491.mp4,data\raw\FaceForensics++_C23\NeuralTextures\226_491.mp4,1,NeuralTextures,c23,226_491
FaceForensics++,FaceForensics++__NeuralTextures__227_169.mp4,data\raw\FaceForensics++_C23\NeuralTextures\227_169.mp4,1,NeuralTextures,c23,227_169
FaceForensics++,FaceForensics++__NeuralTextures__228_289.mp4,data\raw\FaceForensics++_C23\NeuralTextures\228_289.mp4,1,NeuralTextures,c23,228_289
FaceForensics++,FaceForensics++__NeuralTextures__229_247.mp4,data\raw\FaceForensics++_C23\NeuralTextures\229_247.mp4,1,NeuralTextures,c23,229_247
FaceForensics++,FaceForensics++__NeuralTextures__230_204.mp4,data\raw\FaceForensics++_C23\NeuralTextures\230_204.mp4,1,NeuralTextures,c23,230_204
FaceForensics++,FaceForensics++__NeuralTextures__231_663.mp4,data\raw\FaceForensics++_C23\NeuralTextures\231_663.mp4,1,NeuralTextures,c23,231_663
FaceForensics++,FaceForensics++__NeuralTextures__232_248.mp4,data\raw\FaceForensics++_C23\NeuralTextures\232_248.mp4,1,NeuralTextures,c23,232_248
FaceForensics++,FaceForensics++__NeuralTextures__233_995.mp4,data\raw\FaceForensics++_C23\NeuralTextures\233_995.mp4,1,NeuralTextures,c23,233_995
FaceForensics++,FaceForensics++__NeuralTextures__235_194.mp4,data\raw\FaceForensics++_C23\NeuralTextures\235_194.mp4,1,NeuralTextures,c23,235_194
FaceForensics++,FaceForensics++__NeuralTextures__236_237.mp4,data\raw\FaceForensics++_C23\NeuralTextures\236_237.mp4,1,NeuralTextures,c23,236_237
FaceForensics++,FaceForensics++__NeuralTextures__237_236.mp4,data\raw\FaceForensics++_C23\NeuralTextures\237_236.mp4,1,NeuralTextures,c23,237_236
FaceForensics++,FaceForensics++__NeuralTextures__238_282.mp4,data\raw\FaceForensics++_C23\NeuralTextures\238_282.mp4,1,NeuralTextures,c23,238_282
FaceForensics++,FaceForensics++__NeuralTextures__240_290.mp4,data\raw\FaceForensics++_C23\NeuralTextures\240_290.mp4,1,NeuralTextures,c23,240_290
FaceForensics++,FaceForensics++__NeuralTextures__241_210.mp4,data\raw\FaceForensics++_C23\NeuralTextures\241_210.mp4,1,NeuralTextures,c23,241_210
FaceForensics++,FaceForensics++__NeuralTextures__242_182.mp4,data\raw\FaceForensics++_C23\NeuralTextures\242_182.mp4,1,NeuralTextures,c23,242_182
FaceForensics++,FaceForensics++__NeuralTextures__243_156.mp4,data\raw\FaceForensics++_C23\NeuralTextures\243_156.mp4,1,NeuralTextures,c23,243_156
FaceForensics++,FaceForensics++__NeuralTextures__244_822.mp4,data\raw\FaceForensics++_C23\NeuralTextures\244_822.mp4,1,NeuralTextures,c23,244_822
FaceForensics++,FaceForensics++__NeuralTextures__245_157.mp4,data\raw\FaceForensics++_C23\NeuralTextures\245_157.mp4,1,NeuralTextures,c23,245_157
FaceForensics++,FaceForensics++__NeuralTextures__246_258.mp4,data\raw\FaceForensics++_C23\NeuralTextures\246_258.mp4,1,NeuralTextures,c23,246_258
FaceForensics++,FaceForensics++__NeuralTextures__247_229.mp4,data\raw\FaceForensics++_C23\NeuralTextures\247_229.mp4,1,NeuralTextures,c23,247_229
FaceForensics++,FaceForensics++__NeuralTextures__249_280.mp4,data\raw\FaceForensics++_C23\NeuralTextures\249_280.mp4,1,NeuralTextures,c23,249_280
FaceForensics++,FaceForensics++__NeuralTextures__250_461.mp4,data\raw\FaceForensics++_C23\NeuralTextures\250_461.mp4,1,NeuralTextures,c23,250_461
FaceForensics++,FaceForensics++__NeuralTextures__251_375.mp4,data\raw\FaceForensics++_C23\NeuralTextures\251_375.mp4,1,NeuralTextures,c23,251_375
FaceForensics++,FaceForensics++__NeuralTextures__252_266.mp4,data\raw\FaceForensics++_C23\NeuralTextures\252_266.mp4,1,NeuralTextures,c23,252_266
FaceForensics++,FaceForensics++__NeuralTextures__253_183.mp4,data\raw\FaceForensics++_C23\NeuralTextures\253_183.mp4,1,NeuralTextures,c23,253_183
FaceForensics++,FaceForensics++__NeuralTextures__255_214.mp4,data\raw\FaceForensics++_C23\NeuralTextures\255_214.mp4,1,NeuralTextures,c23,255_214
FaceForensics++,FaceForensics++__NeuralTextures__257_420.mp4,data\raw\FaceForensics++_C23\NeuralTextures\257_420.mp4,1,NeuralTextures,c23,257_420
FaceForensics++,FaceForensics++__NeuralTextures__258_246.mp4,data\raw\FaceForensics++_C23\NeuralTextures\258_246.mp4,1,NeuralTextures,c23,258_246
FaceForensics++,FaceForensics++__NeuralTextures__259_345.mp4,data\raw\FaceForensics++_C23\NeuralTextures\259_345.mp4,1,NeuralTextures,c23,259_345
FaceForensics++,FaceForensics++__NeuralTextures__260_331.mp4,data\raw\FaceForensics++_C23\NeuralTextures\260_331.mp4,1,NeuralTextures,c23,260_331
FaceForensics++,FaceForensics++__NeuralTextures__261_254.mp4,data\raw\FaceForensics++_C23\NeuralTextures\261_254.mp4,1,NeuralTextures,c23,261_254
FaceForensics++,FaceForensics++__NeuralTextures__262_301.mp4,data\raw\FaceForensics++_C23\NeuralTextures\262_301.mp4,1,NeuralTextures,c23,262_301
FaceForensics++,FaceForensics++__NeuralTextures__263_284.mp4,data\raw\FaceForensics++_C23\NeuralTextures\263_284.mp4,1,NeuralTextures,c23,263_284
FaceForensics++,FaceForensics++__NeuralTextures__264_271.mp4,data\raw\FaceForensics++_C23\NeuralTextures\264_271.mp4,1,NeuralTextures,c23,264_271
FaceForensics++,FaceForensics++__NeuralTextures__265_475.mp4,data\raw\FaceForensics++_C23\NeuralTextures\265_475.mp4,1,NeuralTextures,c23,265_475
FaceForensics++,FaceForensics++__NeuralTextures__266_252.mp4,data\raw\FaceForensics++_C23\NeuralTextures\266_252.mp4,1,NeuralTextures,c23,266_252
FaceForensics++,FaceForensics++__NeuralTextures__267_286.mp4,data\raw\FaceForensics++_C23\NeuralTextures\267_286.mp4,1,NeuralTextures,c23,267_286
FaceForensics++,FaceForensics++__NeuralTextures__268_269.mp4,data\raw\FaceForensics++_C23\NeuralTextures\268_269.mp4,1,NeuralTextures,c23,268_269
FaceForensics++,FaceForensics++__NeuralTextures__270_297.mp4,data\raw\FaceForensics++_C23\NeuralTextures\270_297.mp4,1,NeuralTextures,c23,270_297
FaceForensics++,FaceForensics++__NeuralTextures__271_264.mp4,data\raw\FaceForensics++_C23\NeuralTextures\271_264.mp4,1,NeuralTextures,c23,271_264
FaceForensics++,FaceForensics++__NeuralTextures__272_396.mp4,data\raw\FaceForensics++_C23\NeuralTextures\272_396.mp4,1,NeuralTextures,c23,272_396
FaceForensics++,FaceForensics++__NeuralTextures__273_807.mp4,data\raw\FaceForensics++_C23\NeuralTextures\273_807.mp4,1,NeuralTextures,c23,273_807
FaceForensics++,FaceForensics++__NeuralTextures__274_412.mp4,data\raw\FaceForensics++_C23\NeuralTextures\274_412.mp4,1,NeuralTextures,c23,274_412
FaceForensics++,FaceForensics++__NeuralTextures__275_887.mp4,data\raw\FaceForensics++_C23\NeuralTextures\275_887.mp4,1,NeuralTextures,c23,275_887
FaceForensics++,FaceForensics++__NeuralTextures__276_185.mp4,data\raw\FaceForensics++_C23\NeuralTextures\276_185.mp4,1,NeuralTextures,c23,276_185
FaceForensics++,FaceForensics++__NeuralTextures__278_306.mp4,data\raw\FaceForensics++_C23\NeuralTextures\278_306.mp4,1,NeuralTextures,c23,278_306
FaceForensics++,FaceForensics++__NeuralTextures__279_298.mp4,data\raw\FaceForensics++_C23\NeuralTextures\279_298.mp4,1,NeuralTextures,c23,279_298
FaceForensics++,FaceForensics++__NeuralTextures__280_249.mp4,data\raw\FaceForensics++_C23\NeuralTextures\280_249.mp4,1,NeuralTextures,c23,280_249
FaceForensics++,FaceForensics++__NeuralTextures__281_474.mp4,data\raw\FaceForensics++_C23\NeuralTextures\281_474.mp4,1,NeuralTextures,c23,281_474
FaceForensics++,FaceForensics++__NeuralTextures__282_238.mp4,data\raw\FaceForensics++_C23\NeuralTextures\282_238.mp4,1,NeuralTextures,c23,282_238
FaceForensics++,FaceForensics++__NeuralTextures__283_313.mp4,data\raw\FaceForensics++_C23\NeuralTextures\283_313.mp4,1,NeuralTextures,c23,283_313
FaceForensics++,FaceForensics++__NeuralTextures__284_263.mp4,data\raw\FaceForensics++_C23\NeuralTextures\284_263.mp4,1,NeuralTextures,c23,284_263
FaceForensics++,FaceForensics++__NeuralTextures__285_136.mp4,data\raw\FaceForensics++_C23\NeuralTextures\285_136.mp4,1,NeuralTextures,c23,285_136
FaceForensics++,FaceForensics++__NeuralTextures__286_267.mp4,data\raw\FaceForensics++_C23\NeuralTextures\286_267.mp4,1,NeuralTextures,c23,286_267
FaceForensics++,FaceForensics++__NeuralTextures__287_426.mp4,data\raw\FaceForensics++_C23\NeuralTextures\287_426.mp4,1,NeuralTextures,c23,287_426
FaceForensics++,FaceForensics++__NeuralTextures__289_228.mp4,data\raw\FaceForensics++_C23\NeuralTextures\289_228.mp4,1,NeuralTextures,c23,289_228
FaceForensics++,FaceForensics++__NeuralTextures__290_240.mp4,data\raw\FaceForensics++_C23\NeuralTextures\290_240.mp4,1,NeuralTextures,c23,290_240
FaceForensics++,FaceForensics++__NeuralTextures__291_874.mp4,data\raw\FaceForensics++_C23\NeuralTextures\291_874.mp4,1,NeuralTextures,c23,291_874
FaceForensics++,FaceForensics++__NeuralTextures__292_294.mp4,data\raw\FaceForensics++_C23\NeuralTextures\292_294.mp4,1,NeuralTextures,c23,292_294
FaceForensics++,FaceForensics++__NeuralTextures__293_296.mp4,data\raw\FaceForensics++_C23\NeuralTextures\293_296.mp4,1,NeuralTextures,c23,293_296
FaceForensics++,FaceForensics++__NeuralTextures__294_292.mp4,data\raw\FaceForensics++_C23\NeuralTextures\294_292.mp4,1,NeuralTextures,c23,294_292
FaceForensics++,FaceForensics++__NeuralTextures__295_099.mp4,data\raw\FaceForensics++_C23\NeuralTextures\295_099.mp4,1,NeuralTextures,c23,295_099
FaceForensics++,FaceForensics++__NeuralTextures__296_293.mp4,data\raw\FaceForensics++_C23\NeuralTextures\296_293.mp4,1,NeuralTextures,c23,296_293
FaceForensics++,FaceForensics++__NeuralTextures__297_270.mp4,data\raw\FaceForensics++_C23\NeuralTextures\297_270.mp4,1,NeuralTextures,c23,297_270
FaceForensics++,FaceForensics++__NeuralTextures__298_279.mp4,data\raw\FaceForensics++_C23\NeuralTextures\298_279.mp4,1,NeuralTextures,c23,298_279
FaceForensics++,FaceForensics++__NeuralTextures__300_304.mp4,data\raw\FaceForensics++_C23\NeuralTextures\300_304.mp4,1,NeuralTextures,c23,300_304
FaceForensics++,FaceForensics++__NeuralTextures__301_262.mp4,data\raw\FaceForensics++_C23\NeuralTextures\301_262.mp4,1,NeuralTextures,c23,301_262
FaceForensics++,FaceForensics++__NeuralTextures__302_323.mp4,data\raw\FaceForensics++_C23\NeuralTextures\302_323.mp4,1,NeuralTextures,c23,302_323
FaceForensics++,FaceForensics++__NeuralTextures__303_309.mp4,data\raw\FaceForensics++_C23\NeuralTextures\303_309.mp4,1,NeuralTextures,c23,303_309
FaceForensics++,FaceForensics++__NeuralTextures__304_300.mp4,data\raw\FaceForensics++_C23\NeuralTextures\304_300.mp4,1,NeuralTextures,c23,304_300
FaceForensics++,FaceForensics++__NeuralTextures__305_513.mp4,data\raw\FaceForensics++_C23\NeuralTextures\305_513.mp4,1,NeuralTextures,c23,305_513
FaceForensics++,FaceForensics++__NeuralTextures__306_278.mp4,data\raw\FaceForensics++_C23\NeuralTextures\306_278.mp4,1,NeuralTextures,c23,306_278
FaceForensics++,FaceForensics++__NeuralTextures__307_365.mp4,data\raw\FaceForensics++_C23\NeuralTextures\307_365.mp4,1,NeuralTextures,c23,307_365
FaceForensics++,FaceForensics++__NeuralTextures__308_388.mp4,data\raw\FaceForensics++_C23\NeuralTextures\308_388.mp4,1,NeuralTextures,c23,308_388
FaceForensics++,FaceForensics++__NeuralTextures__309_303.mp4,data\raw\FaceForensics++_C23\NeuralTextures\309_303.mp4,1,NeuralTextures,c23,309_303
FaceForensics++,FaceForensics++__NeuralTextures__311_387.mp4,data\raw\FaceForensics++_C23\NeuralTextures\311_387.mp4,1,NeuralTextures,c23,311_387
FaceForensics++,FaceForensics++__NeuralTextures__312_021.mp4,data\raw\FaceForensics++_C23\NeuralTextures\312_021.mp4,1,NeuralTextures,c23,312_021
FaceForensics++,FaceForensics++__NeuralTextures__313_283.mp4,data\raw\FaceForensics++_C23\NeuralTextures\313_283.mp4,1,NeuralTextures,c23,313_283
FaceForensics++,FaceForensics++__NeuralTextures__314_347.mp4,data\raw\FaceForensics++_C23\NeuralTextures\314_347.mp4,1,NeuralTextures,c23,314_347
FaceForensics++,FaceForensics++__NeuralTextures__315_322.mp4,data\raw\FaceForensics++_C23\NeuralTextures\315_322.mp4,1,NeuralTextures,c23,315_322
FaceForensics++,FaceForensics++__NeuralTextures__316_369.mp4,data\raw\FaceForensics++_C23\NeuralTextures\316_369.mp4,1,NeuralTextures,c23,316_369
FaceForensics++,FaceForensics++__NeuralTextures__319_352.mp4,data\raw\FaceForensics++_C23\NeuralTextures\319_352.mp4,1,NeuralTextures,c23,319_352
FaceForensics++,FaceForensics++__NeuralTextures__320_328.mp4,data\raw\FaceForensics++_C23\NeuralTextures\320_328.mp4,1,NeuralTextures,c23,320_328
FaceForensics++,FaceForensics++__NeuralTextures__322_315.mp4,data\raw\FaceForensics++_C23\NeuralTextures\322_315.mp4,1,NeuralTextures,c23,322_315
FaceForensics++,FaceForensics++__NeuralTextures__323_302.mp4,data\raw\FaceForensics++_C23\NeuralTextures\323_302.mp4,1,NeuralTextures,c23,323_302
FaceForensics++,FaceForensics++__NeuralTextures__325_492.mp4,data\raw\FaceForensics++_C23\NeuralTextures\325_492.mp4,1,NeuralTextures,c23,325_492
FaceForensics++,FaceForensics++__NeuralTextures__327_329.mp4,data\raw\FaceForensics++_C23\NeuralTextures\327_329.mp4,1,NeuralTextures,c23,327_329
FaceForensics++,FaceForensics++__NeuralTextures__328_320.mp4,data\raw\FaceForensics++_C23\NeuralTextures\328_320.mp4,1,NeuralTextures,c23,328_320
FaceForensics++,FaceForensics++__NeuralTextures__329_327.mp4,data\raw\FaceForensics++_C23\NeuralTextures\329_327.mp4,1,NeuralTextures,c23,329_327
FaceForensics++,FaceForensics++__NeuralTextures__330_162.mp4,data\raw\FaceForensics++_C23\NeuralTextures\330_162.mp4,1,NeuralTextures,c23,330_162
FaceForensics++,FaceForensics++__NeuralTextures__332_051.mp4,data\raw\FaceForensics++_C23\NeuralTextures\332_051.mp4,1,NeuralTextures,c23,332_051
FaceForensics++,FaceForensics++__NeuralTextures__334_318.mp4,data\raw\FaceForensics++_C23\NeuralTextures\334_318.mp4,1,NeuralTextures,c23,334_318
FaceForensics++,FaceForensics++__NeuralTextures__335_277.mp4,data\raw\FaceForensics++_C23\NeuralTextures\335_277.mp4,1,NeuralTextures,c23,335_277
FaceForensics++,FaceForensics++__NeuralTextures__336_338.mp4,data\raw\FaceForensics++_C23\NeuralTextures\336_338.mp4,1,NeuralTextures,c23,336_338
FaceForensics++,FaceForensics++__NeuralTextures__337_522.mp4,data\raw\FaceForensics++_C23\NeuralTextures\337_522.mp4,1,NeuralTextures,c23,337_522
FaceForensics++,FaceForensics++__NeuralTextures__338_336.mp4,data\raw\FaceForensics++_C23\NeuralTextures\338_336.mp4,1,NeuralTextures,c23,338_336
FaceForensics++,FaceForensics++__NeuralTextures__339_392.mp4,data\raw\FaceForensics++_C23\NeuralTextures\339_392.mp4,1,NeuralTextures,c23,339_392
FaceForensics++,FaceForensics++__NeuralTextures__340_341.mp4,data\raw\FaceForensics++_C23\NeuralTextures\340_341.mp4,1,NeuralTextures,c23,340_341
FaceForensics++,FaceForensics++__NeuralTextures__342_416.mp4,data\raw\FaceForensics++_C23\NeuralTextures\342_416.mp4,1,NeuralTextures,c23,342_416
FaceForensics++,FaceForensics++__NeuralTextures__343_363.mp4,data\raw\FaceForensics++_C23\NeuralTextures\343_363.mp4,1,NeuralTextures,c23,343_363
FaceForensics++,FaceForensics++__NeuralTextures__344_020.mp4,data\raw\FaceForensics++_C23\NeuralTextures\344_020.mp4,1,NeuralTextures,c23,344_020
FaceForensics++,FaceForensics++__NeuralTextures__345_259.mp4,data\raw\FaceForensics++_C23\NeuralTextures\345_259.mp4,1,NeuralTextures,c23,345_259
FaceForensics++,FaceForensics++__NeuralTextures__346_351.mp4,data\raw\FaceForensics++_C23\NeuralTextures\346_351.mp4,1,NeuralTextures,c23,346_351
FaceForensics++,FaceForensics++__NeuralTextures__347_314.mp4,data\raw\FaceForensics++_C23\NeuralTextures\347_314.mp4,1,NeuralTextures,c23,347_314
FaceForensics++,FaceForensics++__NeuralTextures__349_350.mp4,data\raw\FaceForensics++_C23\NeuralTextures\349_350.mp4,1,NeuralTextures,c23,349_350
FaceForensics++,FaceForensics++__NeuralTextures__350_349.mp4,data\raw\FaceForensics++_C23\NeuralTextures\350_349.mp4,1,NeuralTextures,c23,350_349
FaceForensics++,FaceForensics++__NeuralTextures__351_346.mp4,data\raw\FaceForensics++_C23\NeuralTextures\351_346.mp4,1,NeuralTextures,c23,351_346
FaceForensics++,FaceForensics++__NeuralTextures__352_319.mp4,data\raw\FaceForensics++_C23\NeuralTextures\352_319.mp4,1,NeuralTextures,c23,352_319
FaceForensics++,FaceForensics++__NeuralTextures__353_383.mp4,data\raw\FaceForensics++_C23\NeuralTextures\353_383.mp4,1,NeuralTextures,c23,353_383
FaceForensics++,FaceForensics++__NeuralTextures__354_362.mp4,data\raw\FaceForensics++_C23\NeuralTextures\354_362.mp4,1,NeuralTextures,c23,354_362
FaceForensics++,FaceForensics++__NeuralTextures__355_748.mp4,data\raw\FaceForensics++_C23\NeuralTextures\355_748.mp4,1,NeuralTextures,c23,355_748
FaceForensics++,FaceForensics++__NeuralTextures__356_324.mp4,data\raw\FaceForensics++_C23\NeuralTextures\356_324.mp4,1,NeuralTextures,c23,356_324
FaceForensics++,FaceForensics++__NeuralTextures__357_432.mp4,data\raw\FaceForensics++_C23\NeuralTextures\357_432.mp4,1,NeuralTextures,c23,357_432
FaceForensics++,FaceForensics++__NeuralTextures__359_317.mp4,data\raw\FaceForensics++_C23\NeuralTextures\359_317.mp4,1,NeuralTextures,c23,359_317
FaceForensics++,FaceForensics++__NeuralTextures__360_437.mp4,data\raw\FaceForensics++_C23\NeuralTextures\360_437.mp4,1,NeuralTextures,c23,360_437
FaceForensics++,FaceForensics++__NeuralTextures__361_448.mp4,data\raw\FaceForensics++_C23\NeuralTextures\361_448.mp4,1,NeuralTextures,c23,361_448
FaceForensics++,FaceForensics++__NeuralTextures__362_354.mp4,data\raw\FaceForensics++_C23\NeuralTextures\362_354.mp4,1,NeuralTextures,c23,362_354
FaceForensics++,FaceForensics++__NeuralTextures__363_343.mp4,data\raw\FaceForensics++_C23\NeuralTextures\363_343.mp4,1,NeuralTextures,c23,363_343
FaceForensics++,FaceForensics++__NeuralTextures__367_371.mp4,data\raw\FaceForensics++_C23\NeuralTextures\367_371.mp4,1,NeuralTextures,c23,367_371
FaceForensics++,FaceForensics++__NeuralTextures__368_378.mp4,data\raw\FaceForensics++_C23\NeuralTextures\368_378.mp4,1,NeuralTextures,c23,368_378
FaceForensics++,FaceForensics++__NeuralTextures__369_316.mp4,data\raw\FaceForensics++_C23\NeuralTextures\369_316.mp4,1,NeuralTextures,c23,369_316
FaceForensics++,FaceForensics++__NeuralTextures__371_367.mp4,data\raw\FaceForensics++_C23\NeuralTextures\371_367.mp4,1,NeuralTextures,c23,371_367
FaceForensics++,FaceForensics++__NeuralTextures__372_413.mp4,data\raw\FaceForensics++_C23\NeuralTextures\372_413.mp4,1,NeuralTextures,c23,372_413
FaceForensics++,FaceForensics++__NeuralTextures__374_407.mp4,data\raw\FaceForensics++_C23\NeuralTextures\374_407.mp4,1,NeuralTextures,c23,374_407
FaceForensics++,FaceForensics++__NeuralTextures__376_381.mp4,data\raw\FaceForensics++_C23\NeuralTextures\376_381.mp4,1,NeuralTextures,c23,376_381
FaceForensics++,FaceForensics++__NeuralTextures__377_333.mp4,data\raw\FaceForensics++_C23\NeuralTextures\377_333.mp4,1,NeuralTextures,c23,377_333
FaceForensics++,FaceForensics++__NeuralTextures__378_368.mp4,data\raw\FaceForensics++_C23\NeuralTextures\378_368.mp4,1,NeuralTextures,c23,378_368
FaceForensics++,FaceForensics++__NeuralTextures__379_158.mp4,data\raw\FaceForensics++_C23\NeuralTextures\379_158.mp4,1,NeuralTextures,c23,379_158
FaceForensics++,FaceForensics++__NeuralTextures__380_358.mp4,data\raw\FaceForensics++_C23\NeuralTextures\380_358.mp4,1,NeuralTextures,c23,380_358
FaceForensics++,FaceForensics++__NeuralTextures__381_376.mp4,data\raw\FaceForensics++_C23\NeuralTextures\381_376.mp4,1,NeuralTextures,c23,381_376
FaceForensics++,FaceForensics++__NeuralTextures__383_353.mp4,data\raw\FaceForensics++_C23\NeuralTextures\383_353.mp4,1,NeuralTextures,c23,383_353
FaceForensics++,FaceForensics++__NeuralTextures__384_932.mp4,data\raw\FaceForensics++_C23\NeuralTextures\384_932.mp4,1,NeuralTextures,c23,384_932
FaceForensics++,FaceForensics++__NeuralTextures__385_414.mp4,data\raw\FaceForensics++_C23\NeuralTextures\385_414.mp4,1,NeuralTextures,c23,385_414
FaceForensics++,FaceForensics++__NeuralTextures__386_154.mp4,data\raw\FaceForensics++_C23\NeuralTextures\386_154.mp4,1,NeuralTextures,c23,386_154
FaceForensics++,FaceForensics++__NeuralTextures__387_311.mp4,data\raw\FaceForensics++_C23\NeuralTextures\387_311.mp4,1,NeuralTextures,c23,387_311
FaceForensics++,FaceForensics++__NeuralTextures__388_308.mp4,data\raw\FaceForensics++_C23\NeuralTextures\388_308.mp4,1,NeuralTextures,c23,388_308
FaceForensics++,FaceForensics++__NeuralTextures__390_709.mp4,data\raw\FaceForensics++_C23\NeuralTextures\390_709.mp4,1,NeuralTextures,c23,390_709
FaceForensics++,FaceForensics++__NeuralTextures__391_406.mp4,data\raw\FaceForensics++_C23\NeuralTextures\391_406.mp4,1,NeuralTextures,c23,391_406
FaceForensics++,FaceForensics++__NeuralTextures__392_339.mp4,data\raw\FaceForensics++_C23\NeuralTextures\392_339.mp4,1,NeuralTextures,c23,392_339
FaceForensics++,FaceForensics++__NeuralTextures__394_373.mp4,data\raw\FaceForensics++_C23\NeuralTextures\394_373.mp4,1,NeuralTextures,c23,394_373
FaceForensics++,FaceForensics++__NeuralTextures__395_401.mp4,data\raw\FaceForensics++_C23\NeuralTextures\395_401.mp4,1,NeuralTextures,c23,395_401
FaceForensics++,FaceForensics++__NeuralTextures__396_272.mp4,data\raw\FaceForensics++_C23\NeuralTextures\396_272.mp4,1,NeuralTextures,c23,396_272
FaceForensics++,FaceForensics++__NeuralTextures__397_602.mp4,data\raw\FaceForensics++_C23\NeuralTextures\397_602.mp4,1,NeuralTextures,c23,397_602
FaceForensics++,FaceForensics++__NeuralTextures__398_457.mp4,data\raw\FaceForensics++_C23\NeuralTextures\398_457.mp4,1,NeuralTextures,c23,398_457
FaceForensics++,FaceForensics++__NeuralTextures__399_488.mp4,data\raw\FaceForensics++_C23\NeuralTextures\399_488.mp4,1,NeuralTextures,c23,399_488
FaceForensics++,FaceForensics++__NeuralTextures__401_395.mp4,data\raw\FaceForensics++_C23\NeuralTextures\401_395.mp4,1,NeuralTextures,c23,401_395
FaceForensics++,FaceForensics++__NeuralTextures__402_453.mp4,data\raw\FaceForensics++_C23\NeuralTextures\402_453.mp4,1,NeuralTextures,c23,402_453
FaceForensics++,FaceForensics++__NeuralTextures__403_497.mp4,data\raw\FaceForensics++_C23\NeuralTextures\403_497.mp4,1,NeuralTextures,c23,403_497
FaceForensics++,FaceForensics++__NeuralTextures__406_391.mp4,data\raw\FaceForensics++_C23\NeuralTextures\406_391.mp4,1,NeuralTextures,c23,406_391
FaceForensics++,FaceForensics++__NeuralTextures__408_424.mp4,data\raw\FaceForensics++_C23\NeuralTextures\408_424.mp4,1,NeuralTextures,c23,408_424
FaceForensics++,FaceForensics++__NeuralTextures__409_382.mp4,data\raw\FaceForensics++_C23\NeuralTextures\409_382.mp4,1,NeuralTextures,c23,409_382
FaceForensics++,FaceForensics++__NeuralTextures__410_411.mp4,data\raw\FaceForensics++_C23\NeuralTextures\410_411.mp4,1,NeuralTextures,c23,410_411
FaceForensics++,FaceForensics++__NeuralTextures__411_410.mp4,data\raw\FaceForensics++_C23\NeuralTextures\411_410.mp4,1,NeuralTextures,c23,411_410
FaceForensics++,FaceForensics++__NeuralTextures__412_274.mp4,data\raw\FaceForensics++_C23\NeuralTextures\412_274.mp4,1,NeuralTextures,c23,412_274
FaceForensics++,FaceForensics++__NeuralTextures__413_372.mp4,data\raw\FaceForensics++_C23\NeuralTextures\413_372.mp4,1,NeuralTextures,c23,413_372
FaceForensics++,FaceForensics++__NeuralTextures__414_385.mp4,data\raw\FaceForensics++_C23\NeuralTextures\414_385.mp4,1,NeuralTextures,c23,414_385
FaceForensics++,FaceForensics++__NeuralTextures__415_484.mp4,data\raw\FaceForensics++_C23\NeuralTextures\415_484.mp4,1,NeuralTextures,c23,415_484
FaceForensics++,FaceForensics++__NeuralTextures__416_342.mp4,data\raw\FaceForensics++_C23\NeuralTextures\416_342.mp4,1,NeuralTextures,c23,416_342
FaceForensics++,FaceForensics++__NeuralTextures__417_496.mp4,data\raw\FaceForensics++_C23\NeuralTextures\417_496.mp4,1,NeuralTextures,c23,417_496
FaceForensics++,FaceForensics++__NeuralTextures__420_257.mp4,data\raw\FaceForensics++_C23\NeuralTextures\420_257.mp4,1,NeuralTextures,c23,420_257
FaceForensics++,FaceForensics++__NeuralTextures__422_695.mp4,data\raw\FaceForensics++_C23\NeuralTextures\422_695.mp4,1,NeuralTextures,c23,422_695
FaceForensics++,FaceForensics++__NeuralTextures__423_421.mp4,data\raw\FaceForensics++_C23\NeuralTextures\423_421.mp4,1,NeuralTextures,c23,423_421
FaceForensics++,FaceForensics++__NeuralTextures__425_485.mp4,data\raw\FaceForensics++_C23\NeuralTextures\425_485.mp4,1,NeuralTextures,c23,425_485
FaceForensics++,FaceForensics++__NeuralTextures__426_287.mp4,data\raw\FaceForensics++_C23\NeuralTextures\426_287.mp4,1,NeuralTextures,c23,426_287
FaceForensics++,FaceForensics++__NeuralTextures__427_637.mp4,data\raw\FaceForensics++_C23\NeuralTextures\427_637.mp4,1,NeuralTextures,c23,427_637
FaceForensics++,FaceForensics++__NeuralTextures__429_404.mp4,data\raw\FaceForensics++_C23\NeuralTextures\429_404.mp4,1,NeuralTextures,c23,429_404
FaceForensics++,FaceForensics++__NeuralTextures__430_459.mp4,data\raw\FaceForensics++_C23\NeuralTextures\430_459.mp4,1,NeuralTextures,c23,430_459
FaceForensics++,FaceForensics++__NeuralTextures__433_498.mp4,data\raw\FaceForensics++_C23\NeuralTextures\433_498.mp4,1,NeuralTextures,c23,433_498
FaceForensics++,FaceForensics++__NeuralTextures__435_456.mp4,data\raw\FaceForensics++_C23\NeuralTextures\435_456.mp4,1,NeuralTextures,c23,435_456
FaceForensics++,FaceForensics++__NeuralTextures__436_526.mp4,data\raw\FaceForensics++_C23\NeuralTextures\436_526.mp4,1,NeuralTextures,c23,436_526
FaceForensics++,FaceForensics++__NeuralTextures__437_360.mp4,data\raw\FaceForensics++_C23\NeuralTextures\437_360.mp4,1,NeuralTextures,c23,437_360
FaceForensics++,FaceForensics++__NeuralTextures__441_439.mp4,data\raw\FaceForensics++_C23\NeuralTextures\441_439.mp4,1,NeuralTextures,c23,441_439
FaceForensics++,FaceForensics++__NeuralTextures__443_514.mp4,data\raw\FaceForensics++_C23\NeuralTextures\443_514.mp4,1,NeuralTextures,c23,443_514
FaceForensics++,FaceForensics++__NeuralTextures__444_655.mp4,data\raw\FaceForensics++_C23\NeuralTextures\444_655.mp4,1,NeuralTextures,c23,444_655
FaceForensics++,FaceForensics++__NeuralTextures__445_494.mp4,data\raw\FaceForensics++_C23\NeuralTextures\445_494.mp4,1,NeuralTextures,c23,445_494
FaceForensics++,FaceForensics++__NeuralTextures__447_431.mp4,data\raw\FaceForensics++_C23\NeuralTextures\447_431.mp4,1,NeuralTextures,c23,447_431
FaceForensics++,FaceForensics++__NeuralTextures__448_361.mp4,data\raw\FaceForensics++_C23\NeuralTextures\448_361.mp4,1,NeuralTextures,c23,448_361
FaceForensics++,FaceForensics++__NeuralTextures__449_451.mp4,data\raw\FaceForensics++_C23\NeuralTextures\449_451.mp4,1,NeuralTextures,c23,449_451
FaceForensics++,FaceForensics++__NeuralTextures__450_533.mp4,data\raw\FaceForensics++_C23\NeuralTextures\450_533.mp4,1,NeuralTextures,c23,450_533
FaceForensics++,FaceForensics++__NeuralTextures__452_550.mp4,data\raw\FaceForensics++_C23\NeuralTextures\452_550.mp4,1,NeuralTextures,c23,452_550
FaceForensics++,FaceForensics++__NeuralTextures__453_402.mp4,data\raw\FaceForensics++_C23\NeuralTextures\453_402.mp4,1,NeuralTextures,c23,453_402
FaceForensics++,FaceForensics++__NeuralTextures__454_527.mp4,data\raw\FaceForensics++_C23\NeuralTextures\454_527.mp4,1,NeuralTextures,c23,454_527
FaceForensics++,FaceForensics++__NeuralTextures__455_471.mp4,data\raw\FaceForensics++_C23\NeuralTextures\455_471.mp4,1,NeuralTextures,c23,455_471
FaceForensics++,FaceForensics++__NeuralTextures__456_435.mp4,data\raw\FaceForensics++_C23\NeuralTextures\456_435.mp4,1,NeuralTextures,c23,456_435
FaceForensics++,FaceForensics++__NeuralTextures__457_398.mp4,data\raw\FaceForensics++_C23\NeuralTextures\457_398.mp4,1,NeuralTextures,c23,457_398
FaceForensics++,FaceForensics++__NeuralTextures__459_430.mp4,data\raw\FaceForensics++_C23\NeuralTextures\459_430.mp4,1,NeuralTextures,c23,459_430
FaceForensics++,FaceForensics++__NeuralTextures__460_678.mp4,data\raw\FaceForensics++_C23\NeuralTextures\460_678.mp4,1,NeuralTextures,c23,460_678
FaceForensics++,FaceForensics++__NeuralTextures__461_250.mp4,data\raw\FaceForensics++_C23\NeuralTextures\461_250.mp4,1,NeuralTextures,c23,461_250
FaceForensics++,FaceForensics++__NeuralTextures__462_467.mp4,data\raw\FaceForensics++_C23\NeuralTextures\462_467.mp4,1,NeuralTextures,c23,462_467
FaceForensics++,FaceForensics++__NeuralTextures__464_463.mp4,data\raw\FaceForensics++_C23\NeuralTextures\464_463.mp4,1,NeuralTextures,c23,464_463
FaceForensics++,FaceForensics++__NeuralTextures__465_482.mp4,data\raw\FaceForensics++_C23\NeuralTextures\465_482.mp4,1,NeuralTextures,c23,465_482
FaceForensics++,FaceForensics++__NeuralTextures__466_428.mp4,data\raw\FaceForensics++_C23\NeuralTextures\466_428.mp4,1,NeuralTextures,c23,466_428
FaceForensics++,FaceForensics++__NeuralTextures__467_462.mp4,data\raw\FaceForensics++_C23\NeuralTextures\467_462.mp4,1,NeuralTextures,c23,467_462
FaceForensics++,FaceForensics++__NeuralTextures__469_481.mp4,data\raw\FaceForensics++_C23\NeuralTextures\469_481.mp4,1,NeuralTextures,c23,469_481
FaceForensics++,FaceForensics++__NeuralTextures__470_468.mp4,data\raw\FaceForensics++_C23\NeuralTextures\470_468.mp4,1,NeuralTextures,c23,470_468
FaceForensics++,FaceForensics++__NeuralTextures__471_455.mp4,data\raw\FaceForensics++_C23\NeuralTextures\471_455.mp4,1,NeuralTextures,c23,471_455
FaceForensics++,FaceForensics++__NeuralTextures__472_511.mp4,data\raw\FaceForensics++_C23\NeuralTextures\472_511.mp4,1,NeuralTextures,c23,472_511
FaceForensics++,FaceForensics++__NeuralTextures__473_366.mp4,data\raw\FaceForensics++_C23\NeuralTextures\473_366.mp4,1,NeuralTextures,c23,473_366
FaceForensics++,FaceForensics++__NeuralTextures__474_281.mp4,data\raw\FaceForensics++_C23\NeuralTextures\474_281.mp4,1,NeuralTextures,c23,474_281
FaceForensics++,FaceForensics++__NeuralTextures__475_265.mp4,data\raw\FaceForensics++_C23\NeuralTextures\475_265.mp4,1,NeuralTextures,c23,475_265
FaceForensics++,FaceForensics++__NeuralTextures__476_400.mp4,data\raw\FaceForensics++_C23\NeuralTextures\476_400.mp4,1,NeuralTextures,c23,476_400
FaceForensics++,FaceForensics++__NeuralTextures__477_487.mp4,data\raw\FaceForensics++_C23\NeuralTextures\477_487.mp4,1,NeuralTextures,c23,477_487
FaceForensics++,FaceForensics++__NeuralTextures__478_506.mp4,data\raw\FaceForensics++_C23\NeuralTextures\478_506.mp4,1,NeuralTextures,c23,478_506
FaceForensics++,FaceForensics++__NeuralTextures__479_706.mp4,data\raw\FaceForensics++_C23\NeuralTextures\479_706.mp4,1,NeuralTextures,c23,479_706
FaceForensics++,FaceForensics++__NeuralTextures__480_389.mp4,data\raw\FaceForensics++_C23\NeuralTextures\480_389.mp4,1,NeuralTextures,c23,480_389
FaceForensics++,FaceForensics++__NeuralTextures__481_469.mp4,data\raw\FaceForensics++_C23\NeuralTextures\481_469.mp4,1,NeuralTextures,c23,481_469
FaceForensics++,FaceForensics++__NeuralTextures__482_465.mp4,data\raw\FaceForensics++_C23\NeuralTextures\482_465.mp4,1,NeuralTextures,c23,482_465
FaceForensics++,FaceForensics++__NeuralTextures__483_370.mp4,data\raw\FaceForensics++_C23\NeuralTextures\483_370.mp4,1,NeuralTextures,c23,483_370
FaceForensics++,FaceForensics++__NeuralTextures__484_415.mp4,data\raw\FaceForensics++_C23\NeuralTextures\484_415.mp4,1,NeuralTextures,c23,484_415
FaceForensics++,FaceForensics++__NeuralTextures__486_680.mp4,data\raw\FaceForensics++_C23\NeuralTextures\486_680.mp4,1,NeuralTextures,c23,486_680
FaceForensics++,FaceForensics++__NeuralTextures__487_477.mp4,data\raw\FaceForensics++_C23\NeuralTextures\487_477.mp4,1,NeuralTextures,c23,487_477
FaceForensics++,FaceForensics++__NeuralTextures__488_399.mp4,data\raw\FaceForensics++_C23\NeuralTextures\488_399.mp4,1,NeuralTextures,c23,488_399
FaceForensics++,FaceForensics++__NeuralTextures__489_022.mp4,data\raw\FaceForensics++_C23\NeuralTextures\489_022.mp4,1,NeuralTextures,c23,489_022
FaceForensics++,FaceForensics++__NeuralTextures__490_534.mp4,data\raw\FaceForensics++_C23\NeuralTextures\490_534.mp4,1,NeuralTextures,c23,490_534
FaceForensics++,FaceForensics++__NeuralTextures__491_226.mp4,data\raw\FaceForensics++_C23\NeuralTextures\491_226.mp4,1,NeuralTextures,c23,491_226
FaceForensics++,FaceForensics++__NeuralTextures__492_325.mp4,data\raw\FaceForensics++_C23\NeuralTextures\492_325.mp4,1,NeuralTextures,c23,492_325
FaceForensics++,FaceForensics++__NeuralTextures__493_538.mp4,data\raw\FaceForensics++_C23\NeuralTextures\493_538.mp4,1,NeuralTextures,c23,493_538
FaceForensics++,FaceForensics++__NeuralTextures__495_512.mp4,data\raw\FaceForensics++_C23\NeuralTextures\495_512.mp4,1,NeuralTextures,c23,495_512
FaceForensics++,FaceForensics++__NeuralTextures__497_403.mp4,data\raw\FaceForensics++_C23\NeuralTextures\497_403.mp4,1,NeuralTextures,c23,497_403
FaceForensics++,FaceForensics++__NeuralTextures__498_433.mp4,data\raw\FaceForensics++_C23\NeuralTextures\498_433.mp4,1,NeuralTextures,c23,498_433
FaceForensics++,FaceForensics++__NeuralTextures__499_539.mp4,data\raw\FaceForensics++_C23\NeuralTextures\499_539.mp4,1,NeuralTextures,c23,499_539
FaceForensics++,FaceForensics++__NeuralTextures__501_326.mp4,data\raw\FaceForensics++_C23\NeuralTextures\501_326.mp4,1,NeuralTextures,c23,501_326
FaceForensics++,FaceForensics++__NeuralTextures__502_504.mp4,data\raw\FaceForensics++_C23\NeuralTextures\502_504.mp4,1,NeuralTextures,c23,502_504
FaceForensics++,FaceForensics++__NeuralTextures__503_756.mp4,data\raw\FaceForensics++_C23\NeuralTextures\503_756.mp4,1,NeuralTextures,c23,503_756
FaceForensics++,FaceForensics++__NeuralTextures__504_502.mp4,data\raw\FaceForensics++_C23\NeuralTextures\504_502.mp4,1,NeuralTextures,c23,504_502
FaceForensics++,FaceForensics++__NeuralTextures__505_600.mp4,data\raw\FaceForensics++_C23\NeuralTextures\505_600.mp4,1,NeuralTextures,c23,505_600
FaceForensics++,FaceForensics++__NeuralTextures__506_478.mp4,data\raw\FaceForensics++_C23\NeuralTextures\506_478.mp4,1,NeuralTextures,c23,506_478
FaceForensics++,FaceForensics++__NeuralTextures__507_418.mp4,data\raw\FaceForensics++_C23\NeuralTextures\507_418.mp4,1,NeuralTextures,c23,507_418
FaceForensics++,FaceForensics++__NeuralTextures__508_831.mp4,data\raw\FaceForensics++_C23\NeuralTextures\508_831.mp4,1,NeuralTextures,c23,508_831
FaceForensics++,FaceForensics++__NeuralTextures__509_525.mp4,data\raw\FaceForensics++_C23\NeuralTextures\509_525.mp4,1,NeuralTextures,c23,509_525
FaceForensics++,FaceForensics++__NeuralTextures__511_472.mp4,data\raw\FaceForensics++_C23\NeuralTextures\511_472.mp4,1,NeuralTextures,c23,511_472
FaceForensics++,FaceForensics++__NeuralTextures__512_495.mp4,data\raw\FaceForensics++_C23\NeuralTextures\512_495.mp4,1,NeuralTextures,c23,512_495
FaceForensics++,FaceForensics++__NeuralTextures__513_305.mp4,data\raw\FaceForensics++_C23\NeuralTextures\513_305.mp4,1,NeuralTextures,c23,513_305
FaceForensics++,FaceForensics++__NeuralTextures__514_443.mp4,data\raw\FaceForensics++_C23\NeuralTextures\514_443.mp4,1,NeuralTextures,c23,514_443
FaceForensics++,FaceForensics++__NeuralTextures__515_519.mp4,data\raw\FaceForensics++_C23\NeuralTextures\515_519.mp4,1,NeuralTextures,c23,515_519
FaceForensics++,FaceForensics++__NeuralTextures__516_555.mp4,data\raw\FaceForensics++_C23\NeuralTextures\516_555.mp4,1,NeuralTextures,c23,516_555
FaceForensics++,FaceForensics++__NeuralTextures__517_521.mp4,data\raw\FaceForensics++_C23\NeuralTextures\517_521.mp4,1,NeuralTextures,c23,517_521
FaceForensics++,FaceForensics++__NeuralTextures__518_131.mp4,data\raw\FaceForensics++_C23\NeuralTextures\518_131.mp4,1,NeuralTextures,c23,518_131
FaceForensics++,FaceForensics++__NeuralTextures__519_515.mp4,data\raw\FaceForensics++_C23\NeuralTextures\519_515.mp4,1,NeuralTextures,c23,519_515
FaceForensics++,FaceForensics++__NeuralTextures__520_542.mp4,data\raw\FaceForensics++_C23\NeuralTextures\520_542.mp4,1,NeuralTextures,c23,520_542
FaceForensics++,FaceForensics++__NeuralTextures__521_517.mp4,data\raw\FaceForensics++_C23\NeuralTextures\521_517.mp4,1,NeuralTextures,c23,521_517
FaceForensics++,FaceForensics++__NeuralTextures__522_337.mp4,data\raw\FaceForensics++_C23\NeuralTextures\522_337.mp4,1,NeuralTextures,c23,522_337
FaceForensics++,FaceForensics++__NeuralTextures__523_541.mp4,data\raw\FaceForensics++_C23\NeuralTextures\523_541.mp4,1,NeuralTextures,c23,523_541
FaceForensics++,FaceForensics++__NeuralTextures__524_580.mp4,data\raw\FaceForensics++_C23\NeuralTextures\524_580.mp4,1,NeuralTextures,c23,524_580
FaceForensics++,FaceForensics++__NeuralTextures__525_509.mp4,data\raw\FaceForensics++_C23\NeuralTextures\525_509.mp4,1,NeuralTextures,c23,525_509
FaceForensics++,FaceForensics++__NeuralTextures__526_436.mp4,data\raw\FaceForensics++_C23\NeuralTextures\526_436.mp4,1,NeuralTextures,c23,526_436
FaceForensics++,FaceForensics++__NeuralTextures__527_454.mp4,data\raw\FaceForensics++_C23\NeuralTextures\527_454.mp4,1,NeuralTextures,c23,527_454
FaceForensics++,FaceForensics++__NeuralTextures__528_510.mp4,data\raw\FaceForensics++_C23\NeuralTextures\528_510.mp4,1,NeuralTextures,c23,528_510
FaceForensics++,FaceForensics++__NeuralTextures__530_594.mp4,data\raw\FaceForensics++_C23\NeuralTextures\530_594.mp4,1,NeuralTextures,c23,530_594
FaceForensics++,FaceForensics++__NeuralTextures__531_549.mp4,data\raw\FaceForensics++_C23\NeuralTextures\531_549.mp4,1,NeuralTextures,c23,531_549
FaceForensics++,FaceForensics++__NeuralTextures__532_544.mp4,data\raw\FaceForensics++_C23\NeuralTextures\532_544.mp4,1,NeuralTextures,c23,532_544
FaceForensics++,FaceForensics++__NeuralTextures__535_587.mp4,data\raw\FaceForensics++_C23\NeuralTextures\535_587.mp4,1,NeuralTextures,c23,535_587
FaceForensics++,FaceForensics++__NeuralTextures__536_540.mp4,data\raw\FaceForensics++_C23\NeuralTextures\536_540.mp4,1,NeuralTextures,c23,536_540
FaceForensics++,FaceForensics++__NeuralTextures__537_563.mp4,data\raw\FaceForensics++_C23\NeuralTextures\537_563.mp4,1,NeuralTextures,c23,537_563
FaceForensics++,FaceForensics++__NeuralTextures__540_536.mp4,data\raw\FaceForensics++_C23\NeuralTextures\540_536.mp4,1,NeuralTextures,c23,540_536
FaceForensics++,FaceForensics++__NeuralTextures__541_523.mp4,data\raw\FaceForensics++_C23\NeuralTextures\541_523.mp4,1,NeuralTextures,c23,541_523
FaceForensics++,FaceForensics++__NeuralTextures__542_520.mp4,data\raw\FaceForensics++_C23\NeuralTextures\542_520.mp4,1,NeuralTextures,c23,542_520
FaceForensics++,FaceForensics++__NeuralTextures__544_532.mp4,data\raw\FaceForensics++_C23\NeuralTextures\544_532.mp4,1,NeuralTextures,c23,544_532
FaceForensics++,FaceForensics++__NeuralTextures__545_553.mp4,data\raw\FaceForensics++_C23\NeuralTextures\545_553.mp4,1,NeuralTextures,c23,545_553
FaceForensics++,FaceForensics++__NeuralTextures__547_574.mp4,data\raw\FaceForensics++_C23\NeuralTextures\547_574.mp4,1,NeuralTextures,c23,547_574
FaceForensics++,FaceForensics++__NeuralTextures__548_632.mp4,data\raw\FaceForensics++_C23\NeuralTextures\548_632.mp4,1,NeuralTextures,c23,548_632
FaceForensics++,FaceForensics++__NeuralTextures__549_531.mp4,data\raw\FaceForensics++_C23\NeuralTextures\549_531.mp4,1,NeuralTextures,c23,549_531
FaceForensics++,FaceForensics++__NeuralTextures__550_452.mp4,data\raw\FaceForensics++_C23\NeuralTextures\550_452.mp4,1,NeuralTextures,c23,550_452
FaceForensics++,FaceForensics++__NeuralTextures__551_631.mp4,data\raw\FaceForensics++_C23\NeuralTextures\551_631.mp4,1,NeuralTextures,c23,551_631
FaceForensics++,FaceForensics++__NeuralTextures__553_545.mp4,data\raw\FaceForensics++_C23\NeuralTextures\553_545.mp4,1,NeuralTextures,c23,553_545
FaceForensics++,FaceForensics++__NeuralTextures__554_572.mp4,data\raw\FaceForensics++_C23\NeuralTextures\554_572.mp4,1,NeuralTextures,c23,554_572
FaceForensics++,FaceForensics++__NeuralTextures__556_588.mp4,data\raw\FaceForensics++_C23\NeuralTextures\556_588.mp4,1,NeuralTextures,c23,556_588
FaceForensics++,FaceForensics++__NeuralTextures__557_560.mp4,data\raw\FaceForensics++_C23\NeuralTextures\557_560.mp4,1,NeuralTextures,c23,557_560
FaceForensics++,FaceForensics++__NeuralTextures__558_583.mp4,data\raw\FaceForensics++_C23\NeuralTextures\558_583.mp4,1,NeuralTextures,c23,558_583
FaceForensics++,FaceForensics++__NeuralTextures__561_998.mp4,data\raw\FaceForensics++_C23\NeuralTextures\561_998.mp4,1,NeuralTextures,c23,561_998
FaceForensics++,FaceForensics++__NeuralTextures__562_626.mp4,data\raw\FaceForensics++_C23\NeuralTextures\562_626.mp4,1,NeuralTextures,c23,562_626
FaceForensics++,FaceForensics++__NeuralTextures__563_537.mp4,data\raw\FaceForensics++_C23\NeuralTextures\563_537.mp4,1,NeuralTextures,c23,563_537
FaceForensics++,FaceForensics++__NeuralTextures__565_589.mp4,data\raw\FaceForensics++_C23\NeuralTextures\565_589.mp4,1,NeuralTextures,c23,565_589
FaceForensics++,FaceForensics++__NeuralTextures__566_617.mp4,data\raw\FaceForensics++_C23\NeuralTextures\566_617.mp4,1,NeuralTextures,c23,566_617
FaceForensics++,FaceForensics++__NeuralTextures__568_628.mp4,data\raw\FaceForensics++_C23\NeuralTextures\568_628.mp4,1,NeuralTextures,c23,568_628
FaceForensics++,FaceForensics++__NeuralTextures__569_921.mp4,data\raw\FaceForensics++_C23\NeuralTextures\569_921.mp4,1,NeuralTextures,c23,569_921
FaceForensics++,FaceForensics++__NeuralTextures__571_746.mp4,data\raw\FaceForensics++_C23\NeuralTextures\571_746.mp4,1,NeuralTextures,c23,571_746
FaceForensics++,FaceForensics++__NeuralTextures__572_554.mp4,data\raw\FaceForensics++_C23\NeuralTextures\572_554.mp4,1,NeuralTextures,c23,572_554
FaceForensics++,FaceForensics++__NeuralTextures__573_757.mp4,data\raw\FaceForensics++_C23\NeuralTextures\573_757.mp4,1,NeuralTextures,c23,573_757
FaceForensics++,FaceForensics++__NeuralTextures__574_547.mp4,data\raw\FaceForensics++_C23\NeuralTextures\574_547.mp4,1,NeuralTextures,c23,574_547
FaceForensics++,FaceForensics++__NeuralTextures__575_603.mp4,data\raw\FaceForensics++_C23\NeuralTextures\575_603.mp4,1,NeuralTextures,c23,575_603
FaceForensics++,FaceForensics++__NeuralTextures__576_155.mp4,data\raw\FaceForensics++_C23\NeuralTextures\576_155.mp4,1,NeuralTextures,c23,576_155
FaceForensics++,FaceForensics++__NeuralTextures__577_593.mp4,data\raw\FaceForensics++_C23\NeuralTextures\577_593.mp4,1,NeuralTextures,c23,577_593
FaceForensics++,FaceForensics++__NeuralTextures__578_636.mp4,data\raw\FaceForensics++_C23\NeuralTextures\578_636.mp4,1,NeuralTextures,c23,578_636
FaceForensics++,FaceForensics++__NeuralTextures__579_701.mp4,data\raw\FaceForensics++_C23\NeuralTextures\579_701.mp4,1,NeuralTextures,c23,579_701
FaceForensics++,FaceForensics++__NeuralTextures__581_697.mp4,data\raw\FaceForensics++_C23\NeuralTextures\581_697.mp4,1,NeuralTextures,c23,581_697
FaceForensics++,FaceForensics++__NeuralTextures__582_172.mp4,data\raw\FaceForensics++_C23\NeuralTextures\582_172.mp4,1,NeuralTextures,c23,582_172
FaceForensics++,FaceForensics++__NeuralTextures__584_823.mp4,data\raw\FaceForensics++_C23\NeuralTextures\584_823.mp4,1,NeuralTextures,c23,584_823
FaceForensics++,FaceForensics++__NeuralTextures__585_599.mp4,data\raw\FaceForensics++_C23\NeuralTextures\585_599.mp4,1,NeuralTextures,c23,585_599
FaceForensics++,FaceForensics++__NeuralTextures__586_223.mp4,data\raw\FaceForensics++_C23\NeuralTextures\586_223.mp4,1,NeuralTextures,c23,586_223
FaceForensics++,FaceForensics++__NeuralTextures__588_556.mp4,data\raw\FaceForensics++_C23\NeuralTextures\588_556.mp4,1,NeuralTextures,c23,588_556
FaceForensics++,FaceForensics++__NeuralTextures__589_565.mp4,data\raw\FaceForensics++_C23\NeuralTextures\589_565.mp4,1,NeuralTextures,c23,589_565
FaceForensics++,FaceForensics++__NeuralTextures__591_605.mp4,data\raw\FaceForensics++_C23\NeuralTextures\591_605.mp4,1,NeuralTextures,c23,591_605
FaceForensics++,FaceForensics++__NeuralTextures__592_500.mp4,data\raw\FaceForensics++_C23\NeuralTextures\592_500.mp4,1,NeuralTextures,c23,592_500
FaceForensics++,FaceForensics++__NeuralTextures__594_530.mp4,data\raw\FaceForensics++_C23\NeuralTextures\594_530.mp4,1,NeuralTextures,c23,594_530
FaceForensics++,FaceForensics++__NeuralTextures__595_597.mp4,data\raw\FaceForensics++_C23\NeuralTextures\595_597.mp4,1,NeuralTextures,c23,595_597
FaceForensics++,FaceForensics++__NeuralTextures__596_609.mp4,data\raw\FaceForensics++_C23\NeuralTextures\596_609.mp4,1,NeuralTextures,c23,596_609
FaceForensics++,FaceForensics++__NeuralTextures__597_595.mp4,data\raw\FaceForensics++_C23\NeuralTextures\597_595.mp4,1,NeuralTextures,c23,597_595
FaceForensics++,FaceForensics++__NeuralTextures__598_178.mp4,data\raw\FaceForensics++_C23\NeuralTextures\598_178.mp4,1,NeuralTextures,c23,598_178
FaceForensics++,FaceForensics++__NeuralTextures__600_505.mp4,data\raw\FaceForensics++_C23\NeuralTextures\600_505.mp4,1,NeuralTextures,c23,600_505
FaceForensics++,FaceForensics++__NeuralTextures__601_653.mp4,data\raw\FaceForensics++_C23\NeuralTextures\601_653.mp4,1,NeuralTextures,c23,601_653
FaceForensics++,FaceForensics++__NeuralTextures__605_591.mp4,data\raw\FaceForensics++_C23\NeuralTextures\605_591.mp4,1,NeuralTextures,c23,605_591
FaceForensics++,FaceForensics++__NeuralTextures__606_567.mp4,data\raw\FaceForensics++_C23\NeuralTextures\606_567.mp4,1,NeuralTextures,c23,606_567
FaceForensics++,FaceForensics++__NeuralTextures__607_683.mp4,data\raw\FaceForensics++_C23\NeuralTextures\607_683.mp4,1,NeuralTextures,c23,607_683
FaceForensics++,FaceForensics++__NeuralTextures__608_675.mp4,data\raw\FaceForensics++_C23\NeuralTextures\608_675.mp4,1,NeuralTextures,c23,608_675
FaceForensics++,FaceForensics++__NeuralTextures__609_596.mp4,data\raw\FaceForensics++_C23\NeuralTextures\609_596.mp4,1,NeuralTextures,c23,609_596
FaceForensics++,FaceForensics++__NeuralTextures__610_692.mp4,data\raw\FaceForensics++_C23\NeuralTextures\610_692.mp4,1,NeuralTextures,c23,610_692
FaceForensics++,FaceForensics++__NeuralTextures__611_760.mp4,data\raw\FaceForensics++_C23\NeuralTextures\611_760.mp4,1,NeuralTextures,c23,611_760
FaceForensics++,FaceForensics++__NeuralTextures__613_685.mp4,data\raw\FaceForensics++_C23\NeuralTextures\613_685.mp4,1,NeuralTextures,c23,613_685
FaceForensics++,FaceForensics++__NeuralTextures__614_616.mp4,data\raw\FaceForensics++_C23\NeuralTextures\614_616.mp4,1,NeuralTextures,c23,614_616
FaceForensics++,FaceForensics++__NeuralTextures__615_687.mp4,data\raw\FaceForensics++_C23\NeuralTextures\615_687.mp4,1,NeuralTextures,c23,615_687
FaceForensics++,FaceForensics++__NeuralTextures__617_566.mp4,data\raw\FaceForensics++_C23\NeuralTextures\617_566.mp4,1,NeuralTextures,c23,617_566
FaceForensics++,FaceForensics++__NeuralTextures__618_629.mp4,data\raw\FaceForensics++_C23\NeuralTextures\618_629.mp4,1,NeuralTextures,c23,618_629
FaceForensics++,FaceForensics++__NeuralTextures__619_620.mp4,data\raw\FaceForensics++_C23\NeuralTextures\619_620.mp4,1,NeuralTextures,c23,619_620
FaceForensics++,FaceForensics++__NeuralTextures__620_619.mp4,data\raw\FaceForensics++_C23\NeuralTextures\620_619.mp4,1,NeuralTextures,c23,620_619
FaceForensics++,FaceForensics++__NeuralTextures__621_546.mp4,data\raw\FaceForensics++_C23\NeuralTextures\621_546.mp4,1,NeuralTextures,c23,621_546
FaceForensics++,FaceForensics++__NeuralTextures__622_647.mp4,data\raw\FaceForensics++_C23\NeuralTextures\622_647.mp4,1,NeuralTextures,c23,622_647
FaceForensics++,FaceForensics++__NeuralTextures__623_630.mp4,data\raw\FaceForensics++_C23\NeuralTextures\623_630.mp4,1,NeuralTextures,c23,623_630
FaceForensics++,FaceForensics++__NeuralTextures__624_570.mp4,data\raw\FaceForensics++_C23\NeuralTextures\624_570.mp4,1,NeuralTextures,c23,624_570
FaceForensics++,FaceForensics++__NeuralTextures__626_562.mp4,data\raw\FaceForensics++_C23\NeuralTextures\626_562.mp4,1,NeuralTextures,c23,626_562
FaceForensics++,FaceForensics++__NeuralTextures__627_658.mp4,data\raw\FaceForensics++_C23\NeuralTextures\627_658.mp4,1,NeuralTextures,c23,627_658
FaceForensics++,FaceForensics++__NeuralTextures__628_568.mp4,data\raw\FaceForensics++_C23\NeuralTextures\628_568.mp4,1,NeuralTextures,c23,628_568
FaceForensics++,FaceForensics++__NeuralTextures__632_548.mp4,data\raw\FaceForensics++_C23\NeuralTextures\632_548.mp4,1,NeuralTextures,c23,632_548
FaceForensics++,FaceForensics++__NeuralTextures__633_529.mp4,data\raw\FaceForensics++_C23\NeuralTextures\633_529.mp4,1,NeuralTextures,c23,633_529
FaceForensics++,FaceForensics++__NeuralTextures__634_660.mp4,data\raw\FaceForensics++_C23\NeuralTextures\634_660.mp4,1,NeuralTextures,c23,634_660
FaceForensics++,FaceForensics++__NeuralTextures__636_578.mp4,data\raw\FaceForensics++_C23\NeuralTextures\636_578.mp4,1,NeuralTextures,c23,636_578
FaceForensics++,FaceForensics++__NeuralTextures__637_427.mp4,data\raw\FaceForensics++_C23\NeuralTextures\637_427.mp4,1,NeuralTextures,c23,637_427
FaceForensics++,FaceForensics++__NeuralTextures__638_640.mp4,data\raw\FaceForensics++_C23\NeuralTextures\638_640.mp4,1,NeuralTextures,c23,638_640
FaceForensics++,FaceForensics++__NeuralTextures__639_841.mp4,data\raw\FaceForensics++_C23\NeuralTextures\639_841.mp4,1,NeuralTextures,c23,639_841
FaceForensics++,FaceForensics++__NeuralTextures__642_635.mp4,data\raw\FaceForensics++_C23\NeuralTextures\642_635.mp4,1,NeuralTextures,c23,642_635
FaceForensics++,FaceForensics++__NeuralTextures__643_646.mp4,data\raw\FaceForensics++_C23\NeuralTextures\643_646.mp4,1,NeuralTextures,c23,643_646
FaceForensics++,FaceForensics++__NeuralTextures__645_688.mp4,data\raw\FaceForensics++_C23\NeuralTextures\645_688.mp4,1,NeuralTextures,c23,645_688
FaceForensics++,FaceForensics++__NeuralTextures__647_622.mp4,data\raw\FaceForensics++_C23\NeuralTextures\647_622.mp4,1,NeuralTextures,c23,647_622
FaceForensics++,FaceForensics++__NeuralTextures__650_625.mp4,data\raw\FaceForensics++_C23\NeuralTextures\650_625.mp4,1,NeuralTextures,c23,650_625
FaceForensics++,FaceForensics++__NeuralTextures__651_835.mp4,data\raw\FaceForensics++_C23\NeuralTextures\651_835.mp4,1,NeuralTextures,c23,651_835
FaceForensics++,FaceForensics++__NeuralTextures__652_773.mp4,data\raw\FaceForensics++_C23\NeuralTextures\652_773.mp4,1,NeuralTextures,c23,652_773
FaceForensics++,FaceForensics++__NeuralTextures__653_601.mp4,data\raw\FaceForensics++_C23\NeuralTextures\653_601.mp4,1,NeuralTextures,c23,653_601
FaceForensics++,FaceForensics++__NeuralTextures__654_648.mp4,data\raw\FaceForensics++_C23\NeuralTextures\654_648.mp4,1,NeuralTextures,c23,654_648
FaceForensics++,FaceForensics++__NeuralTextures__655_444.mp4,data\raw\FaceForensics++_C23\NeuralTextures\655_444.mp4,1,NeuralTextures,c23,655_444
FaceForensics++,FaceForensics++__NeuralTextures__656_666.mp4,data\raw\FaceForensics++_C23\NeuralTextures\656_666.mp4,1,NeuralTextures,c23,656_666
FaceForensics++,FaceForensics++__NeuralTextures__658_627.mp4,data\raw\FaceForensics++_C23\NeuralTextures\658_627.mp4,1,NeuralTextures,c23,658_627
FaceForensics++,FaceForensics++__NeuralTextures__659_749.mp4,data\raw\FaceForensics++_C23\NeuralTextures\659_749.mp4,1,NeuralTextures,c23,659_749
FaceForensics++,FaceForensics++__NeuralTextures__660_634.mp4,data\raw\FaceForensics++_C23\NeuralTextures\660_634.mp4,1,NeuralTextures,c23,660_634
FaceForensics++,FaceForensics++__NeuralTextures__662_641.mp4,data\raw\FaceForensics++_C23\NeuralTextures\662_641.mp4,1,NeuralTextures,c23,662_641
FaceForensics++,FaceForensics++__NeuralTextures__663_231.mp4,data\raw\FaceForensics++_C23\NeuralTextures\663_231.mp4,1,NeuralTextures,c23,663_231
FaceForensics++,FaceForensics++__NeuralTextures__664_668.mp4,data\raw\FaceForensics++_C23\NeuralTextures\664_668.mp4,1,NeuralTextures,c23,664_668
FaceForensics++,FaceForensics++__NeuralTextures__667_446.mp4,data\raw\FaceForensics++_C23\NeuralTextures\667_446.mp4,1,NeuralTextures,c23,667_446
FaceForensics++,FaceForensics++__NeuralTextures__668_664.mp4,data\raw\FaceForensics++_C23\NeuralTextures\668_664.mp4,1,NeuralTextures,c23,668_664
FaceForensics++,FaceForensics++__NeuralTextures__669_682.mp4,data\raw\FaceForensics++_C23\NeuralTextures\669_682.mp4,1,NeuralTextures,c23,669_682
FaceForensics++,FaceForensics++__NeuralTextures__670_661.mp4,data\raw\FaceForensics++_C23\NeuralTextures\670_661.mp4,1,NeuralTextures,c23,670_661
FaceForensics++,FaceForensics++__NeuralTextures__671_677.mp4,data\raw\FaceForensics++_C23\NeuralTextures\671_677.mp4,1,NeuralTextures,c23,671_677
FaceForensics++,FaceForensics++__NeuralTextures__672_720.mp4,data\raw\FaceForensics++_C23\NeuralTextures\672_720.mp4,1,NeuralTextures,c23,672_720
FaceForensics++,FaceForensics++__NeuralTextures__673_728.mp4,data\raw\FaceForensics++_C23\NeuralTextures\673_728.mp4,1,NeuralTextures,c23,673_728
FaceForensics++,FaceForensics++__NeuralTextures__674_744.mp4,data\raw\FaceForensics++_C23\NeuralTextures\674_744.mp4,1,NeuralTextures,c23,674_744
FaceForensics++,FaceForensics++__NeuralTextures__675_608.mp4,data\raw\FaceForensics++_C23\NeuralTextures\675_608.mp4,1,NeuralTextures,c23,675_608
FaceForensics++,FaceForensics++__NeuralTextures__676_776.mp4,data\raw\FaceForensics++_C23\NeuralTextures\676_776.mp4,1,NeuralTextures,c23,676_776
FaceForensics++,FaceForensics++__NeuralTextures__677_671.mp4,data\raw\FaceForensics++_C23\NeuralTextures\677_671.mp4,1,NeuralTextures,c23,677_671
FaceForensics++,FaceForensics++__NeuralTextures__679_665.mp4,data\raw\FaceForensics++_C23\NeuralTextures\679_665.mp4,1,NeuralTextures,c23,679_665
FaceForensics++,FaceForensics++__NeuralTextures__681_711.mp4,data\raw\FaceForensics++_C23\NeuralTextures\681_711.mp4,1,NeuralTextures,c23,681_711
FaceForensics++,FaceForensics++__NeuralTextures__682_669.mp4,data\raw\FaceForensics++_C23\NeuralTextures\682_669.mp4,1,NeuralTextures,c23,682_669
FaceForensics++,FaceForensics++__NeuralTextures__683_607.mp4,data\raw\FaceForensics++_C23\NeuralTextures\683_607.mp4,1,NeuralTextures,c23,683_607
FaceForensics++,FaceForensics++__NeuralTextures__684_717.mp4,data\raw\FaceForensics++_C23\NeuralTextures\684_717.mp4,1,NeuralTextures,c23,684_717
FaceForensics++,FaceForensics++__NeuralTextures__686_696.mp4,data\raw\FaceForensics++_C23\NeuralTextures\686_696.mp4,1,NeuralTextures,c23,686_696
FaceForensics++,FaceForensics++__NeuralTextures__688_645.mp4,data\raw\FaceForensics++_C23\NeuralTextures\688_645.mp4,1,NeuralTextures,c23,688_645
FaceForensics++,FaceForensics++__NeuralTextures__689_690.mp4,data\raw\FaceForensics++_C23\NeuralTextures\689_690.mp4,1,NeuralTextures,c23,689_690
FaceForensics++,FaceForensics++__NeuralTextures__690_689.mp4,data\raw\FaceForensics++_C23\NeuralTextures\690_689.mp4,1,NeuralTextures,c23,690_689
FaceForensics++,FaceForensics++__NeuralTextures__691_732.mp4,data\raw\FaceForensics++_C23\NeuralTextures\691_732.mp4,1,NeuralTextures,c23,691_732
FaceForensics++,FaceForensics++__NeuralTextures__693_698.mp4,data\raw\FaceForensics++_C23\NeuralTextures\693_698.mp4,1,NeuralTextures,c23,693_698
FaceForensics++,FaceForensics++__NeuralTextures__694_767.mp4,data\raw\FaceForensics++_C23\NeuralTextures\694_767.mp4,1,NeuralTextures,c23,694_767
FaceForensics++,FaceForensics++__NeuralTextures__695_422.mp4,data\raw\FaceForensics++_C23\NeuralTextures\695_422.mp4,1,NeuralTextures,c23,695_422
FaceForensics++,FaceForensics++__NeuralTextures__696_686.mp4,data\raw\FaceForensics++_C23\NeuralTextures\696_686.mp4,1,NeuralTextures,c23,696_686
FaceForensics++,FaceForensics++__NeuralTextures__697_581.mp4,data\raw\FaceForensics++_C23\NeuralTextures\697_581.mp4,1,NeuralTextures,c23,697_581
FaceForensics++,FaceForensics++__NeuralTextures__698_693.mp4,data\raw\FaceForensics++_C23\NeuralTextures\698_693.mp4,1,NeuralTextures,c23,698_693
FaceForensics++,FaceForensics++__NeuralTextures__699_734.mp4,data\raw\FaceForensics++_C23\NeuralTextures\699_734.mp4,1,NeuralTextures,c23,699_734
FaceForensics++,FaceForensics++__NeuralTextures__700_813.mp4,data\raw\FaceForensics++_C23\NeuralTextures\700_813.mp4,1,NeuralTextures,c23,700_813
FaceForensics++,FaceForensics++__NeuralTextures__701_579.mp4,data\raw\FaceForensics++_C23\NeuralTextures\701_579.mp4,1,NeuralTextures,c23,701_579
FaceForensics++,FaceForensics++__NeuralTextures__702_612.mp4,data\raw\FaceForensics++_C23\NeuralTextures\702_612.mp4,1,NeuralTextures,c23,702_612
FaceForensics++,FaceForensics++__NeuralTextures__703_604.mp4,data\raw\FaceForensics++_C23\NeuralTextures\703_604.mp4,1,NeuralTextures,c23,703_604
FaceForensics++,FaceForensics++__NeuralTextures__705_707.mp4,data\raw\FaceForensics++_C23\NeuralTextures\705_707.mp4,1,NeuralTextures,c23,705_707
FaceForensics++,FaceForensics++__NeuralTextures__707_705.mp4,data\raw\FaceForensics++_C23\NeuralTextures\707_705.mp4,1,NeuralTextures,c23,707_705
FaceForensics++,FaceForensics++__NeuralTextures__708_772.mp4,data\raw\FaceForensics++_C23\NeuralTextures\708_772.mp4,1,NeuralTextures,c23,708_772
FaceForensics++,FaceForensics++__NeuralTextures__709_390.mp4,data\raw\FaceForensics++_C23\NeuralTextures\709_390.mp4,1,NeuralTextures,c23,709_390
FaceForensics++,FaceForensics++__NeuralTextures__710_788.mp4,data\raw\FaceForensics++_C23\NeuralTextures\710_788.mp4,1,NeuralTextures,c23,710_788
FaceForensics++,FaceForensics++__NeuralTextures__711_681.mp4,data\raw\FaceForensics++_C23\NeuralTextures\711_681.mp4,1,NeuralTextures,c23,711_681
FaceForensics++,FaceForensics++__NeuralTextures__712_716.mp4,data\raw\FaceForensics++_C23\NeuralTextures\712_716.mp4,1,NeuralTextures,c23,712_716
FaceForensics++,FaceForensics++__NeuralTextures__713_726.mp4,data\raw\FaceForensics++_C23\NeuralTextures\713_726.mp4,1,NeuralTextures,c23,713_726
FaceForensics++,FaceForensics++__NeuralTextures__714_842.mp4,data\raw\FaceForensics++_C23\NeuralTextures\714_842.mp4,1,NeuralTextures,c23,714_842
FaceForensics++,FaceForensics++__NeuralTextures__715_721.mp4,data\raw\FaceForensics++_C23\NeuralTextures\715_721.mp4,1,NeuralTextures,c23,715_721
FaceForensics++,FaceForensics++__NeuralTextures__716_712.mp4,data\raw\FaceForensics++_C23\NeuralTextures\716_712.mp4,1,NeuralTextures,c23,716_712
FaceForensics++,FaceForensics++__NeuralTextures__719_737.mp4,data\raw\FaceForensics++_C23\NeuralTextures\719_737.mp4,1,NeuralTextures,c23,719_737
FaceForensics++,FaceForensics++__NeuralTextures__720_672.mp4,data\raw\FaceForensics++_C23\NeuralTextures\720_672.mp4,1,NeuralTextures,c23,720_672
FaceForensics++,FaceForensics++__NeuralTextures__722_458.mp4,data\raw\FaceForensics++_C23\NeuralTextures\722_458.mp4,1,NeuralTextures,c23,722_458
FaceForensics++,FaceForensics++__NeuralTextures__723_704.mp4,data\raw\FaceForensics++_C23\NeuralTextures\723_704.mp4,1,NeuralTextures,c23,723_704
FaceForensics++,FaceForensics++__NeuralTextures__724_725.mp4,data\raw\FaceForensics++_C23\NeuralTextures\724_725.mp4,1,NeuralTextures,c23,724_725
FaceForensics++,FaceForensics++__NeuralTextures__725_724.mp4,data\raw\FaceForensics++_C23\NeuralTextures\725_724.mp4,1,NeuralTextures,c23,725_724
FaceForensics++,FaceForensics++__NeuralTextures__727_729.mp4,data\raw\FaceForensics++_C23\NeuralTextures\727_729.mp4,1,NeuralTextures,c23,727_729
FaceForensics++,FaceForensics++__NeuralTextures__728_673.mp4,data\raw\FaceForensics++_C23\NeuralTextures\728_673.mp4,1,NeuralTextures,c23,728_673
FaceForensics++,FaceForensics++__NeuralTextures__729_727.mp4,data\raw\FaceForensics++_C23\NeuralTextures\729_727.mp4,1,NeuralTextures,c23,729_727
FaceForensics++,FaceForensics++__NeuralTextures__730_815.mp4,data\raw\FaceForensics++_C23\NeuralTextures\730_815.mp4,1,NeuralTextures,c23,730_815
FaceForensics++,FaceForensics++__NeuralTextures__731_741.mp4,data\raw\FaceForensics++_C23\NeuralTextures\731_741.mp4,1,NeuralTextures,c23,731_741
FaceForensics++,FaceForensics++__NeuralTextures__733_935.mp4,data\raw\FaceForensics++_C23\NeuralTextures\733_935.mp4,1,NeuralTextures,c23,733_935
FaceForensics++,FaceForensics++__NeuralTextures__734_699.mp4,data\raw\FaceForensics++_C23\NeuralTextures\734_699.mp4,1,NeuralTextures,c23,734_699
FaceForensics++,FaceForensics++__NeuralTextures__735_774.mp4,data\raw\FaceForensics++_C23\NeuralTextures\735_774.mp4,1,NeuralTextures,c23,735_774
FaceForensics++,FaceForensics++__NeuralTextures__736_785.mp4,data\raw\FaceForensics++_C23\NeuralTextures\736_785.mp4,1,NeuralTextures,c23,736_785
FaceForensics++,FaceForensics++__NeuralTextures__737_719.mp4,data\raw\FaceForensics++_C23\NeuralTextures\737_719.mp4,1,NeuralTextures,c23,737_719
FaceForensics++,FaceForensics++__NeuralTextures__739_865.mp4,data\raw\FaceForensics++_C23\NeuralTextures\739_865.mp4,1,NeuralTextures,c23,739_865
FaceForensics++,FaceForensics++__NeuralTextures__740_796.mp4,data\raw\FaceForensics++_C23\NeuralTextures\740_796.mp4,1,NeuralTextures,c23,740_796
FaceForensics++,FaceForensics++__NeuralTextures__742_775.mp4,data\raw\FaceForensics++_C23\NeuralTextures\742_775.mp4,1,NeuralTextures,c23,742_775
FaceForensics++,FaceForensics++__NeuralTextures__743_750.mp4,data\raw\FaceForensics++_C23\NeuralTextures\743_750.mp4,1,NeuralTextures,c23,743_750
FaceForensics++,FaceForensics++__NeuralTextures__744_674.mp4,data\raw\FaceForensics++_C23\NeuralTextures\744_674.mp4,1,NeuralTextures,c23,744_674
FaceForensics++,FaceForensics++__NeuralTextures__745_777.mp4,data\raw\FaceForensics++_C23\NeuralTextures\745_777.mp4,1,NeuralTextures,c23,745_777
FaceForensics++,FaceForensics++__NeuralTextures__746_571.mp4,data\raw\FaceForensics++_C23\NeuralTextures\746_571.mp4,1,NeuralTextures,c23,746_571
FaceForensics++,FaceForensics++__NeuralTextures__748_355.mp4,data\raw\FaceForensics++_C23\NeuralTextures\748_355.mp4,1,NeuralTextures,c23,748_355
FaceForensics++,FaceForensics++__NeuralTextures__749_659.mp4,data\raw\FaceForensics++_C23\NeuralTextures\749_659.mp4,1,NeuralTextures,c23,749_659
FaceForensics++,FaceForensics++__NeuralTextures__750_743.mp4,data\raw\FaceForensics++_C23\NeuralTextures\750_743.mp4,1,NeuralTextures,c23,750_743
FaceForensics++,FaceForensics++__NeuralTextures__751_752.mp4,data\raw\FaceForensics++_C23\NeuralTextures\751_752.mp4,1,NeuralTextures,c23,751_752
FaceForensics++,FaceForensics++__NeuralTextures__753_789.mp4,data\raw\FaceForensics++_C23\NeuralTextures\753_789.mp4,1,NeuralTextures,c23,753_789
FaceForensics++,FaceForensics++__NeuralTextures__754_758.mp4,data\raw\FaceForensics++_C23\NeuralTextures\754_758.mp4,1,NeuralTextures,c23,754_758
FaceForensics++,FaceForensics++__NeuralTextures__755_759.mp4,data\raw\FaceForensics++_C23\NeuralTextures\755_759.mp4,1,NeuralTextures,c23,755_759
FaceForensics++,FaceForensics++__NeuralTextures__756_503.mp4,data\raw\FaceForensics++_C23\NeuralTextures\756_503.mp4,1,NeuralTextures,c23,756_503
FaceForensics++,FaceForensics++__NeuralTextures__757_573.mp4,data\raw\FaceForensics++_C23\NeuralTextures\757_573.mp4,1,NeuralTextures,c23,757_573
FaceForensics++,FaceForensics++__NeuralTextures__758_754.mp4,data\raw\FaceForensics++_C23\NeuralTextures\758_754.mp4,1,NeuralTextures,c23,758_754
FaceForensics++,FaceForensics++__NeuralTextures__759_755.mp4,data\raw\FaceForensics++_C23\NeuralTextures\759_755.mp4,1,NeuralTextures,c23,759_755
FaceForensics++,FaceForensics++__NeuralTextures__760_611.mp4,data\raw\FaceForensics++_C23\NeuralTextures\760_611.mp4,1,NeuralTextures,c23,760_611
FaceForensics++,FaceForensics++__NeuralTextures__761_766.mp4,data\raw\FaceForensics++_C23\NeuralTextures\761_766.mp4,1,NeuralTextures,c23,761_766
FaceForensics++,FaceForensics++__NeuralTextures__762_832.mp4,data\raw\FaceForensics++_C23\NeuralTextures\762_832.mp4,1,NeuralTextures,c23,762_832
FaceForensics++,FaceForensics++__NeuralTextures__763_930.mp4,data\raw\FaceForensics++_C23\NeuralTextures\763_930.mp4,1,NeuralTextures,c23,763_930
FaceForensics++,FaceForensics++__NeuralTextures__764_850.mp4,data\raw\FaceForensics++_C23\NeuralTextures\764_850.mp4,1,NeuralTextures,c23,764_850
FaceForensics++,FaceForensics++__NeuralTextures__765_867.mp4,data\raw\FaceForensics++_C23\NeuralTextures\765_867.mp4,1,NeuralTextures,c23,765_867
FaceForensics++,FaceForensics++__NeuralTextures__767_694.mp4,data\raw\FaceForensics++_C23\NeuralTextures\767_694.mp4,1,NeuralTextures,c23,767_694
FaceForensics++,FaceForensics++__NeuralTextures__768_793.mp4,data\raw\FaceForensics++_C23\NeuralTextures\768_793.mp4,1,NeuralTextures,c23,768_793
FaceForensics++,FaceForensics++__NeuralTextures__769_784.mp4,data\raw\FaceForensics++_C23\NeuralTextures\769_784.mp4,1,NeuralTextures,c23,769_784
FaceForensics++,FaceForensics++__NeuralTextures__770_791.mp4,data\raw\FaceForensics++_C23\NeuralTextures\770_791.mp4,1,NeuralTextures,c23,770_791
FaceForensics++,FaceForensics++__NeuralTextures__771_849.mp4,data\raw\FaceForensics++_C23\NeuralTextures\771_849.mp4,1,NeuralTextures,c23,771_849
FaceForensics++,FaceForensics++__NeuralTextures__772_708.mp4,data\raw\FaceForensics++_C23\NeuralTextures\772_708.mp4,1,NeuralTextures,c23,772_708
FaceForensics++,FaceForensics++__NeuralTextures__773_652.mp4,data\raw\FaceForensics++_C23\NeuralTextures\773_652.mp4,1,NeuralTextures,c23,773_652
FaceForensics++,FaceForensics++__NeuralTextures__774_735.mp4,data\raw\FaceForensics++_C23\NeuralTextures\774_735.mp4,1,NeuralTextures,c23,774_735
FaceForensics++,FaceForensics++__NeuralTextures__775_742.mp4,data\raw\FaceForensics++_C23\NeuralTextures\775_742.mp4,1,NeuralTextures,c23,775_742
FaceForensics++,FaceForensics++__NeuralTextures__776_676.mp4,data\raw\FaceForensics++_C23\NeuralTextures\776_676.mp4,1,NeuralTextures,c23,776_676
FaceForensics++,FaceForensics++__NeuralTextures__777_745.mp4,data\raw\FaceForensics++_C23\NeuralTextures\777_745.mp4,1,NeuralTextures,c23,777_745
FaceForensics++,FaceForensics++__NeuralTextures__778_798.mp4,data\raw\FaceForensics++_C23\NeuralTextures\778_798.mp4,1,NeuralTextures,c23,778_798
FaceForensics++,FaceForensics++__NeuralTextures__779_794.mp4,data\raw\FaceForensics++_C23\NeuralTextures\779_794.mp4,1,NeuralTextures,c23,779_794
FaceForensics++,FaceForensics++__NeuralTextures__781_806.mp4,data\raw\FaceForensics++_C23\NeuralTextures\781_806.mp4,1,NeuralTextures,c23,781_806
FaceForensics++,FaceForensics++__NeuralTextures__782_787.mp4,data\raw\FaceForensics++_C23\NeuralTextures\782_787.mp4,1,NeuralTextures,c23,782_787
FaceForensics++,FaceForensics++__NeuralTextures__783_916.mp4,data\raw\FaceForensics++_C23\NeuralTextures\783_916.mp4,1,NeuralTextures,c23,783_916
FaceForensics++,FaceForensics++__NeuralTextures__784_769.mp4,data\raw\FaceForensics++_C23\NeuralTextures\784_769.mp4,1,NeuralTextures,c23,784_769
FaceForensics++,FaceForensics++__NeuralTextures__785_736.mp4,data\raw\FaceForensics++_C23\NeuralTextures\785_736.mp4,1,NeuralTextures,c23,785_736
FaceForensics++,FaceForensics++__NeuralTextures__786_819.mp4,data\raw\FaceForensics++_C23\NeuralTextures\786_819.mp4,1,NeuralTextures,c23,786_819
FaceForensics++,FaceForensics++__NeuralTextures__788_710.mp4,data\raw\FaceForensics++_C23\NeuralTextures\788_710.mp4,1,NeuralTextures,c23,788_710
FaceForensics++,FaceForensics++__NeuralTextures__789_753.mp4,data\raw\FaceForensics++_C23\NeuralTextures\789_753.mp4,1,NeuralTextures,c23,789_753
FaceForensics++,FaceForensics++__NeuralTextures__790_014.mp4,data\raw\FaceForensics++_C23\NeuralTextures\790_014.mp4,1,NeuralTextures,c23,790_014
FaceForensics++,FaceForensics++__NeuralTextures__791_770.mp4,data\raw\FaceForensics++_C23\NeuralTextures\791_770.mp4,1,NeuralTextures,c23,791_770
FaceForensics++,FaceForensics++__NeuralTextures__792_903.mp4,data\raw\FaceForensics++_C23\NeuralTextures\792_903.mp4,1,NeuralTextures,c23,792_903
FaceForensics++,FaceForensics++__NeuralTextures__793_768.mp4,data\raw\FaceForensics++_C23\NeuralTextures\793_768.mp4,1,NeuralTextures,c23,793_768
FaceForensics++,FaceForensics++__NeuralTextures__795_907.mp4,data\raw\FaceForensics++_C23\NeuralTextures\795_907.mp4,1,NeuralTextures,c23,795_907
FaceForensics++,FaceForensics++__NeuralTextures__796_740.mp4,data\raw\FaceForensics++_C23\NeuralTextures\796_740.mp4,1,NeuralTextures,c23,796_740
FaceForensics++,FaceForensics++__NeuralTextures__797_844.mp4,data\raw\FaceForensics++_C23\NeuralTextures\797_844.mp4,1,NeuralTextures,c23,797_844
FaceForensics++,FaceForensics++__NeuralTextures__799_809.mp4,data\raw\FaceForensics++_C23\NeuralTextures\799_809.mp4,1,NeuralTextures,c23,799_809
FaceForensics++,FaceForensics++__NeuralTextures__800_840.mp4,data\raw\FaceForensics++_C23\NeuralTextures\800_840.mp4,1,NeuralTextures,c23,800_840
FaceForensics++,FaceForensics++__NeuralTextures__802_885.mp4,data\raw\FaceForensics++_C23\NeuralTextures\802_885.mp4,1,NeuralTextures,c23,802_885
FaceForensics++,FaceForensics++__NeuralTextures__803_017.mp4,data\raw\FaceForensics++_C23\NeuralTextures\803_017.mp4,1,NeuralTextures,c23,803_017
FaceForensics++,FaceForensics++__NeuralTextures__804_738.mp4,data\raw\FaceForensics++_C23\NeuralTextures\804_738.mp4,1,NeuralTextures,c23,804_738
FaceForensics++,FaceForensics++__NeuralTextures__805_011.mp4,data\raw\FaceForensics++_C23\NeuralTextures\805_011.mp4,1,NeuralTextures,c23,805_011
FaceForensics++,FaceForensics++__NeuralTextures__806_781.mp4,data\raw\FaceForensics++_C23\NeuralTextures\806_781.mp4,1,NeuralTextures,c23,806_781
FaceForensics++,FaceForensics++__NeuralTextures__807_273.mp4,data\raw\FaceForensics++_C23\NeuralTextures\807_273.mp4,1,NeuralTextures,c23,807_273
FaceForensics++,FaceForensics++__NeuralTextures__811_920.mp4,data\raw\FaceForensics++_C23\NeuralTextures\811_920.mp4,1,NeuralTextures,c23,811_920
FaceForensics++,FaceForensics++__NeuralTextures__813_700.mp4,data\raw\FaceForensics++_C23\NeuralTextures\813_700.mp4,1,NeuralTextures,c23,813_700
FaceForensics++,FaceForensics++__NeuralTextures__814_871.mp4,data\raw\FaceForensics++_C23\NeuralTextures\814_871.mp4,1,NeuralTextures,c23,814_871
FaceForensics++,FaceForensics++__NeuralTextures__815_730.mp4,data\raw\FaceForensics++_C23\NeuralTextures\815_730.mp4,1,NeuralTextures,c23,815_730
FaceForensics++,FaceForensics++__NeuralTextures__817_827.mp4,data\raw\FaceForensics++_C23\NeuralTextures\817_827.mp4,1,NeuralTextures,c23,817_827
FaceForensics++,FaceForensics++__NeuralTextures__818_820.mp4,data\raw\FaceForensics++_C23\NeuralTextures\818_820.mp4,1,NeuralTextures,c23,818_820
FaceForensics++,FaceForensics++__NeuralTextures__819_786.mp4,data\raw\FaceForensics++_C23\NeuralTextures\819_786.mp4,1,NeuralTextures,c23,819_786
FaceForensics++,FaceForensics++__NeuralTextures__820_818.mp4,data\raw\FaceForensics++_C23\NeuralTextures\820_818.mp4,1,NeuralTextures,c23,820_818
FaceForensics++,FaceForensics++__NeuralTextures__822_244.mp4,data\raw\FaceForensics++_C23\NeuralTextures\822_244.mp4,1,NeuralTextures,c23,822_244
FaceForensics++,FaceForensics++__NeuralTextures__823_584.mp4,data\raw\FaceForensics++_C23\NeuralTextures\823_584.mp4,1,NeuralTextures,c23,823_584
FaceForensics++,FaceForensics++__NeuralTextures__824_419.mp4,data\raw\FaceForensics++_C23\NeuralTextures\824_419.mp4,1,NeuralTextures,c23,824_419
FaceForensics++,FaceForensics++__NeuralTextures__825_074.mp4,data\raw\FaceForensics++_C23\NeuralTextures\825_074.mp4,1,NeuralTextures,c23,825_074
FaceForensics++,FaceForensics++__NeuralTextures__826_833.mp4,data\raw\FaceForensics++_C23\NeuralTextures\826_833.mp4,1,NeuralTextures,c23,826_833
FaceForensics++,FaceForensics++__NeuralTextures__828_830.mp4,data\raw\FaceForensics++_C23\NeuralTextures\828_830.mp4,1,NeuralTextures,c23,828_830
FaceForensics++,FaceForensics++__NeuralTextures__829_808.mp4,data\raw\FaceForensics++_C23\NeuralTextures\829_808.mp4,1,NeuralTextures,c23,829_808
FaceForensics++,FaceForensics++__NeuralTextures__831_508.mp4,data\raw\FaceForensics++_C23\NeuralTextures\831_508.mp4,1,NeuralTextures,c23,831_508
FaceForensics++,FaceForensics++__NeuralTextures__832_762.mp4,data\raw\FaceForensics++_C23\NeuralTextures\832_762.mp4,1,NeuralTextures,c23,832_762
FaceForensics++,FaceForensics++__NeuralTextures__833_826.mp4,data\raw\FaceForensics++_C23\NeuralTextures\833_826.mp4,1,NeuralTextures,c23,833_826
FaceForensics++,FaceForensics++__NeuralTextures__834_852.mp4,data\raw\FaceForensics++_C23\NeuralTextures\834_852.mp4,1,NeuralTextures,c23,834_852
FaceForensics++,FaceForensics++__NeuralTextures__836_950.mp4,data\raw\FaceForensics++_C23\NeuralTextures\836_950.mp4,1,NeuralTextures,c23,836_950
FaceForensics++,FaceForensics++__NeuralTextures__837_890.mp4,data\raw\FaceForensics++_C23\NeuralTextures\837_890.mp4,1,NeuralTextures,c23,837_890
FaceForensics++,FaceForensics++__NeuralTextures__838_810.mp4,data\raw\FaceForensics++_C23\NeuralTextures\838_810.mp4,1,NeuralTextures,c23,838_810
FaceForensics++,FaceForensics++__NeuralTextures__839_864.mp4,data\raw\FaceForensics++_C23\NeuralTextures\839_864.mp4,1,NeuralTextures,c23,839_864
FaceForensics++,FaceForensics++__NeuralTextures__840_800.mp4,data\raw\FaceForensics++_C23\NeuralTextures\840_800.mp4,1,NeuralTextures,c23,840_800
FaceForensics++,FaceForensics++__NeuralTextures__841_639.mp4,data\raw\FaceForensics++_C23\NeuralTextures\841_639.mp4,1,NeuralTextures,c23,841_639
FaceForensics++,FaceForensics++__NeuralTextures__842_714.mp4,data\raw\FaceForensics++_C23\NeuralTextures\842_714.mp4,1,NeuralTextures,c23,842_714
FaceForensics++,FaceForensics++__NeuralTextures__843_859.mp4,data\raw\FaceForensics++_C23\NeuralTextures\843_859.mp4,1,NeuralTextures,c23,843_859
FaceForensics++,FaceForensics++__NeuralTextures__844_797.mp4,data\raw\FaceForensics++_C23\NeuralTextures\844_797.mp4,1,NeuralTextures,c23,844_797
FaceForensics++,FaceForensics++__NeuralTextures__845_846.mp4,data\raw\FaceForensics++_C23\NeuralTextures\845_846.mp4,1,NeuralTextures,c23,845_846
FaceForensics++,FaceForensics++__NeuralTextures__846_845.mp4,data\raw\FaceForensics++_C23\NeuralTextures\846_845.mp4,1,NeuralTextures,c23,846_845
FaceForensics++,FaceForensics++__NeuralTextures__847_906.mp4,data\raw\FaceForensics++_C23\NeuralTextures\847_906.mp4,1,NeuralTextures,c23,847_906
FaceForensics++,FaceForensics++__NeuralTextures__848_894.mp4,data\raw\FaceForensics++_C23\NeuralTextures\848_894.mp4,1,NeuralTextures,c23,848_894
FaceForensics++,FaceForensics++__NeuralTextures__851_552.mp4,data\raw\FaceForensics++_C23\NeuralTextures\851_552.mp4,1,NeuralTextures,c23,851_552
FaceForensics++,FaceForensics++__NeuralTextures__853_863.mp4,data\raw\FaceForensics++_C23\NeuralTextures\853_863.mp4,1,NeuralTextures,c23,853_863
FaceForensics++,FaceForensics++__NeuralTextures__854_747.mp4,data\raw\FaceForensics++_C23\NeuralTextures\854_747.mp4,1,NeuralTextures,c23,854_747
FaceForensics++,FaceForensics++__NeuralTextures__856_881.mp4,data\raw\FaceForensics++_C23\NeuralTextures\856_881.mp4,1,NeuralTextures,c23,856_881
FaceForensics++,FaceForensics++__NeuralTextures__857_909.mp4,data\raw\FaceForensics++_C23\NeuralTextures\857_909.mp4,1,NeuralTextures,c23,857_909
FaceForensics++,FaceForensics++__NeuralTextures__858_861.mp4,data\raw\FaceForensics++_C23\NeuralTextures\858_861.mp4,1,NeuralTextures,c23,858_861
FaceForensics++,FaceForensics++__NeuralTextures__860_905.mp4,data\raw\FaceForensics++_C23\NeuralTextures\860_905.mp4,1,NeuralTextures,c23,860_905
FaceForensics++,FaceForensics++__NeuralTextures__861_858.mp4,data\raw\FaceForensics++_C23\NeuralTextures\861_858.mp4,1,NeuralTextures,c23,861_858
FaceForensics++,FaceForensics++__NeuralTextures__862_047.mp4,data\raw\FaceForensics++_C23\NeuralTextures\862_047.mp4,1,NeuralTextures,c23,862_047
FaceForensics++,FaceForensics++__NeuralTextures__864_839.mp4,data\raw\FaceForensics++_C23\NeuralTextures\864_839.mp4,1,NeuralTextures,c23,864_839
FaceForensics++,FaceForensics++__NeuralTextures__865_739.mp4,data\raw\FaceForensics++_C23\NeuralTextures\865_739.mp4,1,NeuralTextures,c23,865_739
FaceForensics++,FaceForensics++__NeuralTextures__866_878.mp4,data\raw\FaceForensics++_C23\NeuralTextures\866_878.mp4,1,NeuralTextures,c23,866_878
FaceForensics++,FaceForensics++__NeuralTextures__867_765.mp4,data\raw\FaceForensics++_C23\NeuralTextures\867_765.mp4,1,NeuralTextures,c23,867_765
FaceForensics++,FaceForensics++__NeuralTextures__868_949.mp4,data\raw\FaceForensics++_C23\NeuralTextures\868_949.mp4,1,NeuralTextures,c23,868_949
FaceForensics++,FaceForensics++__NeuralTextures__869_780.mp4,data\raw\FaceForensics++_C23\NeuralTextures\869_780.mp4,1,NeuralTextures,c23,869_780
FaceForensics++,FaceForensics++__NeuralTextures__871_814.mp4,data\raw\FaceForensics++_C23\NeuralTextures\871_814.mp4,1,NeuralTextures,c23,871_814
FaceForensics++,FaceForensics++__NeuralTextures__874_291.mp4,data\raw\FaceForensics++_C23\NeuralTextures\874_291.mp4,1,NeuralTextures,c23,874_291
FaceForensics++,FaceForensics++__NeuralTextures__876_891.mp4,data\raw\FaceForensics++_C23\NeuralTextures\876_891.mp4,1,NeuralTextures,c23,876_891
FaceForensics++,FaceForensics++__NeuralTextures__877_886.mp4,data\raw\FaceForensics++_C23\NeuralTextures\877_886.mp4,1,NeuralTextures,c23,877_886
FaceForensics++,FaceForensics++__NeuralTextures__878_866.mp4,data\raw\FaceForensics++_C23\NeuralTextures\878_866.mp4,1,NeuralTextures,c23,878_866
FaceForensics++,FaceForensics++__NeuralTextures__880_135.mp4,data\raw\FaceForensics++_C23\NeuralTextures\880_135.mp4,1,NeuralTextures,c23,880_135
FaceForensics++,FaceForensics++__NeuralTextures__881_856.mp4,data\raw\FaceForensics++_C23\NeuralTextures\881_856.mp4,1,NeuralTextures,c23,881_856
FaceForensics++,FaceForensics++__NeuralTextures__882_952.mp4,data\raw\FaceForensics++_C23\NeuralTextures\882_952.mp4,1,NeuralTextures,c23,882_952
FaceForensics++,FaceForensics++__NeuralTextures__883_013.mp4,data\raw\FaceForensics++_C23\NeuralTextures\883_013.mp4,1,NeuralTextures,c23,883_013
FaceForensics++,FaceForensics++__NeuralTextures__886_877.mp4,data\raw\FaceForensics++_C23\NeuralTextures\886_877.mp4,1,NeuralTextures,c23,886_877
FaceForensics++,FaceForensics++__NeuralTextures__887_275.mp4,data\raw\FaceForensics++_C23\NeuralTextures\887_275.mp4,1,NeuralTextures,c23,887_275
FaceForensics++,FaceForensics++__NeuralTextures__888_937.mp4,data\raw\FaceForensics++_C23\NeuralTextures\888_937.mp4,1,NeuralTextures,c23,888_937
FaceForensics++,FaceForensics++__NeuralTextures__890_837.mp4,data\raw\FaceForensics++_C23\NeuralTextures\890_837.mp4,1,NeuralTextures,c23,890_837
FaceForensics++,FaceForensics++__NeuralTextures__891_876.mp4,data\raw\FaceForensics++_C23\NeuralTextures\891_876.mp4,1,NeuralTextures,c23,891_876
FaceForensics++,FaceForensics++__NeuralTextures__892_112.mp4,data\raw\FaceForensics++_C23\NeuralTextures\892_112.mp4,1,NeuralTextures,c23,892_112
FaceForensics++,FaceForensics++__NeuralTextures__894_848.mp4,data\raw\FaceForensics++_C23\NeuralTextures\894_848.mp4,1,NeuralTextures,c23,894_848
FaceForensics++,FaceForensics++__NeuralTextures__896_128.mp4,data\raw\FaceForensics++_C23\NeuralTextures\896_128.mp4,1,NeuralTextures,c23,896_128
FaceForensics++,FaceForensics++__NeuralTextures__897_969.mp4,data\raw\FaceForensics++_C23\NeuralTextures\897_969.mp4,1,NeuralTextures,c23,897_969
FaceForensics++,FaceForensics++__NeuralTextures__898_922.mp4,data\raw\FaceForensics++_C23\NeuralTextures\898_922.mp4,1,NeuralTextures,c23,898_922
FaceForensics++,FaceForensics++__NeuralTextures__900_926.mp4,data\raw\FaceForensics++_C23\NeuralTextures\900_926.mp4,1,NeuralTextures,c23,900_926
FaceForensics++,FaceForensics++__NeuralTextures__901_902.mp4,data\raw\FaceForensics++_C23\NeuralTextures\901_902.mp4,1,NeuralTextures,c23,901_902
FaceForensics++,FaceForensics++__NeuralTextures__902_901.mp4,data\raw\FaceForensics++_C23\NeuralTextures\902_901.mp4,1,NeuralTextures,c23,902_901
FaceForensics++,FaceForensics++__NeuralTextures__903_792.mp4,data\raw\FaceForensics++_C23\NeuralTextures\903_792.mp4,1,NeuralTextures,c23,903_792
FaceForensics++,FaceForensics++__NeuralTextures__904_046.mp4,data\raw\FaceForensics++_C23\NeuralTextures\904_046.mp4,1,NeuralTextures,c23,904_046
FaceForensics++,FaceForensics++__NeuralTextures__905_860.mp4,data\raw\FaceForensics++_C23\NeuralTextures\905_860.mp4,1,NeuralTextures,c23,905_860
FaceForensics++,FaceForensics++__NeuralTextures__906_847.mp4,data\raw\FaceForensics++_C23\NeuralTextures\906_847.mp4,1,NeuralTextures,c23,906_847
FaceForensics++,FaceForensics++__NeuralTextures__907_795.mp4,data\raw\FaceForensics++_C23\NeuralTextures\907_795.mp4,1,NeuralTextures,c23,907_795
FaceForensics++,FaceForensics++__NeuralTextures__908_207.mp4,data\raw\FaceForensics++_C23\NeuralTextures\908_207.mp4,1,NeuralTextures,c23,908_207
FaceForensics++,FaceForensics++__NeuralTextures__909_857.mp4,data\raw\FaceForensics++_C23\NeuralTextures\909_857.mp4,1,NeuralTextures,c23,909_857
FaceForensics++,FaceForensics++__NeuralTextures__910_911.mp4,data\raw\FaceForensics++_C23\NeuralTextures\910_911.mp4,1,NeuralTextures,c23,910_911
FaceForensics++,FaceForensics++__NeuralTextures__911_910.mp4,data\raw\FaceForensics++_C23\NeuralTextures\911_910.mp4,1,NeuralTextures,c23,911_910
FaceForensics++,FaceForensics++__NeuralTextures__912_927.mp4,data\raw\FaceForensics++_C23\NeuralTextures\912_927.mp4,1,NeuralTextures,c23,912_927
FaceForensics++,FaceForensics++__NeuralTextures__913_893.mp4,data\raw\FaceForensics++_C23\NeuralTextures\913_893.mp4,1,NeuralTextures,c23,913_893
FaceForensics++,FaceForensics++__NeuralTextures__914_899.mp4,data\raw\FaceForensics++_C23\NeuralTextures\914_899.mp4,1,NeuralTextures,c23,914_899
FaceForensics++,FaceForensics++__NeuralTextures__915_895.mp4,data\raw\FaceForensics++_C23\NeuralTextures\915_895.mp4,1,NeuralTextures,c23,915_895
FaceForensics++,FaceForensics++__NeuralTextures__917_924.mp4,data\raw\FaceForensics++_C23\NeuralTextures\917_924.mp4,1,NeuralTextures,c23,917_924
FaceForensics++,FaceForensics++__NeuralTextures__918_934.mp4,data\raw\FaceForensics++_C23\NeuralTextures\918_934.mp4,1,NeuralTextures,c23,918_934
FaceForensics++,FaceForensics++__NeuralTextures__919_015.mp4,data\raw\FaceForensics++_C23\NeuralTextures\919_015.mp4,1,NeuralTextures,c23,919_015
FaceForensics++,FaceForensics++__NeuralTextures__920_811.mp4,data\raw\FaceForensics++_C23\NeuralTextures\920_811.mp4,1,NeuralTextures,c23,920_811
FaceForensics++,FaceForensics++__NeuralTextures__921_569.mp4,data\raw\FaceForensics++_C23\NeuralTextures\921_569.mp4,1,NeuralTextures,c23,921_569
FaceForensics++,FaceForensics++__NeuralTextures__922_898.mp4,data\raw\FaceForensics++_C23\NeuralTextures\922_898.mp4,1,NeuralTextures,c23,922_898
FaceForensics++,FaceForensics++__NeuralTextures__923_023.mp4,data\raw\FaceForensics++_C23\NeuralTextures\923_023.mp4,1,NeuralTextures,c23,923_023
FaceForensics++,FaceForensics++__NeuralTextures__924_917.mp4,data\raw\FaceForensics++_C23\NeuralTextures\924_917.mp4,1,NeuralTextures,c23,924_917
FaceForensics++,FaceForensics++__NeuralTextures__925_933.mp4,data\raw\FaceForensics++_C23\NeuralTextures\925_933.mp4,1,NeuralTextures,c23,925_933
FaceForensics++,FaceForensics++__NeuralTextures__926_900.mp4,data\raw\FaceForensics++_C23\NeuralTextures\926_900.mp4,1,NeuralTextures,c23,926_900
FaceForensics++,FaceForensics++__NeuralTextures__927_912.mp4,data\raw\FaceForensics++_C23\NeuralTextures\927_912.mp4,1,NeuralTextures,c23,927_912
FaceForensics++,FaceForensics++__NeuralTextures__928_160.mp4,data\raw\FaceForensics++_C23\NeuralTextures\928_160.mp4,1,NeuralTextures,c23,928_160
FaceForensics++,FaceForensics++__NeuralTextures__930_763.mp4,data\raw\FaceForensics++_C23\NeuralTextures\930_763.mp4,1,NeuralTextures,c23,930_763
FaceForensics++,FaceForensics++__NeuralTextures__932_384.mp4,data\raw\FaceForensics++_C23\NeuralTextures\932_384.mp4,1,NeuralTextures,c23,932_384
FaceForensics++,FaceForensics++__NeuralTextures__933_925.mp4,data\raw\FaceForensics++_C23\NeuralTextures\933_925.mp4,1,NeuralTextures,c23,933_925
FaceForensics++,FaceForensics++__NeuralTextures__934_918.mp4,data\raw\FaceForensics++_C23\NeuralTextures\934_918.mp4,1,NeuralTextures,c23,934_918
FaceForensics++,FaceForensics++__NeuralTextures__935_733.mp4,data\raw\FaceForensics++_C23\NeuralTextures\935_733.mp4,1,NeuralTextures,c23,935_733
FaceForensics++,FaceForensics++__NeuralTextures__937_888.mp4,data\raw\FaceForensics++_C23\NeuralTextures\937_888.mp4,1,NeuralTextures,c23,937_888
FaceForensics++,FaceForensics++__NeuralTextures__938_987.mp4,data\raw\FaceForensics++_C23\NeuralTextures\938_987.mp4,1,NeuralTextures,c23,938_987
FaceForensics++,FaceForensics++__NeuralTextures__939_115.mp4,data\raw\FaceForensics++_C23\NeuralTextures\939_115.mp4,1,NeuralTextures,c23,939_115
FaceForensics++,FaceForensics++__NeuralTextures__940_941.mp4,data\raw\FaceForensics++_C23\NeuralTextures\940_941.mp4,1,NeuralTextures,c23,940_941
FaceForensics++,FaceForensics++__NeuralTextures__941_940.mp4,data\raw\FaceForensics++_C23\NeuralTextures\941_940.mp4,1,NeuralTextures,c23,941_940
FaceForensics++,FaceForensics++__NeuralTextures__944_032.mp4,data\raw\FaceForensics++_C23\NeuralTextures\944_032.mp4,1,NeuralTextures,c23,944_032
FaceForensics++,FaceForensics++__NeuralTextures__945_044.mp4,data\raw\FaceForensics++_C23\NeuralTextures\945_044.mp4,1,NeuralTextures,c23,945_044
FaceForensics++,FaceForensics++__NeuralTextures__946_049.mp4,data\raw\FaceForensics++_C23\NeuralTextures\946_049.mp4,1,NeuralTextures,c23,946_049
FaceForensics++,FaceForensics++__NeuralTextures__947_951.mp4,data\raw\FaceForensics++_C23\NeuralTextures\947_951.mp4,1,NeuralTextures,c23,947_951
FaceForensics++,FaceForensics++__NeuralTextures__948_965.mp4,data\raw\FaceForensics++_C23\NeuralTextures\948_965.mp4,1,NeuralTextures,c23,948_965
FaceForensics++,FaceForensics++__NeuralTextures__949_868.mp4,data\raw\FaceForensics++_C23\NeuralTextures\949_868.mp4,1,NeuralTextures,c23,949_868
FaceForensics++,FaceForensics++__NeuralTextures__950_836.mp4,data\raw\FaceForensics++_C23\NeuralTextures\950_836.mp4,1,NeuralTextures,c23,950_836
FaceForensics++,FaceForensics++__NeuralTextures__951_947.mp4,data\raw\FaceForensics++_C23\NeuralTextures\951_947.mp4,1,NeuralTextures,c23,951_947
FaceForensics++,FaceForensics++__NeuralTextures__952_882.mp4,data\raw\FaceForensics++_C23\NeuralTextures\952_882.mp4,1,NeuralTextures,c23,952_882
FaceForensics++,FaceForensics++__NeuralTextures__953_974.mp4,data\raw\FaceForensics++_C23\NeuralTextures\953_974.mp4,1,NeuralTextures,c23,953_974
FaceForensics++,FaceForensics++__NeuralTextures__955_078.mp4,data\raw\FaceForensics++_C23\NeuralTextures\955_078.mp4,1,NeuralTextures,c23,955_078
FaceForensics++,FaceForensics++__NeuralTextures__956_958.mp4,data\raw\FaceForensics++_C23\NeuralTextures\956_958.mp4,1,NeuralTextures,c23,956_958
FaceForensics++,FaceForensics++__NeuralTextures__957_959.mp4,data\raw\FaceForensics++_C23\NeuralTextures\957_959.mp4,1,NeuralTextures,c23,957_959
FaceForensics++,FaceForensics++__NeuralTextures__958_956.mp4,data\raw\FaceForensics++_C23\NeuralTextures\958_956.mp4,1,NeuralTextures,c23,958_956
FaceForensics++,FaceForensics++__NeuralTextures__959_957.mp4,data\raw\FaceForensics++_C23\NeuralTextures\959_957.mp4,1,NeuralTextures,c23,959_957
FaceForensics++,FaceForensics++__NeuralTextures__960_999.mp4,data\raw\FaceForensics++_C23\NeuralTextures\960_999.mp4,1,NeuralTextures,c23,960_999
FaceForensics++,FaceForensics++__NeuralTextures__961_069.mp4,data\raw\FaceForensics++_C23\NeuralTextures\961_069.mp4,1,NeuralTextures,c23,961_069
FaceForensics++,FaceForensics++__NeuralTextures__962_929.mp4,data\raw\FaceForensics++_C23\NeuralTextures\962_929.mp4,1,NeuralTextures,c23,962_929
FaceForensics++,FaceForensics++__NeuralTextures__963_879.mp4,data\raw\FaceForensics++_C23\NeuralTextures\963_879.mp4,1,NeuralTextures,c23,963_879
FaceForensics++,FaceForensics++__NeuralTextures__964_174.mp4,data\raw\FaceForensics++_C23\NeuralTextures\964_174.mp4,1,NeuralTextures,c23,964_174
FaceForensics++,FaceForensics++__NeuralTextures__965_948.mp4,data\raw\FaceForensics++_C23\NeuralTextures\965_948.mp4,1,NeuralTextures,c23,965_948
FaceForensics++,FaceForensics++__NeuralTextures__966_988.mp4,data\raw\FaceForensics++_C23\NeuralTextures\966_988.mp4,1,NeuralTextures,c23,966_988
FaceForensics++,FaceForensics++__NeuralTextures__967_984.mp4,data\raw\FaceForensics++_C23\NeuralTextures\967_984.mp4,1,NeuralTextures,c23,967_984
FaceForensics++,FaceForensics++__NeuralTextures__968_884.mp4,data\raw\FaceForensics++_C23\NeuralTextures\968_884.mp4,1,NeuralTextures,c23,968_884
FaceForensics++,FaceForensics++__NeuralTextures__969_897.mp4,data\raw\FaceForensics++_C23\NeuralTextures\969_897.mp4,1,NeuralTextures,c23,969_897
FaceForensics++,FaceForensics++__NeuralTextures__970_973.mp4,data\raw\FaceForensics++_C23\NeuralTextures\970_973.mp4,1,NeuralTextures,c23,970_973
FaceForensics++,FaceForensics++__NeuralTextures__971_564.mp4,data\raw\FaceForensics++_C23\NeuralTextures\971_564.mp4,1,NeuralTextures,c23,971_564
FaceForensics++,FaceForensics++__NeuralTextures__973_970.mp4,data\raw\FaceForensics++_C23\NeuralTextures\973_970.mp4,1,NeuralTextures,c23,973_970
FaceForensics++,FaceForensics++__NeuralTextures__974_953.mp4,data\raw\FaceForensics++_C23\NeuralTextures\974_953.mp4,1,NeuralTextures,c23,974_953
FaceForensics++,FaceForensics++__NeuralTextures__976_954.mp4,data\raw\FaceForensics++_C23\NeuralTextures\976_954.mp4,1,NeuralTextures,c23,976_954
FaceForensics++,FaceForensics++__NeuralTextures__977_075.mp4,data\raw\FaceForensics++_C23\NeuralTextures\977_075.mp4,1,NeuralTextures,c23,977_075
FaceForensics++,FaceForensics++__NeuralTextures__978_975.mp4,data\raw\FaceForensics++_C23\NeuralTextures\978_975.mp4,1,NeuralTextures,c23,978_975
FaceForensics++,FaceForensics++__NeuralTextures__979_875.mp4,data\raw\FaceForensics++_C23\NeuralTextures\979_875.mp4,1,NeuralTextures,c23,979_875
FaceForensics++,FaceForensics++__NeuralTextures__982_004.mp4,data\raw\FaceForensics++_C23\NeuralTextures\982_004.mp4,1,NeuralTextures,c23,982_004
FaceForensics++,FaceForensics++__NeuralTextures__983_113.mp4,data\raw\FaceForensics++_C23\NeuralTextures\983_113.mp4,1,NeuralTextures,c23,983_113
FaceForensics++,FaceForensics++__NeuralTextures__984_967.mp4,data\raw\FaceForensics++_C23\NeuralTextures\984_967.mp4,1,NeuralTextures,c23,984_967
FaceForensics++,FaceForensics++__NeuralTextures__986_994.mp4,data\raw\FaceForensics++_C23\NeuralTextures\986_994.mp4,1,NeuralTextures,c23,986_994
FaceForensics++,FaceForensics++__NeuralTextures__989_993.mp4,data\raw\FaceForensics++_C23\NeuralTextures\989_993.mp4,1,NeuralTextures,c23,989_993
FaceForensics++,FaceForensics++__NeuralTextures__990_008.mp4,data\raw\FaceForensics++_C23\NeuralTextures\990_008.mp4,1,NeuralTextures,c23,990_008
FaceForensics++,FaceForensics++__NeuralTextures__991_064.mp4,data\raw\FaceForensics++_C23\NeuralTextures\991_064.mp4,1,NeuralTextures,c23,991_064
FaceForensics++,FaceForensics++__NeuralTextures__992_980.mp4,data\raw\FaceForensics++_C23\NeuralTextures\992_980.mp4,1,NeuralTextures,c23,992_980
FaceForensics++,FaceForensics++__NeuralTextures__994_986.mp4,data\raw\FaceForensics++_C23\NeuralTextures\994_986.mp4,1,NeuralTextures,c23,994_986
FaceForensics++,FaceForensics++__NeuralTextures__995_233.mp4,data\raw\FaceForensics++_C23\NeuralTextures\995_233.mp4,1,NeuralTextures,c23,995_233
FaceForensics++,FaceForensics++__NeuralTextures__997_040.mp4,data\raw\FaceForensics++_C23\NeuralTextures\997_040.mp4,1,NeuralTextures,c23,997_040
FaceForensics++,FaceForensics++__NeuralTextures__998_561.mp4,data\raw\FaceForensics++_C23\NeuralTextures\998_561.mp4,1,NeuralTextures,c23,998_561
FaceForensics++,FaceForensics++__NeuralTextures__999_960.mp4,data\raw\FaceForensics++_C23\NeuralTextures\999_960.mp4,1,NeuralTextures,c23,999_960
FaceForensics++,FaceForensics++__DeepFakeDetection__01_02__meeting_serious__YVGY8LOK.mp4,data\raw\FaceForensics++_C23\DeepFakeDetection\01_02__meeting_serious__YVGY8LOK.mp4,1,DeepFakeDetection,c23,01_02__meeting_serious__YVGY8LOK
FaceForensics++,FaceForensics++__DeepFakeDetection__01_02__outside_talking_still_laughing__YVGY8LOK.mp4,data\raw\FaceForensics++_C23\DeepFakeDetection\01_02__outside_talking_still_laughing__YVGY8LOK.mp4,1,DeepFakeDetection,c23,01_02__outside_talking_still_laughing__YVGY8LOK
FaceForensics++,FaceForensics++__DeepFakeDetection__01_02__talking_against_wall__YVGY8LOK.mp4,data\raw\FaceForensics++_C23\DeepFakeDetection\01_02__talking_against_wall__YVGY8LOK.mp4,1,DeepFakeDetection,c23,01_02__talking_against_wall__YVGY8LOK
FaceForensics++,FaceForensics++__DeepFakeDetection__01_02__walking_down_indoor_hall_disgust__YVGY8LOK.mp4,data\raw\FaceForensics++_C23\DeepFakeDetection\01_02__walking_down_indoor_hall_disgust__YVGY8LOK.mp4,1,DeepFakeDetection,c23,01_02__walking_down_indoor_hall_disgust__YVGY8LOK
FaceForensics++,FaceForensics++__DeepFakeDetection__01_02__walk_down_hall_angry__YVGY8LOK.mp4,data\raw\FaceForensics++_C23\DeepFakeDetection\01_02__walk_down_hall_angry__YVGY8LOK.mp4,1,DeepFakeDetection,c23,01_02__walk_down_hall_angry__YVGY8LOK
FaceForensics++,FaceForensics++__DeepFakeDetection__01_03__hugging_happy__ISF9SP4G.mp4,data\raw\FaceForensics++_C23\DeepFakeDetection\01_03__hugging_happy__ISF9SP4G.mp4,1,DeepFakeDetection,c23,01_03__hugging_happy__ISF9SP4G
FaceForensics++,FaceForensics++__DeepFakeDetection__01_03__kitchen_pan__JZUXXFRB.mp4,data\raw\FaceForensics++_C23\DeepFakeDetection\01_03__kitchen_pan__JZUXXFRB.mp4,1,DeepFakeDetection,c23,01_03__kitchen_pan__JZUXXFRB
FaceForensics++,FaceForensics++__DeepFakeDetection__01_03__talking_against_wall__JZUXXFRB.mp4,data\raw\FaceForensics++_C23\DeepFakeDetection\01_03__talking_against_wall__JZUXXFRB.mp4,1,DeepFakeDetection,c23,01_03__talking_against_wall__JZUXXFRB
FaceForensics++,FaceForensics++__DeepFakeDetection__01_04__hugging_happy__GBC7ZGDP.mp4,data\raw\FaceForensics++_C23\DeepFakeDetection\01_04__hugging_happy__GBC7ZGDP.mp4,1,DeepFakeDetection,c23,01_04__hugging_happy__GBC7ZGDP
FaceForensics++,FaceForensics++__DeepFakeDetection__01_04__meeting_serious__0XUW13RW.mp4,data\raw\FaceForensics++_C23\DeepFakeDetection\01_04__meeting_serious__0XUW13RW.mp4,1,DeepFakeDetection,c23,01_04__meeting_serious__0XUW13RW
FaceForensics++,FaceForensics++__DeepFakeDetection__01_04__talking_angry_couch__0XUW13RW.mp4,data\raw\FaceForensics++_C23\DeepFakeDetection\01_04__talking_angry_couch__0XUW13RW.mp4,1,DeepFakeDetection,c23,01_04__talking_angry_couch__0XUW13RW
FaceForensics++,FaceForensics++__DeepFakeDetection__01_04__walk_down_hall_angry__GBC7ZGDP.mp4,data\raw\FaceForensics++_C23\DeepFakeDetection\01_04__walk_down_hall_angry__GBC7ZGDP.mp4,1,DeepFakeDetection,c23,01_04__walk_down_hall_angry__GBC7ZGDP
FaceForensics++,FaceForensics++__DeepFakeDetection__01_09__talking_angry_couch__P70H1JB0.mp4,data\raw\FaceForensics++_C23\DeepFakeDetection\01_09__talking_angry_couch__P70H1JB0.mp4,1,DeepFakeDetection,c23,01_09__talking_angry_couch__P70H1JB0
FaceForensics++,FaceForensics++__DeepFakeDetection__01_11__hugging_happy__4OJNJLOO.mp4,data\raw\FaceForensics++_C23\DeepFakeDetection\01_11__hugging_happy__4OJNJLOO.mp4,1,DeepFakeDetection,c23,01_11__hugging_happy__4OJNJLOO
FaceForensics++,FaceForensics++__DeepFakeDetection__01_11__meeting_serious__9OM3VE0Y.mp4,data\raw\FaceForensics++_C23\DeepFakeDetection\01_11__meeting_serious__9OM3VE0Y.mp4,1,DeepFakeDetection,c23,01_11__meeting_serious__9OM3VE0Y
FaceForensics++,FaceForensics++__DeepFakeDetection__01_11__meeting_serious__FCNL2OVP.mp4,data\raw\FaceForensics++_C23\DeepFakeDetection\01_11__meeting_serious__FCNL2OVP.mp4,1,DeepFakeDetection,c23,01_11__meeting_serious__FCNL2OVP
FaceForensics++,FaceForensics++__DeepFakeDetection__01_11__outside_talking_pan_laughing__WIZ7GKOD.mp4,data\raw\FaceForensics++_C23\DeepFakeDetection\01_11__outside_talking_pan_laughing__WIZ7GKOD.mp4,1,DeepFakeDetection,c23,01_11__outside_talking_pan_laughing__WIZ7GKOD
FaceForensics++,FaceForensics++__DeepFakeDetection__01_11__secret_conversation__4OJNJLOO.mp4,data\raw\FaceForensics++_C23\DeepFakeDetection\01_11__secret_conversation__4OJNJLOO.mp4,1,DeepFakeDetection,c23,01_11__secret_conversation__4OJNJLOO
FaceForensics++,FaceForensics++__DeepFakeDetection__01_11__talking_against_wall__4OJNJLOO.mp4,data\raw\FaceForensics++_C23\DeepFakeDetection\01_11__talking_against_wall__4OJNJLOO.mp4,1,DeepFakeDetection,c23,01_11__talking_against_wall__4OJNJLOO
FaceForensics++,FaceForensics++__DeepFakeDetection__01_11__talking_against_wall__UQ0BOBNO.mp4,data\raw\FaceForensics++_C23\DeepFakeDetection\01_11__talking_against_wall__UQ0BOBNO.mp4,1,DeepFakeDetection,c23,01_11__talking_against_wall__UQ0BOBNO
FaceForensics++,FaceForensics++__DeepFakeDetection__01_11__walking_outside_cafe_disgusted__FAFWDR4W.mp4,data\raw\FaceForensics++_C23\DeepFakeDetection\01_11__walking_outside_cafe_disgusted__FAFWDR4W.mp4,1,DeepFakeDetection,c23,01_11__walking_outside_cafe_disgusted__FAFWDR4W
FaceForensics++,FaceForensics++__DeepFakeDetection__01_12__outside_talking_pan_laughing__TNI7KUZ6.mp4,data\raw\FaceForensics++_C23\DeepFakeDetection\01_12__outside_talking_pan_laughing__TNI7KUZ6.mp4,1,DeepFakeDetection,c23,01_12__outside_talking_pan_laughing__TNI7KUZ6
FaceForensics++,FaceForensics++__DeepFakeDetection__01_12__outside_talking_still_laughing__TNI7KUZ6.mp4,data\raw\FaceForensics++_C23\DeepFakeDetection\01_12__outside_talking_still_laughing__TNI7KUZ6.mp4,1,DeepFakeDetection,c23,01_12__outside_talking_still_laughing__TNI7KUZ6
FaceForensics++,FaceForensics++__DeepFakeDetection__01_15__exit_phone_room__02HILKYO.mp4,data\raw\FaceForensics++_C23\DeepFakeDetection\01_15__exit_phone_room__02HILKYO.mp4,1,DeepFakeDetection,c23,01_15__exit_phone_room__02HILKYO
FaceForensics++,FaceForensics++__DeepFakeDetection__01_15__kitchen_still__02HILKYO.mp4,data\raw\FaceForensics++_C23\DeepFakeDetection\01_15__kitchen_still__02HILKYO.mp4,1,DeepFakeDetection,c23,01_15__kitchen_still__02HILKYO
FaceForensics++,FaceForensics++__DeepFakeDetection__01_15__meeting_serious__02HILKYO.mp4,data\raw\FaceForensics++_C23\DeepFakeDetection\01_15__meeting_serious__02HILKYO.mp4,1,DeepFakeDetection,c23,01_15__meeting_serious__02HILKYO
FaceForensics++,FaceForensics++__DeepFakeDetection__01_15__outside_talking_pan_laughing__02HILKYO.mp4,data\raw\FaceForensics++_C23\DeepFakeDetection\01_15__outside_talking_pan_laughing__02HILKYO.mp4,1,DeepFakeDetection,c23,01_15__outside_talking_pan_laughing__02HILKYO
FaceForensics++,FaceForensics++__DeepFakeDetection__01_20__hugging_happy__FW94AIMJ.mp4,data\raw\FaceForensics++_C23\DeepFakeDetection\01_20__hugging_happy__FW94AIMJ.mp4,1,DeepFakeDetection,c23,01_20__hugging_happy__FW94AIMJ
FaceForensics++,FaceForensics++__DeepFakeDetection__01_20__kitchen_pan__6UBMLXK3.mp4,data\raw\FaceForensics++_C23\DeepFakeDetection\01_20__kitchen_pan__6UBMLXK3.mp4,1,DeepFakeDetection,c23,01_20__kitchen_pan__6UBMLXK3
FaceForensics++,FaceForensics++__DeepFakeDetection__01_20__outside_talking_pan_laughing__OTGHOG4Z.mp4,data\raw\FaceForensics++_C23\DeepFakeDetection\01_20__outside_talking_pan_laughing__OTGHOG4Z.mp4,1,DeepFakeDetection,c23,01_20__outside_talking_pan_laughing__OTGHOG4Z
FaceForensics++,FaceForensics++__DeepFakeDetection__01_20__outside_talking_still_laughing__FW94AIMJ.mp4,data\raw\FaceForensics++_C23\DeepFakeDetection\01_20__outside_talking_still_laughing__FW94AIMJ.mp4,1,DeepFakeDetection,c23,01_20__outside_talking_still_laughing__FW94AIMJ
FaceForensics++,FaceForensics++__DeepFakeDetection__01_20__walk_down_hall_angry__FW94AIMJ.mp4,data\raw\FaceForensics++_C23\DeepFakeDetection\01_20__walk_down_hall_angry__FW94AIMJ.mp4,1,DeepFakeDetection,c23,01_20__walk_down_hall_angry__FW94AIMJ
FaceForensics++,FaceForensics++__DeepFakeDetection__01_21__talking_angry_couch__03X7CELV.mp4,data\raw\FaceForensics++_C23\DeepFakeDetection\01_21__talking_angry_couch__03X7CELV.mp4,1,DeepFakeDetection,c23,01_21__talking_angry_couch__03X7CELV
FaceForensics++,FaceForensics++__DeepFakeDetection__01_21__walk_down_hall_angry__03X7CELV.mp4,data\raw\FaceForensics++_C23\DeepFakeDetection\01_21__walk_down_hall_angry__03X7CELV.mp4,1,DeepFakeDetection,c23,01_21__walk_down_hall_angry__03X7CELV
FaceForensics++,FaceForensics++__DeepFakeDetection__01_26__outside_talking_pan_laughing__ZMEJ535O.mp4,data\raw\FaceForensics++_C23\DeepFakeDetection\01_26__outside_talking_pan_laughing__ZMEJ535O.mp4,1,DeepFakeDetection,c23,01_26__outside_talking_pan_laughing__ZMEJ535O
FaceForensics++,FaceForensics++__DeepFakeDetection__01_27__hugging_happy__ZYCZ30C0.mp4,data\raw\FaceForensics++_C23\DeepFakeDetection\01_27__hugging_happy__ZYCZ30C0.mp4,1,DeepFakeDetection,c23,01_27__hugging_happy__ZYCZ30C0
FaceForensics++,FaceForensics++__DeepFakeDetection__01_27__meeting_serious__ZYCZ30C0.mp4,data\raw\FaceForensics++_C23\DeepFakeDetection\01_27__meeting_serious__ZYCZ30C0.mp4,1,DeepFakeDetection,c23,01_27__meeting_serious__ZYCZ30C0
FaceForensics++,FaceForensics++__DeepFakeDetection__01_27__outside_talking_still_laughing__ZYCZ30C0.mp4,data\raw\FaceForensics++_C23\DeepFakeDetection\01_27__outside_talking_still_laughing__ZYCZ30C0.mp4,1,DeepFakeDetection,c23,01_27__outside_talking_still_laughing__ZYCZ30C0
FaceForensics++,FaceForensics++__DeepFakeDetection__01_27__walking_outside_cafe_disgusted__ZYCZ30C0.mp4,data\raw\FaceForensics++_C23\DeepFakeDetection\01_27__walking_outside_cafe_disgusted__ZYCZ30C0.mp4,1,DeepFakeDetection,c23,01_27__walking_outside_cafe_disgusted__ZYCZ30C0
FaceForensics++,FaceForensics++__DeepFakeDetection__02_01__secret_conversation__YVGY8LOK.mp4,data\raw\FaceForensics++_C23\DeepFakeDetection\02_01__secret_conversation__YVGY8LOK.mp4,1,DeepFakeDetection,c23,02_01__secret_conversation__YVGY8LOK
FaceForensics++,FaceForensics++__DeepFakeDetection__02_01__walking_down_indoor_hall_disgust__YVGY8LOK.mp4,data\raw\FaceForensics++_C23\DeepFakeDetection\02_01__walking_down_indoor_hall_disgust__YVGY8LOK.mp4,1,DeepFakeDetection,c23,02_01__walking_down_indoor_hall_disgust__YVGY8LOK
FaceForensics++,FaceForensics++__DeepFakeDetection__02_01__walking_outside_cafe_disgusted__YVGY8LOK.mp4,data\raw\FaceForensics++_C23\DeepFakeDetection\02_01__walking_outside_cafe_disgusted__YVGY8LOK.mp4,1,DeepFakeDetection,c23,02_01__walking_outside_cafe_disgusted__YVGY8LOK
FaceForensics++,FaceForensics++__DeepFakeDetection__02_03__walking_down_street_outside_angry__QH3Y0IG0.mp4,data\raw\FaceForensics++_C23\DeepFakeDetection\02_03__walking_down_street_outside_angry__QH3Y0IG0.mp4,1,DeepFakeDetection,c23,02_03__walking_down_street_outside_angry__QH3Y0IG0
FaceForensics++,FaceForensics++__DeepFakeDetection__02_03__walking_outside_cafe_disgusted__QH3Y0IG0.mp4,data\raw\FaceForensics++_C23\DeepFakeDetection\02_03__walking_outside_cafe_disgusted__QH3Y0IG0.mp4,1,DeepFakeDetection,c23,02_03__walking_outside_cafe_disgusted__QH3Y0IG0
FaceForensics++,FaceForensics++__DeepFakeDetection__02_06__exit_phone_room__HZAXM70B.mp4,data\raw\FaceForensics++_C23\DeepFakeDetection\02_06__exit_phone_room__HZAXM70B.mp4,1,DeepFakeDetection,c23,02_06__exit_phone_room__HZAXM70B
FaceForensics++,FaceForensics++__DeepFakeDetection__02_06__podium_speech_happy__N8OSN8P6.mp4,data\raw\FaceForensics++_C23\DeepFakeDetection\02_06__podium_speech_happy__N8OSN8P6.mp4,1,DeepFakeDetection,c23,02_06__podium_speech_happy__N8OSN8P6
FaceForensics++,FaceForensics++__DeepFakeDetection__02_06__podium_speech_happy__SU4OQCS9.mp4,data\raw\FaceForensics++_C23\DeepFakeDetection\02_06__podium_speech_happy__SU4OQCS9.mp4,1,DeepFakeDetection,c23,02_06__podium_speech_happy__SU4OQCS9
FaceForensics++,FaceForensics++__DeepFakeDetection__02_06__talking_angry_couch__GH8TGTBS.mp4,data\raw\FaceForensics++_C23\DeepFakeDetection\02_06__talking_angry_couch__GH8TGTBS.mp4,1,DeepFakeDetection,c23,02_06__talking_angry_couch__GH8TGTBS
FaceForensics++,FaceForensics++__DeepFakeDetection__02_06__talking_angry_couch__MKZTXQ2T.mp4,data\raw\FaceForensics++_C23\DeepFakeDetection\02_06__talking_angry_couch__MKZTXQ2T.mp4,1,DeepFakeDetection,c23,02_06__talking_angry_couch__MKZTXQ2T
FaceForensics++,FaceForensics++__DeepFakeDetection__02_06__walking_and_outside_surprised__N8OSN8P6.mp4,data\raw\FaceForensics++_C23\DeepFakeDetection\02_06__walking_and_outside_surprised__N8OSN8P6.mp4,1,DeepFakeDetection,c23,02_06__walking_and_outside_surprised__N8OSN8P6
FaceForensics++,FaceForensics++__DeepFakeDetection__02_06__walking_down_indoor_hall_disgust__U6MDWIHG.mp4,data\raw\FaceForensics++_C23\DeepFakeDetection\02_06__walking_down_indoor_hall_disgust__U6MDWIHG.mp4,1,DeepFakeDetection,c23,02_06__walking_down_indoor_hall_disgust__U6MDWIHG
FaceForensics++,FaceForensics++__DeepFakeDetection__02_06__walk_down_hall_angry__0M6JNS5D.mp4,data\raw\FaceForensics++_C23\DeepFakeDetection\02_06__walk_down_hall_angry__0M6JNS5D.mp4,1,DeepFakeDetection,c23,02_06__walk_down_hall_angry__0M6JNS5D
FaceForensics++,FaceForensics++__DeepFakeDetection__02_07__exit_phone_room__9NVRE2KQ.mp4,data\raw\FaceForensics++_C23\DeepFakeDetection\02_07__exit_phone_room__9NVRE2KQ.mp4,1,DeepFakeDetection,c23,02_07__exit_phone_room__9NVRE2KQ
FaceForensics++,FaceForensics++__DeepFakeDetection__02_07__hugging_happy__1JCLEEBQ.mp4,data\raw\FaceForensics++_C23\DeepFakeDetection\02_07__hugging_happy__1JCLEEBQ.mp4,1,DeepFakeDetection,c23,02_07__hugging_happy__1JCLEEBQ
FaceForensics++,FaceForensics++__DeepFakeDetection__02_07__meeting_serious__1JCLEEBQ.mp4,data\raw\FaceForensics++_C23\DeepFakeDetection\02_07__meeting_serious__1JCLEEBQ.mp4,1,DeepFakeDetection,c23,02_07__meeting_serious__1JCLEEBQ
FaceForensics++,FaceForensics++__DeepFakeDetection__02_07__outside_talking_pan_laughing__O4SXNLRL.mp4,data\raw\FaceForensics++_C23\DeepFakeDetection\02_07__outside_talking_pan_laughing__O4SXNLRL.mp4,1,DeepFakeDetection,c23,02_07__outside_talking_pan_laughing__O4SXNLRL
FaceForensics++,FaceForensics++__DeepFakeDetection__02_07__walking_and_outside_surprised__1VMZUH1W.mp4,data\raw\FaceForensics++_C23\DeepFakeDetection\02_07__walking_and_outside_surprised__1VMZUH1W.mp4,1,DeepFakeDetection,c23,02_07__walking_and_outside_surprised__1VMZUH1W
FaceForensics++,FaceForensics++__DeepFakeDetection__02_07__walking_down_street_outside_angry__O4SXNLRL.mp4,data\raw\FaceForensics++_C23\DeepFakeDetection\02_07__walking_down_street_outside_angry__O4SXNLRL.mp4,1,DeepFakeDetection,c23,02_07__walking_down_street_outside_angry__O4SXNLRL
FaceForensics++,FaceForensics++__DeepFakeDetection__02_07__walk_down_hall_angry__U7DEOZNV.mp4,data\raw\FaceForensics++_C23\DeepFakeDetection\02_07__walk_down_hall_angry__U7DEOZNV.mp4,1,DeepFakeDetection,c23,02_07__walk_down_hall_angry__U7DEOZNV
FaceForensics++,FaceForensics++__DeepFakeDetection__02_09__exit_phone_room__HIH8YA82.mp4,data\raw\FaceForensics++_C23\DeepFakeDetection\02_09__exit_phone_room__HIH8YA82.mp4,1,DeepFakeDetection,c23,02_09__exit_phone_room__HIH8YA82
FaceForensics++,FaceForensics++__DeepFakeDetection__02_09__kitchen_pan__9TDCEK1Q.mp4,data\raw\FaceForensics++_C23\DeepFakeDetection\02_09__kitchen_pan__9TDCEK1Q.mp4,1,DeepFakeDetection,c23,02_09__kitchen_pan__9TDCEK1Q
FaceForensics++,FaceForensics++__DeepFakeDetection__02_09__outside_talking_pan_laughing__6KUOFMZW.mp4,data\raw\FaceForensics++_C23\DeepFakeDetection\02_09__outside_talking_pan_laughing__6KUOFMZW.mp4,1,DeepFakeDetection,c23,02_09__outside_talking_pan_laughing__6KUOFMZW
FaceForensics++,FaceForensics++__DeepFakeDetection__02_09__walking_down_street_outside_angry__6KUOFMZW.mp4,data\raw\FaceForensics++_C23\DeepFakeDetection\02_09__walking_down_street_outside_angry__6KUOFMZW.mp4,1,DeepFakeDetection,c23,02_09__walking_down_street_outside_angry__6KUOFMZW
FaceForensics++,FaceForensics++__DeepFakeDetection__02_09__walk_down_hall_angry__6KUOFMZW.mp4,data\raw\FaceForensics++_C23\DeepFakeDetection\02_09__walk_down_hall_angry__6KUOFMZW.mp4,1,DeepFakeDetection,c23,02_09__walk_down_hall_angry__6KUOFMZW
FaceForensics++,FaceForensics++__DeepFakeDetection__02_11__meeting_serious__NZJ1YEWE.mp4,data\raw\FaceForensics++_C23\DeepFakeDetection\02_11__meeting_serious__NZJ1YEWE.mp4,1,DeepFakeDetection,c23,02_11__meeting_serious__NZJ1YEWE
FaceForensics++,FaceForensics++__DeepFakeDetection__02_12__podium_speech_happy__9D2ZHEKW.mp4,data\raw\FaceForensics++_C23\DeepFakeDetection\02_12__podium_speech_happy__9D2ZHEKW.mp4,1,DeepFakeDetection,c23,02_12__podium_speech_happy__9D2ZHEKW
FaceForensics++,FaceForensics++__DeepFakeDetection__02_12__walking_and_outside_surprised__9D2ZHEKW.mp4,data\raw\FaceForensics++_C23\DeepFakeDetection\02_12__walking_and_outside_surprised__9D2ZHEKW.mp4,1,DeepFakeDetection,c23,02_12__walking_and_outside_surprised__9D2ZHEKW
FaceForensics++,FaceForensics++__DeepFakeDetection__02_13__exit_phone_room__CP5HFV3K.mp4,data\raw\FaceForensics++_C23\DeepFakeDetection\02_13__exit_phone_room__CP5HFV3K.mp4,1,DeepFakeDetection,c23,02_13__exit_phone_room__CP5HFV3K
FaceForensics++,FaceForensics++__DeepFakeDetection__02_13__hugging_happy__PLNVLO74.mp4,data\raw\FaceForensics++_C23\DeepFakeDetection\02_13__hugging_happy__PLNVLO74.mp4,1,DeepFakeDetection,c23,02_13__hugging_happy__PLNVLO74
FaceForensics++,FaceForensics++__DeepFakeDetection__02_13__kitchen_pan__2YSYT2N3.mp4,data\raw\FaceForensics++_C23\DeepFakeDetection\02_13__kitchen_pan__2YSYT2N3.mp4,1,DeepFakeDetection,c23,02_13__kitchen_pan__2YSYT2N3
FaceForensics++,FaceForensics++__DeepFakeDetection__02_13__meeting_serious__CP5HFV3K.mp4,data\raw\FaceForensics++_C23\DeepFakeDetection\02_13__meeting_serious__CP5HFV3K.mp4,1,DeepFakeDetection,c23,02_13__meeting_serious__CP5HFV3K
FaceForensics++,FaceForensics++__DeepFakeDetection__02_13__outside_talking_pan_laughing__2YSYT2N3.mp4,data\raw\FaceForensics++_C23\DeepFakeDetection\02_13__outside_talking_pan_laughing__2YSYT2N3.mp4,1,DeepFakeDetection,c23,02_13__outside_talking_pan_laughing__2YSYT2N3
FaceForensics++,FaceForensics++__DeepFakeDetection__02_13__outside_talking_still_laughing__CP5HFV3K.mp4,data\raw\FaceForensics++_C23\DeepFakeDetection\02_13__outside_talking_still_laughing__CP5HFV3K.mp4,1,DeepFakeDetection,c23,02_13__outside_talking_still_laughing__CP5HFV3K
FaceForensics++,FaceForensics++__DeepFakeDetection__02_13__podium_speech_happy__2YSYT2N3.mp4,data\raw\FaceForensics++_C23\DeepFakeDetection\02_13__podium_speech_happy__2YSYT2N3.mp4,1,DeepFakeDetection,c23,02_13__podium_speech_happy__2YSYT2N3
FaceForensics++,FaceForensics++__DeepFakeDetection__02_13__secret_conversation__CP5HFV3K.mp4,data\raw\FaceForensics++_C23\DeepFakeDetection\02_13__secret_conversation__CP5HFV3K.mp4,1,DeepFakeDetection,c23,02_13__secret_conversation__CP5HFV3K
FaceForensics++,FaceForensics++__DeepFakeDetection__02_13__secret_conversation__PLNVLO74.mp4,data\raw\FaceForensics++_C23\DeepFakeDetection\02_13__secret_conversation__PLNVLO74.mp4,1,DeepFakeDetection,c23,02_13__secret_conversation__PLNVLO74
FaceForensics++,FaceForensics++__DeepFakeDetection__02_13__walking_and_outside_surprised__CP5HFV3K.mp4,data\raw\FaceForensics++_C23\DeepFakeDetection\02_13__walking_and_outside_surprised__CP5HFV3K.mp4,1,DeepFakeDetection,c23,02_13__walking_and_outside_surprised__CP5HFV3K
FaceForensics++,FaceForensics++__DeepFakeDetection__02_15__exit_phone_room__I8G2LWD1.mp4,data\raw\FaceForensics++_C23\DeepFakeDetection\02_15__exit_phone_room__I8G2LWD1.mp4,1,DeepFakeDetection,c23,02_15__exit_phone_room__I8G2LWD1
FaceForensics++,FaceForensics++__DeepFakeDetection__02_15__exit_phone_room__MZWH8ATN.mp4,data\raw\FaceForensics++_C23\DeepFakeDetection\02_15__exit_phone_room__MZWH8ATN.mp4,1,DeepFakeDetection,c23,02_15__exit_phone_room__MZWH8ATN
FaceForensics++,FaceForensics++__DeepFakeDetection__02_15__hugging_happy__MZWH8ATN.mp4,data\raw\FaceForensics++_C23\DeepFakeDetection\02_15__hugging_happy__MZWH8ATN.mp4,1,DeepFakeDetection,c23,02_15__hugging_happy__MZWH8ATN
FaceForensics++,FaceForensics++__DeepFakeDetection__02_15__hugging_happy__XNJIS4S3.mp4,data\raw\FaceForensics++_C23\DeepFakeDetection\02_15__hugging_happy__XNJIS4S3.mp4,1,DeepFakeDetection,c23,02_15__hugging_happy__XNJIS4S3
FaceForensics++,FaceForensics++__DeepFakeDetection__02_15__kitchen_still__XNJIS4S3.mp4,data\raw\FaceForensics++_C23\DeepFakeDetection\02_15__kitchen_still__XNJIS4S3.mp4,1,DeepFakeDetection,c23,02_15__kitchen_still__XNJIS4S3
FaceForensics++,FaceForensics++__DeepFakeDetection__02_15__meeting_serious__MZWH8ATN.mp4,data\raw\FaceForensics++_C23\DeepFakeDetection\02_15__meeting_serious__MZWH8ATN.mp4,1,DeepFakeDetection,c23,02_15__meeting_serious__MZWH8ATN
FaceForensics++,FaceForensics++__DeepFakeDetection__02_15__outside_talking_pan_laughing__I8G2LWD1.mp4,data\raw\FaceForensics++_C23\DeepFakeDetection\02_15__outside_talking_pan_laughing__I8G2LWD1.mp4,1,DeepFakeDetection,c23,02_15__outside_talking_pan_laughing__I8G2LWD1
FaceForensics++,FaceForensics++__DeepFakeDetection__02_15__outside_talking_pan_laughing__SB6PMCO0.mp4,data\raw\FaceForensics++_C23\DeepFakeDetection\02_15__outside_talking_pan_laughing__SB6PMCO0.mp4,1,DeepFakeDetection,c23,02_15__outside_talking_pan_laughing__SB6PMCO0
FaceForensics++,FaceForensics++__DeepFakeDetection__02_15__secret_conversation__MZWH8ATN.mp4,data\raw\FaceForensics++_C23\DeepFakeDetection\02_15__secret_conversation__MZWH8ATN.mp4,1,DeepFakeDetection,c23,02_15__secret_conversation__MZWH8ATN
FaceForensics++,FaceForensics++__DeepFakeDetection__02_15__talking_angry_couch__HTG660F8.mp4,data\raw\FaceForensics++_C23\DeepFakeDetection\02_15__talking_angry_couch__HTG660F8.mp4,1,DeepFakeDetection,c23,02_15__talking_angry_couch__HTG660F8
FaceForensics++,FaceForensics++__DeepFakeDetection__02_15__talking_angry_couch__I8G2LWD1.mp4,data\raw\FaceForensics++_C23\DeepFakeDetection\02_15__talking_angry_couch__I8G2LWD1.mp4,1,DeepFakeDetection,c23,02_15__talking_angry_couch__I8G2LWD1
FaceForensics++,FaceForensics++__DeepFakeDetection__02_15__walking_and_outside_surprised__MZWH8ATN.mp4,data\raw\FaceForensics++_C23\DeepFakeDetection\02_15__walking_and_outside_surprised__MZWH8ATN.mp4,1,DeepFakeDetection,c23,02_15__walking_and_outside_surprised__MZWH8ATN
FaceForensics++,FaceForensics++__DeepFakeDetection__02_15__walking_outside_cafe_disgusted__MZWH8ATN.mp4,data\raw\FaceForensics++_C23\DeepFakeDetection\02_15__walking_outside_cafe_disgusted__MZWH8ATN.mp4,1,DeepFakeDetection,c23,02_15__walking_outside_cafe_disgusted__MZWH8ATN
FaceForensics++,FaceForensics++__DeepFakeDetection__02_15__walk_down_hall_angry__TN2CWM3K.mp4,data\raw\FaceForensics++_C23\DeepFakeDetection\02_15__walk_down_hall_angry__TN2CWM3K.mp4,1,DeepFakeDetection,c23,02_15__walk_down_hall_angry__TN2CWM3K
FaceForensics++,FaceForensics++__DeepFakeDetection__02_18__exit_phone_room__OXMEEFUQ.mp4,data\raw\FaceForensics++_C23\DeepFakeDetection\02_18__exit_phone_room__OXMEEFUQ.mp4,1,DeepFakeDetection,c23,02_18__exit_phone_room__OXMEEFUQ
FaceForensics++,FaceForensics++__DeepFakeDetection__02_18__outside_talking_pan_laughing__OXMEEFUQ.mp4,data\raw\FaceForensics++_C23\DeepFakeDetection\02_18__outside_talking_pan_laughing__OXMEEFUQ.mp4,1,DeepFakeDetection,c23,02_18__outside_talking_pan_laughing__OXMEEFUQ
FaceForensics++,FaceForensics++__DeepFakeDetection__02_18__secret_conversation__B95S4G6F.mp4,data\raw\FaceForensics++_C23\DeepFakeDetection\02_18__secret_conversation__B95S4G6F.mp4,1,DeepFakeDetection,c23,02_18__secret_conversation__B95S4G6F
FaceForensics++,FaceForensics++__DeepFakeDetection__02_18__walking_down_street_outside_angry__21JTDDEL.mp4,data\raw\FaceForensics++_C23\DeepFakeDetection\02_18__walking_down_street_outside_angry__21JTDDEL.mp4,1,DeepFakeDetection,c23,02_18__walking_down_street_outside_angry__21JTDDEL
FaceForensics++,FaceForensics++__DeepFakeDetection__02_18__walk_down_hall_angry__B95S4G6F.mp4,data\raw\FaceForensics++_C23\DeepFakeDetection\02_18__walk_down_hall_angry__B95S4G6F.mp4,1,DeepFakeDetection,c23,02_18__walk_down_hall_angry__B95S4G6F
FaceForensics++,FaceForensics++__DeepFakeDetection__02_21__talking_angry_couch__Z0XHPQAR.mp4,data\raw\FaceForensics++_C23\DeepFakeDetection\02_21__talking_angry_couch__Z0XHPQAR.mp4,1,DeepFakeDetection,c23,02_21__talking_angry_couch__Z0XHPQAR
FaceForensics++,FaceForensics++__DeepFakeDetection__02_25__talking_against_wall__Z7FQ69VP.mp4,data\raw\FaceForensics++_C23\DeepFakeDetection\02_25__talking_against_wall__Z7FQ69VP.mp4,1,DeepFakeDetection,c23,02_25__talking_against_wall__Z7FQ69VP
FaceForensics++,FaceForensics++__DeepFakeDetection__02_27__hugging_happy__GVFLSZD5.mp4,data\raw\FaceForensics++_C23\DeepFakeDetection\02_27__hugging_happy__GVFLSZD5.mp4,1,DeepFakeDetection,c23,02_27__hugging_happy__GVFLSZD5
FaceForensics++,FaceForensics++__DeepFakeDetection__02_27__walking_down_indoor_hall_disgust__YQX5Z8GN.mp4,data\raw\FaceForensics++_C23\DeepFakeDetection\02_27__walking_down_indoor_hall_disgust__YQX5Z8GN.mp4,1,DeepFakeDetection,c23,02_27__walking_down_indoor_hall_disgust__YQX5Z8GN
FaceForensics++,FaceForensics++__DeepFakeDetection__02_27__walk_down_hall_angry__78M8S6M6.mp4,data\raw\FaceForensics++_C23\DeepFakeDetection\02_27__walk_down_hall_angry__78M8S6M6.mp4,1,DeepFakeDetection,c23,02_27__walk_down_hall_angry__78M8S6M6
FaceForensics++,FaceForensics++__DeepFakeDetection__03_01__meeting_serious__JZUXXFRB.mp4,data\raw\FaceForensics++_C23\DeepFakeDetection\03_01__meeting_serious__JZUXXFRB.mp4,1,DeepFakeDetection,c23,03_01__meeting_serious__JZUXXFRB
FaceForensics++,FaceForensics++__DeepFakeDetection__03_01__outside_talking_still_laughing__JZUXXFRB.mp4,data\raw\FaceForensics++_C23\DeepFakeDetection\03_01__outside_talking_still_laughing__JZUXXFRB.mp4,1,DeepFakeDetection,c23,03_01__outside_talking_still_laughing__JZUXXFRB
FaceForensics++,FaceForensics++__DeepFakeDetection__03_01__podium_speech_happy__JZUXXFRB.mp4,data\raw\FaceForensics++_C23\DeepFakeDetection\03_01__podium_speech_happy__JZUXXFRB.mp4,1,DeepFakeDetection,c23,03_01__podium_speech_happy__JZUXXFRB
FaceForensics++,FaceForensics++__DeepFakeDetection__03_01__walking_and_outside_surprised__JZUXXFRB.mp4,data\raw\FaceForensics++_C23\DeepFakeDetection\03_01__walking_and_outside_surprised__JZUXXFRB.mp4,1,DeepFakeDetection,c23,03_01__walking_and_outside_surprised__JZUXXFRB
FaceForensics++,FaceForensics++__DeepFakeDetection__03_02__secret_conversation__GYX5OFTD.mp4,data\raw\FaceForensics++_C23\DeepFakeDetection\03_02__secret_conversation__GYX5OFTD.mp4,1,DeepFakeDetection,c23,03_02__secret_conversation__GYX5OFTD
FaceForensics++,FaceForensics++__DeepFakeDetection__03_04__outside_talking_pan_laughing__T04P6ELC.mp4,data\raw\FaceForensics++_C23\DeepFakeDetection\03_04__outside_talking_pan_laughing__T04P6ELC.mp4,1,DeepFakeDetection,c23,03_04__outside_talking_pan_laughing__T04P6ELC
FaceForensics++,FaceForensics++__DeepFakeDetection__03_04__talking_angry_couch__T04P6ELC.mp4,data\raw\FaceForensics++_C23\DeepFakeDetection\03_04__talking_angry_couch__T04P6ELC.mp4,1,DeepFakeDetection,c23,03_04__talking_angry_couch__T04P6ELC
FaceForensics++,FaceForensics++__DeepFakeDetection__03_06__hugging_happy__2XWC5JED.mp4,data\raw\FaceForensics++_C23\DeepFakeDetection\03_06__hugging_happy__2XWC5JED.mp4,1,DeepFakeDetection,c23,03_06__hugging_happy__2XWC5JED
FaceForensics++,FaceForensics++__DeepFakeDetection__03_07__exit_phone_room__6PHZRQ4H.mp4,data\raw\FaceForensics++_C23\DeepFakeDetection\03_07__exit_phone_room__6PHZRQ4H.mp4,1,DeepFakeDetection,c23,03_07__exit_phone_room__6PHZRQ4H
FaceForensics++,FaceForensics++__DeepFakeDetection__03_07__hugging_happy__BKLOCI1M.mp4,data\raw\FaceForensics++_C23\DeepFakeDetection\03_07__hugging_happy__BKLOCI1M.mp4,1,DeepFakeDetection,c23,03_07__hugging_happy__BKLOCI1M
FaceForensics++,FaceForensics++__DeepFakeDetection__03_07__kitchen_pan__WPT3Z2KN.mp4,data\raw\FaceForensics++_C23\DeepFakeDetection\03_07__kitchen_pan__WPT3Z2KN.mp4,1,DeepFakeDetection,c23,03_07__kitchen_pan__WPT3Z2KN
FaceForensics++,FaceForensics++__DeepFakeDetection__03_07__talking_against_wall__PWXXULHR.mp4,data\raw\FaceForensics++_C23\DeepFakeDetection\03_07__talking_against_wall__PWXXULHR.mp4,1,DeepFakeDetection,c23,03_07__talking_against_wall__PWXXULHR
FaceForensics++,FaceForensics++__DeepFakeDetection__03_07__walking_down_indoor_hall_disgust__PWXXULHR.mp4,data\raw\FaceForensics++_C23\DeepFakeDetection\03_07__walking_down_indoor_hall_disgust__PWXXULHR.mp4,1,DeepFakeDetection,c23,03_07__walking_down_indoor_hall_disgust__PWXXULHR
FaceForensics++,FaceForensics++__DeepFakeDetection__03_07__walking_outside_cafe_disgusted__CDSNLDQ8.mp4,data\raw\FaceForensics++_C23\DeepFakeDetection\03_07__walking_outside_cafe_disgusted__CDSNLDQ8.mp4,1,DeepFakeDetection,c23,03_07__walking_outside_cafe_disgusted__CDSNLDQ8
FaceForensics++,FaceForensics++__DeepFakeDetection__03_07__walking_outside_cafe_disgusted__IFSURI9X.mp4,data\raw\FaceForensics++_C23\DeepFakeDetection\03_07__walking_outside_cafe_disgusted__IFSURI9X.mp4,1,DeepFakeDetection,c23,03_07__walking_outside_cafe_disgusted__IFSURI9X
FaceForensics++,FaceForensics++__DeepFakeDetection__03_07__walking_outside_cafe_disgusted__PWXXULHR.mp4,data\raw\FaceForensics++_C23\DeepFakeDetection\03_07__walking_outside_cafe_disgusted__PWXXULHR.mp4,1,DeepFakeDetection,c23,03_07__walking_outside_cafe_disgusted__PWXXULHR
FaceForensics++,FaceForensics++__DeepFakeDetection__03_07__walk_down_hall_angry__6PHZRQ4H.mp4,data\raw\FaceForensics++_C23\DeepFakeDetection\03_07__walk_down_hall_angry__6PHZRQ4H.mp4,1,DeepFakeDetection,c23,03_07__walk_down_hall_angry__6PHZRQ4H
FaceForensics++,FaceForensics++__DeepFakeDetection__03_07__walk_down_hall_angry__IFSURI9X.mp4,data\raw\FaceForensics++_C23\DeepFakeDetection\03_07__walk_down_hall_angry__IFSURI9X.mp4,1,DeepFakeDetection,c23,03_07__walk_down_hall_angry__IFSURI9X
FaceForensics++,FaceForensics++__DeepFakeDetection__03_09__kitchen_pan__8DTEGQ54.mp4,data\raw\FaceForensics++_C23\DeepFakeDetection\03_09__kitchen_pan__8DTEGQ54.mp4,1,DeepFakeDetection,c23,03_09__kitchen_pan__8DTEGQ54
FaceForensics++,FaceForensics++__DeepFakeDetection__03_09__outside_talking_still_laughing__RCETIXYL.mp4,data\raw\FaceForensics++_C23\DeepFakeDetection\03_09__outside_talking_still_laughing__RCETIXYL.mp4,1,DeepFakeDetection,c23,03_09__outside_talking_still_laughing__RCETIXYL
FaceForensics++,FaceForensics++__DeepFakeDetection__03_11__exit_phone_room__P08VGHTA.mp4,data\raw\FaceForensics++_C23\DeepFakeDetection\03_11__exit_phone_room__P08VGHTA.mp4,1,DeepFakeDetection,c23,03_11__exit_phone_room__P08VGHTA
FaceForensics++,FaceForensics++__DeepFakeDetection__03_11__talking_against_wall__P08VGHTA.mp4,data\raw\FaceForensics++_C23\DeepFakeDetection\03_11__talking_against_wall__P08VGHTA.mp4,1,DeepFakeDetection,c23,03_11__talking_against_wall__P08VGHTA
FaceForensics++,FaceForensics++__DeepFakeDetection__03_11__walk_down_hall_angry__P08VGHTA.mp4,data\raw\FaceForensics++_C23\DeepFakeDetection\03_11__walk_down_hall_angry__P08VGHTA.mp4,1,DeepFakeDetection,c23,03_11__walk_down_hall_angry__P08VGHTA
FaceForensics++,FaceForensics++__DeepFakeDetection__03_13__exit_phone_room__GBYWJW06.mp4,data\raw\FaceForensics++_C23\DeepFakeDetection\03_13__exit_phone_room__GBYWJW06.mp4,1,DeepFakeDetection,c23,03_13__exit_phone_room__GBYWJW06
FaceForensics++,FaceForensics++__DeepFakeDetection__03_13__kitchen_pan__GBYWJW06.mp4,data\raw\FaceForensics++_C23\DeepFakeDetection\03_13__kitchen_pan__GBYWJW06.mp4,1,DeepFakeDetection,c23,03_13__kitchen_pan__GBYWJW06
FaceForensics++,FaceForensics++__DeepFakeDetection__03_13__meeting_serious__GBYWJW06.mp4,data\raw\FaceForensics++_C23\DeepFakeDetection\03_13__meeting_serious__GBYWJW06.mp4,1,DeepFakeDetection,c23,03_13__meeting_serious__GBYWJW06
FaceForensics++,FaceForensics++__DeepFakeDetection__03_13__meeting_serious__T3MZOI8X.mp4,data\raw\FaceForensics++_C23\DeepFakeDetection\03_13__meeting_serious__T3MZOI8X.mp4,1,DeepFakeDetection,c23,03_13__meeting_serious__T3MZOI8X
FaceForensics++,FaceForensics++__DeepFakeDetection__03_13__talking_against_wall__GBYWJW06.mp4,data\raw\FaceForensics++_C23\DeepFakeDetection\03_13__talking_against_wall__GBYWJW06.mp4,1,DeepFakeDetection,c23,03_13__talking_against_wall__GBYWJW06
FaceForensics++,FaceForensics++__DeepFakeDetection__03_14__exit_phone_room__H0VQHGS3.mp4,data\raw\FaceForensics++_C23\DeepFakeDetection\03_14__exit_phone_room__H0VQHGS3.mp4,1,DeepFakeDetection,c23,03_14__exit_phone_room__H0VQHGS3
FaceForensics++,FaceForensics++__DeepFakeDetection__03_14__meeting_serious__PLCQJM81.mp4,data\raw\FaceForensics++_C23\DeepFakeDetection\03_14__meeting_serious__PLCQJM81.mp4,1,DeepFakeDetection,c23,03_14__meeting_serious__PLCQJM81
FaceForensics++,FaceForensics++__DeepFakeDetection__03_14__talking_against_wall__ZC2KYASW.mp4,data\raw\FaceForensics++_C23\DeepFakeDetection\03_14__talking_against_wall__ZC2KYASW.mp4,1,DeepFakeDetection,c23,03_14__talking_against_wall__ZC2KYASW
FaceForensics++,FaceForensics++__DeepFakeDetection__03_14__walking_down_street_outside_angry__H0VQHGS3.mp4,data\raw\FaceForensics++_C23\DeepFakeDetection\03_14__walking_down_street_outside_angry__H0VQHGS3.mp4,1,DeepFakeDetection,c23,03_14__walking_down_street_outside_angry__H0VQHGS3
FaceForensics++,FaceForensics++__DeepFakeDetection__03_14__walk_down_hall_angry__P1L5PF4I.mp4,data\raw\FaceForensics++_C23\DeepFakeDetection\03_14__walk_down_hall_angry__P1L5PF4I.mp4,1,DeepFakeDetection,c23,03_14__walk_down_hall_angry__P1L5PF4I
FaceForensics++,FaceForensics++__DeepFakeDetection__03_15__meeting_serious__OY4I7ZU8.mp4,data\raw\FaceForensics++_C23\DeepFakeDetection\03_15__meeting_serious__OY4I7ZU8.mp4,1,DeepFakeDetection,c23,03_15__meeting_serious__OY4I7ZU8
FaceForensics++,FaceForensics++__DeepFakeDetection__03_15__outside_talking_pan_laughing__Y11NT1YX.mp4,data\raw\FaceForensics++_C23\DeepFakeDetection\03_15__outside_talking_pan_laughing__Y11NT1YX.mp4,1,DeepFakeDetection,c23,03_15__outside_talking_pan_laughing__Y11NT1YX
FaceForensics++,FaceForensics++__DeepFakeDetection__03_15__outside_talking_still_laughing__DNUJD8M2.mp4,data\raw\FaceForensics++_C23\DeepFakeDetection\03_15__outside_talking_still_laughing__DNUJD8M2.mp4,1,DeepFakeDetection,c23,03_15__outside_talking_still_laughing__DNUJD8M2
FaceForensics++,FaceForensics++__DeepFakeDetection__03_15__podium_speech_happy__DG8ITQO3.mp4,data\raw\FaceForensics++_C23\DeepFakeDetection\03_15__podium_speech_happy__DG8ITQO3.mp4,1,DeepFakeDetection,c23,03_15__podium_speech_happy__DG8ITQO3
FaceForensics++,FaceForensics++__DeepFakeDetection__03_18__kitchen_pan__22UBC0BS.mp4,data\raw\FaceForensics++_C23\DeepFakeDetection\03_18__kitchen_pan__22UBC0BS.mp4,1,DeepFakeDetection,c23,03_18__kitchen_pan__22UBC0BS
FaceForensics++,FaceForensics++__DeepFakeDetection__03_18__walking_and_outside_surprised__8HNSXOBW.mp4,data\raw\FaceForensics++_C23\DeepFakeDetection\03_18__walking_and_outside_surprised__8HNSXOBW.mp4,1,DeepFakeDetection,c23,03_18__walking_and_outside_surprised__8HNSXOBW
FaceForensics++,FaceForensics++__DeepFakeDetection__03_20__walk_down_hall_angry__61SVZ2J7.mp4,data\raw\FaceForensics++_C23\DeepFakeDetection\03_20__walk_down_hall_angry__61SVZ2J7.mp4,1,DeepFakeDetection,c23,03_20__walk_down_hall_angry__61SVZ2J7
FaceForensics++,FaceForensics++__DeepFakeDetection__03_21__exit_phone_room__YCSEBZO4.mp4,data\raw\FaceForensics++_C23\DeepFakeDetection\03_21__exit_phone_room__YCSEBZO4.mp4,1,DeepFakeDetection,c23,03_21__exit_phone_room__YCSEBZO4
FaceForensics++,FaceForensics++__DeepFakeDetection__03_21__kitchen_pan__YCSEBZO4.mp4,data\raw\FaceForensics++_C23\DeepFakeDetection\03_21__kitchen_pan__YCSEBZO4.mp4,1,DeepFakeDetection,c23,03_21__kitchen_pan__YCSEBZO4
FaceForensics++,FaceForensics++__DeepFakeDetection__03_21__meeting_serious__V53E3RVB.mp4,data\raw\FaceForensics++_C23\DeepFakeDetection\03_21__meeting_serious__V53E3RVB.mp4,1,DeepFakeDetection,c23,03_21__meeting_serious__V53E3RVB
FaceForensics++,FaceForensics++__DeepFakeDetection__03_21__secret_conversation__YCSEBZO4.mp4,data\raw\FaceForensics++_C23\DeepFakeDetection\03_21__secret_conversation__YCSEBZO4.mp4,1,DeepFakeDetection,c23,03_21__secret_conversation__YCSEBZO4
FaceForensics++,FaceForensics++__DeepFakeDetection__03_26__kitchen_pan__WBSXBL82.mp4,data\raw\FaceForensics++_C23\DeepFakeDetection\03_26__kitchen_pan__WBSXBL82.mp4,1,DeepFakeDetection,c23,03_26__kitchen_pan__WBSXBL82
FaceForensics++,FaceForensics++__DeepFakeDetection__03_26__kitchen_still__WBSXBL82.mp4,data\raw\FaceForensics++_C23\DeepFakeDetection\03_26__kitchen_still__WBSXBL82.mp4,1,DeepFakeDetection,c23,03_26__kitchen_still__WBSXBL82
FaceForensics++,FaceForensics++__DeepFakeDetection__03_26__talking_against_wall__WBSXBL82.mp4,data\raw\FaceForensics++_C23\DeepFakeDetection\03_26__talking_against_wall__WBSXBL82.mp4,1,DeepFakeDetection,c23,03_26__talking_against_wall__WBSXBL82
FaceForensics++,FaceForensics++__DeepFakeDetection__03_26__walk_down_hall_angry__WBSXBL82.mp4,data\raw\FaceForensics++_C23\DeepFakeDetection\03_26__walk_down_hall_angry__WBSXBL82.mp4,1,DeepFakeDetection,c23,03_26__walk_down_hall_angry__WBSXBL82
FaceForensics++,FaceForensics++__DeepFakeDetection__03_27__walking_down_indoor_hall_disgust__IL675GCI.mp4,data\raw\FaceForensics++_C23\DeepFakeDetection\03_27__walking_down_indoor_hall_disgust__IL675GCI.mp4,1,DeepFakeDetection,c23,03_27__walking_down_indoor_hall_disgust__IL675GCI
FaceForensics++,FaceForensics++__DeepFakeDetection__03_27__walk_down_hall_angry__IL675GCI.mp4,data\raw\FaceForensics++_C23\DeepFakeDetection\03_27__walk_down_hall_angry__IL675GCI.mp4,1,DeepFakeDetection,c23,03_27__walk_down_hall_angry__IL675GCI
FaceForensics++,FaceForensics++__DeepFakeDetection__04_01__exit_phone_room__0XUW13RW.mp4,data\raw\FaceForensics++_C23\DeepFakeDetection\04_01__exit_phone_room__0XUW13RW.mp4,1,DeepFakeDetection,c23,04_01__exit_phone_room__0XUW13RW
FaceForensics++,FaceForensics++__DeepFakeDetection__04_01__kitchen_still__GBC7ZGDP.mp4,data\raw\FaceForensics++_C23\DeepFakeDetection\04_01__kitchen_still__GBC7ZGDP.mp4,1,DeepFakeDetection,c23,04_01__kitchen_still__GBC7ZGDP
FaceForensics++,FaceForensics++__DeepFakeDetection__04_01__outside_talking_still_laughing__6I623VU9.mp4,data\raw\FaceForensics++_C23\DeepFakeDetection\04_01__outside_talking_still_laughing__6I623VU9.mp4,1,DeepFakeDetection,c23,04_01__outside_talking_still_laughing__6I623VU9
FaceForensics++,FaceForensics++__DeepFakeDetection__04_01__secret_conversation__6I623VU9.mp4,data\raw\FaceForensics++_C23\DeepFakeDetection\04_01__secret_conversation__6I623VU9.mp4,1,DeepFakeDetection,c23,04_01__secret_conversation__6I623VU9
FaceForensics++,FaceForensics++__DeepFakeDetection__04_01__walk_down_hall_angry__GBC7ZGDP.mp4,data\raw\FaceForensics++_C23\DeepFakeDetection\04_01__walk_down_hall_angry__GBC7ZGDP.mp4,1,DeepFakeDetection,c23,04_01__walk_down_hall_angry__GBC7ZGDP
FaceForensics++,FaceForensics++__DeepFakeDetection__04_06__kitchen_still__ZK95PQDE.mp4,data\raw\FaceForensics++_C23\DeepFakeDetection\04_06__kitchen_still__ZK95PQDE.mp4,1,DeepFakeDetection,c23,04_06__kitchen_still__ZK95PQDE
FaceForensics++,FaceForensics++__DeepFakeDetection__04_07__kitchen_pan__XRK7FGZX.mp4,data\raw\FaceForensics++_C23\DeepFakeDetection\04_07__kitchen_pan__XRK7FGZX.mp4,1,DeepFakeDetection,c23,04_07__kitchen_pan__XRK7FGZX
FaceForensics++,FaceForensics++__DeepFakeDetection__04_07__outside_talking_still_laughing__QKCCFKBT.mp4,data\raw\FaceForensics++_C23\DeepFakeDetection\04_07__outside_talking_still_laughing__QKCCFKBT.mp4,1,DeepFakeDetection,c23,04_07__outside_talking_still_laughing__QKCCFKBT
FaceForensics++,FaceForensics++__DeepFakeDetection__04_07__outside_talking_still_laughing__XRK7FGZX.mp4,data\raw\FaceForensics++_C23\DeepFakeDetection\04_07__outside_talking_still_laughing__XRK7FGZX.mp4,1,DeepFakeDetection,c23,04_07__outside_talking_still_laughing__XRK7FGZX
FaceForensics++,FaceForensics++__DeepFakeDetection__04_12__walking_down_street_outside_angry__96TQKDFJ.mp4,data\raw\FaceForensics++_C23\DeepFakeDetection\04_12__walking_down_street_outside_angry__96TQKDFJ.mp4,1,DeepFakeDetection,c23,04_12__walking_down_street_outside_angry__96TQKDFJ
FaceForensics++,FaceForensics++__DeepFakeDetection__04_13__walking_down_street_outside_angry__00T3UYOR.mp4,data\raw\FaceForensics++_C23\DeepFakeDetection\04_13__walking_down_street_outside_angry__00T3UYOR.mp4,1,DeepFakeDetection,c23,04_13__walking_down_street_outside_angry__00T3UYOR
FaceForensics++,FaceForensics++__DeepFakeDetection__04_18__kitchen_still__NAXINA1N.mp4,data\raw\FaceForensics++_C23\DeepFakeDetection\04_18__kitchen_still__NAXINA1N.mp4,1,DeepFakeDetection,c23,04_18__kitchen_still__NAXINA1N
FaceForensics++,FaceForensics++__DeepFakeDetection__04_21__outside_talking_still_laughing__5Y31RZP8.mp4,data\raw\FaceForensics++_C23\DeepFakeDetection\04_21__outside_talking_still_laughing__5Y31RZP8.mp4,1,DeepFakeDetection,c23,04_21__outside_talking_still_laughing__5Y31RZP8
FaceForensics++,FaceForensics++__DeepFakeDetection__04_21__talking_angry_couch__5Y31RZP8.mp4,data\raw\FaceForensics++_C23\DeepFakeDetection\04_21__talking_angry_couch__5Y31RZP8.mp4,1,DeepFakeDetection,c23,04_21__talking_angry_couch__5Y31RZP8
FaceForensics++,FaceForensics++__DeepFakeDetection__04_21__walking_down_street_outside_angry__5Y31RZP8.mp4,data\raw\FaceForensics++_C23\DeepFakeDetection\04_21__walking_down_street_outside_angry__5Y31RZP8.mp4,1,DeepFakeDetection,c23,04_21__walking_down_street_outside_angry__5Y31RZP8
FaceForensics++,FaceForensics++__DeepFakeDetection__04_26__kitchen_pan__MS2MLJP1.mp4,data\raw\FaceForensics++_C23\DeepFakeDetection\04_26__kitchen_pan__MS2MLJP1.mp4,1,DeepFakeDetection,c23,04_26__kitchen_pan__MS2MLJP1
FaceForensics++,FaceForensics++__DeepFakeDetection__04_26__outside_talking_pan_laughing__WX836VLY.mp4,data\raw\FaceForensics++_C23\DeepFakeDetection\04_26__outside_talking_pan_laughing__WX836VLY.mp4,1,DeepFakeDetection,c23,04_26__outside_talking_pan_laughing__WX836VLY
FaceForensics++,FaceForensics++__DeepFakeDetection__04_26__outside_talking_still_laughing__WX836VLY.mp4,data\raw\FaceForensics++_C23\DeepFakeDetection\04_26__outside_talking_still_laughing__WX836VLY.mp4,1,DeepFakeDetection,c23,04_26__outside_talking_still_laughing__WX836VLY
FaceForensics++,FaceForensics++__DeepFakeDetection__04_27__walking_outside_cafe_disgusted__2CCI2ND1.mp4,data\raw\FaceForensics++_C23\DeepFakeDetection\04_27__walking_outside_cafe_disgusted__2CCI2ND1.mp4,1,DeepFakeDetection,c23,04_27__walking_outside_cafe_disgusted__2CCI2ND1
FaceForensics++,FaceForensics++__DeepFakeDetection__05_08__exit_phone_room__YN1Q9TER.mp4,data\raw\FaceForensics++_C23\DeepFakeDetection\05_08__exit_phone_room__YN1Q9TER.mp4,1,DeepFakeDetection,c23,05_08__exit_phone_room__YN1Q9TER
FaceForensics++,FaceForensics++__DeepFakeDetection__05_08__talking_against_wall__PRBCE28Z.mp4,data\raw\FaceForensics++_C23\DeepFakeDetection\05_08__talking_against_wall__PRBCE28Z.mp4,1,DeepFakeDetection,c23,05_08__talking_against_wall__PRBCE28Z
FaceForensics++,FaceForensics++__DeepFakeDetection__05_16__exit_phone_room__B62WCGUN.mp4,data\raw\FaceForensics++_C23\DeepFakeDetection\05_16__exit_phone_room__B62WCGUN.mp4,1,DeepFakeDetection,c23,05_16__exit_phone_room__B62WCGUN
FaceForensics++,FaceForensics++__DeepFakeDetection__05_16__kitchen_still__053HPS1G.mp4,data\raw\FaceForensics++_C23\DeepFakeDetection\05_16__kitchen_still__053HPS1G.mp4,1,DeepFakeDetection,c23,05_16__kitchen_still__053HPS1G
FaceForensics++,FaceForensics++__DeepFakeDetection__05_16__kitchen_still__B62WCGUN.mp4,data\raw\FaceForensics++_C23\DeepFakeDetection\05_16__kitchen_still__B62WCGUN.mp4,1,DeepFakeDetection,c23,05_16__kitchen_still__B62WCGUN
FaceForensics++,FaceForensics++__DeepFakeDetection__05_16__walking_down_street_outside_angry__OSXCUOHX.mp4,data\raw\FaceForensics++_C23\DeepFakeDetection\05_16__walking_down_street_outside_angry__OSXCUOHX.mp4,1,DeepFakeDetection,c23,05_16__walking_down_street_outside_angry__OSXCUOHX
FaceForensics++,FaceForensics++__DeepFakeDetection__05_16__walk_down_hall_angry__U9WZI5LK.mp4,data\raw\FaceForensics++_C23\DeepFakeDetection\05_16__walk_down_hall_angry__U9WZI5LK.mp4,1,DeepFakeDetection,c23,05_16__walk_down_hall_angry__U9WZI5LK
FaceForensics++,FaceForensics++__DeepFakeDetection__05_17__hugging_happy__YTJYYDO9.mp4,data\raw\FaceForensics++_C23\DeepFakeDetection\05_17__hugging_happy__YTJYYDO9.mp4,1,DeepFakeDetection,c23,05_17__hugging_happy__YTJYYDO9
FaceForensics++,FaceForensics++__DeepFakeDetection__05_17__walking_down_street_outside_angry__M3H96PDQ.mp4,data\raw\FaceForensics++_C23\DeepFakeDetection\05_17__walking_down_street_outside_angry__M3H96PDQ.mp4,1,DeepFakeDetection,c23,05_17__walking_down_street_outside_angry__M3H96PDQ
FaceForensics++,FaceForensics++__DeepFakeDetection__05_17__walking_outside_cafe_disgusted__C4VHXZFY.mp4,data\raw\FaceForensics++_C23\DeepFakeDetection\05_17__walking_outside_cafe_disgusted__C4VHXZFY.mp4,1,DeepFakeDetection,c23,05_17__walking_outside_cafe_disgusted__C4VHXZFY
FaceForensics++,FaceForensics++__DeepFakeDetection__05_28__exit_phone_room__U9LRLJ6N.mp4,data\raw\FaceForensics++_C23\DeepFakeDetection\05_28__exit_phone_room__U9LRLJ6N.mp4,1,DeepFakeDetection,c23,05_28__exit_phone_room__U9LRLJ6N
FaceForensics++,FaceForensics++__DeepFakeDetection__05_28__hugging_happy__VR9127O1.mp4,data\raw\FaceForensics++_C23\DeepFakeDetection\05_28__hugging_happy__VR9127O1.mp4,1,DeepFakeDetection,c23,05_28__hugging_happy__VR9127O1
FaceForensics++,FaceForensics++__DeepFakeDetection__05_28__kitchen_still__W3J028UG.mp4,data\raw\FaceForensics++_C23\DeepFakeDetection\05_28__kitchen_still__W3J028UG.mp4,1,DeepFakeDetection,c23,05_28__kitchen_still__W3J028UG
FaceForensics++,FaceForensics++__DeepFakeDetection__05_28__walking_outside_cafe_disgusted__2DK5X0Y0.mp4,data\raw\FaceForensics++_C23\DeepFakeDetection\05_28__walking_outside_cafe_disgusted__2DK5X0Y0.mp4,1,DeepFakeDetection,c23,05_28__walking_outside_cafe_disgusted__2DK5X0Y0
FaceForensics++,FaceForensics++__DeepFakeDetection__06_02__podium_speech_happy__N8OSN8P6.mp4,data\raw\FaceForensics++_C23\DeepFakeDetection\06_02__podium_speech_happy__N8OSN8P6.mp4,1,DeepFakeDetection,c23,06_02__podium_speech_happy__N8OSN8P6
FaceForensics++,FaceForensics++__DeepFakeDetection__06_02__walking_down_indoor_hall_disgust__GH8TGTBS.mp4,data\raw\FaceForensics++_C23\DeepFakeDetection\06_02__walking_down_indoor_hall_disgust__GH8TGTBS.mp4,1,DeepFakeDetection,c23,06_02__walking_down_indoor_hall_disgust__GH8TGTBS
FaceForensics++,FaceForensics++__DeepFakeDetection__06_02__walk_down_hall_angry__37DH75GQ.mp4,data\raw\FaceForensics++_C23\DeepFakeDetection\06_02__walk_down_hall_angry__37DH75GQ.mp4,1,DeepFakeDetection,c23,06_02__walk_down_hall_angry__37DH75GQ
FaceForensics++,FaceForensics++__DeepFakeDetection__06_03__talking_against_wall__4I8LRXWF.mp4,data\raw\FaceForensics++_C23\DeepFakeDetection\06_03__talking_against_wall__4I8LRXWF.mp4,1,DeepFakeDetection,c23,06_03__talking_against_wall__4I8LRXWF
FaceForensics++,FaceForensics++__DeepFakeDetection__06_04__outside_talking_still_laughing__ZK95PQDE.mp4,data\raw\FaceForensics++_C23\DeepFakeDetection\06_04__outside_talking_still_laughing__ZK95PQDE.mp4,1,DeepFakeDetection,c23,06_04__outside_talking_still_laughing__ZK95PQDE
FaceForensics++,FaceForensics++__DeepFakeDetection__06_04__walking_outside_cafe_disgusted__ZK95PQDE.mp4,data\raw\FaceForensics++_C23\DeepFakeDetection\06_04__walking_outside_cafe_disgusted__ZK95PQDE.mp4,1,DeepFakeDetection,c23,06_04__walking_outside_cafe_disgusted__ZK95PQDE
FaceForensics++,FaceForensics++__DeepFakeDetection__06_07__exit_phone_room__NMGYPBXE.mp4,data\raw\FaceForensics++_C23\DeepFakeDetection\06_07__exit_phone_room__NMGYPBXE.mp4,1,DeepFakeDetection,c23,06_07__exit_phone_room__NMGYPBXE
FaceForensics++,FaceForensics++__DeepFakeDetection__06_07__outside_talking_pan_laughing__NMGYPBXE.mp4,data\raw\FaceForensics++_C23\DeepFakeDetection\06_07__outside_talking_pan_laughing__NMGYPBXE.mp4,1,DeepFakeDetection,c23,06_07__outside_talking_pan_laughing__NMGYPBXE
FaceForensics++,FaceForensics++__DeepFakeDetection__06_07__talking_against_wall__NMGYPBXE.mp4,data\raw\FaceForensics++_C23\DeepFakeDetection\06_07__talking_against_wall__NMGYPBXE.mp4,1,DeepFakeDetection,c23,06_07__talking_against_wall__NMGYPBXE
FaceForensics++,FaceForensics++__DeepFakeDetection__06_07__walking_down_street_outside_angry__NMGYPBXE.mp4,data\raw\FaceForensics++_C23\DeepFakeDetection\06_07__walking_down_street_outside_angry__NMGYPBXE.mp4,1,DeepFakeDetection,c23,06_07__walking_down_street_outside_angry__NMGYPBXE
FaceForensics++,FaceForensics++__DeepFakeDetection__06_07__walking_outside_cafe_disgusted__NMGYPBXE.mp4,data\raw\FaceForensics++_C23\DeepFakeDetection\06_07__walking_outside_cafe_disgusted__NMGYPBXE.mp4,1,DeepFakeDetection,c23,06_07__walking_outside_cafe_disgusted__NMGYPBXE
FaceForensics++,FaceForensics++__DeepFakeDetection__06_11__kitchen_still__C8C4FW99.mp4,data\raw\FaceForensics++_C23\DeepFakeDetection\06_11__kitchen_still__C8C4FW99.mp4,1,DeepFakeDetection,c23,06_11__kitchen_still__C8C4FW99
FaceForensics++,FaceForensics++__DeepFakeDetection__06_12__outside_talking_pan_laughing__3K21NFNM.mp4,data\raw\FaceForensics++_C23\DeepFakeDetection\06_12__outside_talking_pan_laughing__3K21NFNM.mp4,1,DeepFakeDetection,c23,06_12__outside_talking_pan_laughing__3K21NFNM
FaceForensics++,FaceForensics++__DeepFakeDetection__06_12__outside_talking_still_laughing__3K21NFNM.mp4,data\raw\FaceForensics++_C23\DeepFakeDetection\06_12__outside_talking_still_laughing__3K21NFNM.mp4,1,DeepFakeDetection,c23,06_12__outside_talking_still_laughing__3K21NFNM
FaceForensics++,FaceForensics++__DeepFakeDetection__06_12__walking_and_outside_surprised__3K21NFNM.mp4,data\raw\FaceForensics++_C23\DeepFakeDetection\06_12__walking_and_outside_surprised__3K21NFNM.mp4,1,DeepFakeDetection,c23,06_12__walking_and_outside_surprised__3K21NFNM
FaceForensics++,FaceForensics++__DeepFakeDetection__06_14__outside_talking_pan_laughing__8U9ULZDT.mp4,data\raw\FaceForensics++_C23\DeepFakeDetection\06_14__outside_talking_pan_laughing__8U9ULZDT.mp4,1,DeepFakeDetection,c23,06_14__outside_talking_pan_laughing__8U9ULZDT
FaceForensics++,FaceForensics++__DeepFakeDetection__06_14__walking_down_indoor_hall_disgust__8U9ULZDT.mp4,data\raw\FaceForensics++_C23\DeepFakeDetection\06_14__walking_down_indoor_hall_disgust__8U9ULZDT.mp4,1,DeepFakeDetection,c23,06_14__walking_down_indoor_hall_disgust__8U9ULZDT
FaceForensics++,FaceForensics++__DeepFakeDetection__06_15__exit_phone_room__QRCD27P8.mp4,data\raw\FaceForensics++_C23\DeepFakeDetection\06_15__exit_phone_room__QRCD27P8.mp4,1,DeepFakeDetection,c23,06_15__exit_phone_room__QRCD27P8
FaceForensics++,FaceForensics++__DeepFakeDetection__06_15__kitchen_pan__E98QYYXO.mp4,data\raw\FaceForensics++_C23\DeepFakeDetection\06_15__kitchen_pan__E98QYYXO.mp4,1,DeepFakeDetection,c23,06_15__kitchen_pan__E98QYYXO
FaceForensics++,FaceForensics++__DeepFakeDetection__06_15__kitchen_still__QRCD27P8.mp4,data\raw\FaceForensics++_C23\DeepFakeDetection\06_15__kitchen_still__QRCD27P8.mp4,1,DeepFakeDetection,c23,06_15__kitchen_still__QRCD27P8
FaceForensics++,FaceForensics++__DeepFakeDetection__06_15__outside_talking_still_laughing__E98QYYXO.mp4,data\raw\FaceForensics++_C23\DeepFakeDetection\06_15__outside_talking_still_laughing__E98QYYXO.mp4,1,DeepFakeDetection,c23,06_15__outside_talking_still_laughing__E98QYYXO
FaceForensics++,FaceForensics++__DeepFakeDetection__06_15__outside_talking_still_laughing__QRCD27P8.mp4,data\raw\FaceForensics++_C23\DeepFakeDetection\06_15__outside_talking_still_laughing__QRCD27P8.mp4,1,DeepFakeDetection,c23,06_15__outside_talking_still_laughing__QRCD27P8
FaceForensics++,FaceForensics++__DeepFakeDetection__06_15__walking_and_outside_surprised__QRCD27P8.mp4,data\raw\FaceForensics++_C23\DeepFakeDetection\06_15__walking_and_outside_surprised__QRCD27P8.mp4,1,DeepFakeDetection,c23,06_15__walking_and_outside_surprised__QRCD27P8
FaceForensics++,FaceForensics++__DeepFakeDetection__06_15__walking_down_indoor_hall_disgust__QRCD27P8.mp4,data\raw\FaceForensics++_C23\DeepFakeDetection\06_15__walking_down_indoor_hall_disgust__QRCD27P8.mp4,1,DeepFakeDetection,c23,06_15__walking_down_indoor_hall_disgust__QRCD27P8
FaceForensics++,FaceForensics++__DeepFakeDetection__06_18__kitchen_still__XJ76YU5A.mp4,data\raw\FaceForensics++_C23\DeepFakeDetection\06_18__kitchen_still__XJ76YU5A.mp4,1,DeepFakeDetection,c23,06_18__kitchen_still__XJ76YU5A
FaceForensics++,FaceForensics++__DeepFakeDetection__06_18__podium_speech_happy__5HNHMK6G.mp4,data\raw\FaceForensics++_C23\DeepFakeDetection\06_18__podium_speech_happy__5HNHMK6G.mp4,1,DeepFakeDetection,c23,06_18__podium_speech_happy__5HNHMK6G
FaceForensics++,FaceForensics++__DeepFakeDetection__06_18__podium_speech_happy__DEA1TCLN.mp4,data\raw\FaceForensics++_C23\DeepFakeDetection\06_18__podium_speech_happy__DEA1TCLN.mp4,1,DeepFakeDetection,c23,06_18__podium_speech_happy__DEA1TCLN
FaceForensics++,FaceForensics++__DeepFakeDetection__06_18__talking_angry_couch__DEA1TCLN.mp4,data\raw\FaceForensics++_C23\DeepFakeDetection\06_18__talking_angry_couch__DEA1TCLN.mp4,1,DeepFakeDetection,c23,06_18__talking_angry_couch__DEA1TCLN
FaceForensics++,FaceForensics++__DeepFakeDetection__06_18__walking_down_indoor_hall_disgust__DEA1TCLN.mp4,data\raw\FaceForensics++_C23\DeepFakeDetection\06_18__walking_down_indoor_hall_disgust__DEA1TCLN.mp4,1,DeepFakeDetection,c23,06_18__walking_down_indoor_hall_disgust__DEA1TCLN
FaceForensics++,FaceForensics++__DeepFakeDetection__06_20__kitchen_pan__6SUW7063.mp4,data\raw\FaceForensics++_C23\DeepFakeDetection\06_20__kitchen_pan__6SUW7063.mp4,1,DeepFakeDetection,c23,06_20__kitchen_pan__6SUW7063
FaceForensics++,FaceForensics++__DeepFakeDetection__06_25__outside_talking_pan_laughing__MI9BDQ7M.mp4,data\raw\FaceForensics++_C23\DeepFakeDetection\06_25__outside_talking_pan_laughing__MI9BDQ7M.mp4,1,DeepFakeDetection,c23,06_25__outside_talking_pan_laughing__MI9BDQ7M
FaceForensics++,FaceForensics++__DeepFakeDetection__06_25__talking_angry_couch__MI9BDQ7M.mp4,data\raw\FaceForensics++_C23\DeepFakeDetection\06_25__talking_angry_couch__MI9BDQ7M.mp4,1,DeepFakeDetection,c23,06_25__talking_angry_couch__MI9BDQ7M
FaceForensics++,FaceForensics++__DeepFakeDetection__06_25__walking_and_outside_surprised__MI9BDQ7M.mp4,data\raw\FaceForensics++_C23\DeepFakeDetection\06_25__walking_and_outside_surprised__MI9BDQ7M.mp4,1,DeepFakeDetection,c23,06_25__walking_and_outside_surprised__MI9BDQ7M
FaceForensics++,FaceForensics++__DeepFakeDetection__06_26__kitchen_pan__L5BVR5L9.mp4,data\raw\FaceForensics++_C23\DeepFakeDetection\06_26__kitchen_pan__L5BVR5L9.mp4,1,DeepFakeDetection,c23,06_26__kitchen_pan__L5BVR5L9
FaceForensics++,FaceForensics++__DeepFakeDetection__06_26__talking_against_wall__L5BVR5L9.mp4,data\raw\FaceForensics++_C23\DeepFakeDetection\06_26__talking_against_wall__L5BVR5L9.mp4,1,DeepFakeDetection,c23,06_26__talking_against_wall__L5BVR5L9
FaceForensics++,FaceForensics++__DeepFakeDetection__06_26__talking_angry_couch__L5BVR5L9.mp4,data\raw\FaceForensics++_C23\DeepFakeDetection\06_26__talking_angry_couch__L5BVR5L9.mp4,1,DeepFakeDetection,c23,06_26__talking_angry_couch__L5BVR5L9
FaceForensics++,FaceForensics++__DeepFakeDetection__06_27__outside_talking_still_laughing__SZWVBWY4.mp4,data\raw\FaceForensics++_C23\DeepFakeDetection\06_27__outside_talking_still_laughing__SZWVBWY4.mp4,1,DeepFakeDetection,c23,06_27__outside_talking_still_laughing__SZWVBWY4
FaceForensics++,FaceForensics++__DeepFakeDetection__06_27__walking_and_outside_surprised__O7L5Z9U8.mp4,data\raw\FaceForensics++_C23\DeepFakeDetection\06_27__walking_and_outside_surprised__O7L5Z9U8.mp4,1,DeepFakeDetection,c23,06_27__walking_and_outside_surprised__O7L5Z9U8
FaceForensics++,FaceForensics++__DeepFakeDetection__06_27__walking_and_outside_surprised__SZWVBWY4.mp4,data\raw\FaceForensics++_C23\DeepFakeDetection\06_27__walking_and_outside_surprised__SZWVBWY4.mp4,1,DeepFakeDetection,c23,06_27__walking_and_outside_surprised__SZWVBWY4
FaceForensics++,FaceForensics++__DeepFakeDetection__06_27__walking_outside_cafe_disgusted__VN14WY2N.mp4,data\raw\FaceForensics++_C23\DeepFakeDetection\06_27__walking_outside_cafe_disgusted__VN14WY2N.mp4,1,DeepFakeDetection,c23,06_27__walking_outside_cafe_disgusted__VN14WY2N
FaceForensics++,FaceForensics++__DeepFakeDetection__07_02__exit_phone_room__1KPVZAAP.mp4,data\raw\FaceForensics++_C23\DeepFakeDetection\07_02__exit_phone_room__1KPVZAAP.mp4,1,DeepFakeDetection,c23,07_02__exit_phone_room__1KPVZAAP
FaceForensics++,FaceForensics++__DeepFakeDetection__07_02__kitchen_pan__O4SXNLRL.mp4,data\raw\FaceForensics++_C23\DeepFakeDetection\07_02__kitchen_pan__O4SXNLRL.mp4,1,DeepFakeDetection,c23,07_02__kitchen_pan__O4SXNLRL
FaceForensics++,FaceForensics++__DeepFakeDetection__07_02__talking_against_wall__34PVT42V.mp4,data\raw\FaceForensics++_C23\DeepFakeDetection\07_02__talking_against_wall__34PVT42V.mp4,1,DeepFakeDetection,c23,07_02__talking_against_wall__34PVT42V
FaceForensics++,FaceForensics++__DeepFakeDetection__07_02__talking_angry_couch__1H07DFQJ.mp4,data\raw\FaceForensics++_C23\DeepFakeDetection\07_02__talking_angry_couch__1H07DFQJ.mp4,1,DeepFakeDetection,c23,07_02__talking_angry_couch__1H07DFQJ
FaceForensics++,FaceForensics++__DeepFakeDetection__07_02__walking_down_street_outside_angry__O4SXNLRL.mp4,data\raw\FaceForensics++_C23\DeepFakeDetection\07_02__walking_down_street_outside_angry__O4SXNLRL.mp4,1,DeepFakeDetection,c23,07_02__walking_down_street_outside_angry__O4SXNLRL
FaceForensics++,FaceForensics++__DeepFakeDetection__07_03__hugging_happy__WPT3Z2KN.mp4,data\raw\FaceForensics++_C23\DeepFakeDetection\07_03__hugging_happy__WPT3Z2KN.mp4,1,DeepFakeDetection,c23,07_03__hugging_happy__WPT3Z2KN
FaceForensics++,FaceForensics++__DeepFakeDetection__07_03__kitchen_pan__WPT3Z2KN.mp4,data\raw\FaceForensics++_C23\DeepFakeDetection\07_03__kitchen_pan__WPT3Z2KN.mp4,1,DeepFakeDetection,c23,07_03__kitchen_pan__WPT3Z2KN
FaceForensics++,FaceForensics++__DeepFakeDetection__07_03__outside_talking_pan_laughing__IFSURI9X.mp4,data\raw\FaceForensics++_C23\DeepFakeDetection\07_03__outside_talking_pan_laughing__IFSURI9X.mp4,1,DeepFakeDetection,c23,07_03__outside_talking_pan_laughing__IFSURI9X
FaceForensics++,FaceForensics++__DeepFakeDetection__07_03__podium_speech_happy__6PHZRQ4H.mp4,data\raw\FaceForensics++_C23\DeepFakeDetection\07_03__podium_speech_happy__6PHZRQ4H.mp4,1,DeepFakeDetection,c23,07_03__podium_speech_happy__6PHZRQ4H
FaceForensics++,FaceForensics++__DeepFakeDetection__07_03__secret_conversation__IFSURI9X.mp4,data\raw\FaceForensics++_C23\DeepFakeDetection\07_03__secret_conversation__IFSURI9X.mp4,1,DeepFakeDetection,c23,07_03__secret_conversation__IFSURI9X
FaceForensics++,FaceForensics++__DeepFakeDetection__07_03__talking_against_wall__IFSURI9X.mp4,data\raw\FaceForensics++_C23\DeepFakeDetection\07_03__talking_against_wall__IFSURI9X.mp4,1,DeepFakeDetection,c23,07_03__talking_against_wall__IFSURI9X
FaceForensics++,FaceForensics++__DeepFakeDetection__07_03__talking_angry_couch__WPT3Z2KN.mp4,data\raw\FaceForensics++_C23\DeepFakeDetection\07_03__talking_angry_couch__WPT3Z2KN.mp4,1,DeepFakeDetection,c23,07_03__talking_angry_couch__WPT3Z2KN
FaceForensics++,FaceForensics++__DeepFakeDetection__07_03__walking_outside_cafe_disgusted__F0YYEA5W.mp4,data\raw\FaceForensics++_C23\DeepFakeDetection\07_03__walking_outside_cafe_disgusted__F0YYEA5W.mp4,1,DeepFakeDetection,c23,07_03__walking_outside_cafe_disgusted__F0YYEA5W
FaceForensics++,FaceForensics++__DeepFakeDetection__07_03__walk_down_hall_angry__W3MXGEU9.mp4,data\raw\FaceForensics++_C23\DeepFakeDetection\07_03__walk_down_hall_angry__W3MXGEU9.mp4,1,DeepFakeDetection,c23,07_03__walk_down_hall_angry__W3MXGEU9
FaceForensics++,FaceForensics++__DeepFakeDetection__07_04__kitchen_pan__XRK7FGZX.mp4,data\raw\FaceForensics++_C23\DeepFakeDetection\07_04__kitchen_pan__XRK7FGZX.mp4,1,DeepFakeDetection,c23,07_04__kitchen_pan__XRK7FGZX
FaceForensics++,FaceForensics++__DeepFakeDetection__07_04__outside_talking_still_laughing__XRK7FGZX.mp4,data\raw\FaceForensics++_C23\DeepFakeDetection\07_04__outside_talking_still_laughing__XRK7FGZX.mp4,1,DeepFakeDetection,c23,07_04__outside_talking_still_laughing__XRK7FGZX
FaceForensics++,FaceForensics++__DeepFakeDetection__07_06__kitchen_pan__NMGYPBXE.mp4,data\raw\FaceForensics++_C23\DeepFakeDetection\07_06__kitchen_pan__NMGYPBXE.mp4,1,DeepFakeDetection,c23,07_06__kitchen_pan__NMGYPBXE
FaceForensics++,FaceForensics++__DeepFakeDetection__07_06__outside_talking_still_laughing__NMGYPBXE.mp4,data\raw\FaceForensics++_C23\DeepFakeDetection\07_06__outside_talking_still_laughing__NMGYPBXE.mp4,1,DeepFakeDetection,c23,07_06__outside_talking_still_laughing__NMGYPBXE
FaceForensics++,FaceForensics++__DeepFakeDetection__07_06__walking_down_street_outside_angry__NMGYPBXE.mp4,data\raw\FaceForensics++_C23\DeepFakeDetection\07_06__walking_down_street_outside_angry__NMGYPBXE.mp4,1,DeepFakeDetection,c23,07_06__walking_down_street_outside_angry__NMGYPBXE
FaceForensics++,FaceForensics++__DeepFakeDetection__07_09__outside_talking_still_laughing__N9CWME71.mp4,data\raw\FaceForensics++_C23\DeepFakeDetection\07_09__outside_talking_still_laughing__N9CWME71.mp4,1,DeepFakeDetection,c23,07_09__outside_talking_still_laughing__N9CWME71
FaceForensics++,FaceForensics++__DeepFakeDetection__07_09__secret_conversation__N9CWME71.mp4,data\raw\FaceForensics++_C23\DeepFakeDetection\07_09__secret_conversation__N9CWME71.mp4,1,DeepFakeDetection,c23,07_09__secret_conversation__N9CWME71
FaceForensics++,FaceForensics++__DeepFakeDetection__07_09__walk_down_hall_angry__N9CWME71.mp4,data\raw\FaceForensics++_C23\DeepFakeDetection\07_09__walk_down_hall_angry__N9CWME71.mp4,1,DeepFakeDetection,c23,07_09__walk_down_hall_angry__N9CWME71
FaceForensics++,FaceForensics++__DeepFakeDetection__07_12__outside_talking_pan_laughing__0VN0A2T3.mp4,data\raw\FaceForensics++_C23\DeepFakeDetection\07_12__outside_talking_pan_laughing__0VN0A2T3.mp4,1,DeepFakeDetection,c23,07_12__outside_talking_pan_laughing__0VN0A2T3
FaceForensics++,FaceForensics++__DeepFakeDetection__07_12__outside_talking_still_laughing__0VN0A2T3.mp4,data\raw\FaceForensics++_C23\DeepFakeDetection\07_12__outside_talking_still_laughing__0VN0A2T3.mp4,1,DeepFakeDetection,c23,07_12__outside_talking_still_laughing__0VN0A2T3
FaceForensics++,FaceForensics++__DeepFakeDetection__07_12__talking_against_wall__0VN0A2T3.mp4,data\raw\FaceForensics++_C23\DeepFakeDetection\07_12__talking_against_wall__0VN0A2T3.mp4,1,DeepFakeDetection,c23,07_12__talking_against_wall__0VN0A2T3
FaceForensics++,FaceForensics++__DeepFakeDetection__07_14__exit_phone_room__P9QFO50U.mp4,data\raw\FaceForensics++_C23\DeepFakeDetection\07_14__exit_phone_room__P9QFO50U.mp4,1,DeepFakeDetection,c23,07_14__exit_phone_room__P9QFO50U
FaceForensics++,FaceForensics++__DeepFakeDetection__07_14__outside_talking_pan_laughing__P9QFO50U.mp4,data\raw\FaceForensics++_C23\DeepFakeDetection\07_14__outside_talking_pan_laughing__P9QFO50U.mp4,1,DeepFakeDetection,c23,07_14__outside_talking_pan_laughing__P9QFO50U
FaceForensics++,FaceForensics++__DeepFakeDetection__07_14__walking_down_street_outside_angry__VOX29AK0.mp4,data\raw\FaceForensics++_C23\DeepFakeDetection\07_14__walking_down_street_outside_angry__VOX29AK0.mp4,1,DeepFakeDetection,c23,07_14__walking_down_street_outside_angry__VOX29AK0
FaceForensics++,FaceForensics++__DeepFakeDetection__07_15__hugging_happy__9Z2MLKVX.mp4,data\raw\FaceForensics++_C23\DeepFakeDetection\07_15__hugging_happy__9Z2MLKVX.mp4,1,DeepFakeDetection,c23,07_15__hugging_happy__9Z2MLKVX
FaceForensics++,FaceForensics++__DeepFakeDetection__07_15__outside_talking_still_laughing__KM6M2TBT.mp4,data\raw\FaceForensics++_C23\DeepFakeDetection\07_15__outside_talking_still_laughing__KM6M2TBT.mp4,1,DeepFakeDetection,c23,07_15__outside_talking_still_laughing__KM6M2TBT
FaceForensics++,FaceForensics++__DeepFakeDetection__07_15__walking_down_street_outside_angry__NYPO7U50.mp4,data\raw\FaceForensics++_C23\DeepFakeDetection\07_15__walking_down_street_outside_angry__NYPO7U50.mp4,1,DeepFakeDetection,c23,07_15__walking_down_street_outside_angry__NYPO7U50
FaceForensics++,FaceForensics++__DeepFakeDetection__07_20__outside_talking_pan_laughing__KV6Q7D6C.mp4,data\raw\FaceForensics++_C23\DeepFakeDetection\07_20__outside_talking_pan_laughing__KV6Q7D6C.mp4,1,DeepFakeDetection,c23,07_20__outside_talking_pan_laughing__KV6Q7D6C
FaceForensics++,FaceForensics++__DeepFakeDetection__07_20__talking_against_wall__KV6Q7D6C.mp4,data\raw\FaceForensics++_C23\DeepFakeDetection\07_20__talking_against_wall__KV6Q7D6C.mp4,1,DeepFakeDetection,c23,07_20__talking_against_wall__KV6Q7D6C
FaceForensics++,FaceForensics++__DeepFakeDetection__07_21__exit_phone_room__K7KXUHMU.mp4,data\raw\FaceForensics++_C23\DeepFakeDetection\07_21__exit_phone_room__K7KXUHMU.mp4,1,DeepFakeDetection,c23,07_21__exit_phone_room__K7KXUHMU
FaceForensics++,FaceForensics++__DeepFakeDetection__07_21__outside_talking_still_laughing__K7KXUHMU.mp4,data\raw\FaceForensics++_C23\DeepFakeDetection\07_21__outside_talking_still_laughing__K7KXUHMU.mp4,1,DeepFakeDetection,c23,07_21__outside_talking_still_laughing__K7KXUHMU
FaceForensics++,FaceForensics++__DeepFakeDetection__07_21__secret_conversation__CRGVSDBI.mp4,data\raw\FaceForensics++_C23\DeepFakeDetection\07_21__secret_conversation__CRGVSDBI.mp4,1,DeepFakeDetection,c23,07_21__secret_conversation__CRGVSDBI
FaceForensics++,FaceForensics++__DeepFakeDetection__07_21__talking_against_wall__MKU99DVX.mp4,data\raw\FaceForensics++_C23\DeepFakeDetection\07_21__talking_against_wall__MKU99DVX.mp4,1,DeepFakeDetection,c23,07_21__talking_against_wall__MKU99DVX
FaceForensics++,FaceForensics++__DeepFakeDetection__07_21__walking_down_street_outside_angry__K7KXUHMU.mp4,data\raw\FaceForensics++_C23\DeepFakeDetection\07_21__walking_down_street_outside_angry__K7KXUHMU.mp4,1,DeepFakeDetection,c23,07_21__walking_down_street_outside_angry__K7KXUHMU
FaceForensics++,FaceForensics++__DeepFakeDetection__07_25__exit_phone_room__IKMKYKPG.mp4,data\raw\FaceForensics++_C23\DeepFakeDetection\07_25__exit_phone_room__IKMKYKPG.mp4,1,DeepFakeDetection,c23,07_25__exit_phone_room__IKMKYKPG
FaceForensics++,FaceForensics++__DeepFakeDetection__07_25__walking_down_street_outside_angry__IKMKYKPG.mp4,data\raw\FaceForensics++_C23\DeepFakeDetection\07_25__walking_down_street_outside_angry__IKMKYKPG.mp4,1,DeepFakeDetection,c23,07_25__walking_down_street_outside_angry__IKMKYKPG
FaceForensics++,FaceForensics++__DeepFakeDetection__07_25__walk_down_hall_angry__PAE9HCA8.mp4,data\raw\FaceForensics++_C23\DeepFakeDetection\07_25__walk_down_hall_angry__PAE9HCA8.mp4,1,DeepFakeDetection,c23,07_25__walk_down_hall_angry__PAE9HCA8
FaceForensics++,FaceForensics++__DeepFakeDetection__07_26__walking_down_street_outside_angry__FGNGC2GT.mp4,data\raw\FaceForensics++_C23\DeepFakeDetection\07_26__walking_down_street_outside_angry__FGNGC2GT.mp4,1,DeepFakeDetection,c23,07_26__walking_down_street_outside_angry__FGNGC2GT
FaceForensics++,FaceForensics++__DeepFakeDetection__07_26__walk_down_hall_angry__FGNGC2GT.mp4,data\raw\FaceForensics++_C23\DeepFakeDetection\07_26__walk_down_hall_angry__FGNGC2GT.mp4,1,DeepFakeDetection,c23,07_26__walk_down_hall_angry__FGNGC2GT
FaceForensics++,FaceForensics++__DeepFakeDetection__07_27__walking_down_street_outside_angry__3RH5PR6S.mp4,data\raw\FaceForensics++_C23\DeepFakeDetection\07_27__walking_down_street_outside_angry__3RH5PR6S.mp4,1,DeepFakeDetection,c23,07_27__walking_down_street_outside_angry__3RH5PR6S
FaceForensics++,FaceForensics++__DeepFakeDetection__08_05__walk_down_hall_angry__FBICSP2C.mp4,data\raw\FaceForensics++_C23\DeepFakeDetection\08_05__walk_down_hall_angry__FBICSP2C.mp4,1,DeepFakeDetection,c23,08_05__walk_down_hall_angry__FBICSP2C
FaceForensics++,FaceForensics++__DeepFakeDetection__08_05__walk_down_hall_angry__PRBCE28Z.mp4,data\raw\FaceForensics++_C23\DeepFakeDetection\08_05__walk_down_hall_angry__PRBCE28Z.mp4,1,DeepFakeDetection,c23,08_05__walk_down_hall_angry__PRBCE28Z
FaceForensics++,FaceForensics++__DeepFakeDetection__08_16__podium_speech_happy__8Q7JCS95.mp4,data\raw\FaceForensics++_C23\DeepFakeDetection\08_16__podium_speech_happy__8Q7JCS95.mp4,1,DeepFakeDetection,c23,08_16__podium_speech_happy__8Q7JCS95
FaceForensics++,FaceForensics++__DeepFakeDetection__08_17__kitchen_pan__JZYRLJ8T.mp4,data\raw\FaceForensics++_C23\DeepFakeDetection\08_17__kitchen_pan__JZYRLJ8T.mp4,1,DeepFakeDetection,c23,08_17__kitchen_pan__JZYRLJ8T
FaceForensics++,FaceForensics++__DeepFakeDetection__08_17__kitchen_still__ZCEYWYTC.mp4,data\raw\FaceForensics++_C23\DeepFakeDetection\08_17__kitchen_still__ZCEYWYTC.mp4,1,DeepFakeDetection,c23,08_17__kitchen_still__ZCEYWYTC
FaceForensics++,FaceForensics++__DeepFakeDetection__08_17__walk_down_hall_angry__QOX5NWIJ.mp4,data\raw\FaceForensics++_C23\DeepFakeDetection\08_17__walk_down_hall_angry__QOX5NWIJ.mp4,1,DeepFakeDetection,c23,08_17__walk_down_hall_angry__QOX5NWIJ
FaceForensics++,FaceForensics++__DeepFakeDetection__08_28__kitchen_pan__LVT0XNQG.mp4,data\raw\FaceForensics++_C23\DeepFakeDetection\08_28__kitchen_pan__LVT0XNQG.mp4,1,DeepFakeDetection,c23,08_28__kitchen_pan__LVT0XNQG
FaceForensics++,FaceForensics++__DeepFakeDetection__08_28__outside_talking_pan_laughing__8BC35RFU.mp4,data\raw\FaceForensics++_C23\DeepFakeDetection\08_28__outside_talking_pan_laughing__8BC35RFU.mp4,1,DeepFakeDetection,c23,08_28__outside_talking_pan_laughing__8BC35RFU
FaceForensics++,FaceForensics++__DeepFakeDetection__09_01__walk_down_hall_angry__6TSGVLHA.mp4,data\raw\FaceForensics++_C23\DeepFakeDetection\09_01__walk_down_hall_angry__6TSGVLHA.mp4,1,DeepFakeDetection,c23,09_01__walk_down_hall_angry__6TSGVLHA
FaceForensics++,FaceForensics++__DeepFakeDetection__09_02__exit_phone_room__6KUOFMZW.mp4,data\raw\FaceForensics++_C23\DeepFakeDetection\09_02__exit_phone_room__6KUOFMZW.mp4,1,DeepFakeDetection,c23,09_02__exit_phone_room__6KUOFMZW
FaceForensics++,FaceForensics++__DeepFakeDetection__09_02__walking_down_street_outside_angry__9TDCEK1Q.mp4,data\raw\FaceForensics++_C23\DeepFakeDetection\09_02__walking_down_street_outside_angry__9TDCEK1Q.mp4,1,DeepFakeDetection,c23,09_02__walking_down_street_outside_angry__9TDCEK1Q
FaceForensics++,FaceForensics++__DeepFakeDetection__09_02__walk_down_hall_angry__6KUOFMZW.mp4,data\raw\FaceForensics++_C23\DeepFakeDetection\09_02__walk_down_hall_angry__6KUOFMZW.mp4,1,DeepFakeDetection,c23,09_02__walk_down_hall_angry__6KUOFMZW
FaceForensics++,FaceForensics++__DeepFakeDetection__09_03__kitchen_pan__8DTEGQ54.mp4,data\raw\FaceForensics++_C23\DeepFakeDetection\09_03__kitchen_pan__8DTEGQ54.mp4,1,DeepFakeDetection,c23,09_03__kitchen_pan__8DTEGQ54
FaceForensics++,FaceForensics++__DeepFakeDetection__09_03__talking_against_wall__8DTEGQ54.mp4,data\raw\FaceForensics++_C23\DeepFakeDetection\09_03__talking_against_wall__8DTEGQ54.mp4,1,DeepFakeDetection,c23,09_03__talking_against_wall__8DTEGQ54
FaceForensics++,FaceForensics++__DeepFakeDetection__09_07__kitchen_pan__N9CWME71.mp4,data\raw\FaceForensics++_C23\DeepFakeDetection\09_07__kitchen_pan__N9CWME71.mp4,1,DeepFakeDetection,c23,09_07__kitchen_pan__N9CWME71
FaceForensics++,FaceForensics++__DeepFakeDetection__09_11__talking_against_wall__INNOT5UE.mp4,data\raw\FaceForensics++_C23\DeepFakeDetection\09_11__talking_against_wall__INNOT5UE.mp4,1,DeepFakeDetection,c23,09_11__talking_against_wall__INNOT5UE
FaceForensics++,FaceForensics++__DeepFakeDetection__09_13__exit_phone_room__YP7MGDQ6.mp4,data\raw\FaceForensics++_C23\DeepFakeDetection\09_13__exit_phone_room__YP7MGDQ6.mp4,1,DeepFakeDetection,c23,09_13__exit_phone_room__YP7MGDQ6
FaceForensics++,FaceForensics++__DeepFakeDetection__09_13__kitchen_pan__21H6XSPE.mp4,data\raw\FaceForensics++_C23\DeepFakeDetection\09_13__kitchen_pan__21H6XSPE.mp4,1,DeepFakeDetection,c23,09_13__kitchen_pan__21H6XSPE
FaceForensics++,FaceForensics++__DeepFakeDetection__09_13__outside_talking_pan_laughing__6K90KFOQ.mp4,data\raw\FaceForensics++_C23\DeepFakeDetection\09_13__outside_talking_pan_laughing__6K90KFOQ.mp4,1,DeepFakeDetection,c23,09_13__outside_talking_pan_laughing__6K90KFOQ
FaceForensics++,FaceForensics++__DeepFakeDetection__09_13__outside_talking_pan_laughing__LPT427RY.mp4,data\raw\FaceForensics++_C23\DeepFakeDetection\09_13__outside_talking_pan_laughing__LPT427RY.mp4,1,DeepFakeDetection,c23,09_13__outside_talking_pan_laughing__LPT427RY
FaceForensics++,FaceForensics++__DeepFakeDetection__09_13__outside_talking_still_laughing__NDMHWBT1.mp4,data\raw\FaceForensics++_C23\DeepFakeDetection\09_13__outside_talking_still_laughing__NDMHWBT1.mp4,1,DeepFakeDetection,c23,09_13__outside_talking_still_laughing__NDMHWBT1
FaceForensics++,FaceForensics++__DeepFakeDetection__09_13__walking_down_street_outside_angry__NDMHWBT1.mp4,data\raw\FaceForensics++_C23\DeepFakeDetection\09_13__walking_down_street_outside_angry__NDMHWBT1.mp4,1,DeepFakeDetection,c23,09_13__walking_down_street_outside_angry__NDMHWBT1
FaceForensics++,FaceForensics++__DeepFakeDetection__09_13__walk_down_hall_angry__BVZGDFD8.mp4,data\raw\FaceForensics++_C23\DeepFakeDetection\09_13__walk_down_hall_angry__BVZGDFD8.mp4,1,DeepFakeDetection,c23,09_13__walk_down_hall_angry__BVZGDFD8
FaceForensics++,FaceForensics++__DeepFakeDetection__09_14__outside_talking_still_laughing__FRY0IZ4R.mp4,data\raw\FaceForensics++_C23\DeepFakeDetection\09_14__outside_talking_still_laughing__FRY0IZ4R.mp4,1,DeepFakeDetection,c23,09_14__outside_talking_still_laughing__FRY0IZ4R
FaceForensics++,FaceForensics++__DeepFakeDetection__09_14__talking_angry_couch__6TEK3ZX0.mp4,data\raw\FaceForensics++_C23\DeepFakeDetection\09_14__talking_angry_couch__6TEK3ZX0.mp4,1,DeepFakeDetection,c23,09_14__talking_angry_couch__6TEK3ZX0
FaceForensics++,FaceForensics++__DeepFakeDetection__09_18__outside_talking_pan_laughing__3VP8836C.mp4,data\raw\FaceForensics++_C23\DeepFakeDetection\09_18__outside_talking_pan_laughing__3VP8836C.mp4,1,DeepFakeDetection,c23,09_18__outside_talking_pan_laughing__3VP8836C
FaceForensics++,FaceForensics++__DeepFakeDetection__09_18__walking_down_street_outside_angry__3VP8836C.mp4,data\raw\FaceForensics++_C23\DeepFakeDetection\09_18__walking_down_street_outside_angry__3VP8836C.mp4,1,DeepFakeDetection,c23,09_18__walking_down_street_outside_angry__3VP8836C
FaceForensics++,FaceForensics++__DeepFakeDetection__09_20__kitchen_pan__98NUQ3E6.mp4,data\raw\FaceForensics++_C23\DeepFakeDetection\09_20__kitchen_pan__98NUQ3E6.mp4,1,DeepFakeDetection,c23,09_20__kitchen_pan__98NUQ3E6
FaceForensics++,FaceForensics++__DeepFakeDetection__09_20__outside_talking_still_laughing__MKEWB4SM.mp4,data\raw\FaceForensics++_C23\DeepFakeDetection\09_20__outside_talking_still_laughing__MKEWB4SM.mp4,1,DeepFakeDetection,c23,09_20__outside_talking_still_laughing__MKEWB4SM
FaceForensics++,FaceForensics++__DeepFakeDetection__09_20__podium_speech_happy__RAGUKRMK.mp4,data\raw\FaceForensics++_C23\DeepFakeDetection\09_20__podium_speech_happy__RAGUKRMK.mp4,1,DeepFakeDetection,c23,09_20__podium_speech_happy__RAGUKRMK
FaceForensics++,FaceForensics++__DeepFakeDetection__09_20__talking_angry_couch__0IRM5ADD.mp4,data\raw\FaceForensics++_C23\DeepFakeDetection\09_20__talking_angry_couch__0IRM5ADD.mp4,1,DeepFakeDetection,c23,09_20__talking_angry_couch__0IRM5ADD
FaceForensics++,FaceForensics++__DeepFakeDetection__09_20__talking_angry_couch__98NUQ3E6.mp4,data\raw\FaceForensics++_C23\DeepFakeDetection\09_20__talking_angry_couch__98NUQ3E6.mp4,1,DeepFakeDetection,c23,09_20__talking_angry_couch__98NUQ3E6
FaceForensics++,FaceForensics++__DeepFakeDetection__09_20__walk_down_hall_angry__MKEWB4SM.mp4,data\raw\FaceForensics++_C23\DeepFakeDetection\09_20__walk_down_hall_angry__MKEWB4SM.mp4,1,DeepFakeDetection,c23,09_20__walk_down_hall_angry__MKEWB4SM
FaceForensics++,FaceForensics++__DeepFakeDetection__09_25__walking_down_street_outside_angry__5041ODBN.mp4,data\raw\FaceForensics++_C23\DeepFakeDetection\09_25__walking_down_street_outside_angry__5041ODBN.mp4,1,DeepFakeDetection,c23,09_25__walking_down_street_outside_angry__5041ODBN
FaceForensics++,FaceForensics++__DeepFakeDetection__09_26__exit_phone_room__XXGYLT82.mp4,data\raw\FaceForensics++_C23\DeepFakeDetection\09_26__exit_phone_room__XXGYLT82.mp4,1,DeepFakeDetection,c23,09_26__exit_phone_room__XXGYLT82
FaceForensics++,FaceForensics++__DeepFakeDetection__09_26__walk_down_hall_angry__QSE5A0GF.mp4,data\raw\FaceForensics++_C23\DeepFakeDetection\09_26__walk_down_hall_angry__QSE5A0GF.mp4,1,DeepFakeDetection,c23,09_26__walk_down_hall_angry__QSE5A0GF
FaceForensics++,FaceForensics++__DeepFakeDetection__09_27__walking_down_street_outside_angry__RC9KATOO.mp4,data\raw\FaceForensics++_C23\DeepFakeDetection\09_27__walking_down_street_outside_angry__RC9KATOO.mp4,1,DeepFakeDetection,c23,09_27__walking_down_street_outside_angry__RC9KATOO
FaceForensics++,FaceForensics++__DeepFakeDetection__10_19__kitchen_still__IDX76N5R.mp4,data\raw\FaceForensics++_C23\DeepFakeDetection\10_19__kitchen_still__IDX76N5R.mp4,1,DeepFakeDetection,c23,10_19__kitchen_still__IDX76N5R
FaceForensics++,FaceForensics++__DeepFakeDetection__10_19__outside_talking_still_laughing__O2IKR6YM.mp4,data\raw\FaceForensics++_C23\DeepFakeDetection\10_19__outside_talking_still_laughing__O2IKR6YM.mp4,1,DeepFakeDetection,c23,10_19__outside_talking_still_laughing__O2IKR6YM
FaceForensics++,FaceForensics++__DeepFakeDetection__10_19__walking_down_street_outside_angry__IDX76N5R.mp4,data\raw\FaceForensics++_C23\DeepFakeDetection\10_19__walking_down_street_outside_angry__IDX76N5R.mp4,1,DeepFakeDetection,c23,10_19__walking_down_street_outside_angry__IDX76N5R
FaceForensics++,FaceForensics++__DeepFakeDetection__10_22__exit_phone_room__G48B2EQ2.mp4,data\raw\FaceForensics++_C23\DeepFakeDetection\10_22__exit_phone_room__G48B2EQ2.mp4,1,DeepFakeDetection,c23,10_22__exit_phone_room__G48B2EQ2
FaceForensics++,FaceForensics++__DeepFakeDetection__10_22__kitchen_pan__EHARPYBT.mp4,data\raw\FaceForensics++_C23\DeepFakeDetection\10_22__kitchen_pan__EHARPYBT.mp4,1,DeepFakeDetection,c23,10_22__kitchen_pan__EHARPYBT
FaceForensics++,FaceForensics++__DeepFakeDetection__10_22__kitchen_pan__PUJR4HJ1.mp4,data\raw\FaceForensics++_C23\DeepFakeDetection\10_22__kitchen_pan__PUJR4HJ1.mp4,1,DeepFakeDetection,c23,10_22__kitchen_pan__PUJR4HJ1
FaceForensics++,FaceForensics++__DeepFakeDetection__10_22__outside_talking_pan_laughing__G48B2EQ2.mp4,data\raw\FaceForensics++_C23\DeepFakeDetection\10_22__outside_talking_pan_laughing__G48B2EQ2.mp4,1,DeepFakeDetection,c23,10_22__outside_talking_pan_laughing__G48B2EQ2
FaceForensics++,FaceForensics++__DeepFakeDetection__10_23__kitchen_pan__GYY4VANY.mp4,data\raw\FaceForensics++_C23\DeepFakeDetection\10_23__kitchen_pan__GYY4VANY.mp4,1,DeepFakeDetection,c23,10_23__kitchen_pan__GYY4VANY
FaceForensics++,FaceForensics++__DeepFakeDetection__10_23__outside_talking_pan_laughing__CU6SNBFZ.mp4,data\raw\FaceForensics++_C23\DeepFakeDetection\10_23__outside_talking_pan_laughing__CU6SNBFZ.mp4,1,DeepFakeDetection,c23,10_23__outside_talking_pan_laughing__CU6SNBFZ
FaceForensics++,FaceForensics++__DeepFakeDetection__10_23__outside_talking_pan_laughing__ZHJO34DY.mp4,data\raw\FaceForensics++_C23\DeepFakeDetection\10_23__outside_talking_pan_laughing__ZHJO34DY.mp4,1,DeepFakeDetection,c23,10_23__outside_talking_pan_laughing__ZHJO34DY
FaceForensics++,FaceForensics++__DeepFakeDetection__10_24__exit_phone_room__356HPS7R.mp4,data\raw\FaceForensics++_C23\DeepFakeDetection\10_24__exit_phone_room__356HPS7R.mp4,1,DeepFakeDetection,c23,10_24__exit_phone_room__356HPS7R
FaceForensics++,FaceForensics++__DeepFakeDetection__11_01__podium_speech_happy__WIZ7GKOD.mp4,data\raw\FaceForensics++_C23\DeepFakeDetection\11_01__podium_speech_happy__WIZ7GKOD.mp4,1,DeepFakeDetection,c23,11_01__podium_speech_happy__WIZ7GKOD
FaceForensics++,FaceForensics++__DeepFakeDetection__11_01__talking_against_wall__EKE2KNRE.mp4,data\raw\FaceForensics++_C23\DeepFakeDetection\11_01__talking_against_wall__EKE2KNRE.mp4,1,DeepFakeDetection,c23,11_01__talking_against_wall__EKE2KNRE
FaceForensics++,FaceForensics++__DeepFakeDetection__11_03__outside_talking_pan_laughing__P08VGHTA.mp4,data\raw\FaceForensics++_C23\DeepFakeDetection\11_03__outside_talking_pan_laughing__P08VGHTA.mp4,1,DeepFakeDetection,c23,11_03__outside_talking_pan_laughing__P08VGHTA
FaceForensics++,FaceForensics++__DeepFakeDetection__11_03__talking_against_wall__P08VGHTA.mp4,data\raw\FaceForensics++_C23\DeepFakeDetection\11_03__talking_against_wall__P08VGHTA.mp4,1,DeepFakeDetection,c23,11_03__talking_against_wall__P08VGHTA
FaceForensics++,FaceForensics++__DeepFakeDetection__11_03__walking_outside_cafe_disgusted__P08VGHTA.mp4,data\raw\FaceForensics++_C23\DeepFakeDetection\11_03__walking_outside_cafe_disgusted__P08VGHTA.mp4,1,DeepFakeDetection,c23,11_03__walking_outside_cafe_disgusted__P08VGHTA
FaceForensics++,FaceForensics++__DeepFakeDetection__11_04__talking_angry_couch__JRQWOV1G.mp4,data\raw\FaceForensics++_C23\DeepFakeDetection\11_04__talking_angry_couch__JRQWOV1G.mp4,1,DeepFakeDetection,c23,11_04__talking_angry_couch__JRQWOV1G
FaceForensics++,FaceForensics++__DeepFakeDetection__11_06__outside_talking_pan_laughing__C8C4FW99.mp4,data\raw\FaceForensics++_C23\DeepFakeDetection\11_06__outside_talking_pan_laughing__C8C4FW99.mp4,1,DeepFakeDetection,c23,11_06__outside_talking_pan_laughing__C8C4FW99
FaceForensics++,FaceForensics++__DeepFakeDetection__11_06__outside_talking_pan_laughing__MX659QU8.mp4,data\raw\FaceForensics++_C23\DeepFakeDetection\11_06__outside_talking_pan_laughing__MX659QU8.mp4,1,DeepFakeDetection,c23,11_06__outside_talking_pan_laughing__MX659QU8
FaceForensics++,FaceForensics++__DeepFakeDetection__11_06__outside_talking_still_laughing__C8C4FW99.mp4,data\raw\FaceForensics++_C23\DeepFakeDetection\11_06__outside_talking_still_laughing__C8C4FW99.mp4,1,DeepFakeDetection,c23,11_06__outside_talking_still_laughing__C8C4FW99
FaceForensics++,FaceForensics++__DeepFakeDetection__11_07__kitchen_still__R7R86Z62.mp4,data\raw\FaceForensics++_C23\DeepFakeDetection\11_07__kitchen_still__R7R86Z62.mp4,1,DeepFakeDetection,c23,11_07__kitchen_still__R7R86Z62
FaceForensics++,FaceForensics++__DeepFakeDetection__11_18__secret_conversation__PT4YKO2R.mp4,data\raw\FaceForensics++_C23\DeepFakeDetection\11_18__secret_conversation__PT4YKO2R.mp4,1,DeepFakeDetection,c23,11_18__secret_conversation__PT4YKO2R
FaceForensics++,FaceForensics++__DeepFakeDetection__11_18__walking_outside_cafe_disgusted__R1NMCHKG.mp4,data\raw\FaceForensics++_C23\DeepFakeDetection\11_18__walking_outside_cafe_disgusted__R1NMCHKG.mp4,1,DeepFakeDetection,c23,11_18__walking_outside_cafe_disgusted__R1NMCHKG
FaceForensics++,FaceForensics++__DeepFakeDetection__11_21__kitchen_pan__T7DK03O1.mp4,data\raw\FaceForensics++_C23\DeepFakeDetection\11_21__kitchen_pan__T7DK03O1.mp4,1,DeepFakeDetection,c23,11_21__kitchen_pan__T7DK03O1
FaceForensics++,FaceForensics++__DeepFakeDetection__11_26__walk_down_hall_angry__7C0VKV43.mp4,data\raw\FaceForensics++_C23\DeepFakeDetection\11_26__walk_down_hall_angry__7C0VKV43.mp4,1,DeepFakeDetection,c23,11_26__walk_down_hall_angry__7C0VKV43
FaceForensics++,FaceForensics++__DeepFakeDetection__12_02__podium_speech_happy__9D2ZHEKW.mp4,data\raw\FaceForensics++_C23\DeepFakeDetection\12_02__podium_speech_happy__9D2ZHEKW.mp4,1,DeepFakeDetection,c23,12_02__podium_speech_happy__9D2ZHEKW
FaceForensics++,FaceForensics++__DeepFakeDetection__12_06__outside_talking_pan_laughing__0VR4Y891.mp4,data\raw\FaceForensics++_C23\DeepFakeDetection\12_06__outside_talking_pan_laughing__0VR4Y891.mp4,1,DeepFakeDetection,c23,12_06__outside_talking_pan_laughing__0VR4Y891
FaceForensics++,FaceForensics++__DeepFakeDetection__12_06__outside_talking_still_laughing__3K21NFNM.mp4,data\raw\FaceForensics++_C23\DeepFakeDetection\12_06__outside_talking_still_laughing__3K21NFNM.mp4,1,DeepFakeDetection,c23,12_06__outside_talking_still_laughing__3K21NFNM
FaceForensics++,FaceForensics++__DeepFakeDetection__12_06__podium_speech_happy__0VR4Y891.mp4,data\raw\FaceForensics++_C23\DeepFakeDetection\12_06__podium_speech_happy__0VR4Y891.mp4,1,DeepFakeDetection,c23,12_06__podium_speech_happy__0VR4Y891
FaceForensics++,FaceForensics++__DeepFakeDetection__12_06__walking_down_street_outside_angry__F3I4PDYF.mp4,data\raw\FaceForensics++_C23\DeepFakeDetection\12_06__walking_down_street_outside_angry__F3I4PDYF.mp4,1,DeepFakeDetection,c23,12_06__walking_down_street_outside_angry__F3I4PDYF
FaceForensics++,FaceForensics++__DeepFakeDetection__12_06__walk_down_hall_angry__3K21NFNM.mp4,data\raw\FaceForensics++_C23\DeepFakeDetection\12_06__walk_down_hall_angry__3K21NFNM.mp4,1,DeepFakeDetection,c23,12_06__walk_down_hall_angry__3K21NFNM
FaceForensics++,FaceForensics++__DeepFakeDetection__12_07__outside_talking_pan_laughing__KAG65PEE.mp4,data\raw\FaceForensics++_C23\DeepFakeDetection\12_07__outside_talking_pan_laughing__KAG65PEE.mp4,1,DeepFakeDetection,c23,12_07__outside_talking_pan_laughing__KAG65PEE
FaceForensics++,FaceForensics++__DeepFakeDetection__12_07__outside_talking_still_laughing__KAG65PEE.mp4,data\raw\FaceForensics++_C23\DeepFakeDetection\12_07__outside_talking_still_laughing__KAG65PEE.mp4,1,DeepFakeDetection,c23,12_07__outside_talking_still_laughing__KAG65PEE
FaceForensics++,FaceForensics++__DeepFakeDetection__12_07__walking_down_indoor_hall_disgust__KAG65PEE.mp4,data\raw\FaceForensics++_C23\DeepFakeDetection\12_07__walking_down_indoor_hall_disgust__KAG65PEE.mp4,1,DeepFakeDetection,c23,12_07__walking_down_indoor_hall_disgust__KAG65PEE
FaceForensics++,FaceForensics++__DeepFakeDetection__12_13__podium_speech_happy__BFH4F0N8.mp4,data\raw\FaceForensics++_C23\DeepFakeDetection\12_13__podium_speech_happy__BFH4F0N8.mp4,1,DeepFakeDetection,c23,12_13__podium_speech_happy__BFH4F0N8
FaceForensics++,FaceForensics++__DeepFakeDetection__12_13__podium_speech_happy__N8IGC93J.mp4,data\raw\FaceForensics++_C23\DeepFakeDetection\12_13__podium_speech_happy__N8IGC93J.mp4,1,DeepFakeDetection,c23,12_13__podium_speech_happy__N8IGC93J
FaceForensics++,FaceForensics++__DeepFakeDetection__12_13__secret_conversation__DJ7MF331.mp4,data\raw\FaceForensics++_C23\DeepFakeDetection\12_13__secret_conversation__DJ7MF331.mp4,1,DeepFakeDetection,c23,12_13__secret_conversation__DJ7MF331
FaceForensics++,FaceForensics++__DeepFakeDetection__12_13__walking_and_outside_surprised__DJ7MF331.mp4,data\raw\FaceForensics++_C23\DeepFakeDetection\12_13__walking_and_outside_surprised__DJ7MF331.mp4,1,DeepFakeDetection,c23,12_13__walking_and_outside_surprised__DJ7MF331
FaceForensics++,FaceForensics++__DeepFakeDetection__12_13__walk_down_hall_angry__6G44TDN4.mp4,data\raw\FaceForensics++_C23\DeepFakeDetection\12_13__walk_down_hall_angry__6G44TDN4.mp4,1,DeepFakeDetection,c23,12_13__walk_down_hall_angry__6G44TDN4
FaceForensics++,FaceForensics++__DeepFakeDetection__12_14__outside_talking_pan_laughing__Z7EWFA0P.mp4,data\raw\FaceForensics++_C23\DeepFakeDetection\12_14__outside_talking_pan_laughing__Z7EWFA0P.mp4,1,DeepFakeDetection,c23,12_14__outside_talking_pan_laughing__Z7EWFA0P
FaceForensics++,FaceForensics++__DeepFakeDetection__12_14__walk_down_hall_angry__Z7EWFA0P.mp4,data\raw\FaceForensics++_C23\DeepFakeDetection\12_14__walk_down_hall_angry__Z7EWFA0P.mp4,1,DeepFakeDetection,c23,12_14__walk_down_hall_angry__Z7EWFA0P
FaceForensics++,FaceForensics++__DeepFakeDetection__12_15__hugging_happy__N0SRODQD.mp4,data\raw\FaceForensics++_C23\DeepFakeDetection\12_15__hugging_happy__N0SRODQD.mp4,1,DeepFakeDetection,c23,12_15__hugging_happy__N0SRODQD
FaceForensics++,FaceForensics++__DeepFakeDetection__12_15__kitchen_pan__N0SRODQD.mp4,data\raw\FaceForensics++_C23\DeepFakeDetection\12_15__kitchen_pan__N0SRODQD.mp4,1,DeepFakeDetection,c23,12_15__kitchen_pan__N0SRODQD
FaceForensics++,FaceForensics++__DeepFakeDetection__12_15__outside_talking_still_laughing__RK17XFJ9.mp4,data\raw\FaceForensics++_C23\DeepFakeDetection\12_15__outside_talking_still_laughing__RK17XFJ9.mp4,1,DeepFakeDetection,c23,12_15__outside_talking_still_laughing__RK17XFJ9
FaceForensics++,FaceForensics++__DeepFakeDetection__12_15__talking_angry_couch__N0SRODQD.mp4,data\raw\FaceForensics++_C23\DeepFakeDetection\12_15__talking_angry_couch__N0SRODQD.mp4,1,DeepFakeDetection,c23,12_15__talking_angry_couch__N0SRODQD
FaceForensics++,FaceForensics++__DeepFakeDetection__12_15__talking_angry_couch__RK17XFJ9.mp4,data\raw\FaceForensics++_C23\DeepFakeDetection\12_15__talking_angry_couch__RK17XFJ9.mp4,1,DeepFakeDetection,c23,12_15__talking_angry_couch__RK17XFJ9
FaceForensics++,FaceForensics++__DeepFakeDetection__12_15__walking_and_outside_surprised__N0SRODQD.mp4,data\raw\FaceForensics++_C23\DeepFakeDetection\12_15__walking_and_outside_surprised__N0SRODQD.mp4,1,DeepFakeDetection,c23,12_15__walking_and_outside_surprised__N0SRODQD
FaceForensics++,FaceForensics++__DeepFakeDetection__12_18__outside_talking_pan_laughing__IKH1LBBY.mp4,data\raw\FaceForensics++_C23\DeepFakeDetection\12_18__outside_talking_pan_laughing__IKH1LBBY.mp4,1,DeepFakeDetection,c23,12_18__outside_talking_pan_laughing__IKH1LBBY
FaceForensics++,FaceForensics++__DeepFakeDetection__12_18__talking_against_wall__IKH1LBBY.mp4,data\raw\FaceForensics++_C23\DeepFakeDetection\12_18__talking_against_wall__IKH1LBBY.mp4,1,DeepFakeDetection,c23,12_18__talking_against_wall__IKH1LBBY
FaceForensics++,FaceForensics++__DeepFakeDetection__12_18__walking_outside_cafe_disgusted__IKH1LBBY.mp4,data\raw\FaceForensics++_C23\DeepFakeDetection\12_18__walking_outside_cafe_disgusted__IKH1LBBY.mp4,1,DeepFakeDetection,c23,12_18__walking_outside_cafe_disgusted__IKH1LBBY
FaceForensics++,FaceForensics++__DeepFakeDetection__12_20__outside_talking_pan_laughing__GHPWDH3C.mp4,data\raw\FaceForensics++_C23\DeepFakeDetection\12_20__outside_talking_pan_laughing__GHPWDH3C.mp4,1,DeepFakeDetection,c23,12_20__outside_talking_pan_laughing__GHPWDH3C
FaceForensics++,FaceForensics++__DeepFakeDetection__12_20__secret_conversation__B0X1CGG2.mp4,data\raw\FaceForensics++_C23\DeepFakeDetection\12_20__secret_conversation__B0X1CGG2.mp4,1,DeepFakeDetection,c23,12_20__secret_conversation__B0X1CGG2
FaceForensics++,FaceForensics++__DeepFakeDetection__12_20__talking_against_wall__GHPWDH3C.mp4,data\raw\FaceForensics++_C23\DeepFakeDetection\12_20__talking_against_wall__GHPWDH3C.mp4,1,DeepFakeDetection,c23,12_20__talking_against_wall__GHPWDH3C
FaceForensics++,FaceForensics++__DeepFakeDetection__12_20__walking_outside_cafe_disgusted__B0X1CGG2.mp4,data\raw\FaceForensics++_C23\DeepFakeDetection\12_20__walking_outside_cafe_disgusted__B0X1CGG2.mp4,1,DeepFakeDetection,c23,12_20__walking_outside_cafe_disgusted__B0X1CGG2
FaceForensics++,FaceForensics++__DeepFakeDetection__12_21__kitchen_pan__ME7E3R1D.mp4,data\raw\FaceForensics++_C23\DeepFakeDetection\12_21__kitchen_pan__ME7E3R1D.mp4,1,DeepFakeDetection,c23,12_21__kitchen_pan__ME7E3R1D
FaceForensics++,FaceForensics++__DeepFakeDetection__12_21__outside_talking_still_laughing__J54W3PV1.mp4,data\raw\FaceForensics++_C23\DeepFakeDetection\12_21__outside_talking_still_laughing__J54W3PV1.mp4,1,DeepFakeDetection,c23,12_21__outside_talking_still_laughing__J54W3PV1
FaceForensics++,FaceForensics++__DeepFakeDetection__12_21__talking_against_wall__J54W3PV1.mp4,data\raw\FaceForensics++_C23\DeepFakeDetection\12_21__talking_against_wall__J54W3PV1.mp4,1,DeepFakeDetection,c23,12_21__talking_against_wall__J54W3PV1
FaceForensics++,FaceForensics++__DeepFakeDetection__12_25__walking_outside_cafe_disgusted__0SA36BZ5.mp4,data\raw\FaceForensics++_C23\DeepFakeDetection\12_25__walking_outside_cafe_disgusted__0SA36BZ5.mp4,1,DeepFakeDetection,c23,12_25__walking_outside_cafe_disgusted__0SA36BZ5
FaceForensics++,FaceForensics++__DeepFakeDetection__12_25__walking_outside_cafe_disgusted__G26LG5N7.mp4,data\raw\FaceForensics++_C23\DeepFakeDetection\12_25__walking_outside_cafe_disgusted__G26LG5N7.mp4,1,DeepFakeDetection,c23,12_25__walking_outside_cafe_disgusted__G26LG5N7
FaceForensics++,FaceForensics++__DeepFakeDetection__12_25__walk_down_hall_angry__I2X1XTCC.mp4,data\raw\FaceForensics++_C23\DeepFakeDetection\12_25__walk_down_hall_angry__I2X1XTCC.mp4,1,DeepFakeDetection,c23,12_25__walk_down_hall_angry__I2X1XTCC
FaceForensics++,FaceForensics++__DeepFakeDetection__12_26__podium_speech_happy__BFBNM8FR.mp4,data\raw\FaceForensics++_C23\DeepFakeDetection\12_26__podium_speech_happy__BFBNM8FR.mp4,1,DeepFakeDetection,c23,12_26__podium_speech_happy__BFBNM8FR
FaceForensics++,FaceForensics++__DeepFakeDetection__12_26__talking_angry_couch__LI63E4TS.mp4,data\raw\FaceForensics++_C23\DeepFakeDetection\12_26__talking_angry_couch__LI63E4TS.mp4,1,DeepFakeDetection,c23,12_26__talking_angry_couch__LI63E4TS
FaceForensics++,FaceForensics++__DeepFakeDetection__12_26__walking_outside_cafe_disgusted__OTKIGGFE.mp4,data\raw\FaceForensics++_C23\DeepFakeDetection\12_26__walking_outside_cafe_disgusted__OTKIGGFE.mp4,1,DeepFakeDetection,c23,12_26__walking_outside_cafe_disgusted__OTKIGGFE
FaceForensics++,FaceForensics++__DeepFakeDetection__12_26__walking_outside_cafe_disgusted__OVOQACG8.mp4,data\raw\FaceForensics++_C23\DeepFakeDetection\12_26__walking_outside_cafe_disgusted__OVOQACG8.mp4,1,DeepFakeDetection,c23,12_26__walking_outside_cafe_disgusted__OVOQACG8
FaceForensics++,FaceForensics++__DeepFakeDetection__13_02__exit_phone_room__CP5HFV3K.mp4,data\raw\FaceForensics++_C23\DeepFakeDetection\13_02__exit_phone_room__CP5HFV3K.mp4,1,DeepFakeDetection,c23,13_02__exit_phone_room__CP5HFV3K
FaceForensics++,FaceForensics++__DeepFakeDetection__13_02__kitchen_pan__2YSYT2N3.mp4,data\raw\FaceForensics++_C23\DeepFakeDetection\13_02__kitchen_pan__2YSYT2N3.mp4,1,DeepFakeDetection,c23,13_02__kitchen_pan__2YSYT2N3
FaceForensics++,FaceForensics++__DeepFakeDetection__13_02__kitchen_pan__CP5HFV3K.mp4,data\raw\FaceForensics++_C23\DeepFakeDetection\13_02__kitchen_pan__CP5HFV3K.mp4,1,DeepFakeDetection,c23,13_02__kitchen_pan__CP5HFV3K
FaceForensics++,FaceForensics++__DeepFakeDetection__13_02__outside_talking_still_laughing__CP5HFV3K.mp4,data\raw\FaceForensics++_C23\DeepFakeDetection\13_02__outside_talking_still_laughing__CP5HFV3K.mp4,1,DeepFakeDetection,c23,13_02__outside_talking_still_laughing__CP5HFV3K
FaceForensics++,FaceForensics++__DeepFakeDetection__13_02__walking_and_outside_surprised__CP5HFV3K.mp4,data\raw\FaceForensics++_C23\DeepFakeDetection\13_02__walking_and_outside_surprised__CP5HFV3K.mp4,1,DeepFakeDetection,c23,13_02__walking_and_outside_surprised__CP5HFV3K
FaceForensics++,FaceForensics++__DeepFakeDetection__13_02__walking_down_indoor_hall_disgust__AROBAY8R.mp4,data\raw\FaceForensics++_C23\DeepFakeDetection\13_02__walking_down_indoor_hall_disgust__AROBAY8R.mp4,1,DeepFakeDetection,c23,13_02__walking_down_indoor_hall_disgust__AROBAY8R
FaceForensics++,FaceForensics++__DeepFakeDetection__13_02__walking_down_street_outside_angry__2YSYT2N3.mp4,data\raw\FaceForensics++_C23\DeepFakeDetection\13_02__walking_down_street_outside_angry__2YSYT2N3.mp4,1,DeepFakeDetection,c23,13_02__walking_down_street_outside_angry__2YSYT2N3
FaceForensics++,FaceForensics++__DeepFakeDetection__13_03__exit_phone_room__GBYWJW06.mp4,data\raw\FaceForensics++_C23\DeepFakeDetection\13_03__exit_phone_room__GBYWJW06.mp4,1,DeepFakeDetection,c23,13_03__exit_phone_room__GBYWJW06
FaceForensics++,FaceForensics++__DeepFakeDetection__13_03__outside_talking_still_laughing__GBYWJW06.mp4,data\raw\FaceForensics++_C23\DeepFakeDetection\13_03__outside_talking_still_laughing__GBYWJW06.mp4,1,DeepFakeDetection,c23,13_03__outside_talking_still_laughing__GBYWJW06
FaceForensics++,FaceForensics++__DeepFakeDetection__13_03__talking_against_wall__GBYWJW06.mp4,data\raw\FaceForensics++_C23\DeepFakeDetection\13_03__talking_against_wall__GBYWJW06.mp4,1,DeepFakeDetection,c23,13_03__talking_against_wall__GBYWJW06
FaceForensics++,FaceForensics++__DeepFakeDetection__13_03__walking_down_indoor_hall_disgust__GBYWJW06.mp4,data\raw\FaceForensics++_C23\DeepFakeDetection\13_03__walking_down_indoor_hall_disgust__GBYWJW06.mp4,1,DeepFakeDetection,c23,13_03__walking_down_indoor_hall_disgust__GBYWJW06
FaceForensics++,FaceForensics++__DeepFakeDetection__13_04__talking_angry_couch__00T3UYOR.mp4,data\raw\FaceForensics++_C23\DeepFakeDetection\13_04__talking_angry_couch__00T3UYOR.mp4,1,DeepFakeDetection,c23,13_04__talking_angry_couch__00T3UYOR
FaceForensics++,FaceForensics++__DeepFakeDetection__13_07__exit_phone_room__RVQCPCJF.mp4,data\raw\FaceForensics++_C23\DeepFakeDetection\13_07__exit_phone_room__RVQCPCJF.mp4,1,DeepFakeDetection,c23,13_07__exit_phone_room__RVQCPCJF
FaceForensics++,FaceForensics++__DeepFakeDetection__13_07__secret_conversation__RVQCPCJF.mp4,data\raw\FaceForensics++_C23\DeepFakeDetection\13_07__secret_conversation__RVQCPCJF.mp4,1,DeepFakeDetection,c23,13_07__secret_conversation__RVQCPCJF
FaceForensics++,FaceForensics++__DeepFakeDetection__13_09__hugging_happy__BVZGDFD8.mp4,data\raw\FaceForensics++_C23\DeepFakeDetection\13_09__hugging_happy__BVZGDFD8.mp4,1,DeepFakeDetection,c23,13_09__hugging_happy__BVZGDFD8
FaceForensics++,FaceForensics++__DeepFakeDetection__13_09__hugging_happy__LPT427RY.mp4,data\raw\FaceForensics++_C23\DeepFakeDetection\13_09__hugging_happy__LPT427RY.mp4,1,DeepFakeDetection,c23,13_09__hugging_happy__LPT427RY
FaceForensics++,FaceForensics++__DeepFakeDetection__13_09__outside_talking_still_laughing__30N46VHZ.mp4,data\raw\FaceForensics++_C23\DeepFakeDetection\13_09__outside_talking_still_laughing__30N46VHZ.mp4,1,DeepFakeDetection,c23,13_09__outside_talking_still_laughing__30N46VHZ
FaceForensics++,FaceForensics++__DeepFakeDetection__13_09__walking_down_indoor_hall_disgust__3GQ49P2J.mp4,data\raw\FaceForensics++_C23\DeepFakeDetection\13_09__walking_down_indoor_hall_disgust__3GQ49P2J.mp4,1,DeepFakeDetection,c23,13_09__walking_down_indoor_hall_disgust__3GQ49P2J
FaceForensics++,FaceForensics++__DeepFakeDetection__13_09__walking_down_indoor_hall_disgust__BVZGDFD8.mp4,data\raw\FaceForensics++_C23\DeepFakeDetection\13_09__walking_down_indoor_hall_disgust__BVZGDFD8.mp4,1,DeepFakeDetection,c23,13_09__walking_down_indoor_hall_disgust__BVZGDFD8
FaceForensics++,FaceForensics++__DeepFakeDetection__13_09__walking_down_street_outside_angry__B41GFUV2.mp4,data\raw\FaceForensics++_C23\DeepFakeDetection\13_09__walking_down_street_outside_angry__B41GFUV2.mp4,1,DeepFakeDetection,c23,13_09__walking_down_street_outside_angry__B41GFUV2
FaceForensics++,FaceForensics++__DeepFakeDetection__13_11__hugging_happy__61T622EK.mp4,data\raw\FaceForensics++_C23\DeepFakeDetection\13_11__hugging_happy__61T622EK.mp4,1,DeepFakeDetection,c23,13_11__hugging_happy__61T622EK
FaceForensics++,FaceForensics++__DeepFakeDetection__13_11__podium_speech_happy__XXKQ4XM0.mp4,data\raw\FaceForensics++_C23\DeepFakeDetection\13_11__podium_speech_happy__XXKQ4XM0.mp4,1,DeepFakeDetection,c23,13_11__podium_speech_happy__XXKQ4XM0
FaceForensics++,FaceForensics++__DeepFakeDetection__13_12__outside_talking_still_laughing__2TM4IFSF.mp4,data\raw\FaceForensics++_C23\DeepFakeDetection\13_12__outside_talking_still_laughing__2TM4IFSF.mp4,1,DeepFakeDetection,c23,13_12__outside_talking_still_laughing__2TM4IFSF
FaceForensics++,FaceForensics++__DeepFakeDetection__13_12__podium_speech_happy__2TM4IFSF.mp4,data\raw\FaceForensics++_C23\DeepFakeDetection\13_12__podium_speech_happy__2TM4IFSF.mp4,1,DeepFakeDetection,c23,13_12__podium_speech_happy__2TM4IFSF
FaceForensics++,FaceForensics++__DeepFakeDetection__13_12__secret_conversation__6G44TDN4.mp4,data\raw\FaceForensics++_C23\DeepFakeDetection\13_12__secret_conversation__6G44TDN4.mp4,1,DeepFakeDetection,c23,13_12__secret_conversation__6G44TDN4
FaceForensics++,FaceForensics++__DeepFakeDetection__13_12__secret_conversation__DJ7MF331.mp4,data\raw\FaceForensics++_C23\DeepFakeDetection\13_12__secret_conversation__DJ7MF331.mp4,1,DeepFakeDetection,c23,13_12__secret_conversation__DJ7MF331
FaceForensics++,FaceForensics++__DeepFakeDetection__13_12__talking_against_wall__2TM4IFSF.mp4,data\raw\FaceForensics++_C23\DeepFakeDetection\13_12__talking_against_wall__2TM4IFSF.mp4,1,DeepFakeDetection,c23,13_12__talking_against_wall__2TM4IFSF
FaceForensics++,FaceForensics++__DeepFakeDetection__13_12__walking_down_street_outside_angry__2TM4IFSF.mp4,data\raw\FaceForensics++_C23\DeepFakeDetection\13_12__walking_down_street_outside_angry__2TM4IFSF.mp4,1,DeepFakeDetection,c23,13_12__walking_down_street_outside_angry__2TM4IFSF
FaceForensics++,FaceForensics++__DeepFakeDetection__13_12__walk_down_hall_angry__Q442U52P.mp4,data\raw\FaceForensics++_C23\DeepFakeDetection\13_12__walk_down_hall_angry__Q442U52P.mp4,1,DeepFakeDetection,c23,13_12__walk_down_hall_angry__Q442U52P
FaceForensics++,FaceForensics++__DeepFakeDetection__13_14__hugging_happy__KMQ3AW6A.mp4,data\raw\FaceForensics++_C23\DeepFakeDetection\13_14__hugging_happy__KMQ3AW6A.mp4,1,DeepFakeDetection,c23,13_14__hugging_happy__KMQ3AW6A
FaceForensics++,FaceForensics++__DeepFakeDetection__13_14__outside_talking_pan_laughing__KMQ3AW6A.mp4,data\raw\FaceForensics++_C23\DeepFakeDetection\13_14__outside_talking_pan_laughing__KMQ3AW6A.mp4,1,DeepFakeDetection,c23,13_14__outside_talking_pan_laughing__KMQ3AW6A
FaceForensics++,FaceForensics++__DeepFakeDetection__13_14__talking_against_wall__KMQ3AW6A.mp4,data\raw\FaceForensics++_C23\DeepFakeDetection\13_14__talking_against_wall__KMQ3AW6A.mp4,1,DeepFakeDetection,c23,13_14__talking_against_wall__KMQ3AW6A
FaceForensics++,FaceForensics++__DeepFakeDetection__13_20__kitchen_still__LXLR1B6N.mp4,data\raw\FaceForensics++_C23\DeepFakeDetection\13_20__kitchen_still__LXLR1B6N.mp4,1,DeepFakeDetection,c23,13_20__kitchen_still__LXLR1B6N
FaceForensics++,FaceForensics++__DeepFakeDetection__13_20__kitchen_still__NJEO6L5O.mp4,data\raw\FaceForensics++_C23\DeepFakeDetection\13_20__kitchen_still__NJEO6L5O.mp4,1,DeepFakeDetection,c23,13_20__kitchen_still__NJEO6L5O
FaceForensics++,FaceForensics++__DeepFakeDetection__13_20__podium_speech_happy__C50CSOEX.mp4,data\raw\FaceForensics++_C23\DeepFakeDetection\13_20__podium_speech_happy__C50CSOEX.mp4,1,DeepFakeDetection,c23,13_20__podium_speech_happy__C50CSOEX
FaceForensics++,FaceForensics++__DeepFakeDetection__13_20__walking_down_indoor_hall_disgust__NJEO6L5O.mp4,data\raw\FaceForensics++_C23\DeepFakeDetection\13_20__walking_down_indoor_hall_disgust__NJEO6L5O.mp4,1,DeepFakeDetection,c23,13_20__walking_down_indoor_hall_disgust__NJEO6L5O
FaceForensics++,FaceForensics++__DeepFakeDetection__13_25__outside_talking_still_laughing__PBM86HKZ.mp4,data\raw\FaceForensics++_C23\DeepFakeDetection\13_25__outside_talking_still_laughing__PBM86HKZ.mp4,1,DeepFakeDetection,c23,13_25__outside_talking_still_laughing__PBM86HKZ
FaceForensics++,FaceForensics++__DeepFakeDetection__13_25__walking_and_outside_surprised__PBM86HKZ.mp4,data\raw\FaceForensics++_C23\DeepFakeDetection\13_25__walking_and_outside_surprised__PBM86HKZ.mp4,1,DeepFakeDetection,c23,13_25__walking_and_outside_surprised__PBM86HKZ
FaceForensics++,FaceForensics++__DeepFakeDetection__13_25__walking_down_street_outside_angry__IW9OFVMG.mp4,data\raw\FaceForensics++_C23\DeepFakeDetection\13_25__walking_down_street_outside_angry__IW9OFVMG.mp4,1,DeepFakeDetection,c23,13_25__walking_down_street_outside_angry__IW9OFVMG
FaceForensics++,FaceForensics++__DeepFakeDetection__13_26__talking_against_wall__U5ELHUN5.mp4,data\raw\FaceForensics++_C23\DeepFakeDetection\13_26__talking_against_wall__U5ELHUN5.mp4,1,DeepFakeDetection,c23,13_26__talking_against_wall__U5ELHUN5
FaceForensics++,FaceForensics++__DeepFakeDetection__13_27__talking_against_wall__A1OSUJE9.mp4,data\raw\FaceForensics++_C23\DeepFakeDetection\13_27__talking_against_wall__A1OSUJE9.mp4,1,DeepFakeDetection,c23,13_27__talking_against_wall__A1OSUJE9
FaceForensics++,FaceForensics++__DeepFakeDetection__14_01__hugging_happy__0S0NS5C6.mp4,data\raw\FaceForensics++_C23\DeepFakeDetection\14_01__hugging_happy__0S0NS5C6.mp4,1,DeepFakeDetection,c23,14_01__hugging_happy__0S0NS5C6
FaceForensics++,FaceForensics++__DeepFakeDetection__14_01__kitchen_pan__0S0NS5C6.mp4,data\raw\FaceForensics++_C23\DeepFakeDetection\14_01__kitchen_pan__0S0NS5C6.mp4,1,DeepFakeDetection,c23,14_01__kitchen_pan__0S0NS5C6
FaceForensics++,FaceForensics++__DeepFakeDetection__14_01__outside_talking_still_laughing__01YF7VQM.mp4,data\raw\FaceForensics++_C23\DeepFakeDetection\14_01__outside_talking_still_laughing__01YF7VQM.mp4,1,DeepFakeDetection,c23,14_01__outside_talking_still_laughing__01YF7VQM
FaceForensics++,FaceForensics++__DeepFakeDetection__14_01__talking_angry_couch__0S0NS5C6.mp4,data\raw\FaceForensics++_C23\DeepFakeDetection\14_01__talking_angry_couch__0S0NS5C6.mp4,1,DeepFakeDetection,c23,14_01__talking_angry_couch__0S0NS5C6
FaceForensics++,FaceForensics++__DeepFakeDetection__14_01__walking_and_outside_surprised__01YF7VQM.mp4,data\raw\FaceForensics++_C23\DeepFakeDetection\14_01__walking_and_outside_surprised__01YF7VQM.mp4,1,DeepFakeDetection,c23,14_01__walking_and_outside_surprised__01YF7VQM
FaceForensics++,FaceForensics++__DeepFakeDetection__14_02__exit_phone_room__3IUBEKCT.mp4,data\raw\FaceForensics++_C23\DeepFakeDetection\14_02__exit_phone_room__3IUBEKCT.mp4,1,DeepFakeDetection,c23,14_02__exit_phone_room__3IUBEKCT
FaceForensics++,FaceForensics++__DeepFakeDetection__14_03__exit_phone_room__0O9TTCJT.mp4,data\raw\FaceForensics++_C23\DeepFakeDetection\14_03__exit_phone_room__0O9TTCJT.mp4,1,DeepFakeDetection,c23,14_03__exit_phone_room__0O9TTCJT
FaceForensics++,FaceForensics++__DeepFakeDetection__14_03__hugging_happy__PLCQJM81.mp4,data\raw\FaceForensics++_C23\DeepFakeDetection\14_03__hugging_happy__PLCQJM81.mp4,1,DeepFakeDetection,c23,14_03__hugging_happy__PLCQJM81
FaceForensics++,FaceForensics++__DeepFakeDetection__14_03__kitchen_still__Q9NSXM88.mp4,data\raw\FaceForensics++_C23\DeepFakeDetection\14_03__kitchen_still__Q9NSXM88.mp4,1,DeepFakeDetection,c23,14_03__kitchen_still__Q9NSXM88
FaceForensics++,FaceForensics++__DeepFakeDetection__14_03__outside_talking_still_laughing__KJ221YN0.mp4,data\raw\FaceForensics++_C23\DeepFakeDetection\14_03__outside_talking_still_laughing__KJ221YN0.mp4,1,DeepFakeDetection,c23,14_03__outside_talking_still_laughing__KJ221YN0
FaceForensics++,FaceForensics++__DeepFakeDetection__14_03__talking_angry_couch__L0GHYIFS.mp4,data\raw\FaceForensics++_C23\DeepFakeDetection\14_03__talking_angry_couch__L0GHYIFS.mp4,1,DeepFakeDetection,c23,14_03__talking_angry_couch__L0GHYIFS
FaceForensics++,FaceForensics++__DeepFakeDetection__14_03__walking_and_outside_surprised__P1L5PF4I.mp4,data\raw\FaceForensics++_C23\DeepFakeDetection\14_03__walking_and_outside_surprised__P1L5PF4I.mp4,1,DeepFakeDetection,c23,14_03__walking_and_outside_surprised__P1L5PF4I
FaceForensics++,FaceForensics++__DeepFakeDetection__14_06__outside_talking_pan_laughing__8U9ULZDT.mp4,data\raw\FaceForensics++_C23\DeepFakeDetection\14_06__outside_talking_pan_laughing__8U9ULZDT.mp4,1,DeepFakeDetection,c23,14_06__outside_talking_pan_laughing__8U9ULZDT
FaceForensics++,FaceForensics++__DeepFakeDetection__14_06__podium_speech_happy__8U9ULZDT.mp4,data\raw\FaceForensics++_C23\DeepFakeDetection\14_06__podium_speech_happy__8U9ULZDT.mp4,1,DeepFakeDetection,c23,14_06__podium_speech_happy__8U9ULZDT
FaceForensics++,FaceForensics++__DeepFakeDetection__14_06__secret_conversation__8U9ULZDT.mp4,data\raw\FaceForensics++_C23\DeepFakeDetection\14_06__secret_conversation__8U9ULZDT.mp4,1,DeepFakeDetection,c23,14_06__secret_conversation__8U9ULZDT
FaceForensics++,FaceForensics++__DeepFakeDetection__14_06__walking_and_outside_surprised__8U9ULZDT.mp4,data\raw\FaceForensics++_C23\DeepFakeDetection\14_06__walking_and_outside_surprised__8U9ULZDT.mp4,1,DeepFakeDetection,c23,14_06__walking_and_outside_surprised__8U9ULZDT
FaceForensics++,FaceForensics++__DeepFakeDetection__14_07__walk_down_hall_angry__P9QFO50U.mp4,data\raw\FaceForensics++_C23\DeepFakeDetection\14_07__walk_down_hall_angry__P9QFO50U.mp4,1,DeepFakeDetection,c23,14_07__walk_down_hall_angry__P9QFO50U
FaceForensics++,FaceForensics++__DeepFakeDetection__14_09__walking_down_indoor_hall_disgust__6TEK3ZX0.mp4,data\raw\FaceForensics++_C23\DeepFakeDetection\14_09__walking_down_indoor_hall_disgust__6TEK3ZX0.mp4,1,DeepFakeDetection,c23,14_09__walking_down_indoor_hall_disgust__6TEK3ZX0
FaceForensics++,FaceForensics++__DeepFakeDetection__14_09__walking_down_street_outside_angry__6TEK3ZX0.mp4,data\raw\FaceForensics++_C23\DeepFakeDetection\14_09__walking_down_street_outside_angry__6TEK3ZX0.mp4,1,DeepFakeDetection,c23,14_09__walking_down_street_outside_angry__6TEK3ZX0
FaceForensics++,FaceForensics++__DeepFakeDetection__14_12__podium_speech_happy__Z7EWFA0P.mp4,data\raw\FaceForensics++_C23\DeepFakeDetection\14_12__podium_speech_happy__Z7EWFA0P.mp4,1,DeepFakeDetection,c23,14_12__podium_speech_happy__Z7EWFA0P
FaceForensics++,FaceForensics++__DeepFakeDetection__14_13__hugging_happy__KMQ3AW6A.mp4,data\raw\FaceForensics++_C23\DeepFakeDetection\14_13__hugging_happy__KMQ3AW6A.mp4,1,DeepFakeDetection,c23,14_13__hugging_happy__KMQ3AW6A
FaceForensics++,FaceForensics++__DeepFakeDetection__14_13__outside_talking_pan_laughing__KMQ3AW6A.mp4,data\raw\FaceForensics++_C23\DeepFakeDetection\14_13__outside_talking_pan_laughing__KMQ3AW6A.mp4,1,DeepFakeDetection,c23,14_13__outside_talking_pan_laughing__KMQ3AW6A
FaceForensics++,FaceForensics++__DeepFakeDetection__14_13__talking_against_wall__KMQ3AW6A.mp4,data\raw\FaceForensics++_C23\DeepFakeDetection\14_13__talking_against_wall__KMQ3AW6A.mp4,1,DeepFakeDetection,c23,14_13__talking_against_wall__KMQ3AW6A
FaceForensics++,FaceForensics++__DeepFakeDetection__14_13__walk_down_hall_angry__KMQ3AW6A.mp4,data\raw\FaceForensics++_C23\DeepFakeDetection\14_13__walk_down_hall_angry__KMQ3AW6A.mp4,1,DeepFakeDetection,c23,14_13__walk_down_hall_angry__KMQ3AW6A
FaceForensics++,FaceForensics++__DeepFakeDetection__14_15__hugging_happy__3FRJCJ0V.mp4,data\raw\FaceForensics++_C23\DeepFakeDetection\14_15__hugging_happy__3FRJCJ0V.mp4,1,DeepFakeDetection,c23,14_15__hugging_happy__3FRJCJ0V
FaceForensics++,FaceForensics++__DeepFakeDetection__14_15__kitchen_pan__RF38N10R.mp4,data\raw\FaceForensics++_C23\DeepFakeDetection\14_15__kitchen_pan__RF38N10R.mp4,1,DeepFakeDetection,c23,14_15__kitchen_pan__RF38N10R
FaceForensics++,FaceForensics++__DeepFakeDetection__14_15__talking_angry_couch__RF38N10R.mp4,data\raw\FaceForensics++_C23\DeepFakeDetection\14_15__talking_angry_couch__RF38N10R.mp4,1,DeepFakeDetection,c23,14_15__talking_angry_couch__RF38N10R
FaceForensics++,FaceForensics++__DeepFakeDetection__14_15__walking_and_outside_surprised__OMLZILK3.mp4,data\raw\FaceForensics++_C23\DeepFakeDetection\14_15__walking_and_outside_surprised__OMLZILK3.mp4,1,DeepFakeDetection,c23,14_15__walking_and_outside_surprised__OMLZILK3
FaceForensics++,FaceForensics++__DeepFakeDetection__14_15__walking_down_street_outside_angry__OMLZILK3.mp4,data\raw\FaceForensics++_C23\DeepFakeDetection\14_15__walking_down_street_outside_angry__OMLZILK3.mp4,1,DeepFakeDetection,c23,14_15__walking_down_street_outside_angry__OMLZILK3
FaceForensics++,FaceForensics++__DeepFakeDetection__14_18__exit_phone_room__0YRBHIKG.mp4,data\raw\FaceForensics++_C23\DeepFakeDetection\14_18__exit_phone_room__0YRBHIKG.mp4,1,DeepFakeDetection,c23,14_18__exit_phone_room__0YRBHIKG
FaceForensics++,FaceForensics++__DeepFakeDetection__14_18__hugging_happy__0YRBHIKG.mp4,data\raw\FaceForensics++_C23\DeepFakeDetection\14_18__hugging_happy__0YRBHIKG.mp4,1,DeepFakeDetection,c23,14_18__hugging_happy__0YRBHIKG
FaceForensics++,FaceForensics++__DeepFakeDetection__14_18__kitchen_still__0YRBHIKG.mp4,data\raw\FaceForensics++_C23\DeepFakeDetection\14_18__kitchen_still__0YRBHIKG.mp4,1,DeepFakeDetection,c23,14_18__kitchen_still__0YRBHIKG
FaceForensics++,FaceForensics++__DeepFakeDetection__14_18__kitchen_still__A5A1Q467.mp4,data\raw\FaceForensics++_C23\DeepFakeDetection\14_18__kitchen_still__A5A1Q467.mp4,1,DeepFakeDetection,c23,14_18__kitchen_still__A5A1Q467
FaceForensics++,FaceForensics++__DeepFakeDetection__14_18__outside_talking_still_laughing__6SB2BR0A.mp4,data\raw\FaceForensics++_C23\DeepFakeDetection\14_18__outside_talking_still_laughing__6SB2BR0A.mp4,1,DeepFakeDetection,c23,14_18__outside_talking_still_laughing__6SB2BR0A
FaceForensics++,FaceForensics++__DeepFakeDetection__14_18__podium_speech_happy__0YRBHIKG.mp4,data\raw\FaceForensics++_C23\DeepFakeDetection\14_18__podium_speech_happy__0YRBHIKG.mp4,1,DeepFakeDetection,c23,14_18__podium_speech_happy__0YRBHIKG
FaceForensics++,FaceForensics++__DeepFakeDetection__14_18__talking_angry_couch__A5A1Q467.mp4,data\raw\FaceForensics++_C23\DeepFakeDetection\14_18__talking_angry_couch__A5A1Q467.mp4,1,DeepFakeDetection,c23,14_18__talking_angry_couch__A5A1Q467
FaceForensics++,FaceForensics++__DeepFakeDetection__14_18__walking_down_indoor_hall_disgust__0YRBHIKG.mp4,data\raw\FaceForensics++_C23\DeepFakeDetection\14_18__walking_down_indoor_hall_disgust__0YRBHIKG.mp4,1,DeepFakeDetection,c23,14_18__walking_down_indoor_hall_disgust__0YRBHIKG
FaceForensics++,FaceForensics++__DeepFakeDetection__14_20__hugging_happy__B014BKVO.mp4,data\raw\FaceForensics++_C23\DeepFakeDetection\14_20__hugging_happy__B014BKVO.mp4,1,DeepFakeDetection,c23,14_20__hugging_happy__B014BKVO
FaceForensics++,FaceForensics++__DeepFakeDetection__14_20__kitchen_pan__R7SPX6OK.mp4,data\raw\FaceForensics++_C23\DeepFakeDetection\14_20__kitchen_pan__R7SPX6OK.mp4,1,DeepFakeDetection,c23,14_20__kitchen_pan__R7SPX6OK
FaceForensics++,FaceForensics++__DeepFakeDetection__14_20__podium_speech_happy__R7SPX6OK.mp4,data\raw\FaceForensics++_C23\DeepFakeDetection\14_20__podium_speech_happy__R7SPX6OK.mp4,1,DeepFakeDetection,c23,14_20__podium_speech_happy__R7SPX6OK
FaceForensics++,FaceForensics++__DeepFakeDetection__14_20__walking_and_outside_surprised__B014BKVO.mp4,data\raw\FaceForensics++_C23\DeepFakeDetection\14_20__walking_and_outside_surprised__B014BKVO.mp4,1,DeepFakeDetection,c23,14_20__walking_and_outside_surprised__B014BKVO
FaceForensics++,FaceForensics++__DeepFakeDetection__14_20__walking_down_street_outside_angry__3HWOJRAM.mp4,data\raw\FaceForensics++_C23\DeepFakeDetection\14_20__walking_down_street_outside_angry__3HWOJRAM.mp4,1,DeepFakeDetection,c23,14_20__walking_down_street_outside_angry__3HWOJRAM
FaceForensics++,FaceForensics++__DeepFakeDetection__14_20__walking_outside_cafe_disgusted__3HWOJRAM.mp4,data\raw\FaceForensics++_C23\DeepFakeDetection\14_20__walking_outside_cafe_disgusted__3HWOJRAM.mp4,1,DeepFakeDetection,c23,14_20__walking_outside_cafe_disgusted__3HWOJRAM
FaceForensics++,FaceForensics++__DeepFakeDetection__14_21__exit_phone_room__IRKML4J0.mp4,data\raw\FaceForensics++_C23\DeepFakeDetection\14_21__exit_phone_room__IRKML4J0.mp4,1,DeepFakeDetection,c23,14_21__exit_phone_room__IRKML4J0
FaceForensics++,FaceForensics++__DeepFakeDetection__14_21__walking_down_street_outside_angry__N0WM4GSV.mp4,data\raw\FaceForensics++_C23\DeepFakeDetection\14_21__walking_down_street_outside_angry__N0WM4GSV.mp4,1,DeepFakeDetection,c23,14_21__walking_down_street_outside_angry__N0WM4GSV
FaceForensics++,FaceForensics++__DeepFakeDetection__14_21__walk_down_hall_angry__N0WM4GSV.mp4,data\raw\FaceForensics++_C23\DeepFakeDetection\14_21__walk_down_hall_angry__N0WM4GSV.mp4,1,DeepFakeDetection,c23,14_21__walk_down_hall_angry__N0WM4GSV
FaceForensics++,FaceForensics++__DeepFakeDetection__14_26__outside_talking_still_laughing__ILLP29ZH.mp4,data\raw\FaceForensics++_C23\DeepFakeDetection\14_26__outside_talking_still_laughing__ILLP29ZH.mp4,1,DeepFakeDetection,c23,14_26__outside_talking_still_laughing__ILLP29ZH
FaceForensics++,FaceForensics++__DeepFakeDetection__14_26__secret_conversation__SU8SAHTT.mp4,data\raw\FaceForensics++_C23\DeepFakeDetection\14_26__secret_conversation__SU8SAHTT.mp4,1,DeepFakeDetection,c23,14_26__secret_conversation__SU8SAHTT
FaceForensics++,FaceForensics++__DeepFakeDetection__14_26__talking_angry_couch__ILLP29ZH.mp4,data\raw\FaceForensics++_C23\DeepFakeDetection\14_26__talking_angry_couch__ILLP29ZH.mp4,1,DeepFakeDetection,c23,14_26__talking_angry_couch__ILLP29ZH
FaceForensics++,FaceForensics++__DeepFakeDetection__15_01__kitchen_still__02HILKYO.mp4,data\raw\FaceForensics++_C23\DeepFakeDetection\15_01__kitchen_still__02HILKYO.mp4,1,DeepFakeDetection,c23,15_01__kitchen_still__02HILKYO
FaceForensics++,FaceForensics++__DeepFakeDetection__15_01__outside_talking_still_laughing__02HILKYO.mp4,data\raw\FaceForensics++_C23\DeepFakeDetection\15_01__outside_talking_still_laughing__02HILKYO.mp4,1,DeepFakeDetection,c23,15_01__outside_talking_still_laughing__02HILKYO
FaceForensics++,FaceForensics++__DeepFakeDetection__15_02__hugging_happy__SB6PMCO0.mp4,data\raw\FaceForensics++_C23\DeepFakeDetection\15_02__hugging_happy__SB6PMCO0.mp4,1,DeepFakeDetection,c23,15_02__hugging_happy__SB6PMCO0
FaceForensics++,FaceForensics++__DeepFakeDetection__15_02__kitchen_still__SB6PMCO0.mp4,data\raw\FaceForensics++_C23\DeepFakeDetection\15_02__kitchen_still__SB6PMCO0.mp4,1,DeepFakeDetection,c23,15_02__kitchen_still__SB6PMCO0
FaceForensics++,FaceForensics++__DeepFakeDetection__15_02__outside_talking_pan_laughing__MCRFMYAE.mp4,data\raw\FaceForensics++_C23\DeepFakeDetection\15_02__outside_talking_pan_laughing__MCRFMYAE.mp4,1,DeepFakeDetection,c23,15_02__outside_talking_pan_laughing__MCRFMYAE
FaceForensics++,FaceForensics++__DeepFakeDetection__15_02__talking_against_wall__HTG660F8.mp4,data\raw\FaceForensics++_C23\DeepFakeDetection\15_02__talking_against_wall__HTG660F8.mp4,1,DeepFakeDetection,c23,15_02__talking_against_wall__HTG660F8
FaceForensics++,FaceForensics++__DeepFakeDetection__15_02__walking_down_indoor_hall_disgust__HTG660F8.mp4,data\raw\FaceForensics++_C23\DeepFakeDetection\15_02__walking_down_indoor_hall_disgust__HTG660F8.mp4,1,DeepFakeDetection,c23,15_02__walking_down_indoor_hall_disgust__HTG660F8
FaceForensics++,FaceForensics++__DeepFakeDetection__15_03__kitchen_pan__DG8ITQO3.mp4,data\raw\FaceForensics++_C23\DeepFakeDetection\15_03__kitchen_pan__DG8ITQO3.mp4,1,DeepFakeDetection,c23,15_03__kitchen_pan__DG8ITQO3
FaceForensics++,FaceForensics++__DeepFakeDetection__15_03__podium_speech_happy__OY4I7ZU8.mp4,data\raw\FaceForensics++_C23\DeepFakeDetection\15_03__podium_speech_happy__OY4I7ZU8.mp4,1,DeepFakeDetection,c23,15_03__podium_speech_happy__OY4I7ZU8
FaceForensics++,FaceForensics++__DeepFakeDetection__15_03__talking_angry_couch__5C1OMK8W.mp4,data\raw\FaceForensics++_C23\DeepFakeDetection\15_03__talking_angry_couch__5C1OMK8W.mp4,1,DeepFakeDetection,c23,15_03__talking_angry_couch__5C1OMK8W
FaceForensics++,FaceForensics++__DeepFakeDetection__15_03__talking_angry_couch__DNUJD8M2.mp4,data\raw\FaceForensics++_C23\DeepFakeDetection\15_03__talking_angry_couch__DNUJD8M2.mp4,1,DeepFakeDetection,c23,15_03__talking_angry_couch__DNUJD8M2
FaceForensics++,FaceForensics++__DeepFakeDetection__15_03__talking_angry_couch__T5SHH2UL.mp4,data\raw\FaceForensics++_C23\DeepFakeDetection\15_03__talking_angry_couch__T5SHH2UL.mp4,1,DeepFakeDetection,c23,15_03__talking_angry_couch__T5SHH2UL
FaceForensics++,FaceForensics++__DeepFakeDetection__15_04__kitchen_pan__46TJ9IOJ.mp4,data\raw\FaceForensics++_C23\DeepFakeDetection\15_04__kitchen_pan__46TJ9IOJ.mp4,1,DeepFakeDetection,c23,15_04__kitchen_pan__46TJ9IOJ
FaceForensics++,FaceForensics++__DeepFakeDetection__15_04__kitchen_still__46TJ9IOJ.mp4,data\raw\FaceForensics++_C23\DeepFakeDetection\15_04__kitchen_still__46TJ9IOJ.mp4,1,DeepFakeDetection,c23,15_04__kitchen_still__46TJ9IOJ
FaceForensics++,FaceForensics++__DeepFakeDetection__15_04__outside_talking_pan_laughing__7NW4Z6WZ.mp4,data\raw\FaceForensics++_C23\DeepFakeDetection\15_04__outside_talking_pan_laughing__7NW4Z6WZ.mp4,1,DeepFakeDetection,c23,15_04__outside_talking_pan_laughing__7NW4Z6WZ
FaceForensics++,FaceForensics++__DeepFakeDetection__15_04__talking_against_wall__46TJ9IOJ.mp4,data\raw\FaceForensics++_C23\DeepFakeDetection\15_04__talking_against_wall__46TJ9IOJ.mp4,1,DeepFakeDetection,c23,15_04__talking_against_wall__46TJ9IOJ
FaceForensics++,FaceForensics++__DeepFakeDetection__15_04__walking_and_outside_surprised__46TJ9IOJ.mp4,data\raw\FaceForensics++_C23\DeepFakeDetection\15_04__walking_and_outside_surprised__46TJ9IOJ.mp4,1,DeepFakeDetection,c23,15_04__walking_and_outside_surprised__46TJ9IOJ
FaceForensics++,FaceForensics++__DeepFakeDetection__15_06__kitchen_still__E98QYYXO.mp4,data\raw\FaceForensics++_C23\DeepFakeDetection\15_06__kitchen_still__E98QYYXO.mp4,1,DeepFakeDetection,c23,15_06__kitchen_still__E98QYYXO
FaceForensics++,FaceForensics++__DeepFakeDetection__15_06__walking_down_indoor_hall_disgust__QRCD27P8.mp4,data\raw\FaceForensics++_C23\DeepFakeDetection\15_06__walking_down_indoor_hall_disgust__QRCD27P8.mp4,1,DeepFakeDetection,c23,15_06__walking_down_indoor_hall_disgust__QRCD27P8
FaceForensics++,FaceForensics++__DeepFakeDetection__15_06__walking_down_street_outside_angry__YDX3GHFS.mp4,data\raw\FaceForensics++_C23\DeepFakeDetection\15_06__walking_down_street_outside_angry__YDX3GHFS.mp4,1,DeepFakeDetection,c23,15_06__walking_down_street_outside_angry__YDX3GHFS
FaceForensics++,FaceForensics++__DeepFakeDetection__15_06__walking_outside_cafe_disgusted__QRCD27P8.mp4,data\raw\FaceForensics++_C23\DeepFakeDetection\15_06__walking_outside_cafe_disgusted__QRCD27P8.mp4,1,DeepFakeDetection,c23,15_06__walking_outside_cafe_disgusted__QRCD27P8
FaceForensics++,FaceForensics++__DeepFakeDetection__15_07__kitchen_still__9Z2MLKVX.mp4,data\raw\FaceForensics++_C23\DeepFakeDetection\15_07__kitchen_still__9Z2MLKVX.mp4,1,DeepFakeDetection,c23,15_07__kitchen_still__9Z2MLKVX
FaceForensics++,FaceForensics++__DeepFakeDetection__15_07__podium_speech_happy__KM6M2TBT.mp4,data\raw\FaceForensics++_C23\DeepFakeDetection\15_07__podium_speech_happy__KM6M2TBT.mp4,1,DeepFakeDetection,c23,15_07__podium_speech_happy__KM6M2TBT
FaceForensics++,FaceForensics++__DeepFakeDetection__15_12__hugging_happy__N0SRODQD.mp4,data\raw\FaceForensics++_C23\DeepFakeDetection\15_12__hugging_happy__N0SRODQD.mp4,1,DeepFakeDetection,c23,15_12__hugging_happy__N0SRODQD
FaceForensics++,FaceForensics++__DeepFakeDetection__15_12__outside_talking_still_laughing__RK17XFJ9.mp4,data\raw\FaceForensics++_C23\DeepFakeDetection\15_12__outside_talking_still_laughing__RK17XFJ9.mp4,1,DeepFakeDetection,c23,15_12__outside_talking_still_laughing__RK17XFJ9
FaceForensics++,FaceForensics++__DeepFakeDetection__15_12__talking_angry_couch__N0SRODQD.mp4,data\raw\FaceForensics++_C23\DeepFakeDetection\15_12__talking_angry_couch__N0SRODQD.mp4,1,DeepFakeDetection,c23,15_12__talking_angry_couch__N0SRODQD
FaceForensics++,FaceForensics++__DeepFakeDetection__15_12__talking_angry_couch__RK17XFJ9.mp4,data\raw\FaceForensics++_C23\DeepFakeDetection\15_12__talking_angry_couch__RK17XFJ9.mp4,1,DeepFakeDetection,c23,15_12__talking_angry_couch__RK17XFJ9
FaceForensics++,FaceForensics++__DeepFakeDetection__15_12__walking_down_indoor_hall_disgust__RK17XFJ9.mp4,data\raw\FaceForensics++_C23\DeepFakeDetection\15_12__walking_down_indoor_hall_disgust__RK17XFJ9.mp4,1,DeepFakeDetection,c23,15_12__walking_down_indoor_hall_disgust__RK17XFJ9
FaceForensics++,FaceForensics++__DeepFakeDetection__15_12__walking_down_street_outside_angry__N0SRODQD.mp4,data\raw\FaceForensics++_C23\DeepFakeDetection\15_12__walking_down_street_outside_angry__N0SRODQD.mp4,1,DeepFakeDetection,c23,15_12__walking_down_street_outside_angry__N0SRODQD
FaceForensics++,FaceForensics++__DeepFakeDetection__15_13__kitchen_pan__X0EIIJF7.mp4,data\raw\FaceForensics++_C23\DeepFakeDetection\15_13__kitchen_pan__X0EIIJF7.mp4,1,DeepFakeDetection,c23,15_13__kitchen_pan__X0EIIJF7
FaceForensics++,FaceForensics++__DeepFakeDetection__15_14__exit_phone_room__OMLZILK3.mp4,data\raw\FaceForensics++_C23\DeepFakeDetection\15_14__exit_phone_room__OMLZILK3.mp4,1,DeepFakeDetection,c23,15_14__exit_phone_room__OMLZILK3
FaceForensics++,FaceForensics++__DeepFakeDetection__15_14__exit_phone_room__RNHLLKSQ.mp4,data\raw\FaceForensics++_C23\DeepFakeDetection\15_14__exit_phone_room__RNHLLKSQ.mp4,1,DeepFakeDetection,c23,15_14__exit_phone_room__RNHLLKSQ
FaceForensics++,FaceForensics++__DeepFakeDetection__15_14__talking_against_wall__4SO1CSAM.mp4,data\raw\FaceForensics++_C23\DeepFakeDetection\15_14__talking_against_wall__4SO1CSAM.mp4,1,DeepFakeDetection,c23,15_14__talking_against_wall__4SO1CSAM
FaceForensics++,FaceForensics++__DeepFakeDetection__15_18__kitchen_still__V5VHLCOW.mp4,data\raw\FaceForensics++_C23\DeepFakeDetection\15_18__kitchen_still__V5VHLCOW.mp4,1,DeepFakeDetection,c23,15_18__kitchen_still__V5VHLCOW
FaceForensics++,FaceForensics++__DeepFakeDetection__15_20__kitchen_pan__99NHTFBM.mp4,data\raw\FaceForensics++_C23\DeepFakeDetection\15_20__kitchen_pan__99NHTFBM.mp4,1,DeepFakeDetection,c23,15_20__kitchen_pan__99NHTFBM
FaceForensics++,FaceForensics++__DeepFakeDetection__15_20__outside_talking_pan_laughing__99NHTFBM.mp4,data\raw\FaceForensics++_C23\DeepFakeDetection\15_20__outside_talking_pan_laughing__99NHTFBM.mp4,1,DeepFakeDetection,c23,15_20__outside_talking_pan_laughing__99NHTFBM
FaceForensics++,FaceForensics++__DeepFakeDetection__15_20__outside_talking_still_laughing__99NHTFBM.mp4,data\raw\FaceForensics++_C23\DeepFakeDetection\15_20__outside_talking_still_laughing__99NHTFBM.mp4,1,DeepFakeDetection,c23,15_20__outside_talking_still_laughing__99NHTFBM
FaceForensics++,FaceForensics++__DeepFakeDetection__15_25__talking_angry_couch__FF95NMIQ.mp4,data\raw\FaceForensics++_C23\DeepFakeDetection\15_25__talking_angry_couch__FF95NMIQ.mp4,1,DeepFakeDetection,c23,15_25__talking_angry_couch__FF95NMIQ
FaceForensics++,FaceForensics++__DeepFakeDetection__15_27__outside_talking_still_laughing__WZ4MLUAV.mp4,data\raw\FaceForensics++_C23\DeepFakeDetection\15_27__outside_talking_still_laughing__WZ4MLUAV.mp4,1,DeepFakeDetection,c23,15_27__outside_talking_still_laughing__WZ4MLUAV
FaceForensics++,FaceForensics++__DeepFakeDetection__15_27__podium_speech_happy__2ERUWYH8.mp4,data\raw\FaceForensics++_C23\DeepFakeDetection\15_27__podium_speech_happy__2ERUWYH8.mp4,1,DeepFakeDetection,c23,15_27__podium_speech_happy__2ERUWYH8
FaceForensics++,FaceForensics++__DeepFakeDetection__16_05__walking_down_street_outside_angry__BY646B4R.mp4,data\raw\FaceForensics++_C23\DeepFakeDetection\16_05__walking_down_street_outside_angry__BY646B4R.mp4,1,DeepFakeDetection,c23,16_05__walking_down_street_outside_angry__BY646B4R
FaceForensics++,FaceForensics++__DeepFakeDetection__16_05__walking_outside_cafe_disgusted__053HPS1G.mp4,data\raw\FaceForensics++_C23\DeepFakeDetection\16_05__walking_outside_cafe_disgusted__053HPS1G.mp4,1,DeepFakeDetection,c23,16_05__walking_outside_cafe_disgusted__053HPS1G
FaceForensics++,FaceForensics++__DeepFakeDetection__16_08__kitchen_still__8Q7JCS95.mp4,data\raw\FaceForensics++_C23\DeepFakeDetection\16_08__kitchen_still__8Q7JCS95.mp4,1,DeepFakeDetection,c23,16_08__kitchen_still__8Q7JCS95
FaceForensics++,FaceForensics++__DeepFakeDetection__16_17__exit_phone_room__S7UMSIQV.mp4,data\raw\FaceForensics++_C23\DeepFakeDetection\16_17__exit_phone_room__S7UMSIQV.mp4,1,DeepFakeDetection,c23,16_17__exit_phone_room__S7UMSIQV
FaceForensics++,FaceForensics++__DeepFakeDetection__16_28__outside_talking_pan_laughing__X5FNCYON.mp4,data\raw\FaceForensics++_C23\DeepFakeDetection\16_28__outside_talking_pan_laughing__X5FNCYON.mp4,1,DeepFakeDetection,c23,16_28__outside_talking_pan_laughing__X5FNCYON
FaceForensics++,FaceForensics++__DeepFakeDetection__17_05__walk_down_hall_angry__YTJYYDO9.mp4,data\raw\FaceForensics++_C23\DeepFakeDetection\17_05__walk_down_hall_angry__YTJYYDO9.mp4,1,DeepFakeDetection,c23,17_05__walk_down_hall_angry__YTJYYDO9
FaceForensics++,FaceForensics++__DeepFakeDetection__17_08__exit_phone_room__CFIY1YEQ.mp4,data\raw\FaceForensics++_C23\DeepFakeDetection\17_08__exit_phone_room__CFIY1YEQ.mp4,1,DeepFakeDetection,c23,17_08__exit_phone_room__CFIY1YEQ
FaceForensics++,FaceForensics++__DeepFakeDetection__17_08__hugging_happy__05AN86QA.mp4,data\raw\FaceForensics++_C23\DeepFakeDetection\17_08__hugging_happy__05AN86QA.mp4,1,DeepFakeDetection,c23,17_08__hugging_happy__05AN86QA
FaceForensics++,FaceForensics++__DeepFakeDetection__17_08__outside_talking_still_laughing__PBVFRHF5.mp4,data\raw\FaceForensics++_C23\DeepFakeDetection\17_08__outside_talking_still_laughing__PBVFRHF5.mp4,1,DeepFakeDetection,c23,17_08__outside_talking_still_laughing__PBVFRHF5
FaceForensics++,FaceForensics++__DeepFakeDetection__17_08__talking_against_wall__QOX5NWIJ.mp4,data\raw\FaceForensics++_C23\DeepFakeDetection\17_08__talking_against_wall__QOX5NWIJ.mp4,1,DeepFakeDetection,c23,17_08__talking_against_wall__QOX5NWIJ
FaceForensics++,FaceForensics++__DeepFakeDetection__17_08__talking_angry_couch__05AN86QA.mp4,data\raw\FaceForensics++_C23\DeepFakeDetection\17_08__talking_angry_couch__05AN86QA.mp4,1,DeepFakeDetection,c23,17_08__talking_angry_couch__05AN86QA
FaceForensics++,FaceForensics++__DeepFakeDetection__17_08__walking_down_indoor_hall_disgust__JZYRLJ8T.mp4,data\raw\FaceForensics++_C23\DeepFakeDetection\17_08__walking_down_indoor_hall_disgust__JZYRLJ8T.mp4,1,DeepFakeDetection,c23,17_08__walking_down_indoor_hall_disgust__JZYRLJ8T
FaceForensics++,FaceForensics++__DeepFakeDetection__17_16__podium_speech_happy__EWJJTZHY.mp4,data\raw\FaceForensics++_C23\DeepFakeDetection\17_16__podium_speech_happy__EWJJTZHY.mp4,1,DeepFakeDetection,c23,17_16__podium_speech_happy__EWJJTZHY
FaceForensics++,FaceForensics++__DeepFakeDetection__17_16__walking_down_indoor_hall_disgust__S7UMSIQV.mp4,data\raw\FaceForensics++_C23\DeepFakeDetection\17_16__walking_down_indoor_hall_disgust__S7UMSIQV.mp4,1,DeepFakeDetection,c23,17_16__walking_down_indoor_hall_disgust__S7UMSIQV
FaceForensics++,FaceForensics++__DeepFakeDetection__18_02__exit_phone_room__B95S4G6F.mp4,data\raw\FaceForensics++_C23\DeepFakeDetection\18_02__exit_phone_room__B95S4G6F.mp4,1,DeepFakeDetection,c23,18_02__exit_phone_room__B95S4G6F
FaceForensics++,FaceForensics++__DeepFakeDetection__18_02__kitchen_still__B95S4G6F.mp4,data\raw\FaceForensics++_C23\DeepFakeDetection\18_02__kitchen_still__B95S4G6F.mp4,1,DeepFakeDetection,c23,18_02__kitchen_still__B95S4G6F
FaceForensics++,FaceForensics++__DeepFakeDetection__18_02__secret_conversation__B95S4G6F.mp4,data\raw\FaceForensics++_C23\DeepFakeDetection\18_02__secret_conversation__B95S4G6F.mp4,1,DeepFakeDetection,c23,18_02__secret_conversation__B95S4G6F
FaceForensics++,FaceForensics++__DeepFakeDetection__18_03__kitchen_still__22UBC0BS.mp4,data\raw\FaceForensics++_C23\DeepFakeDetection\18_03__kitchen_still__22UBC0BS.mp4,1,DeepFakeDetection,c23,18_03__kitchen_still__22UBC0BS
FaceForensics++,FaceForensics++__DeepFakeDetection__18_03__secret_conversation__32DBR8L4.mp4,data\raw\FaceForensics++_C23\DeepFakeDetection\18_03__secret_conversation__32DBR8L4.mp4,1,DeepFakeDetection,c23,18_03__secret_conversation__32DBR8L4
FaceForensics++,FaceForensics++__DeepFakeDetection__18_03__walking_down_street_outside_angry__22UBC0BS.mp4,data\raw\FaceForensics++_C23\DeepFakeDetection\18_03__walking_down_street_outside_angry__22UBC0BS.mp4,1,DeepFakeDetection,c23,18_03__walking_down_street_outside_angry__22UBC0BS
FaceForensics++,FaceForensics++__DeepFakeDetection__18_04__talking_against_wall__6J3ZFEJQ.mp4,data\raw\FaceForensics++_C23\DeepFakeDetection\18_04__talking_against_wall__6J3ZFEJQ.mp4,1,DeepFakeDetection,c23,18_04__talking_against_wall__6J3ZFEJQ
FaceForensics++,FaceForensics++__DeepFakeDetection__18_04__walking_outside_cafe_disgusted__6J3ZFEJQ.mp4,data\raw\FaceForensics++_C23\DeepFakeDetection\18_04__walking_outside_cafe_disgusted__6J3ZFEJQ.mp4,1,DeepFakeDetection,c23,18_04__walking_outside_cafe_disgusted__6J3ZFEJQ
FaceForensics++,FaceForensics++__DeepFakeDetection__18_06__kitchen_pan__XJ76YU5A.mp4,data\raw\FaceForensics++_C23\DeepFakeDetection\18_06__kitchen_pan__XJ76YU5A.mp4,1,DeepFakeDetection,c23,18_06__kitchen_pan__XJ76YU5A
FaceForensics++,FaceForensics++__DeepFakeDetection__18_06__outside_talking_pan_laughing__DEA1TCLN.mp4,data\raw\FaceForensics++_C23\DeepFakeDetection\18_06__outside_talking_pan_laughing__DEA1TCLN.mp4,1,DeepFakeDetection,c23,18_06__outside_talking_pan_laughing__DEA1TCLN
FaceForensics++,FaceForensics++__DeepFakeDetection__18_06__podium_speech_happy__M36D0OJT.mp4,data\raw\FaceForensics++_C23\DeepFakeDetection\18_06__podium_speech_happy__M36D0OJT.mp4,1,DeepFakeDetection,c23,18_06__podium_speech_happy__M36D0OJT
FaceForensics++,FaceForensics++__DeepFakeDetection__18_06__walking_down_street_outside_angry__MVXBDKGB.mp4,data\raw\FaceForensics++_C23\DeepFakeDetection\18_06__walking_down_street_outside_angry__MVXBDKGB.mp4,1,DeepFakeDetection,c23,18_06__walking_down_street_outside_angry__MVXBDKGB
FaceForensics++,FaceForensics++__DeepFakeDetection__18_06__walking_outside_cafe_disgusted__OWJY9LQU.mp4,data\raw\FaceForensics++_C23\DeepFakeDetection\18_06__walking_outside_cafe_disgusted__OWJY9LQU.mp4,1,DeepFakeDetection,c23,18_06__walking_outside_cafe_disgusted__OWJY9LQU
FaceForensics++,FaceForensics++__DeepFakeDetection__18_09__exit_phone_room__3VP8836C.mp4,data\raw\FaceForensics++_C23\DeepFakeDetection\18_09__exit_phone_room__3VP8836C.mp4,1,DeepFakeDetection,c23,18_09__exit_phone_room__3VP8836C
FaceForensics++,FaceForensics++__DeepFakeDetection__18_09__kitchen_still__3VP8836C.mp4,data\raw\FaceForensics++_C23\DeepFakeDetection\18_09__kitchen_still__3VP8836C.mp4,1,DeepFakeDetection,c23,18_09__kitchen_still__3VP8836C
FaceForensics++,FaceForensics++__DeepFakeDetection__18_09__walk_down_hall_angry__3VP8836C.mp4,data\raw\FaceForensics++_C23\DeepFakeDetection\18_09__walk_down_hall_angry__3VP8836C.mp4,1,DeepFakeDetection,c23,18_09__walk_down_hall_angry__3VP8836C
FaceForensics++,FaceForensics++__DeepFakeDetection__18_11__secret_conversation__JJ1YREUN.mp4,data\raw\FaceForensics++_C23\DeepFakeDetection\18_11__secret_conversation__JJ1YREUN.mp4,1,DeepFakeDetection,c23,18_11__secret_conversation__JJ1YREUN
FaceForensics++,FaceForensics++__DeepFakeDetection__18_11__secret_conversation__PT4YKO2R.mp4,data\raw\FaceForensics++_C23\DeepFakeDetection\18_11__secret_conversation__PT4YKO2R.mp4,1,DeepFakeDetection,c23,18_11__secret_conversation__PT4YKO2R
FaceForensics++,FaceForensics++__DeepFakeDetection__18_11__walking_down_street_outside_angry__PT4YKO2R.mp4,data\raw\FaceForensics++_C23\DeepFakeDetection\18_11__walking_down_street_outside_angry__PT4YKO2R.mp4,1,DeepFakeDetection,c23,18_11__walking_down_street_outside_angry__PT4YKO2R
FaceForensics++,FaceForensics++__DeepFakeDetection__18_11__walking_outside_cafe_disgusted__TRJUIS24.mp4,data\raw\FaceForensics++_C23\DeepFakeDetection\18_11__walking_outside_cafe_disgusted__TRJUIS24.mp4,1,DeepFakeDetection,c23,18_11__walking_outside_cafe_disgusted__TRJUIS24
FaceForensics++,FaceForensics++__DeepFakeDetection__18_12__outside_talking_pan_laughing__IKH1LBBY.mp4,data\raw\FaceForensics++_C23\DeepFakeDetection\18_12__outside_talking_pan_laughing__IKH1LBBY.mp4,1,DeepFakeDetection,c23,18_12__outside_talking_pan_laughing__IKH1LBBY
FaceForensics++,FaceForensics++__DeepFakeDetection__18_12__outside_talking_still_laughing__IKH1LBBY.mp4,data\raw\FaceForensics++_C23\DeepFakeDetection\18_12__outside_talking_still_laughing__IKH1LBBY.mp4,1,DeepFakeDetection,c23,18_12__outside_talking_still_laughing__IKH1LBBY
FaceForensics++,FaceForensics++__DeepFakeDetection__18_14__exit_phone_room__0YRBHIKG.mp4,data\raw\FaceForensics++_C23\DeepFakeDetection\18_14__exit_phone_room__0YRBHIKG.mp4,1,DeepFakeDetection,c23,18_14__exit_phone_room__0YRBHIKG
FaceForensics++,FaceForensics++__DeepFakeDetection__18_14__outside_talking_still_laughing__6SB2BR0A.mp4,data\raw\FaceForensics++_C23\DeepFakeDetection\18_14__outside_talking_still_laughing__6SB2BR0A.mp4,1,DeepFakeDetection,c23,18_14__outside_talking_still_laughing__6SB2BR0A
FaceForensics++,FaceForensics++__DeepFakeDetection__18_14__podium_speech_happy__0YRBHIKG.mp4,data\raw\FaceForensics++_C23\DeepFakeDetection\18_14__podium_speech_happy__0YRBHIKG.mp4,1,DeepFakeDetection,c23,18_14__podium_speech_happy__0YRBHIKG
FaceForensics++,FaceForensics++__DeepFakeDetection__18_14__secret_conversation__HYMNQ00Q.mp4,data\raw\FaceForensics++_C23\DeepFakeDetection\18_14__secret_conversation__HYMNQ00Q.mp4,1,DeepFakeDetection,c23,18_14__secret_conversation__HYMNQ00Q
FaceForensics++,FaceForensics++__DeepFakeDetection__18_14__talking_against_wall__0YRBHIKG.mp4,data\raw\FaceForensics++_C23\DeepFakeDetection\18_14__talking_against_wall__0YRBHIKG.mp4,1,DeepFakeDetection,c23,18_14__talking_against_wall__0YRBHIKG
FaceForensics++,FaceForensics++__DeepFakeDetection__18_15__kitchen_pan__V5VHLCOW.mp4,data\raw\FaceForensics++_C23\DeepFakeDetection\18_15__kitchen_pan__V5VHLCOW.mp4,1,DeepFakeDetection,c23,18_15__kitchen_pan__V5VHLCOW
FaceForensics++,FaceForensics++__DeepFakeDetection__18_15__kitchen_still__V5VHLCOW.mp4,data\raw\FaceForensics++_C23\DeepFakeDetection\18_15__kitchen_still__V5VHLCOW.mp4,1,DeepFakeDetection,c23,18_15__kitchen_still__V5VHLCOW
FaceForensics++,FaceForensics++__DeepFakeDetection__18_15__outside_talking_still_laughing__V5VHLCOW.mp4,data\raw\FaceForensics++_C23\DeepFakeDetection\18_15__outside_talking_still_laughing__V5VHLCOW.mp4,1,DeepFakeDetection,c23,18_15__outside_talking_still_laughing__V5VHLCOW
FaceForensics++,FaceForensics++__DeepFakeDetection__18_15__walking_down_street_outside_angry__V5VHLCOW.mp4,data\raw\FaceForensics++_C23\DeepFakeDetection\18_15__walking_down_street_outside_angry__V5VHLCOW.mp4,1,DeepFakeDetection,c23,18_15__walking_down_street_outside_angry__V5VHLCOW
FaceForensics++,FaceForensics++__DeepFakeDetection__18_25__exit_phone_room__AUC0HY5T.mp4,data\raw\FaceForensics++_C23\DeepFakeDetection\18_25__exit_phone_room__AUC0HY5T.mp4,1,DeepFakeDetection,c23,18_25__exit_phone_room__AUC0HY5T
FaceForensics++,FaceForensics++__DeepFakeDetection__18_25__outside_talking_pan_laughing__AUC0HY5T.mp4,data\raw\FaceForensics++_C23\DeepFakeDetection\18_25__outside_talking_pan_laughing__AUC0HY5T.mp4,1,DeepFakeDetection,c23,18_25__outside_talking_pan_laughing__AUC0HY5T
FaceForensics++,FaceForensics++__DeepFakeDetection__18_25__walking_outside_cafe_disgusted__SEGFKFJG.mp4,data\raw\FaceForensics++_C23\DeepFakeDetection\18_25__walking_outside_cafe_disgusted__SEGFKFJG.mp4,1,DeepFakeDetection,c23,18_25__walking_outside_cafe_disgusted__SEGFKFJG
FaceForensics++,FaceForensics++__DeepFakeDetection__18_26__kitchen_still__UMEX6HWU.mp4,data\raw\FaceForensics++_C23\DeepFakeDetection\18_26__kitchen_still__UMEX6HWU.mp4,1,DeepFakeDetection,c23,18_26__kitchen_still__UMEX6HWU
FaceForensics++,FaceForensics++__DeepFakeDetection__18_26__outside_talking_still_laughing__UMEX6HWU.mp4,data\raw\FaceForensics++_C23\DeepFakeDetection\18_26__outside_talking_still_laughing__UMEX6HWU.mp4,1,DeepFakeDetection,c23,18_26__outside_talking_still_laughing__UMEX6HWU
FaceForensics++,FaceForensics++__DeepFakeDetection__18_26__secret_conversation__UMEX6HWU.mp4,data\raw\FaceForensics++_C23\DeepFakeDetection\18_26__secret_conversation__UMEX6HWU.mp4,1,DeepFakeDetection,c23,18_26__secret_conversation__UMEX6HWU
FaceForensics++,FaceForensics++__DeepFakeDetection__18_26__walking_outside_cafe_disgusted__UMEX6HWU.mp4,data\raw\FaceForensics++_C23\DeepFakeDetection\18_26__walking_outside_cafe_disgusted__UMEX6HWU.mp4,1,DeepFakeDetection,c23,18_26__walking_outside_cafe_disgusted__UMEX6HWU
FaceForensics++,FaceForensics++__DeepFakeDetection__18_26__walk_down_hall_angry__AI94QW74.mp4,data\raw\FaceForensics++_C23\DeepFakeDetection\18_26__walk_down_hall_angry__AI94QW74.mp4,1,DeepFakeDetection,c23,18_26__walk_down_hall_angry__AI94QW74
FaceForensics++,FaceForensics++__DeepFakeDetection__18_27__walking_outside_cafe_disgusted__NYHE8D0J.mp4,data\raw\FaceForensics++_C23\DeepFakeDetection\18_27__walking_outside_cafe_disgusted__NYHE8D0J.mp4,1,DeepFakeDetection,c23,18_27__walking_outside_cafe_disgusted__NYHE8D0J
FaceForensics++,FaceForensics++__DeepFakeDetection__19_10__exit_phone_room__IDX76N5R.mp4,data\raw\FaceForensics++_C23\DeepFakeDetection\19_10__exit_phone_room__IDX76N5R.mp4,1,DeepFakeDetection,c23,19_10__exit_phone_room__IDX76N5R
FaceForensics++,FaceForensics++__DeepFakeDetection__19_10__walk_down_hall_angry__BVVPN5D5.mp4,data\raw\FaceForensics++_C23\DeepFakeDetection\19_10__walk_down_hall_angry__BVVPN5D5.mp4,1,DeepFakeDetection,c23,19_10__walk_down_hall_angry__BVVPN5D5
FaceForensics++,FaceForensics++__DeepFakeDetection__19_22__outside_talking_pan_laughing__VK6BF5NV.mp4,data\raw\FaceForensics++_C23\DeepFakeDetection\19_22__outside_talking_pan_laughing__VK6BF5NV.mp4,1,DeepFakeDetection,c23,19_22__outside_talking_pan_laughing__VK6BF5NV
FaceForensics++,FaceForensics++__DeepFakeDetection__19_23__kitchen_pan__H4SUVFTL.mp4,data\raw\FaceForensics++_C23\DeepFakeDetection\19_23__kitchen_pan__H4SUVFTL.mp4,1,DeepFakeDetection,c23,19_23__kitchen_pan__H4SUVFTL
FaceForensics++,FaceForensics++__DeepFakeDetection__19_23__kitchen_pan__WHQ1229T.mp4,data\raw\FaceForensics++_C23\DeepFakeDetection\19_23__kitchen_pan__WHQ1229T.mp4,1,DeepFakeDetection,c23,19_23__kitchen_pan__WHQ1229T
FaceForensics++,FaceForensics++__DeepFakeDetection__19_23__outside_talking_pan_laughing__H4SUVFTL.mp4,data\raw\FaceForensics++_C23\DeepFakeDetection\19_23__outside_talking_pan_laughing__H4SUVFTL.mp4,1,DeepFakeDetection,c23,19_23__outside_talking_pan_laughing__H4SUVFTL
FaceForensics++,FaceForensics++__DeepFakeDetection__19_23__talking_angry_couch__F7U8UY7V.mp4,data\raw\FaceForensics++_C23\DeepFakeDetection\19_23__talking_angry_couch__F7U8UY7V.mp4,1,DeepFakeDetection,c23,19_23__talking_angry_couch__F7U8UY7V
FaceForensics++,FaceForensics++__DeepFakeDetection__19_23__walking_outside_cafe_disgusted__F7U8UY7V.mp4,data\raw\FaceForensics++_C23\DeepFakeDetection\19_23__walking_outside_cafe_disgusted__F7U8UY7V.mp4,1,DeepFakeDetection,c23,19_23__walking_outside_cafe_disgusted__F7U8UY7V
FaceForensics++,FaceForensics++__DeepFakeDetection__19_23__walking_outside_cafe_disgusted__WHQ1229T.mp4,data\raw\FaceForensics++_C23\DeepFakeDetection\19_23__walking_outside_cafe_disgusted__WHQ1229T.mp4,1,DeepFakeDetection,c23,19_23__walking_outside_cafe_disgusted__WHQ1229T
FaceForensics++,FaceForensics++__DeepFakeDetection__19_23__walk_down_hall_angry__F7U8UY7V.mp4,data\raw\FaceForensics++_C23\DeepFakeDetection\19_23__walk_down_hall_angry__F7U8UY7V.mp4,1,DeepFakeDetection,c23,19_23__walk_down_hall_angry__F7U8UY7V
FaceForensics++,FaceForensics++__DeepFakeDetection__19_24__kitchen_pan__NPZW2Z9L.mp4,data\raw\FaceForensics++_C23\DeepFakeDetection\19_24__kitchen_pan__NPZW2Z9L.mp4,1,DeepFakeDetection,c23,19_24__kitchen_pan__NPZW2Z9L
FaceForensics++,FaceForensics++__DeepFakeDetection__19_24__kitchen_still__GNHYZ84G.mp4,data\raw\FaceForensics++_C23\DeepFakeDetection\19_24__kitchen_still__GNHYZ84G.mp4,1,DeepFakeDetection,c23,19_24__kitchen_still__GNHYZ84G
FaceForensics++,FaceForensics++__DeepFakeDetection__19_24__outside_talking_pan_laughing__59PN7WZ2.mp4,data\raw\FaceForensics++_C23\DeepFakeDetection\19_24__outside_talking_pan_laughing__59PN7WZ2.mp4,1,DeepFakeDetection,c23,19_24__outside_talking_pan_laughing__59PN7WZ2
FaceForensics++,FaceForensics++__DeepFakeDetection__19_24__outside_talking_pan_laughing__OF8LF68K.mp4,data\raw\FaceForensics++_C23\DeepFakeDetection\19_24__outside_talking_pan_laughing__OF8LF68K.mp4,1,DeepFakeDetection,c23,19_24__outside_talking_pan_laughing__OF8LF68K
FaceForensics++,FaceForensics++__DeepFakeDetection__19_24__outside_talking_still_laughing__59PN7WZ2.mp4,data\raw\FaceForensics++_C23\DeepFakeDetection\19_24__outside_talking_still_laughing__59PN7WZ2.mp4,1,DeepFakeDetection,c23,19_24__outside_talking_still_laughing__59PN7WZ2
FaceForensics++,FaceForensics++__DeepFakeDetection__19_24__outside_talking_still_laughing__DL7X7M6I.mp4,data\raw\FaceForensics++_C23\DeepFakeDetection\19_24__outside_talking_still_laughing__DL7X7M6I.mp4,1,DeepFakeDetection,c23,19_24__outside_talking_still_laughing__DL7X7M6I
FaceForensics++,FaceForensics++__DeepFakeDetection__19_24__secret_conversation__59PN7WZ2.mp4,data\raw\FaceForensics++_C23\DeepFakeDetection\19_24__secret_conversation__59PN7WZ2.mp4,1,DeepFakeDetection,c23,19_24__secret_conversation__59PN7WZ2
FaceForensics++,FaceForensics++__DeepFakeDetection__19_24__walk_down_hall_angry__59PN7WZ2.mp4,data\raw\FaceForensics++_C23\DeepFakeDetection\19_24__walk_down_hall_angry__59PN7WZ2.mp4,1,DeepFakeDetection,c23,19_24__walk_down_hall_angry__59PN7WZ2
FaceForensics++,FaceForensics++__DeepFakeDetection__19_24__walk_down_hall_angry__OF8LF68K.mp4,data\raw\FaceForensics++_C23\DeepFakeDetection\19_24__walk_down_hall_angry__OF8LF68K.mp4,1,DeepFakeDetection,c23,19_24__walk_down_hall_angry__OF8LF68K
FaceForensics++,FaceForensics++__DeepFakeDetection__19_24__walk_down_hall_angry__W1DEM0XM.mp4,data\raw\FaceForensics++_C23\DeepFakeDetection\19_24__walk_down_hall_angry__W1DEM0XM.mp4,1,DeepFakeDetection,c23,19_24__walk_down_hall_angry__W1DEM0XM
FaceForensics++,FaceForensics++__DeepFakeDetection__20_01__kitchen_pan__6UBMLXK3.mp4,data\raw\FaceForensics++_C23\DeepFakeDetection\20_01__kitchen_pan__6UBMLXK3.mp4,1,DeepFakeDetection,c23,20_01__kitchen_pan__6UBMLXK3
FaceForensics++,FaceForensics++__DeepFakeDetection__20_03__hugging_happy__Z6V05FXO.mp4,data\raw\FaceForensics++_C23\DeepFakeDetection\20_03__hugging_happy__Z6V05FXO.mp4,1,DeepFakeDetection,c23,20_03__hugging_happy__Z6V05FXO
FaceForensics++,FaceForensics++__DeepFakeDetection__20_03__walk_down_hall_angry__61SVZ2J7.mp4,data\raw\FaceForensics++_C23\DeepFakeDetection\20_03__walk_down_hall_angry__61SVZ2J7.mp4,1,DeepFakeDetection,c23,20_03__walk_down_hall_angry__61SVZ2J7
FaceForensics++,FaceForensics++__DeepFakeDetection__20_06__outside_talking_pan_laughing__6SUW7063.mp4,data\raw\FaceForensics++_C23\DeepFakeDetection\20_06__outside_talking_pan_laughing__6SUW7063.mp4,1,DeepFakeDetection,c23,20_06__outside_talking_pan_laughing__6SUW7063
FaceForensics++,FaceForensics++__DeepFakeDetection__20_06__podium_speech_happy__6SUW7063.mp4,data\raw\FaceForensics++_C23\DeepFakeDetection\20_06__podium_speech_happy__6SUW7063.mp4,1,DeepFakeDetection,c23,20_06__podium_speech_happy__6SUW7063
FaceForensics++,FaceForensics++__DeepFakeDetection__20_07__outside_talking_pan_laughing__5VT4USF9.mp4,data\raw\FaceForensics++_C23\DeepFakeDetection\20_07__outside_talking_pan_laughing__5VT4USF9.mp4,1,DeepFakeDetection,c23,20_07__outside_talking_pan_laughing__5VT4USF9
FaceForensics++,FaceForensics++__DeepFakeDetection__20_09__kitchen_pan__HG1S0KHA.mp4,data\raw\FaceForensics++_C23\DeepFakeDetection\20_09__kitchen_pan__HG1S0KHA.mp4,1,DeepFakeDetection,c23,20_09__kitchen_pan__HG1S0KHA
FaceForensics++,FaceForensics++__DeepFakeDetection__20_09__kitchen_pan__MKEWB4SM.mp4,data\raw\FaceForensics++_C23\DeepFakeDetection\20_09__kitchen_pan__MKEWB4SM.mp4,1,DeepFakeDetection,c23,20_09__kitchen_pan__MKEWB4SM
FaceForensics++,FaceForensics++__DeepFakeDetection__20_09__outside_talking_pan_laughing__MKEWB4SM.mp4,data\raw\FaceForensics++_C23\DeepFakeDetection\20_09__outside_talking_pan_laughing__MKEWB4SM.mp4,1,DeepFakeDetection,c23,20_09__outside_talking_pan_laughing__MKEWB4SM
FaceForensics++,FaceForensics++__DeepFakeDetection__20_09__outside_talking_still_laughing__98NUQ3E6.mp4,data\raw\FaceForensics++_C23\DeepFakeDetection\20_09__outside_talking_still_laughing__98NUQ3E6.mp4,1,DeepFakeDetection,c23,20_09__outside_talking_still_laughing__98NUQ3E6
FaceForensics++,FaceForensics++__DeepFakeDetection__20_09__podium_speech_happy__RAGUKRMK.mp4,data\raw\FaceForensics++_C23\DeepFakeDetection\20_09__podium_speech_happy__RAGUKRMK.mp4,1,DeepFakeDetection,c23,20_09__podium_speech_happy__RAGUKRMK
FaceForensics++,FaceForensics++__DeepFakeDetection__20_09__walking_down_indoor_hall_disgust__RAGUKRMK.mp4,data\raw\FaceForensics++_C23\DeepFakeDetection\20_09__walking_down_indoor_hall_disgust__RAGUKRMK.mp4,1,DeepFakeDetection,c23,20_09__walking_down_indoor_hall_disgust__RAGUKRMK
FaceForensics++,FaceForensics++__DeepFakeDetection__20_09__walk_down_hall_angry__RAGUKRMK.mp4,data\raw\FaceForensics++_C23\DeepFakeDetection\20_09__walk_down_hall_angry__RAGUKRMK.mp4,1,DeepFakeDetection,c23,20_09__walk_down_hall_angry__RAGUKRMK
FaceForensics++,FaceForensics++__DeepFakeDetection__20_12__kitchen_still__VD7BCF1U.mp4,data\raw\FaceForensics++_C23\DeepFakeDetection\20_12__kitchen_still__VD7BCF1U.mp4,1,DeepFakeDetection,c23,20_12__kitchen_still__VD7BCF1U
FaceForensics++,FaceForensics++__DeepFakeDetection__20_12__outside_talking_pan_laughing__VD7BCF1U.mp4,data\raw\FaceForensics++_C23\DeepFakeDetection\20_12__outside_talking_pan_laughing__VD7BCF1U.mp4,1,DeepFakeDetection,c23,20_12__outside_talking_pan_laughing__VD7BCF1U
FaceForensics++,FaceForensics++__DeepFakeDetection__20_12__walk_down_hall_angry__B0X1CGG2.mp4,data\raw\FaceForensics++_C23\DeepFakeDetection\20_12__walk_down_hall_angry__B0X1CGG2.mp4,1,DeepFakeDetection,c23,20_12__walk_down_hall_angry__B0X1CGG2
FaceForensics++,FaceForensics++__DeepFakeDetection__20_13__hugging_happy__C50CSOEX.mp4,data\raw\FaceForensics++_C23\DeepFakeDetection\20_13__hugging_happy__C50CSOEX.mp4,1,DeepFakeDetection,c23,20_13__hugging_happy__C50CSOEX
FaceForensics++,FaceForensics++__DeepFakeDetection__20_13__hugging_happy__HQHYKNGK.mp4,data\raw\FaceForensics++_C23\DeepFakeDetection\20_13__hugging_happy__HQHYKNGK.mp4,1,DeepFakeDetection,c23,20_13__hugging_happy__HQHYKNGK
FaceForensics++,FaceForensics++__DeepFakeDetection__20_13__kitchen_pan__4SAX54BT.mp4,data\raw\FaceForensics++_C23\DeepFakeDetection\20_13__kitchen_pan__4SAX54BT.mp4,1,DeepFakeDetection,c23,20_13__kitchen_pan__4SAX54BT
FaceForensics++,FaceForensics++__DeepFakeDetection__20_13__outside_talking_still_laughing__LXLR1B6N.mp4,data\raw\FaceForensics++_C23\DeepFakeDetection\20_13__outside_talking_still_laughing__LXLR1B6N.mp4,1,DeepFakeDetection,c23,20_13__outside_talking_still_laughing__LXLR1B6N
FaceForensics++,FaceForensics++__DeepFakeDetection__20_13__walking_down_indoor_hall_disgust__NJEO6L5O.mp4,data\raw\FaceForensics++_C23\DeepFakeDetection\20_13__walking_down_indoor_hall_disgust__NJEO6L5O.mp4,1,DeepFakeDetection,c23,20_13__walking_down_indoor_hall_disgust__NJEO6L5O
FaceForensics++,FaceForensics++__DeepFakeDetection__20_13__walk_down_hall_angry__4SAX54BT.mp4,data\raw\FaceForensics++_C23\DeepFakeDetection\20_13__walk_down_hall_angry__4SAX54BT.mp4,1,DeepFakeDetection,c23,20_13__walk_down_hall_angry__4SAX54BT
FaceForensics++,FaceForensics++__DeepFakeDetection__20_13__walk_down_hall_angry__HQHYKNGK.mp4,data\raw\FaceForensics++_C23\DeepFakeDetection\20_13__walk_down_hall_angry__HQHYKNGK.mp4,1,DeepFakeDetection,c23,20_13__walk_down_hall_angry__HQHYKNGK
FaceForensics++,FaceForensics++__DeepFakeDetection__20_14__podium_speech_happy__B014BKVO.mp4,data\raw\FaceForensics++_C23\DeepFakeDetection\20_14__podium_speech_happy__B014BKVO.mp4,1,DeepFakeDetection,c23,20_14__podium_speech_happy__B014BKVO
FaceForensics++,FaceForensics++__DeepFakeDetection__20_15__outside_talking_pan_laughing__99NHTFBM.mp4,data\raw\FaceForensics++_C23\DeepFakeDetection\20_15__outside_talking_pan_laughing__99NHTFBM.mp4,1,DeepFakeDetection,c23,20_15__outside_talking_pan_laughing__99NHTFBM
FaceForensics++,FaceForensics++__DeepFakeDetection__20_15__podium_speech_happy__99NHTFBM.mp4,data\raw\FaceForensics++_C23\DeepFakeDetection\20_15__podium_speech_happy__99NHTFBM.mp4,1,DeepFakeDetection,c23,20_15__podium_speech_happy__99NHTFBM
FaceForensics++,FaceForensics++__DeepFakeDetection__20_15__secret_conversation__99NHTFBM.mp4,data\raw\FaceForensics++_C23\DeepFakeDetection\20_15__secret_conversation__99NHTFBM.mp4,1,DeepFakeDetection,c23,20_15__secret_conversation__99NHTFBM
FaceForensics++,FaceForensics++__DeepFakeDetection__20_15__walking_down_indoor_hall_disgust__99NHTFBM.mp4,data\raw\FaceForensics++_C23\DeepFakeDetection\20_15__walking_down_indoor_hall_disgust__99NHTFBM.mp4,1,DeepFakeDetection,c23,20_15__walking_down_indoor_hall_disgust__99NHTFBM
FaceForensics++,FaceForensics++__DeepFakeDetection__20_15__walking_outside_cafe_disgusted__99NHTFBM.mp4,data\raw\FaceForensics++_C23\DeepFakeDetection\20_15__walking_outside_cafe_disgusted__99NHTFBM.mp4,1,DeepFakeDetection,c23,20_15__walking_outside_cafe_disgusted__99NHTFBM
FaceForensics++,FaceForensics++__DeepFakeDetection__20_18__outside_talking_pan_laughing__8BMQOD7S.mp4,data\raw\FaceForensics++_C23\DeepFakeDetection\20_18__outside_talking_pan_laughing__8BMQOD7S.mp4,1,DeepFakeDetection,c23,20_18__outside_talking_pan_laughing__8BMQOD7S
FaceForensics++,FaceForensics++__DeepFakeDetection__20_18__walking_down_indoor_hall_disgust__8BMQOD7S.mp4,data\raw\FaceForensics++_C23\DeepFakeDetection\20_18__walking_down_indoor_hall_disgust__8BMQOD7S.mp4,1,DeepFakeDetection,c23,20_18__walking_down_indoor_hall_disgust__8BMQOD7S
FaceForensics++,FaceForensics++__DeepFakeDetection__20_21__kitchen_still__ZCB5OMEW.mp4,data\raw\FaceForensics++_C23\DeepFakeDetection\20_21__kitchen_still__ZCB5OMEW.mp4,1,DeepFakeDetection,c23,20_21__kitchen_still__ZCB5OMEW
FaceForensics++,FaceForensics++__DeepFakeDetection__20_21__secret_conversation__ZCB5OMEW.mp4,data\raw\FaceForensics++_C23\DeepFakeDetection\20_21__secret_conversation__ZCB5OMEW.mp4,1,DeepFakeDetection,c23,20_21__secret_conversation__ZCB5OMEW
FaceForensics++,FaceForensics++__DeepFakeDetection__20_21__walking_down_indoor_hall_disgust__ZCB5OMEW.mp4,data\raw\FaceForensics++_C23\DeepFakeDetection\20_21__walking_down_indoor_hall_disgust__ZCB5OMEW.mp4,1,DeepFakeDetection,c23,20_21__walking_down_indoor_hall_disgust__ZCB5OMEW
FaceForensics++,FaceForensics++__DeepFakeDetection__20_21__walking_down_street_outside_angry__ZCB5OMEW.mp4,data\raw\FaceForensics++_C23\DeepFakeDetection\20_21__walking_down_street_outside_angry__ZCB5OMEW.mp4,1,DeepFakeDetection,c23,20_21__walking_down_street_outside_angry__ZCB5OMEW
FaceForensics++,FaceForensics++__DeepFakeDetection__20_25__exit_phone_room__M86GQTHK.mp4,data\raw\FaceForensics++_C23\DeepFakeDetection\20_25__exit_phone_room__M86GQTHK.mp4,1,DeepFakeDetection,c23,20_25__exit_phone_room__M86GQTHK
FaceForensics++,FaceForensics++__DeepFakeDetection__20_25__exit_phone_room__MUS0X71T.mp4,data\raw\FaceForensics++_C23\DeepFakeDetection\20_25__exit_phone_room__MUS0X71T.mp4,1,DeepFakeDetection,c23,20_25__exit_phone_room__MUS0X71T
FaceForensics++,FaceForensics++__DeepFakeDetection__20_25__outside_talking_still_laughing__DW2L6D2V.mp4,data\raw\FaceForensics++_C23\DeepFakeDetection\20_25__outside_talking_still_laughing__DW2L6D2V.mp4,1,DeepFakeDetection,c23,20_25__outside_talking_still_laughing__DW2L6D2V
FaceForensics++,FaceForensics++__DeepFakeDetection__20_25__outside_talking_still_laughing__M786RTSM.mp4,data\raw\FaceForensics++_C23\DeepFakeDetection\20_25__outside_talking_still_laughing__M786RTSM.mp4,1,DeepFakeDetection,c23,20_25__outside_talking_still_laughing__M786RTSM
FaceForensics++,FaceForensics++__DeepFakeDetection__20_25__outside_talking_still_laughing__RSCD7KXO.mp4,data\raw\FaceForensics++_C23\DeepFakeDetection\20_25__outside_talking_still_laughing__RSCD7KXO.mp4,1,DeepFakeDetection,c23,20_25__outside_talking_still_laughing__RSCD7KXO
FaceForensics++,FaceForensics++__DeepFakeDetection__20_25__talking_against_wall__AMY6M1KL.mp4,data\raw\FaceForensics++_C23\DeepFakeDetection\20_25__talking_against_wall__AMY6M1KL.mp4,1,DeepFakeDetection,c23,20_25__talking_against_wall__AMY6M1KL
FaceForensics++,FaceForensics++__DeepFakeDetection__20_25__walking_and_outside_surprised__RSCD7KXO.mp4,data\raw\FaceForensics++_C23\DeepFakeDetection\20_25__walking_and_outside_surprised__RSCD7KXO.mp4,1,DeepFakeDetection,c23,20_25__walking_and_outside_surprised__RSCD7KXO
FaceForensics++,FaceForensics++__DeepFakeDetection__20_25__walking_down_street_outside_angry__ZG0SRZOA.mp4,data\raw\FaceForensics++_C23\DeepFakeDetection\20_25__walking_down_street_outside_angry__ZG0SRZOA.mp4,1,DeepFakeDetection,c23,20_25__walking_down_street_outside_angry__ZG0SRZOA
FaceForensics++,FaceForensics++__DeepFakeDetection__20_25__walk_down_hall_angry__DW2L6D2V.mp4,data\raw\FaceForensics++_C23\DeepFakeDetection\20_25__walk_down_hall_angry__DW2L6D2V.mp4,1,DeepFakeDetection,c23,20_25__walk_down_hall_angry__DW2L6D2V
FaceForensics++,FaceForensics++__DeepFakeDetection__20_26__outside_talking_pan_laughing__2VS0S1P5.mp4,data\raw\FaceForensics++_C23\DeepFakeDetection\20_26__outside_talking_pan_laughing__2VS0S1P5.mp4,1,DeepFakeDetection,c23,20_26__outside_talking_pan_laughing__2VS0S1P5
FaceForensics++,FaceForensics++__DeepFakeDetection__20_26__outside_talking_pan_laughing__KGFLR0PH.mp4,data\raw\FaceForensics++_C23\DeepFakeDetection\20_26__outside_talking_pan_laughing__KGFLR0PH.mp4,1,DeepFakeDetection,c23,20_26__outside_talking_pan_laughing__KGFLR0PH
FaceForensics++,FaceForensics++__DeepFakeDetection__20_26__talking_angry_couch__01OJA93K.mp4,data\raw\FaceForensics++_C23\DeepFakeDetection\20_26__talking_angry_couch__01OJA93K.mp4,1,DeepFakeDetection,c23,20_26__talking_angry_couch__01OJA93K
FaceForensics++,FaceForensics++__DeepFakeDetection__20_26__talking_angry_couch__34DJQS3E.mp4,data\raw\FaceForensics++_C23\DeepFakeDetection\20_26__talking_angry_couch__34DJQS3E.mp4,1,DeepFakeDetection,c23,20_26__talking_angry_couch__34DJQS3E
FaceForensics++,FaceForensics++__DeepFakeDetection__20_27__kitchen_pan__LM907ECA.mp4,data\raw\FaceForensics++_C23\DeepFakeDetection\20_27__kitchen_pan__LM907ECA.mp4,1,DeepFakeDetection,c23,20_27__kitchen_pan__LM907ECA
FaceForensics++,FaceForensics++__DeepFakeDetection__21_01__kitchen_pan__03X7CELV.mp4,data\raw\FaceForensics++_C23\DeepFakeDetection\21_01__kitchen_pan__03X7CELV.mp4,1,DeepFakeDetection,c23,21_01__kitchen_pan__03X7CELV
FaceForensics++,FaceForensics++__DeepFakeDetection__21_01__walk_down_hall_angry__03X7CELV.mp4,data\raw\FaceForensics++_C23\DeepFakeDetection\21_01__walk_down_hall_angry__03X7CELV.mp4,1,DeepFakeDetection,c23,21_01__walk_down_hall_angry__03X7CELV
FaceForensics++,FaceForensics++__DeepFakeDetection__21_02__kitchen_pan__Z0XHPQAR.mp4,data\raw\FaceForensics++_C23\DeepFakeDetection\21_02__kitchen_pan__Z0XHPQAR.mp4,1,DeepFakeDetection,c23,21_02__kitchen_pan__Z0XHPQAR
FaceForensics++,FaceForensics++__DeepFakeDetection__21_02__talking_angry_couch__Z0XHPQAR.mp4,data\raw\FaceForensics++_C23\DeepFakeDetection\21_02__talking_angry_couch__Z0XHPQAR.mp4,1,DeepFakeDetection,c23,21_02__talking_angry_couch__Z0XHPQAR
FaceForensics++,FaceForensics++__DeepFakeDetection__21_03__kitchen_still__V53E3RVB.mp4,data\raw\FaceForensics++_C23\DeepFakeDetection\21_03__kitchen_still__V53E3RVB.mp4,1,DeepFakeDetection,c23,21_03__kitchen_still__V53E3RVB
FaceForensics++,FaceForensics++__DeepFakeDetection__21_03__outside_talking_still_laughing__V53E3RVB.mp4,data\raw\FaceForensics++_C23\DeepFakeDetection\21_03__outside_talking_still_laughing__V53E3RVB.mp4,1,DeepFakeDetection,c23,21_03__outside_talking_still_laughing__V53E3RVB
FaceForensics++,FaceForensics++__DeepFakeDetection__21_03__walk_down_hall_angry__TEV3HIHZ.mp4,data\raw\FaceForensics++_C23\DeepFakeDetection\21_03__walk_down_hall_angry__TEV3HIHZ.mp4,1,DeepFakeDetection,c23,21_03__walk_down_hall_angry__TEV3HIHZ
FaceForensics++,FaceForensics++__DeepFakeDetection__21_04__talking_angry_couch__HY1VWEJK.mp4,data\raw\FaceForensics++_C23\DeepFakeDetection\21_04__talking_angry_couch__HY1VWEJK.mp4,1,DeepFakeDetection,c23,21_04__talking_angry_couch__HY1VWEJK
FaceForensics++,FaceForensics++__DeepFakeDetection__21_06__walking_outside_cafe_disgusted__058I9NIZ.mp4,data\raw\FaceForensics++_C23\DeepFakeDetection\21_06__walking_outside_cafe_disgusted__058I9NIZ.mp4,1,DeepFakeDetection,c23,21_06__walking_outside_cafe_disgusted__058I9NIZ
FaceForensics++,FaceForensics++__DeepFakeDetection__21_07__exit_phone_room__MKU99DVX.mp4,data\raw\FaceForensics++_C23\DeepFakeDetection\21_07__exit_phone_room__MKU99DVX.mp4,1,DeepFakeDetection,c23,21_07__exit_phone_room__MKU99DVX
FaceForensics++,FaceForensics++__DeepFakeDetection__21_07__kitchen_still__K7KXUHMU.mp4,data\raw\FaceForensics++_C23\DeepFakeDetection\21_07__kitchen_still__K7KXUHMU.mp4,1,DeepFakeDetection,c23,21_07__kitchen_still__K7KXUHMU
FaceForensics++,FaceForensics++__DeepFakeDetection__21_07__talking_against_wall__CRGVSDBI.mp4,data\raw\FaceForensics++_C23\DeepFakeDetection\21_07__talking_against_wall__CRGVSDBI.mp4,1,DeepFakeDetection,c23,21_07__talking_against_wall__CRGVSDBI
FaceForensics++,FaceForensics++__DeepFakeDetection__21_07__talking_angry_couch__MKU99DVX.mp4,data\raw\FaceForensics++_C23\DeepFakeDetection\21_07__talking_angry_couch__MKU99DVX.mp4,1,DeepFakeDetection,c23,21_07__talking_angry_couch__MKU99DVX
FaceForensics++,FaceForensics++__DeepFakeDetection__21_07__walking_down_street_outside_angry__MKU99DVX.mp4,data\raw\FaceForensics++_C23\DeepFakeDetection\21_07__walking_down_street_outside_angry__MKU99DVX.mp4,1,DeepFakeDetection,c23,21_07__walking_down_street_outside_angry__MKU99DVX
FaceForensics++,FaceForensics++__DeepFakeDetection__21_09__hugging_happy__O9ER29Z6.mp4,data\raw\FaceForensics++_C23\DeepFakeDetection\21_09__hugging_happy__O9ER29Z6.mp4,1,DeepFakeDetection,c23,21_09__hugging_happy__O9ER29Z6
FaceForensics++,FaceForensics++__DeepFakeDetection__21_09__kitchen_pan__Z8H2TRCI.mp4,data\raw\FaceForensics++_C23\DeepFakeDetection\21_09__kitchen_pan__Z8H2TRCI.mp4,1,DeepFakeDetection,c23,21_09__kitchen_pan__Z8H2TRCI
FaceForensics++,FaceForensics++__DeepFakeDetection__21_09__outside_talking_still_laughing__O9ER29Z6.mp4,data\raw\FaceForensics++_C23\DeepFakeDetection\21_09__outside_talking_still_laughing__O9ER29Z6.mp4,1,DeepFakeDetection,c23,21_09__outside_talking_still_laughing__O9ER29Z6
FaceForensics++,FaceForensics++__DeepFakeDetection__21_09__talking_against_wall__JEELOMN2.mp4,data\raw\FaceForensics++_C23\DeepFakeDetection\21_09__talking_against_wall__JEELOMN2.mp4,1,DeepFakeDetection,c23,21_09__talking_against_wall__JEELOMN2
FaceForensics++,FaceForensics++__DeepFakeDetection__21_09__talking_against_wall__LBQF8ZN1.mp4,data\raw\FaceForensics++_C23\DeepFakeDetection\21_09__talking_against_wall__LBQF8ZN1.mp4,1,DeepFakeDetection,c23,21_09__talking_against_wall__LBQF8ZN1
FaceForensics++,FaceForensics++__DeepFakeDetection__21_09__walking_down_street_outside_angry__JEELOMN2.mp4,data\raw\FaceForensics++_C23\DeepFakeDetection\21_09__walking_down_street_outside_angry__JEELOMN2.mp4,1,DeepFakeDetection,c23,21_09__walking_down_street_outside_angry__JEELOMN2
FaceForensics++,FaceForensics++__DeepFakeDetection__21_09__walking_outside_cafe_disgusted__JEELOMN2.mp4,data\raw\FaceForensics++_C23\DeepFakeDetection\21_09__walking_outside_cafe_disgusted__JEELOMN2.mp4,1,DeepFakeDetection,c23,21_09__walking_outside_cafe_disgusted__JEELOMN2
FaceForensics++,FaceForensics++__DeepFakeDetection__21_09__walking_outside_cafe_disgusted__Z8H2TRCI.mp4,data\raw\FaceForensics++_C23\DeepFakeDetection\21_09__walking_outside_cafe_disgusted__Z8H2TRCI.mp4,1,DeepFakeDetection,c23,21_09__walking_outside_cafe_disgusted__Z8H2TRCI
FaceForensics++,FaceForensics++__DeepFakeDetection__21_11__podium_speech_happy__T7DK03O1.mp4,data\raw\FaceForensics++_C23\DeepFakeDetection\21_11__podium_speech_happy__T7DK03O1.mp4,1,DeepFakeDetection,c23,21_11__podium_speech_happy__T7DK03O1
FaceForensics++,FaceForensics++__DeepFakeDetection__21_11__walking_down_indoor_hall_disgust__T7DK03O1.mp4,data\raw\FaceForensics++_C23\DeepFakeDetection\21_11__walking_down_indoor_hall_disgust__T7DK03O1.mp4,1,DeepFakeDetection,c23,21_11__walking_down_indoor_hall_disgust__T7DK03O1
FaceForensics++,FaceForensics++__DeepFakeDetection__21_11__walking_down_street_outside_angry__USLHUQDI.mp4,data\raw\FaceForensics++_C23\DeepFakeDetection\21_11__walking_down_street_outside_angry__USLHUQDI.mp4,1,DeepFakeDetection,c23,21_11__walking_down_street_outside_angry__USLHUQDI
FaceForensics++,FaceForensics++__DeepFakeDetection__21_14__exit_phone_room__IRKML4J0.mp4,data\raw\FaceForensics++_C23\DeepFakeDetection\21_14__exit_phone_room__IRKML4J0.mp4,1,DeepFakeDetection,c23,21_14__exit_phone_room__IRKML4J0
FaceForensics++,FaceForensics++__DeepFakeDetection__21_14__hugging_happy__N0WM4GSV.mp4,data\raw\FaceForensics++_C23\DeepFakeDetection\21_14__hugging_happy__N0WM4GSV.mp4,1,DeepFakeDetection,c23,21_14__hugging_happy__N0WM4GSV
FaceForensics++,FaceForensics++__DeepFakeDetection__21_14__kitchen_still__IRKML4J0.mp4,data\raw\FaceForensics++_C23\DeepFakeDetection\21_14__kitchen_still__IRKML4J0.mp4,1,DeepFakeDetection,c23,21_14__kitchen_still__IRKML4J0
FaceForensics++,FaceForensics++__DeepFakeDetection__21_14__podium_speech_happy__N0WM4GSV.mp4,data\raw\FaceForensics++_C23\DeepFakeDetection\21_14__podium_speech_happy__N0WM4GSV.mp4,1,DeepFakeDetection,c23,21_14__podium_speech_happy__N0WM4GSV
FaceForensics++,FaceForensics++__DeepFakeDetection__21_15__kitchen_pan__87WSBJP3.mp4,data\raw\FaceForensics++_C23\DeepFakeDetection\21_15__kitchen_pan__87WSBJP3.mp4,1,DeepFakeDetection,c23,21_15__kitchen_pan__87WSBJP3
FaceForensics++,FaceForensics++__DeepFakeDetection__21_15__outside_talking_pan_laughing__87WSBJP3.mp4,data\raw\FaceForensics++_C23\DeepFakeDetection\21_15__outside_talking_pan_laughing__87WSBJP3.mp4,1,DeepFakeDetection,c23,21_15__outside_talking_pan_laughing__87WSBJP3
FaceForensics++,FaceForensics++__DeepFakeDetection__21_15__walking_down_indoor_hall_disgust__87WSBJP3.mp4,data\raw\FaceForensics++_C23\DeepFakeDetection\21_15__walking_down_indoor_hall_disgust__87WSBJP3.mp4,1,DeepFakeDetection,c23,21_15__walking_down_indoor_hall_disgust__87WSBJP3
FaceForensics++,FaceForensics++__DeepFakeDetection__21_15__walking_outside_cafe_disgusted__87WSBJP3.mp4,data\raw\FaceForensics++_C23\DeepFakeDetection\21_15__walking_outside_cafe_disgusted__87WSBJP3.mp4,1,DeepFakeDetection,c23,21_15__walking_outside_cafe_disgusted__87WSBJP3
FaceForensics++,FaceForensics++__DeepFakeDetection__21_25__walking_down_street_outside_angry__NFBISHIN.mp4,data\raw\FaceForensics++_C23\DeepFakeDetection\21_25__walking_down_street_outside_angry__NFBISHIN.mp4,1,DeepFakeDetection,c23,21_25__walking_down_street_outside_angry__NFBISHIN
FaceForensics++,FaceForensics++__DeepFakeDetection__21_25__walk_down_hall_angry__NFBISHIN.mp4,data\raw\FaceForensics++_C23\DeepFakeDetection\21_25__walk_down_hall_angry__NFBISHIN.mp4,1,DeepFakeDetection,c23,21_25__walk_down_hall_angry__NFBISHIN
FaceForensics++,FaceForensics++__DeepFakeDetection__22_10__exit_phone_room__8YQ2EUQP.mp4,data\raw\FaceForensics++_C23\DeepFakeDetection\22_10__exit_phone_room__8YQ2EUQP.mp4,1,DeepFakeDetection,c23,22_10__exit_phone_room__8YQ2EUQP
FaceForensics++,FaceForensics++__DeepFakeDetection__22_10__outside_talking_pan_laughing__8YQ2EUQP.mp4,data\raw\FaceForensics++_C23\DeepFakeDetection\22_10__outside_talking_pan_laughing__8YQ2EUQP.mp4,1,DeepFakeDetection,c23,22_10__outside_talking_pan_laughing__8YQ2EUQP
FaceForensics++,FaceForensics++__DeepFakeDetection__22_23__exit_phone_room__X2ZN5Q31.mp4,data\raw\FaceForensics++_C23\DeepFakeDetection\22_23__exit_phone_room__X2ZN5Q31.mp4,1,DeepFakeDetection,c23,22_23__exit_phone_room__X2ZN5Q31
FaceForensics++,FaceForensics++__DeepFakeDetection__22_23__outside_talking_pan_laughing__J671JKCH.mp4,data\raw\FaceForensics++_C23\DeepFakeDetection\22_23__outside_talking_pan_laughing__J671JKCH.mp4,1,DeepFakeDetection,c23,22_23__outside_talking_pan_laughing__J671JKCH
FaceForensics++,FaceForensics++__DeepFakeDetection__22_23__outside_talking_pan_laughing__TU7RHG0S.mp4,data\raw\FaceForensics++_C23\DeepFakeDetection\22_23__outside_talking_pan_laughing__TU7RHG0S.mp4,1,DeepFakeDetection,c23,22_23__outside_talking_pan_laughing__TU7RHG0S
FaceForensics++,FaceForensics++__DeepFakeDetection__22_23__outside_talking_still_laughing__10R2HRAU.mp4,data\raw\FaceForensics++_C23\DeepFakeDetection\22_23__outside_talking_still_laughing__10R2HRAU.mp4,1,DeepFakeDetection,c23,22_23__outside_talking_still_laughing__10R2HRAU
FaceForensics++,FaceForensics++__DeepFakeDetection__22_23__walking_and_outside_surprised__NUTQ0HJ5.mp4,data\raw\FaceForensics++_C23\DeepFakeDetection\22_23__walking_and_outside_surprised__NUTQ0HJ5.mp4,1,DeepFakeDetection,c23,22_23__walking_and_outside_surprised__NUTQ0HJ5
FaceForensics++,FaceForensics++__DeepFakeDetection__22_24__kitchen_pan__XL557XC6.mp4,data\raw\FaceForensics++_C23\DeepFakeDetection\22_24__kitchen_pan__XL557XC6.mp4,1,DeepFakeDetection,c23,22_24__kitchen_pan__XL557XC6
FaceForensics++,FaceForensics++__DeepFakeDetection__22_24__walking_and_outside_surprised__7E3GY85F.mp4,data\raw\FaceForensics++_C23\DeepFakeDetection\22_24__walking_and_outside_surprised__7E3GY85F.mp4,1,DeepFakeDetection,c23,22_24__walking_and_outside_surprised__7E3GY85F
FaceForensics++,FaceForensics++__DeepFakeDetection__22_24__walking_and_outside_surprised__XL557XC6.mp4,data\raw\FaceForensics++_C23\DeepFakeDetection\22_24__walking_and_outside_surprised__XL557XC6.mp4,1,DeepFakeDetection,c23,22_24__walking_and_outside_surprised__XL557XC6
FaceForensics++,FaceForensics++__DeepFakeDetection__22_24__walking_down_street_outside_angry__7E3GY85F.mp4,data\raw\FaceForensics++_C23\DeepFakeDetection\22_24__walking_down_street_outside_angry__7E3GY85F.mp4,1,DeepFakeDetection,c23,22_24__walking_down_street_outside_angry__7E3GY85F
FaceForensics++,FaceForensics++__DeepFakeDetection__23_10__outside_talking_pan_laughing__ZHJO34DY.mp4,data\raw\FaceForensics++_C23\DeepFakeDetection\23_10__outside_talking_pan_laughing__ZHJO34DY.mp4,1,DeepFakeDetection,c23,23_10__outside_talking_pan_laughing__ZHJO34DY
FaceForensics++,FaceForensics++__DeepFakeDetection__23_19__hugging_happy__H4SUVFTL.mp4,data\raw\FaceForensics++_C23\DeepFakeDetection\23_19__hugging_happy__H4SUVFTL.mp4,1,DeepFakeDetection,c23,23_19__hugging_happy__H4SUVFTL
FaceForensics++,FaceForensics++__DeepFakeDetection__23_19__secret_conversation__H4SUVFTL.mp4,data\raw\FaceForensics++_C23\DeepFakeDetection\23_19__secret_conversation__H4SUVFTL.mp4,1,DeepFakeDetection,c23,23_19__secret_conversation__H4SUVFTL
FaceForensics++,FaceForensics++__DeepFakeDetection__23_19__talking_angry_couch__WHQ1229T.mp4,data\raw\FaceForensics++_C23\DeepFakeDetection\23_19__talking_angry_couch__WHQ1229T.mp4,1,DeepFakeDetection,c23,23_19__talking_angry_couch__WHQ1229T
FaceForensics++,FaceForensics++__DeepFakeDetection__23_19__walking_and_outside_surprised__F7U8UY7V.mp4,data\raw\FaceForensics++_C23\DeepFakeDetection\23_19__walking_and_outside_surprised__F7U8UY7V.mp4,1,DeepFakeDetection,c23,23_19__walking_and_outside_surprised__F7U8UY7V
FaceForensics++,FaceForensics++__DeepFakeDetection__23_19__walking_and_outside_surprised__H4SUVFTL.mp4,data\raw\FaceForensics++_C23\DeepFakeDetection\23_19__walking_and_outside_surprised__H4SUVFTL.mp4,1,DeepFakeDetection,c23,23_19__walking_and_outside_surprised__H4SUVFTL
FaceForensics++,FaceForensics++__DeepFakeDetection__23_19__walk_down_hall_angry__H4SUVFTL.mp4,data\raw\FaceForensics++_C23\DeepFakeDetection\23_19__walk_down_hall_angry__H4SUVFTL.mp4,1,DeepFakeDetection,c23,23_19__walk_down_hall_angry__H4SUVFTL
FaceForensics++,FaceForensics++__DeepFakeDetection__23_22__kitchen_still__X2ZN5Q31.mp4,data\raw\FaceForensics++_C23\DeepFakeDetection\23_22__kitchen_still__X2ZN5Q31.mp4,1,DeepFakeDetection,c23,23_22__kitchen_still__X2ZN5Q31
FaceForensics++,FaceForensics++__DeepFakeDetection__23_22__talking_against_wall__AKZRL2QD.mp4,data\raw\FaceForensics++_C23\DeepFakeDetection\23_22__talking_against_wall__AKZRL2QD.mp4,1,DeepFakeDetection,c23,23_22__talking_against_wall__AKZRL2QD
FaceForensics++,FaceForensics++__DeepFakeDetection__23_22__walking_and_outside_surprised__J671JKCH.mp4,data\raw\FaceForensics++_C23\DeepFakeDetection\23_22__walking_and_outside_surprised__J671JKCH.mp4,1,DeepFakeDetection,c23,23_22__walking_and_outside_surprised__J671JKCH
FaceForensics++,FaceForensics++__DeepFakeDetection__23_24__kitchen_pan__YR5OVD4S.mp4,data\raw\FaceForensics++_C23\DeepFakeDetection\23_24__kitchen_pan__YR5OVD4S.mp4,1,DeepFakeDetection,c23,23_24__kitchen_pan__YR5OVD4S
FaceForensics++,FaceForensics++__DeepFakeDetection__23_24__kitchen_still__YR5OVD4S.mp4,data\raw\FaceForensics++_C23\DeepFakeDetection\23_24__kitchen_still__YR5OVD4S.mp4,1,DeepFakeDetection,c23,23_24__kitchen_still__YR5OVD4S
FaceForensics++,FaceForensics++__DeepFakeDetection__23_24__talking_angry_couch__MDSDXSNU.mp4,data\raw\FaceForensics++_C23\DeepFakeDetection\23_24__talking_angry_couch__MDSDXSNU.mp4,1,DeepFakeDetection,c23,23_24__talking_angry_couch__MDSDXSNU
FaceForensics++,FaceForensics++__DeepFakeDetection__23_24__talking_angry_couch__YR5OVD4S.mp4,data\raw\FaceForensics++_C23\DeepFakeDetection\23_24__talking_angry_couch__YR5OVD4S.mp4,1,DeepFakeDetection,c23,23_24__talking_angry_couch__YR5OVD4S
FaceForensics++,FaceForensics++__DeepFakeDetection__24_19__exit_phone_room__0ZFOV5ZE.mp4,data\raw\FaceForensics++_C23\DeepFakeDetection\24_19__exit_phone_room__0ZFOV5ZE.mp4,1,DeepFakeDetection,c23,24_19__exit_phone_room__0ZFOV5ZE
FaceForensics++,FaceForensics++__DeepFakeDetection__24_19__exit_phone_room__QD5K7BP2.mp4,data\raw\FaceForensics++_C23\DeepFakeDetection\24_19__exit_phone_room__QD5K7BP2.mp4,1,DeepFakeDetection,c23,24_19__exit_phone_room__QD5K7BP2
FaceForensics++,FaceForensics++__DeepFakeDetection__24_19__kitchen_pan__QD5K7BP2.mp4,data\raw\FaceForensics++_C23\DeepFakeDetection\24_19__kitchen_pan__QD5K7BP2.mp4,1,DeepFakeDetection,c23,24_19__kitchen_pan__QD5K7BP2
FaceForensics++,FaceForensics++__DeepFakeDetection__24_19__outside_talking_still_laughing__NPZW2Z9L.mp4,data\raw\FaceForensics++_C23\DeepFakeDetection\24_19__outside_talking_still_laughing__NPZW2Z9L.mp4,1,DeepFakeDetection,c23,24_19__outside_talking_still_laughing__NPZW2Z9L
FaceForensics++,FaceForensics++__DeepFakeDetection__24_19__outside_talking_still_laughing__RKQTC50P.mp4,data\raw\FaceForensics++_C23\DeepFakeDetection\24_19__outside_talking_still_laughing__RKQTC50P.mp4,1,DeepFakeDetection,c23,24_19__outside_talking_still_laughing__RKQTC50P
FaceForensics++,FaceForensics++__DeepFakeDetection__24_19__secret_conversation__LVZNRK9S.mp4,data\raw\FaceForensics++_C23\DeepFakeDetection\24_19__secret_conversation__LVZNRK9S.mp4,1,DeepFakeDetection,c23,24_19__secret_conversation__LVZNRK9S
FaceForensics++,FaceForensics++__DeepFakeDetection__24_19__secret_conversation__NPZW2Z9L.mp4,data\raw\FaceForensics++_C23\DeepFakeDetection\24_19__secret_conversation__NPZW2Z9L.mp4,1,DeepFakeDetection,c23,24_19__secret_conversation__NPZW2Z9L
FaceForensics++,FaceForensics++__DeepFakeDetection__24_19__secret_conversation__QD5K7BP2.mp4,data\raw\FaceForensics++_C23\DeepFakeDetection\24_19__secret_conversation__QD5K7BP2.mp4,1,DeepFakeDetection,c23,24_19__secret_conversation__QD5K7BP2
FaceForensics++,FaceForensics++__DeepFakeDetection__24_19__walking_down_street_outside_angry__GNHYZ84G.mp4,data\raw\FaceForensics++_C23\DeepFakeDetection\24_19__walking_down_street_outside_angry__GNHYZ84G.mp4,1,DeepFakeDetection,c23,24_19__walking_down_street_outside_angry__GNHYZ84G
FaceForensics++,FaceForensics++__DeepFakeDetection__24_19__walking_down_street_outside_angry__QD5K7BP2.mp4,data\raw\FaceForensics++_C23\DeepFakeDetection\24_19__walking_down_street_outside_angry__QD5K7BP2.mp4,1,DeepFakeDetection,c23,24_19__walking_down_street_outside_angry__QD5K7BP2
FaceForensics++,FaceForensics++__DeepFakeDetection__24_19__walking_outside_cafe_disgusted__GNHYZ84G.mp4,data\raw\FaceForensics++_C23\DeepFakeDetection\24_19__walking_outside_cafe_disgusted__GNHYZ84G.mp4,1,DeepFakeDetection,c23,24_19__walking_outside_cafe_disgusted__GNHYZ84G
FaceForensics++,FaceForensics++__DeepFakeDetection__24_19__walk_down_hall_angry__OF8LF68K.mp4,data\raw\FaceForensics++_C23\DeepFakeDetection\24_19__walk_down_hall_angry__OF8LF68K.mp4,1,DeepFakeDetection,c23,24_19__walk_down_hall_angry__OF8LF68K
FaceForensics++,FaceForensics++__DeepFakeDetection__24_19__walk_down_hall_angry__QD5K7BP2.mp4,data\raw\FaceForensics++_C23\DeepFakeDetection\24_19__walk_down_hall_angry__QD5K7BP2.mp4,1,DeepFakeDetection,c23,24_19__walk_down_hall_angry__QD5K7BP2
FaceForensics++,FaceForensics++__DeepFakeDetection__24_22__kitchen_pan__XL557XC6.mp4,data\raw\FaceForensics++_C23\DeepFakeDetection\24_22__kitchen_pan__XL557XC6.mp4,1,DeepFakeDetection,c23,24_22__kitchen_pan__XL557XC6
FaceForensics++,FaceForensics++__DeepFakeDetection__24_22__walk_down_hall_angry__7E3GY85F.mp4,data\raw\FaceForensics++_C23\DeepFakeDetection\24_22__walk_down_hall_angry__7E3GY85F.mp4,1,DeepFakeDetection,c23,24_22__walk_down_hall_angry__7E3GY85F
FaceForensics++,FaceForensics++__DeepFakeDetection__24_23__kitchen_still__YR5OVD4S.mp4,data\raw\FaceForensics++_C23\DeepFakeDetection\24_23__kitchen_still__YR5OVD4S.mp4,1,DeepFakeDetection,c23,24_23__kitchen_still__YR5OVD4S
FaceForensics++,FaceForensics++__DeepFakeDetection__24_23__outside_talking_still_laughing__YR5OVD4S.mp4,data\raw\FaceForensics++_C23\DeepFakeDetection\24_23__outside_talking_still_laughing__YR5OVD4S.mp4,1,DeepFakeDetection,c23,24_23__outside_talking_still_laughing__YR5OVD4S
FaceForensics++,FaceForensics++__DeepFakeDetection__24_23__walking_down_street_outside_angry__YR5OVD4S.mp4,data\raw\FaceForensics++_C23\DeepFakeDetection\24_23__walking_down_street_outside_angry__YR5OVD4S.mp4,1,DeepFakeDetection,c23,24_23__walking_down_street_outside_angry__YR5OVD4S
FaceForensics++,FaceForensics++__DeepFakeDetection__25_02__talking_against_wall__Z7FQ69VP.mp4,data\raw\FaceForensics++_C23\DeepFakeDetection\25_02__talking_against_wall__Z7FQ69VP.mp4,1,DeepFakeDetection,c23,25_02__talking_against_wall__Z7FQ69VP
FaceForensics++,FaceForensics++__DeepFakeDetection__25_02__walking_outside_cafe_disgusted__Z7FQ69VP.mp4,data\raw\FaceForensics++_C23\DeepFakeDetection\25_02__walking_outside_cafe_disgusted__Z7FQ69VP.mp4,1,DeepFakeDetection,c23,25_02__walking_outside_cafe_disgusted__Z7FQ69VP
FaceForensics++,FaceForensics++__DeepFakeDetection__25_06__outside_talking_pan_laughing__MI9BDQ7M.mp4,data\raw\FaceForensics++_C23\DeepFakeDetection\25_06__outside_talking_pan_laughing__MI9BDQ7M.mp4,1,DeepFakeDetection,c23,25_06__outside_talking_pan_laughing__MI9BDQ7M
FaceForensics++,FaceForensics++__DeepFakeDetection__25_06__outside_talking_still_laughing__MI9BDQ7M.mp4,data\raw\FaceForensics++_C23\DeepFakeDetection\25_06__outside_talking_still_laughing__MI9BDQ7M.mp4,1,DeepFakeDetection,c23,25_06__outside_talking_still_laughing__MI9BDQ7M
FaceForensics++,FaceForensics++__DeepFakeDetection__25_09__secret_conversation__ODAQ7BZL.mp4,data\raw\FaceForensics++_C23\DeepFakeDetection\25_09__secret_conversation__ODAQ7BZL.mp4,1,DeepFakeDetection,c23,25_09__secret_conversation__ODAQ7BZL
FaceForensics++,FaceForensics++__DeepFakeDetection__25_09__talking_against_wall__ODAQ7BZL.mp4,data\raw\FaceForensics++_C23\DeepFakeDetection\25_09__talking_against_wall__ODAQ7BZL.mp4,1,DeepFakeDetection,c23,25_09__talking_against_wall__ODAQ7BZL
FaceForensics++,FaceForensics++__DeepFakeDetection__25_12__secret_conversation__0SA36BZ5.mp4,data\raw\FaceForensics++_C23\DeepFakeDetection\25_12__secret_conversation__0SA36BZ5.mp4,1,DeepFakeDetection,c23,25_12__secret_conversation__0SA36BZ5
FaceForensics++,FaceForensics++__DeepFakeDetection__25_12__walking_down_street_outside_angry__MA71PDNV.mp4,data\raw\FaceForensics++_C23\DeepFakeDetection\25_12__walking_down_street_outside_angry__MA71PDNV.mp4,1,DeepFakeDetection,c23,25_12__walking_down_street_outside_angry__MA71PDNV
FaceForensics++,FaceForensics++__DeepFakeDetection__25_15__walking_down_street_outside_angry__FF95NMIQ.mp4,data\raw\FaceForensics++_C23\DeepFakeDetection\25_15__walking_down_street_outside_angry__FF95NMIQ.mp4,1,DeepFakeDetection,c23,25_15__walking_down_street_outside_angry__FF95NMIQ
FaceForensics++,FaceForensics++__DeepFakeDetection__25_15__walk_down_hall_angry__BXVA6VQB.mp4,data\raw\FaceForensics++_C23\DeepFakeDetection\25_15__walk_down_hall_angry__BXVA6VQB.mp4,1,DeepFakeDetection,c23,25_15__walk_down_hall_angry__BXVA6VQB
FaceForensics++,FaceForensics++__DeepFakeDetection__25_18__outside_talking_pan_laughing__SEGFKFJG.mp4,data\raw\FaceForensics++_C23\DeepFakeDetection\25_18__outside_talking_pan_laughing__SEGFKFJG.mp4,1,DeepFakeDetection,c23,25_18__outside_talking_pan_laughing__SEGFKFJG
FaceForensics++,FaceForensics++__DeepFakeDetection__25_18__talking_against_wall__SEGFKFJG.mp4,data\raw\FaceForensics++_C23\DeepFakeDetection\25_18__talking_against_wall__SEGFKFJG.mp4,1,DeepFakeDetection,c23,25_18__talking_against_wall__SEGFKFJG
FaceForensics++,FaceForensics++__DeepFakeDetection__25_18__walk_down_hall_angry__AUC0HY5T.mp4,data\raw\FaceForensics++_C23\DeepFakeDetection\25_18__walk_down_hall_angry__AUC0HY5T.mp4,1,DeepFakeDetection,c23,25_18__walk_down_hall_angry__AUC0HY5T
FaceForensics++,FaceForensics++__DeepFakeDetection__25_20__talking_against_wall__CYKLS79C.mp4,data\raw\FaceForensics++_C23\DeepFakeDetection\25_20__talking_against_wall__CYKLS79C.mp4,1,DeepFakeDetection,c23,25_20__talking_against_wall__CYKLS79C
FaceForensics++,FaceForensics++__DeepFakeDetection__25_20__talking_against_wall__MUS0X71T.mp4,data\raw\FaceForensics++_C23\DeepFakeDetection\25_20__talking_against_wall__MUS0X71T.mp4,1,DeepFakeDetection,c23,25_20__talking_against_wall__MUS0X71T
FaceForensics++,FaceForensics++__DeepFakeDetection__25_20__talking_against_wall__ZG0SRZOA.mp4,data\raw\FaceForensics++_C23\DeepFakeDetection\25_20__talking_against_wall__ZG0SRZOA.mp4,1,DeepFakeDetection,c23,25_20__talking_against_wall__ZG0SRZOA
FaceForensics++,FaceForensics++__DeepFakeDetection__25_20__walking_outside_cafe_disgusted__AMY6M1KL.mp4,data\raw\FaceForensics++_C23\DeepFakeDetection\25_20__walking_outside_cafe_disgusted__AMY6M1KL.mp4,1,DeepFakeDetection,c23,25_20__walking_outside_cafe_disgusted__AMY6M1KL
FaceForensics++,FaceForensics++__DeepFakeDetection__25_20__walking_outside_cafe_disgusted__RSCD7KXO.mp4,data\raw\FaceForensics++_C23\DeepFakeDetection\25_20__walking_outside_cafe_disgusted__RSCD7KXO.mp4,1,DeepFakeDetection,c23,25_20__walking_outside_cafe_disgusted__RSCD7KXO
FaceForensics++,FaceForensics++__DeepFakeDetection__25_21__outside_talking_pan_laughing__2R46UX3R.mp4,data\raw\FaceForensics++_C23\DeepFakeDetection\25_21__outside_talking_pan_laughing__2R46UX3R.mp4,1,DeepFakeDetection,c23,25_21__outside_talking_pan_laughing__2R46UX3R
FaceForensics++,FaceForensics++__DeepFakeDetection__25_21__talking_against_wall__NFBISHIN.mp4,data\raw\FaceForensics++_C23\DeepFakeDetection\25_21__talking_against_wall__NFBISHIN.mp4,1,DeepFakeDetection,c23,25_21__talking_against_wall__NFBISHIN
FaceForensics++,FaceForensics++__DeepFakeDetection__25_21__walking_outside_cafe_disgusted__2R46UX3R.mp4,data\raw\FaceForensics++_C23\DeepFakeDetection\25_21__walking_outside_cafe_disgusted__2R46UX3R.mp4,1,DeepFakeDetection,c23,25_21__walking_outside_cafe_disgusted__2R46UX3R
FaceForensics++,FaceForensics++__DeepFakeDetection__25_26__exit_phone_room__7ZRKCFMS.mp4,data\raw\FaceForensics++_C23\DeepFakeDetection\25_26__exit_phone_room__7ZRKCFMS.mp4,1,DeepFakeDetection,c23,25_26__exit_phone_room__7ZRKCFMS
FaceForensics++,FaceForensics++__DeepFakeDetection__25_26__outside_talking_still_laughing__0UFFR3U1.mp4,data\raw\FaceForensics++_C23\DeepFakeDetection\25_26__outside_talking_still_laughing__0UFFR3U1.mp4,1,DeepFakeDetection,c23,25_26__outside_talking_still_laughing__0UFFR3U1
FaceForensics++,FaceForensics++__DeepFakeDetection__25_26__podium_speech_happy__PQ41U3IJ.mp4,data\raw\FaceForensics++_C23\DeepFakeDetection\25_26__podium_speech_happy__PQ41U3IJ.mp4,1,DeepFakeDetection,c23,25_26__podium_speech_happy__PQ41U3IJ
FaceForensics++,FaceForensics++__DeepFakeDetection__25_26__walking_outside_cafe_disgusted__7ZRKCFMS.mp4,data\raw\FaceForensics++_C23\DeepFakeDetection\25_26__walking_outside_cafe_disgusted__7ZRKCFMS.mp4,1,DeepFakeDetection,c23,25_26__walking_outside_cafe_disgusted__7ZRKCFMS
FaceForensics++,FaceForensics++__DeepFakeDetection__25_27__outside_talking_pan_laughing__1KU29EUL.mp4,data\raw\FaceForensics++_C23\DeepFakeDetection\25_27__outside_talking_pan_laughing__1KU29EUL.mp4,1,DeepFakeDetection,c23,25_27__outside_talking_pan_laughing__1KU29EUL
FaceForensics++,FaceForensics++__DeepFakeDetection__25_27__talking_against_wall__ZTV6TUQ9.mp4,data\raw\FaceForensics++_C23\DeepFakeDetection\25_27__talking_against_wall__ZTV6TUQ9.mp4,1,DeepFakeDetection,c23,25_27__talking_against_wall__ZTV6TUQ9
FaceForensics++,FaceForensics++__DeepFakeDetection__25_27__walk_down_hall_angry__1KU29EUL.mp4,data\raw\FaceForensics++_C23\DeepFakeDetection\25_27__walk_down_hall_angry__1KU29EUL.mp4,1,DeepFakeDetection,c23,25_27__walk_down_hall_angry__1KU29EUL
FaceForensics++,FaceForensics++__DeepFakeDetection__26_01__secret_conversation__BTVMWLG6.mp4,data\raw\FaceForensics++_C23\DeepFakeDetection\26_01__secret_conversation__BTVMWLG6.mp4,1,DeepFakeDetection,c23,26_01__secret_conversation__BTVMWLG6
FaceForensics++,FaceForensics++__DeepFakeDetection__26_03__kitchen_pan__WBSXBL82.mp4,data\raw\FaceForensics++_C23\DeepFakeDetection\26_03__kitchen_pan__WBSXBL82.mp4,1,DeepFakeDetection,c23,26_03__kitchen_pan__WBSXBL82
FaceForensics++,FaceForensics++__DeepFakeDetection__26_03__talking_angry_couch__WBSXBL82.mp4,data\raw\FaceForensics++_C23\DeepFakeDetection\26_03__talking_angry_couch__WBSXBL82.mp4,1,DeepFakeDetection,c23,26_03__talking_angry_couch__WBSXBL82
FaceForensics++,FaceForensics++__DeepFakeDetection__26_04__kitchen_still__WX836VLY.mp4,data\raw\FaceForensics++_C23\DeepFakeDetection\26_04__kitchen_still__WX836VLY.mp4,1,DeepFakeDetection,c23,26_04__kitchen_still__WX836VLY
FaceForensics++,FaceForensics++__DeepFakeDetection__26_04__outside_talking_still_laughing__WX836VLY.mp4,data\raw\FaceForensics++_C23\DeepFakeDetection\26_04__outside_talking_still_laughing__WX836VLY.mp4,1,DeepFakeDetection,c23,26_04__outside_talking_still_laughing__WX836VLY
FaceForensics++,FaceForensics++__DeepFakeDetection__26_04__talking_against_wall__WX836VLY.mp4,data\raw\FaceForensics++_C23\DeepFakeDetection\26_04__talking_against_wall__WX836VLY.mp4,1,DeepFakeDetection,c23,26_04__talking_against_wall__WX836VLY
FaceForensics++,FaceForensics++__DeepFakeDetection__26_04__walking_down_street_outside_angry__WX836VLY.mp4,data\raw\FaceForensics++_C23\DeepFakeDetection\26_04__walking_down_street_outside_angry__WX836VLY.mp4,1,DeepFakeDetection,c23,26_04__walking_down_street_outside_angry__WX836VLY
FaceForensics++,FaceForensics++__DeepFakeDetection__26_04__walking_outside_cafe_disgusted__MS2MLJP1.mp4,data\raw\FaceForensics++_C23\DeepFakeDetection\26_04__walking_outside_cafe_disgusted__MS2MLJP1.mp4,1,DeepFakeDetection,c23,26_04__walking_outside_cafe_disgusted__MS2MLJP1
FaceForensics++,FaceForensics++__DeepFakeDetection__26_06__kitchen_still__L5BVR5L9.mp4,data\raw\FaceForensics++_C23\DeepFakeDetection\26_06__kitchen_still__L5BVR5L9.mp4,1,DeepFakeDetection,c23,26_06__kitchen_still__L5BVR5L9
FaceForensics++,FaceForensics++__DeepFakeDetection__26_06__podium_speech_happy__L5BVR5L9.mp4,data\raw\FaceForensics++_C23\DeepFakeDetection\26_06__podium_speech_happy__L5BVR5L9.mp4,1,DeepFakeDetection,c23,26_06__podium_speech_happy__L5BVR5L9
FaceForensics++,FaceForensics++__DeepFakeDetection__26_06__walk_down_hall_angry__L5BVR5L9.mp4,data\raw\FaceForensics++_C23\DeepFakeDetection\26_06__walk_down_hall_angry__L5BVR5L9.mp4,1,DeepFakeDetection,c23,26_06__walk_down_hall_angry__L5BVR5L9
FaceForensics++,FaceForensics++__DeepFakeDetection__26_07__kitchen_pan__FGNGC2GT.mp4,data\raw\FaceForensics++_C23\DeepFakeDetection\26_07__kitchen_pan__FGNGC2GT.mp4,1,DeepFakeDetection,c23,26_07__kitchen_pan__FGNGC2GT
FaceForensics++,FaceForensics++__DeepFakeDetection__26_09__walk_down_hall_angry__XXGYLT82.mp4,data\raw\FaceForensics++_C23\DeepFakeDetection\26_09__walk_down_hall_angry__XXGYLT82.mp4,1,DeepFakeDetection,c23,26_09__walk_down_hall_angry__XXGYLT82
FaceForensics++,FaceForensics++__DeepFakeDetection__26_11__outside_talking_pan_laughing__ALJ0OHNM.mp4,data\raw\FaceForensics++_C23\DeepFakeDetection\26_11__outside_talking_pan_laughing__ALJ0OHNM.mp4,1,DeepFakeDetection,c23,26_11__outside_talking_pan_laughing__ALJ0OHNM
FaceForensics++,FaceForensics++__DeepFakeDetection__26_12__exit_phone_room__HEKDCIHW.mp4,data\raw\FaceForensics++_C23\DeepFakeDetection\26_12__exit_phone_room__HEKDCIHW.mp4,1,DeepFakeDetection,c23,26_12__exit_phone_room__HEKDCIHW
FaceForensics++,FaceForensics++__DeepFakeDetection__26_12__outside_talking_still_laughing__FWFQ5YB8.mp4,data\raw\FaceForensics++_C23\DeepFakeDetection\26_12__outside_talking_still_laughing__FWFQ5YB8.mp4,1,DeepFakeDetection,c23,26_12__outside_talking_still_laughing__FWFQ5YB8
FaceForensics++,FaceForensics++__DeepFakeDetection__26_12__walking_down_street_outside_angry__OVOQACG8.mp4,data\raw\FaceForensics++_C23\DeepFakeDetection\26_12__walking_down_street_outside_angry__OVOQACG8.mp4,1,DeepFakeDetection,c23,26_12__walking_down_street_outside_angry__OVOQACG8
FaceForensics++,FaceForensics++__DeepFakeDetection__26_13__outside_talking_pan_laughing__WK3NZ3UV.mp4,data\raw\FaceForensics++_C23\DeepFakeDetection\26_13__outside_talking_pan_laughing__WK3NZ3UV.mp4,1,DeepFakeDetection,c23,26_13__outside_talking_pan_laughing__WK3NZ3UV
FaceForensics++,FaceForensics++__DeepFakeDetection__26_13__podium_speech_happy__U5ELHUN5.mp4,data\raw\FaceForensics++_C23\DeepFakeDetection\26_13__podium_speech_happy__U5ELHUN5.mp4,1,DeepFakeDetection,c23,26_13__podium_speech_happy__U5ELHUN5
FaceForensics++,FaceForensics++__DeepFakeDetection__26_13__secret_conversation__XRS5W2NC.mp4,data\raw\FaceForensics++_C23\DeepFakeDetection\26_13__secret_conversation__XRS5W2NC.mp4,1,DeepFakeDetection,c23,26_13__secret_conversation__XRS5W2NC
FaceForensics++,FaceForensics++__DeepFakeDetection__26_14__kitchen_pan__SU8SAHTT.mp4,data\raw\FaceForensics++_C23\DeepFakeDetection\26_14__kitchen_pan__SU8SAHTT.mp4,1,DeepFakeDetection,c23,26_14__kitchen_pan__SU8SAHTT
FaceForensics++,FaceForensics++__DeepFakeDetection__26_15__walk_down_hall_angry__JHMUZFIJ.mp4,data\raw\FaceForensics++_C23\DeepFakeDetection\26_15__walk_down_hall_angry__JHMUZFIJ.mp4,1,DeepFakeDetection,c23,26_15__walk_down_hall_angry__JHMUZFIJ
FaceForensics++,FaceForensics++__DeepFakeDetection__26_18__kitchen_pan__C9VUQS9O.mp4,data\raw\FaceForensics++_C23\DeepFakeDetection\26_18__kitchen_pan__C9VUQS9O.mp4,1,DeepFakeDetection,c23,26_18__kitchen_pan__C9VUQS9O
FaceForensics++,FaceForensics++__DeepFakeDetection__26_18__outside_talking_still_laughing__AI94QW74.mp4,data\raw\FaceForensics++_C23\DeepFakeDetection\26_18__outside_talking_still_laughing__AI94QW74.mp4,1,DeepFakeDetection,c23,26_18__outside_talking_still_laughing__AI94QW74
FaceForensics++,FaceForensics++__DeepFakeDetection__26_18__walk_down_hall_angry__UMEX6HWU.mp4,data\raw\FaceForensics++_C23\DeepFakeDetection\26_18__walk_down_hall_angry__UMEX6HWU.mp4,1,DeepFakeDetection,c23,26_18__walk_down_hall_angry__UMEX6HWU
FaceForensics++,FaceForensics++__DeepFakeDetection__26_20__kitchen_pan__C8GN41DU.mp4,data\raw\FaceForensics++_C23\DeepFakeDetection\26_20__kitchen_pan__C8GN41DU.mp4,1,DeepFakeDetection,c23,26_20__kitchen_pan__C8GN41DU
FaceForensics++,FaceForensics++__DeepFakeDetection__26_20__talking_angry_couch__2VS0S1P5.mp4,data\raw\FaceForensics++_C23\DeepFakeDetection\26_20__talking_angry_couch__2VS0S1P5.mp4,1,DeepFakeDetection,c23,26_20__talking_angry_couch__2VS0S1P5
FaceForensics++,FaceForensics++__DeepFakeDetection__26_20__talking_angry_couch__34DJQS3E.mp4,data\raw\FaceForensics++_C23\DeepFakeDetection\26_20__talking_angry_couch__34DJQS3E.mp4,1,DeepFakeDetection,c23,26_20__talking_angry_couch__34DJQS3E
FaceForensics++,FaceForensics++__DeepFakeDetection__26_20__walk_down_hall_angry__XWMKFMF6.mp4,data\raw\FaceForensics++_C23\DeepFakeDetection\26_20__walk_down_hall_angry__XWMKFMF6.mp4,1,DeepFakeDetection,c23,26_20__walk_down_hall_angry__XWMKFMF6
FaceForensics++,FaceForensics++__DeepFakeDetection__26_25__outside_talking_pan_laughing__157Z8P8P.mp4,data\raw\FaceForensics++_C23\DeepFakeDetection\26_25__outside_talking_pan_laughing__157Z8P8P.mp4,1,DeepFakeDetection,c23,26_25__outside_talking_pan_laughing__157Z8P8P
FaceForensics++,FaceForensics++__DeepFakeDetection__26_25__outside_talking_pan_laughing__GJT740J9.mp4,data\raw\FaceForensics++_C23\DeepFakeDetection\26_25__outside_talking_pan_laughing__GJT740J9.mp4,1,DeepFakeDetection,c23,26_25__outside_talking_pan_laughing__GJT740J9
FaceForensics++,FaceForensics++__DeepFakeDetection__26_25__outside_talking_still_laughing__7ZRKCFMS.mp4,data\raw\FaceForensics++_C23\DeepFakeDetection\26_25__outside_talking_still_laughing__7ZRKCFMS.mp4,1,DeepFakeDetection,c23,26_25__outside_talking_still_laughing__7ZRKCFMS
FaceForensics++,FaceForensics++__DeepFakeDetection__26_25__secret_conversation__0UFFR3U1.mp4,data\raw\FaceForensics++_C23\DeepFakeDetection\26_25__secret_conversation__0UFFR3U1.mp4,1,DeepFakeDetection,c23,26_25__secret_conversation__0UFFR3U1
FaceForensics++,FaceForensics++__DeepFakeDetection__26_25__walk_down_hall_angry__XKQAYTLI.mp4,data\raw\FaceForensics++_C23\DeepFakeDetection\26_25__walk_down_hall_angry__XKQAYTLI.mp4,1,DeepFakeDetection,c23,26_25__walk_down_hall_angry__XKQAYTLI
FaceForensics++,FaceForensics++__DeepFakeDetection__26_27__outside_talking_still_laughing__IE9N0ZI9.mp4,data\raw\FaceForensics++_C23\DeepFakeDetection\26_27__outside_talking_still_laughing__IE9N0ZI9.mp4,1,DeepFakeDetection,c23,26_27__outside_talking_still_laughing__IE9N0ZI9
FaceForensics++,FaceForensics++__DeepFakeDetection__26_27__talking_against_wall__IE9N0ZI9.mp4,data\raw\FaceForensics++_C23\DeepFakeDetection\26_27__talking_against_wall__IE9N0ZI9.mp4,1,DeepFakeDetection,c23,26_27__talking_against_wall__IE9N0ZI9
FaceForensics++,FaceForensics++__DeepFakeDetection__26_27__talking_angry_couch__IE9N0ZI9.mp4,data\raw\FaceForensics++_C23\DeepFakeDetection\26_27__talking_angry_couch__IE9N0ZI9.mp4,1,DeepFakeDetection,c23,26_27__talking_angry_couch__IE9N0ZI9
FaceForensics++,FaceForensics++__DeepFakeDetection__27_01__hugging_happy__ZYCZ30C0.mp4,data\raw\FaceForensics++_C23\DeepFakeDetection\27_01__hugging_happy__ZYCZ30C0.mp4,1,DeepFakeDetection,c23,27_01__hugging_happy__ZYCZ30C0
FaceForensics++,FaceForensics++__DeepFakeDetection__27_01__meeting_serious__ZYCZ30C0.mp4,data\raw\FaceForensics++_C23\DeepFakeDetection\27_01__meeting_serious__ZYCZ30C0.mp4,1,DeepFakeDetection,c23,27_01__meeting_serious__ZYCZ30C0
FaceForensics++,FaceForensics++__DeepFakeDetection__27_01__talking_against_wall__ZYCZ30C0.mp4,data\raw\FaceForensics++_C23\DeepFakeDetection\27_01__talking_against_wall__ZYCZ30C0.mp4,1,DeepFakeDetection,c23,27_01__talking_against_wall__ZYCZ30C0
FaceForensics++,FaceForensics++__DeepFakeDetection__27_01__walking_and_outside_surprised__S2YCUY48.mp4,data\raw\FaceForensics++_C23\DeepFakeDetection\27_01__walking_and_outside_surprised__S2YCUY48.mp4,1,DeepFakeDetection,c23,27_01__walking_and_outside_surprised__S2YCUY48
FaceForensics++,FaceForensics++__DeepFakeDetection__27_01__walking_outside_cafe_disgusted__S2YCUY48.mp4,data\raw\FaceForensics++_C23\DeepFakeDetection\27_01__walking_outside_cafe_disgusted__S2YCUY48.mp4,1,DeepFakeDetection,c23,27_01__walking_outside_cafe_disgusted__S2YCUY48
FaceForensics++,FaceForensics++__DeepFakeDetection__27_01__walking_outside_cafe_disgusted__ZYCZ30C0.mp4,data\raw\FaceForensics++_C23\DeepFakeDetection\27_01__walking_outside_cafe_disgusted__ZYCZ30C0.mp4,1,DeepFakeDetection,c23,27_01__walking_outside_cafe_disgusted__ZYCZ30C0
FaceForensics++,FaceForensics++__DeepFakeDetection__27_02__kitchen_pan__3L1MLH3D.mp4,data\raw\FaceForensics++_C23\DeepFakeDetection\27_02__kitchen_pan__3L1MLH3D.mp4,1,DeepFakeDetection,c23,27_02__kitchen_pan__3L1MLH3D
FaceForensics++,FaceForensics++__DeepFakeDetection__27_02__podium_speech_happy__XFSH3BW7.mp4,data\raw\FaceForensics++_C23\DeepFakeDetection\27_02__podium_speech_happy__XFSH3BW7.mp4,1,DeepFakeDetection,c23,27_02__podium_speech_happy__XFSH3BW7
FaceForensics++,FaceForensics++__DeepFakeDetection__27_02__talking_angry_couch__FV8M8O2C.mp4,data\raw\FaceForensics++_C23\DeepFakeDetection\27_02__talking_angry_couch__FV8M8O2C.mp4,1,DeepFakeDetection,c23,27_02__talking_angry_couch__FV8M8O2C
FaceForensics++,FaceForensics++__DeepFakeDetection__27_02__walking_down_street_outside_angry__78M8S6M6.mp4,data\raw\FaceForensics++_C23\DeepFakeDetection\27_02__walking_down_street_outside_angry__78M8S6M6.mp4,1,DeepFakeDetection,c23,27_02__walking_down_street_outside_angry__78M8S6M6
FaceForensics++,FaceForensics++__DeepFakeDetection__27_02__walk_down_hall_angry__FV8M8O2C.mp4,data\raw\FaceForensics++_C23\DeepFakeDetection\27_02__walk_down_hall_angry__FV8M8O2C.mp4,1,DeepFakeDetection,c23,27_02__walk_down_hall_angry__FV8M8O2C
FaceForensics++,FaceForensics++__DeepFakeDetection__27_03__walking_and_outside_surprised__KWGI1LSZ.mp4,data\raw\FaceForensics++_C23\DeepFakeDetection\27_03__walking_and_outside_surprised__KWGI1LSZ.mp4,1,DeepFakeDetection,c23,27_03__walking_and_outside_surprised__KWGI1LSZ
FaceForensics++,FaceForensics++__DeepFakeDetection__27_13__outside_talking_pan_laughing__A1OSUJE9.mp4,data\raw\FaceForensics++_C23\DeepFakeDetection\27_13__outside_talking_pan_laughing__A1OSUJE9.mp4,1,DeepFakeDetection,c23,27_13__outside_talking_pan_laughing__A1OSUJE9
FaceForensics++,FaceForensics++__DeepFakeDetection__27_14__kitchen_pan__0KSONKQ2.mp4,data\raw\FaceForensics++_C23\DeepFakeDetection\27_14__kitchen_pan__0KSONKQ2.mp4,1,DeepFakeDetection,c23,27_14__kitchen_pan__0KSONKQ2
FaceForensics++,FaceForensics++__DeepFakeDetection__27_18__kitchen_pan__BSOLX3SI.mp4,data\raw\FaceForensics++_C23\DeepFakeDetection\27_18__kitchen_pan__BSOLX3SI.mp4,1,DeepFakeDetection,c23,27_18__kitchen_pan__BSOLX3SI
FaceForensics++,FaceForensics++__DeepFakeDetection__27_18__kitchen_still__NYHE8D0J.mp4,data\raw\FaceForensics++_C23\DeepFakeDetection\27_18__kitchen_still__NYHE8D0J.mp4,1,DeepFakeDetection,c23,27_18__kitchen_still__NYHE8D0J
FaceForensics++,FaceForensics++__DeepFakeDetection__27_18__outside_talking_pan_laughing__NYHE8D0J.mp4,data\raw\FaceForensics++_C23\DeepFakeDetection\27_18__outside_talking_pan_laughing__NYHE8D0J.mp4,1,DeepFakeDetection,c23,27_18__outside_talking_pan_laughing__NYHE8D0J
FaceForensics++,FaceForensics++__DeepFakeDetection__27_18__talking_against_wall__3GLHD5MH.mp4,data\raw\FaceForensics++_C23\DeepFakeDetection\27_18__talking_against_wall__3GLHD5MH.mp4,1,DeepFakeDetection,c23,27_18__talking_against_wall__3GLHD5MH
FaceForensics++,FaceForensics++__DeepFakeDetection__27_25__exit_phone_room__1KU29EUL.mp4,data\raw\FaceForensics++_C23\DeepFakeDetection\27_25__exit_phone_room__1KU29EUL.mp4,1,DeepFakeDetection,c23,27_25__exit_phone_room__1KU29EUL
FaceForensics++,FaceForensics++__DeepFakeDetection__27_25__meeting_serious__GNIMW95Z.mp4,data\raw\FaceForensics++_C23\DeepFakeDetection\27_25__meeting_serious__GNIMW95Z.mp4,1,DeepFakeDetection,c23,27_25__meeting_serious__GNIMW95Z
FaceForensics++,FaceForensics++__DeepFakeDetection__27_25__outside_talking_pan_laughing__1KU29EUL.mp4,data\raw\FaceForensics++_C23\DeepFakeDetection\27_25__outside_talking_pan_laughing__1KU29EUL.mp4,1,DeepFakeDetection,c23,27_25__outside_talking_pan_laughing__1KU29EUL
FaceForensics++,FaceForensics++__DeepFakeDetection__27_25__walking_outside_cafe_disgusted__1KU29EUL.mp4,data\raw\FaceForensics++_C23\DeepFakeDetection\27_25__walking_outside_cafe_disgusted__1KU29EUL.mp4,1,DeepFakeDetection,c23,27_25__walking_outside_cafe_disgusted__1KU29EUL
FaceForensics++,FaceForensics++__DeepFakeDetection__27_25__walk_down_hall_angry__1KU29EUL.mp4,data\raw\FaceForensics++_C23\DeepFakeDetection\27_25__walk_down_hall_angry__1KU29EUL.mp4,1,DeepFakeDetection,c23,27_25__walk_down_hall_angry__1KU29EUL
FaceForensics++,FaceForensics++__DeepFakeDetection__27_26__meeting_serious__IE9N0ZI9.mp4,data\raw\FaceForensics++_C23\DeepFakeDetection\27_26__meeting_serious__IE9N0ZI9.mp4,1,DeepFakeDetection,c23,27_26__meeting_serious__IE9N0ZI9
FaceForensics++,FaceForensics++__DeepFakeDetection__27_26__outside_talking_still_laughing__IE9N0ZI9.mp4,data\raw\FaceForensics++_C23\DeepFakeDetection\27_26__outside_talking_still_laughing__IE9N0ZI9.mp4,1,DeepFakeDetection,c23,27_26__outside_talking_still_laughing__IE9N0ZI9
FaceForensics++,FaceForensics++__DeepFakeDetection__27_26__talking_against_wall__IE9N0ZI9.mp4,data\raw\FaceForensics++_C23\DeepFakeDetection\27_26__talking_against_wall__IE9N0ZI9.mp4,1,DeepFakeDetection,c23,27_26__talking_against_wall__IE9N0ZI9
FaceForensics++,FaceForensics++__DeepFakeDetection__28_05__talking_angry_couch__V20UNLJ5.mp4,data\raw\FaceForensics++_C23\DeepFakeDetection\28_05__talking_angry_couch__V20UNLJ5.mp4,1,DeepFakeDetection,c23,28_05__talking_angry_couch__V20UNLJ5
FaceForensics++,FaceForensics++__DeepFakeDetection__28_05__walking_down_street_outside_angry__W3J028UG.mp4,data\raw\FaceForensics++_C23\DeepFakeDetection\28_05__walking_down_street_outside_angry__W3J028UG.mp4,1,DeepFakeDetection,c23,28_05__walking_down_street_outside_angry__W3J028UG
FaceForensics++,FaceForensics++__DeepFakeDetection__28_05__walking_outside_cafe_disgusted__U9LRLJ6N.mp4,data\raw\FaceForensics++_C23\DeepFakeDetection\28_05__walking_outside_cafe_disgusted__U9LRLJ6N.mp4,1,DeepFakeDetection,c23,28_05__walking_outside_cafe_disgusted__U9LRLJ6N
FaceForensics++,FaceForensics++__DeepFakeDetection__28_08__exit_phone_room__5DCAESDA.mp4,data\raw\FaceForensics++_C23\DeepFakeDetection\28_08__exit_phone_room__5DCAESDA.mp4,1,DeepFakeDetection,c23,28_08__exit_phone_room__5DCAESDA
FaceForensics++,FaceForensics++__DeepFakeDetection__28_08__exit_phone_room__KXO8S7OP.mp4,data\raw\FaceForensics++_C23\DeepFakeDetection\28_08__exit_phone_room__KXO8S7OP.mp4,1,DeepFakeDetection,c23,28_08__exit_phone_room__KXO8S7OP
FaceForensics++,FaceForensics++__DeepFakeDetection__28_08__kitchen_still__8BC35RFU.mp4,data\raw\FaceForensics++_C23\DeepFakeDetection\28_08__kitchen_still__8BC35RFU.mp4,1,DeepFakeDetection,c23,28_08__kitchen_still__8BC35RFU
FaceForensics++,FaceForensics++__DeepFakeDetection__28_08__outside_talking_pan_laughing__GGCUYQA4.mp4,data\raw\FaceForensics++_C23\DeepFakeDetection\28_08__outside_talking_pan_laughing__GGCUYQA4.mp4,1,DeepFakeDetection,c23,28_08__outside_talking_pan_laughing__GGCUYQA4
FaceForensics++,FaceForensics++__DeepFakeDetection__28_08__podium_speech_happy__KXO8S7OP.mp4,data\raw\FaceForensics++_C23\DeepFakeDetection\28_08__podium_speech_happy__KXO8S7OP.mp4,1,DeepFakeDetection,c23,28_08__podium_speech_happy__KXO8S7OP
FaceForensics++,FaceForensics++__DeepFakeDetection__28_16__walking_down_street_outside_angry__6DWLCU6T.mp4,data\raw\FaceForensics++_C23\DeepFakeDetection\28_16__walking_down_street_outside_angry__6DWLCU6T.mp4,1,DeepFakeDetection,c23,28_16__walking_down_street_outside_angry__6DWLCU6T
FaceForensics++,FaceForensics++__DeepFakeDetection__28_16__walking_down_street_outside_angry__U757192N.mp4,data\raw\FaceForensics++_C23\DeepFakeDetection\28_16__walking_down_street_outside_angry__U757192N.mp4,1,DeepFakeDetection,c23,28_16__walking_down_street_outside_angry__U757192N
FaceForensics++,FaceForensics++__FaceShifter__001_870.mp4,data\raw\FaceForensics++_C23\FaceShifter\001_870.mp4,1,FaceShifter,c23,001_870
FaceForensics++,FaceForensics++__FaceShifter__002_006.mp4,data\raw\FaceForensics++_C23\FaceShifter\002_006.mp4,1,FaceShifter,c23,002_006
FaceForensics++,FaceForensics++__FaceShifter__003_000.mp4,data\raw\FaceForensics++_C23\FaceShifter\003_000.mp4,1,FaceShifter,c23,003_000
FaceForensics++,FaceForensics++__FaceShifter__004_982.mp4,data\raw\FaceForensics++_C23\FaceShifter\004_982.mp4,1,FaceShifter,c23,004_982
FaceForensics++,FaceForensics++__FaceShifter__005_010.mp4,data\raw\FaceForensics++_C23\FaceShifter\005_010.mp4,1,FaceShifter,c23,005_010
FaceForensics++,FaceForensics++__FaceShifter__007_132.mp4,data\raw\FaceForensics++_C23\FaceShifter\007_132.mp4,1,FaceShifter,c23,007_132
FaceForensics++,FaceForensics++__FaceShifter__008_990.mp4,data\raw\FaceForensics++_C23\FaceShifter\008_990.mp4,1,FaceShifter,c23,008_990
FaceForensics++,FaceForensics++__FaceShifter__009_027.mp4,data\raw\FaceForensics++_C23\FaceShifter\009_027.mp4,1,FaceShifter,c23,009_027
FaceForensics++,FaceForensics++__FaceShifter__010_005.mp4,data\raw\FaceForensics++_C23\FaceShifter\010_005.mp4,1,FaceShifter,c23,010_005
FaceForensics++,FaceForensics++__FaceShifter__011_805.mp4,data\raw\FaceForensics++_C23\FaceShifter\011_805.mp4,1,FaceShifter,c23,011_805
FaceForensics++,FaceForensics++__FaceShifter__012_026.mp4,data\raw\FaceForensics++_C23\FaceShifter\012_026.mp4,1,FaceShifter,c23,012_026
FaceForensics++,FaceForensics++__FaceShifter__013_883.mp4,data\raw\FaceForensics++_C23\FaceShifter\013_883.mp4,1,FaceShifter,c23,013_883
FaceForensics++,FaceForensics++__FaceShifter__015_919.mp4,data\raw\FaceForensics++_C23\FaceShifter\015_919.mp4,1,FaceShifter,c23,015_919
FaceForensics++,FaceForensics++__FaceShifter__016_209.mp4,data\raw\FaceForensics++_C23\FaceShifter\016_209.mp4,1,FaceShifter,c23,016_209
FaceForensics++,FaceForensics++__FaceShifter__017_803.mp4,data\raw\FaceForensics++_C23\FaceShifter\017_803.mp4,1,FaceShifter,c23,017_803
FaceForensics++,FaceForensics++__FaceShifter__018_019.mp4,data\raw\FaceForensics++_C23\FaceShifter\018_019.mp4,1,FaceShifter,c23,018_019
FaceForensics++,FaceForensics++__FaceShifter__020_344.mp4,data\raw\FaceForensics++_C23\FaceShifter\020_344.mp4,1,FaceShifter,c23,020_344
FaceForensics++,FaceForensics++__FaceShifter__021_312.mp4,data\raw\FaceForensics++_C23\FaceShifter\021_312.mp4,1,FaceShifter,c23,021_312
FaceForensics++,FaceForensics++__FaceShifter__022_489.mp4,data\raw\FaceForensics++_C23\FaceShifter\022_489.mp4,1,FaceShifter,c23,022_489
FaceForensics++,FaceForensics++__FaceShifter__023_923.mp4,data\raw\FaceForensics++_C23\FaceShifter\023_923.mp4,1,FaceShifter,c23,023_923
FaceForensics++,FaceForensics++__FaceShifter__024_073.mp4,data\raw\FaceForensics++_C23\FaceShifter\024_073.mp4,1,FaceShifter,c23,024_073
FaceForensics++,FaceForensics++__FaceShifter__025_067.mp4,data\raw\FaceForensics++_C23\FaceShifter\025_067.mp4,1,FaceShifter,c23,025_067
FaceForensics++,FaceForensics++__FaceShifter__026_012.mp4,data\raw\FaceForensics++_C23\FaceShifter\026_012.mp4,1,FaceShifter,c23,026_012
FaceForensics++,FaceForensics++__FaceShifter__027_009.mp4,data\raw\FaceForensics++_C23\FaceShifter\027_009.mp4,1,FaceShifter,c23,027_009
FaceForensics++,FaceForensics++__FaceShifter__028_068.mp4,data\raw\FaceForensics++_C23\FaceShifter\028_068.mp4,1,FaceShifter,c23,028_068
FaceForensics++,FaceForensics++__FaceShifter__030_193.mp4,data\raw\FaceForensics++_C23\FaceShifter\030_193.mp4,1,FaceShifter,c23,030_193
FaceForensics++,FaceForensics++__FaceShifter__032_944.mp4,data\raw\FaceForensics++_C23\FaceShifter\032_944.mp4,1,FaceShifter,c23,032_944
FaceForensics++,FaceForensics++__FaceShifter__033_097.mp4,data\raw\FaceForensics++_C23\FaceShifter\033_097.mp4,1,FaceShifter,c23,033_097
FaceForensics++,FaceForensics++__FaceShifter__036_035.mp4,data\raw\FaceForensics++_C23\FaceShifter\036_035.mp4,1,FaceShifter,c23,036_035
FaceForensics++,FaceForensics++__FaceShifter__037_072.mp4,data\raw\FaceForensics++_C23\FaceShifter\037_072.mp4,1,FaceShifter,c23,037_072
FaceForensics++,FaceForensics++__FaceShifter__038_125.mp4,data\raw\FaceForensics++_C23\FaceShifter\038_125.mp4,1,FaceShifter,c23,038_125
FaceForensics++,FaceForensics++__FaceShifter__039_058.mp4,data\raw\FaceForensics++_C23\FaceShifter\039_058.mp4,1,FaceShifter,c23,039_058
FaceForensics++,FaceForensics++__FaceShifter__040_997.mp4,data\raw\FaceForensics++_C23\FaceShifter\040_997.mp4,1,FaceShifter,c23,040_997
FaceForensics++,FaceForensics++__FaceShifter__041_063.mp4,data\raw\FaceForensics++_C23\FaceShifter\041_063.mp4,1,FaceShifter,c23,041_063
FaceForensics++,FaceForensics++__FaceShifter__042_084.mp4,data\raw\FaceForensics++_C23\FaceShifter\042_084.mp4,1,FaceShifter,c23,042_084
FaceForensics++,FaceForensics++__FaceShifter__043_110.mp4,data\raw\FaceForensics++_C23\FaceShifter\043_110.mp4,1,FaceShifter,c23,043_110
FaceForensics++,FaceForensics++__FaceShifter__045_889.mp4,data\raw\FaceForensics++_C23\FaceShifter\045_889.mp4,1,FaceShifter,c23,045_889
FaceForensics++,FaceForensics++__FaceShifter__046_904.mp4,data\raw\FaceForensics++_C23\FaceShifter\046_904.mp4,1,FaceShifter,c23,046_904
FaceForensics++,FaceForensics++__FaceShifter__047_862.mp4,data\raw\FaceForensics++_C23\FaceShifter\047_862.mp4,1,FaceShifter,c23,047_862
FaceForensics++,FaceForensics++__FaceShifter__048_029.mp4,data\raw\FaceForensics++_C23\FaceShifter\048_029.mp4,1,FaceShifter,c23,048_029
FaceForensics++,FaceForensics++__FaceShifter__050_059.mp4,data\raw\FaceForensics++_C23\FaceShifter\050_059.mp4,1,FaceShifter,c23,050_059
FaceForensics++,FaceForensics++__FaceShifter__051_332.mp4,data\raw\FaceForensics++_C23\FaceShifter\051_332.mp4,1,FaceShifter,c23,051_332
FaceForensics++,FaceForensics++__FaceShifter__052_108.mp4,data\raw\FaceForensics++_C23\FaceShifter\052_108.mp4,1,FaceShifter,c23,052_108
FaceForensics++,FaceForensics++__FaceShifter__054_071.mp4,data\raw\FaceForensics++_C23\FaceShifter\054_071.mp4,1,FaceShifter,c23,054_071
FaceForensics++,FaceForensics++__FaceShifter__055_147.mp4,data\raw\FaceForensics++_C23\FaceShifter\055_147.mp4,1,FaceShifter,c23,055_147
FaceForensics++,FaceForensics++__FaceShifter__056_996.mp4,data\raw\FaceForensics++_C23\FaceShifter\056_996.mp4,1,FaceShifter,c23,056_996
FaceForensics++,FaceForensics++__FaceShifter__057_070.mp4,data\raw\FaceForensics++_C23\FaceShifter\057_070.mp4,1,FaceShifter,c23,057_070
FaceForensics++,FaceForensics++__FaceShifter__058_039.mp4,data\raw\FaceForensics++_C23\FaceShifter\058_039.mp4,1,FaceShifter,c23,058_039
FaceForensics++,FaceForensics++__FaceShifter__059_050.mp4,data\raw\FaceForensics++_C23\FaceShifter\059_050.mp4,1,FaceShifter,c23,059_050
FaceForensics++,FaceForensics++__FaceShifter__060_088.mp4,data\raw\FaceForensics++_C23\FaceShifter\060_088.mp4,1,FaceShifter,c23,060_088
FaceForensics++,FaceForensics++__FaceShifter__061_080.mp4,data\raw\FaceForensics++_C23\FaceShifter\061_080.mp4,1,FaceShifter,c23,061_080
FaceForensics++,FaceForensics++__FaceShifter__063_041.mp4,data\raw\FaceForensics++_C23\FaceShifter\063_041.mp4,1,FaceShifter,c23,063_041
FaceForensics++,FaceForensics++__FaceShifter__064_991.mp4,data\raw\FaceForensics++_C23\FaceShifter\064_991.mp4,1,FaceShifter,c23,064_991
FaceForensics++,FaceForensics++__FaceShifter__066_062.mp4,data\raw\FaceForensics++_C23\FaceShifter\066_062.mp4,1,FaceShifter,c23,066_062
FaceForensics++,FaceForensics++__FaceShifter__067_025.mp4,data\raw\FaceForensics++_C23\FaceShifter\067_025.mp4,1,FaceShifter,c23,067_025
FaceForensics++,FaceForensics++__FaceShifter__068_028.mp4,data\raw\FaceForensics++_C23\FaceShifter\068_028.mp4,1,FaceShifter,c23,068_028
FaceForensics++,FaceForensics++__FaceShifter__069_961.mp4,data\raw\FaceForensics++_C23\FaceShifter\069_961.mp4,1,FaceShifter,c23,069_961
FaceForensics++,FaceForensics++__FaceShifter__071_054.mp4,data\raw\FaceForensics++_C23\FaceShifter\071_054.mp4,1,FaceShifter,c23,071_054
FaceForensics++,FaceForensics++__FaceShifter__072_037.mp4,data\raw\FaceForensics++_C23\FaceShifter\072_037.mp4,1,FaceShifter,c23,072_037
FaceForensics++,FaceForensics++__FaceShifter__074_825.mp4,data\raw\FaceForensics++_C23\FaceShifter\074_825.mp4,1,FaceShifter,c23,074_825
FaceForensics++,FaceForensics++__FaceShifter__075_977.mp4,data\raw\FaceForensics++_C23\FaceShifter\075_977.mp4,1,FaceShifter,c23,075_977
FaceForensics++,FaceForensics++__FaceShifter__076_079.mp4,data\raw\FaceForensics++_C23\FaceShifter\076_079.mp4,1,FaceShifter,c23,076_079
FaceForensics++,FaceForensics++__FaceShifter__077_100.mp4,data\raw\FaceForensics++_C23\FaceShifter\077_100.mp4,1,FaceShifter,c23,077_100
FaceForensics++,FaceForensics++__FaceShifter__078_955.mp4,data\raw\FaceForensics++_C23\FaceShifter\078_955.mp4,1,FaceShifter,c23,078_955
FaceForensics++,FaceForensics++__FaceShifter__080_061.mp4,data\raw\FaceForensics++_C23\FaceShifter\080_061.mp4,1,FaceShifter,c23,080_061
FaceForensics++,FaceForensics++__FaceShifter__081_087.mp4,data\raw\FaceForensics++_C23\FaceShifter\081_087.mp4,1,FaceShifter,c23,081_087
FaceForensics++,FaceForensics++__FaceShifter__082_103.mp4,data\raw\FaceForensics++_C23\FaceShifter\082_103.mp4,1,FaceShifter,c23,082_103
FaceForensics++,FaceForensics++__FaceShifter__083_213.mp4,data\raw\FaceForensics++_C23\FaceShifter\083_213.mp4,1,FaceShifter,c23,083_213
FaceForensics++,FaceForensics++__FaceShifter__084_042.mp4,data\raw\FaceForensics++_C23\FaceShifter\084_042.mp4,1,FaceShifter,c23,084_042
FaceForensics++,FaceForensics++__FaceShifter__085_124.mp4,data\raw\FaceForensics++_C23\FaceShifter\085_124.mp4,1,FaceShifter,c23,085_124
FaceForensics++,FaceForensics++__FaceShifter__086_090.mp4,data\raw\FaceForensics++_C23\FaceShifter\086_090.mp4,1,FaceShifter,c23,086_090
FaceForensics++,FaceForensics++__FaceShifter__087_081.mp4,data\raw\FaceForensics++_C23\FaceShifter\087_081.mp4,1,FaceShifter,c23,087_081
FaceForensics++,FaceForensics++__FaceShifter__088_060.mp4,data\raw\FaceForensics++_C23\FaceShifter\088_060.mp4,1,FaceShifter,c23,088_060
FaceForensics++,FaceForensics++__FaceShifter__090_086.mp4,data\raw\FaceForensics++_C23\FaceShifter\090_086.mp4,1,FaceShifter,c23,090_086
FaceForensics++,FaceForensics++__FaceShifter__092_098.mp4,data\raw\FaceForensics++_C23\FaceShifter\092_098.mp4,1,FaceShifter,c23,092_098
FaceForensics++,FaceForensics++__FaceShifter__093_121.mp4,data\raw\FaceForensics++_C23\FaceShifter\093_121.mp4,1,FaceShifter,c23,093_121
FaceForensics++,FaceForensics++__FaceShifter__094_111.mp4,data\raw\FaceForensics++_C23\FaceShifter\094_111.mp4,1,FaceShifter,c23,094_111
FaceForensics++,FaceForensics++__FaceShifter__095_053.mp4,data\raw\FaceForensics++_C23\FaceShifter\095_053.mp4,1,FaceShifter,c23,095_053
FaceForensics++,FaceForensics++__FaceShifter__097_033.mp4,data\raw\FaceForensics++_C23\FaceShifter\097_033.mp4,1,FaceShifter,c23,097_033
FaceForensics++,FaceForensics++__FaceShifter__098_092.mp4,data\raw\FaceForensics++_C23\FaceShifter\098_092.mp4,1,FaceShifter,c23,098_092
FaceForensics++,FaceForensics++__FaceShifter__100_077.mp4,data\raw\FaceForensics++_C23\FaceShifter\100_077.mp4,1,FaceShifter,c23,100_077
FaceForensics++,FaceForensics++__FaceShifter__101_096.mp4,data\raw\FaceForensics++_C23\FaceShifter\101_096.mp4,1,FaceShifter,c23,101_096
FaceForensics++,FaceForensics++__FaceShifter__102_114.mp4,data\raw\FaceForensics++_C23\FaceShifter\102_114.mp4,1,FaceShifter,c23,102_114
FaceForensics++,FaceForensics++__FaceShifter__103_082.mp4,data\raw\FaceForensics++_C23\FaceShifter\103_082.mp4,1,FaceShifter,c23,103_082
FaceForensics++,FaceForensics++__FaceShifter__104_126.mp4,data\raw\FaceForensics++_C23\FaceShifter\104_126.mp4,1,FaceShifter,c23,104_126
FaceForensics++,FaceForensics++__FaceShifter__105_180.mp4,data\raw\FaceForensics++_C23\FaceShifter\105_180.mp4,1,FaceShifter,c23,105_180
FaceForensics++,FaceForensics++__FaceShifter__106_198.mp4,data\raw\FaceForensics++_C23\FaceShifter\106_198.mp4,1,FaceShifter,c23,106_198
FaceForensics++,FaceForensics++__FaceShifter__107_109.mp4,data\raw\FaceForensics++_C23\FaceShifter\107_109.mp4,1,FaceShifter,c23,107_109
FaceForensics++,FaceForensics++__FaceShifter__108_052.mp4,data\raw\FaceForensics++_C23\FaceShifter\108_052.mp4,1,FaceShifter,c23,108_052
FaceForensics++,FaceForensics++__FaceShifter__109_107.mp4,data\raw\FaceForensics++_C23\FaceShifter\109_107.mp4,1,FaceShifter,c23,109_107
FaceForensics++,FaceForensics++__FaceShifter__110_043.mp4,data\raw\FaceForensics++_C23\FaceShifter\110_043.mp4,1,FaceShifter,c23,110_043
FaceForensics++,FaceForensics++__FaceShifter__111_094.mp4,data\raw\FaceForensics++_C23\FaceShifter\111_094.mp4,1,FaceShifter,c23,111_094
FaceForensics++,FaceForensics++__FaceShifter__112_892.mp4,data\raw\FaceForensics++_C23\FaceShifter\112_892.mp4,1,FaceShifter,c23,112_892
FaceForensics++,FaceForensics++__FaceShifter__113_983.mp4,data\raw\FaceForensics++_C23\FaceShifter\113_983.mp4,1,FaceShifter,c23,113_983
FaceForensics++,FaceForensics++__FaceShifter__114_102.mp4,data\raw\FaceForensics++_C23\FaceShifter\114_102.mp4,1,FaceShifter,c23,114_102
FaceForensics++,FaceForensics++__FaceShifter__115_939.mp4,data\raw\FaceForensics++_C23\FaceShifter\115_939.mp4,1,FaceShifter,c23,115_939
FaceForensics++,FaceForensics++__FaceShifter__116_091.mp4,data\raw\FaceForensics++_C23\FaceShifter\116_091.mp4,1,FaceShifter,c23,116_091
FaceForensics++,FaceForensics++__FaceShifter__117_217.mp4,data\raw\FaceForensics++_C23\FaceShifter\117_217.mp4,1,FaceShifter,c23,117_217
FaceForensics++,FaceForensics++__FaceShifter__118_120.mp4,data\raw\FaceForensics++_C23\FaceShifter\118_120.mp4,1,FaceShifter,c23,118_120
FaceForensics++,FaceForensics++__FaceShifter__119_123.mp4,data\raw\FaceForensics++_C23\FaceShifter\119_123.mp4,1,FaceShifter,c23,119_123
FaceForensics++,FaceForensics++__FaceShifter__120_118.mp4,data\raw\FaceForensics++_C23\FaceShifter\120_118.mp4,1,FaceShifter,c23,120_118
FaceForensics++,FaceForensics++__FaceShifter__121_093.mp4,data\raw\FaceForensics++_C23\FaceShifter\121_093.mp4,1,FaceShifter,c23,121_093
FaceForensics++,FaceForensics++__FaceShifter__122_144.mp4,data\raw\FaceForensics++_C23\FaceShifter\122_144.mp4,1,FaceShifter,c23,122_144
FaceForensics++,FaceForensics++__FaceShifter__123_119.mp4,data\raw\FaceForensics++_C23\FaceShifter\123_119.mp4,1,FaceShifter,c23,123_119
FaceForensics++,FaceForensics++__FaceShifter__124_085.mp4,data\raw\FaceForensics++_C23\FaceShifter\124_085.mp4,1,FaceShifter,c23,124_085
FaceForensics++,FaceForensics++__FaceShifter__126_104.mp4,data\raw\FaceForensics++_C23\FaceShifter\126_104.mp4,1,FaceShifter,c23,126_104
FaceForensics++,FaceForensics++__FaceShifter__127_129.mp4,data\raw\FaceForensics++_C23\FaceShifter\127_129.mp4,1,FaceShifter,c23,127_129
FaceForensics++,FaceForensics++__FaceShifter__128_896.mp4,data\raw\FaceForensics++_C23\FaceShifter\128_896.mp4,1,FaceShifter,c23,128_896
FaceForensics++,FaceForensics++__FaceShifter__131_518.mp4,data\raw\FaceForensics++_C23\FaceShifter\131_518.mp4,1,FaceShifter,c23,131_518
FaceForensics++,FaceForensics++__FaceShifter__132_007.mp4,data\raw\FaceForensics++_C23\FaceShifter\132_007.mp4,1,FaceShifter,c23,132_007
FaceForensics++,FaceForensics++__FaceShifter__133_148.mp4,data\raw\FaceForensics++_C23\FaceShifter\133_148.mp4,1,FaceShifter,c23,133_148
FaceForensics++,FaceForensics++__FaceShifter__134_192.mp4,data\raw\FaceForensics++_C23\FaceShifter\134_192.mp4,1,FaceShifter,c23,134_192
FaceForensics++,FaceForensics++__FaceShifter__135_880.mp4,data\raw\FaceForensics++_C23\FaceShifter\135_880.mp4,1,FaceShifter,c23,135_880
FaceForensics++,FaceForensics++__FaceShifter__136_285.mp4,data\raw\FaceForensics++_C23\FaceShifter\136_285.mp4,1,FaceShifter,c23,136_285
FaceForensics++,FaceForensics++__FaceShifter__138_142.mp4,data\raw\FaceForensics++_C23\FaceShifter\138_142.mp4,1,FaceShifter,c23,138_142
FaceForensics++,FaceForensics++__FaceShifter__139_130.mp4,data\raw\FaceForensics++_C23\FaceShifter\139_130.mp4,1,FaceShifter,c23,139_130
FaceForensics++,FaceForensics++__FaceShifter__140_143.mp4,data\raw\FaceForensics++_C23\FaceShifter\140_143.mp4,1,FaceShifter,c23,140_143
FaceForensics++,FaceForensics++__FaceShifter__142_138.mp4,data\raw\FaceForensics++_C23\FaceShifter\142_138.mp4,1,FaceShifter,c23,142_138
FaceForensics++,FaceForensics++__FaceShifter__143_140.mp4,data\raw\FaceForensics++_C23\FaceShifter\143_140.mp4,1,FaceShifter,c23,143_140
FaceForensics++,FaceForensics++__FaceShifter__144_122.mp4,data\raw\FaceForensics++_C23\FaceShifter\144_122.mp4,1,FaceShifter,c23,144_122
FaceForensics++,FaceForensics++__FaceShifter__145_299.mp4,data\raw\FaceForensics++_C23\FaceShifter\145_299.mp4,1,FaceShifter,c23,145_299
FaceForensics++,FaceForensics++__FaceShifter__146_256.mp4,data\raw\FaceForensics++_C23\FaceShifter\146_256.mp4,1,FaceShifter,c23,146_256
FaceForensics++,FaceForensics++__FaceShifter__147_055.mp4,data\raw\FaceForensics++_C23\FaceShifter\147_055.mp4,1,FaceShifter,c23,147_055
FaceForensics++,FaceForensics++__FaceShifter__148_133.mp4,data\raw\FaceForensics++_C23\FaceShifter\148_133.mp4,1,FaceShifter,c23,148_133
FaceForensics++,FaceForensics++__FaceShifter__150_153.mp4,data\raw\FaceForensics++_C23\FaceShifter\150_153.mp4,1,FaceShifter,c23,150_153
FaceForensics++,FaceForensics++__FaceShifter__151_225.mp4,data\raw\FaceForensics++_C23\FaceShifter\151_225.mp4,1,FaceShifter,c23,151_225
FaceForensics++,FaceForensics++__FaceShifter__155_576.mp4,data\raw\FaceForensics++_C23\FaceShifter\155_576.mp4,1,FaceShifter,c23,155_576
FaceForensics++,FaceForensics++__FaceShifter__157_245.mp4,data\raw\FaceForensics++_C23\FaceShifter\157_245.mp4,1,FaceShifter,c23,157_245
FaceForensics++,FaceForensics++__FaceShifter__158_379.mp4,data\raw\FaceForensics++_C23\FaceShifter\158_379.mp4,1,FaceShifter,c23,158_379
FaceForensics++,FaceForensics++__FaceShifter__159_175.mp4,data\raw\FaceForensics++_C23\FaceShifter\159_175.mp4,1,FaceShifter,c23,159_175
FaceForensics++,FaceForensics++__FaceShifter__160_928.mp4,data\raw\FaceForensics++_C23\FaceShifter\160_928.mp4,1,FaceShifter,c23,160_928
FaceForensics++,FaceForensics++__FaceShifter__161_141.mp4,data\raw\FaceForensics++_C23\FaceShifter\161_141.mp4,1,FaceShifter,c23,161_141
FaceForensics++,FaceForensics++__FaceShifter__162_330.mp4,data\raw\FaceForensics++_C23\FaceShifter\162_330.mp4,1,FaceShifter,c23,162_330
FaceForensics++,FaceForensics++__FaceShifter__163_031.mp4,data\raw\FaceForensics++_C23\FaceShifter\163_031.mp4,1,FaceShifter,c23,163_031
FaceForensics++,FaceForensics++__FaceShifter__164_216.mp4,data\raw\FaceForensics++_C23\FaceShifter\164_216.mp4,1,FaceShifter,c23,164_216
FaceForensics++,FaceForensics++__FaceShifter__166_167.mp4,data\raw\FaceForensics++_C23\FaceShifter\166_167.mp4,1,FaceShifter,c23,166_167
FaceForensics++,FaceForensics++__FaceShifter__167_166.mp4,data\raw\FaceForensics++_C23\FaceShifter\167_166.mp4,1,FaceShifter,c23,167_166
FaceForensics++,FaceForensics++__FaceShifter__168_222.mp4,data\raw\FaceForensics++_C23\FaceShifter\168_222.mp4,1,FaceShifter,c23,168_222
FaceForensics++,FaceForensics++__FaceShifter__169_227.mp4,data\raw\FaceForensics++_C23\FaceShifter\169_227.mp4,1,FaceShifter,c23,169_227
FaceForensics++,FaceForensics++__FaceShifter__170_186.mp4,data\raw\FaceForensics++_C23\FaceShifter\170_186.mp4,1,FaceShifter,c23,170_186
FaceForensics++,FaceForensics++__FaceShifter__172_582.mp4,data\raw\FaceForensics++_C23\FaceShifter\172_582.mp4,1,FaceShifter,c23,172_582
FaceForensics++,FaceForensics++__FaceShifter__173_171.mp4,data\raw\FaceForensics++_C23\FaceShifter\173_171.mp4,1,FaceShifter,c23,173_171
FaceForensics++,FaceForensics++__FaceShifter__175_159.mp4,data\raw\FaceForensics++_C23\FaceShifter\175_159.mp4,1,FaceShifter,c23,175_159
FaceForensics++,FaceForensics++__FaceShifter__176_190.mp4,data\raw\FaceForensics++_C23\FaceShifter\176_190.mp4,1,FaceShifter,c23,176_190
FaceForensics++,FaceForensics++__FaceShifter__178_598.mp4,data\raw\FaceForensics++_C23\FaceShifter\178_598.mp4,1,FaceShifter,c23,178_598
FaceForensics++,FaceForensics++__FaceShifter__179_212.mp4,data\raw\FaceForensics++_C23\FaceShifter\179_212.mp4,1,FaceShifter,c23,179_212
FaceForensics++,FaceForensics++__FaceShifter__180_105.mp4,data\raw\FaceForensics++_C23\FaceShifter\180_105.mp4,1,FaceShifter,c23,180_105
FaceForensics++,FaceForensics++__FaceShifter__184_205.mp4,data\raw\FaceForensics++_C23\FaceShifter\184_205.mp4,1,FaceShifter,c23,184_205
FaceForensics++,FaceForensics++__FaceShifter__189_200.mp4,data\raw\FaceForensics++_C23\FaceShifter\189_200.mp4,1,FaceShifter,c23,189_200
FaceForensics++,FaceForensics++__FaceShifter__191_188.mp4,data\raw\FaceForensics++_C23\FaceShifter\191_188.mp4,1,FaceShifter,c23,191_188
FaceForensics++,FaceForensics++__FaceShifter__194_235.mp4,data\raw\FaceForensics++_C23\FaceShifter\194_235.mp4,1,FaceShifter,c23,194_235
FaceForensics++,FaceForensics++__FaceShifter__195_442.mp4,data\raw\FaceForensics++_C23\FaceShifter\195_442.mp4,1,FaceShifter,c23,195_442
FaceForensics++,FaceForensics++__FaceShifter__198_106.mp4,data\raw\FaceForensics++_C23\FaceShifter\198_106.mp4,1,FaceShifter,c23,198_106
FaceForensics++,FaceForensics++__FaceShifter__199_181.mp4,data\raw\FaceForensics++_C23\FaceShifter\199_181.mp4,1,FaceShifter,c23,199_181
FaceForensics++,FaceForensics++__FaceShifter__200_189.mp4,data\raw\FaceForensics++_C23\FaceShifter\200_189.mp4,1,FaceShifter,c23,200_189
FaceForensics++,FaceForensics++__FaceShifter__201_203.mp4,data\raw\FaceForensics++_C23\FaceShifter\201_203.mp4,1,FaceShifter,c23,201_203
FaceForensics++,FaceForensics++__FaceShifter__202_348.mp4,data\raw\FaceForensics++_C23\FaceShifter\202_348.mp4,1,FaceShifter,c23,202_348
FaceForensics++,FaceForensics++__FaceShifter__205_184.mp4,data\raw\FaceForensics++_C23\FaceShifter\205_184.mp4,1,FaceShifter,c23,205_184
FaceForensics++,FaceForensics++__FaceShifter__206_221.mp4,data\raw\FaceForensics++_C23\FaceShifter\206_221.mp4,1,FaceShifter,c23,206_221
FaceForensics++,FaceForensics++__FaceShifter__207_908.mp4,data\raw\FaceForensics++_C23\FaceShifter\207_908.mp4,1,FaceShifter,c23,207_908
FaceForensics++,FaceForensics++__FaceShifter__208_215.mp4,data\raw\FaceForensics++_C23\FaceShifter\208_215.mp4,1,FaceShifter,c23,208_215
FaceForensics++,FaceForensics++__FaceShifter__209_016.mp4,data\raw\FaceForensics++_C23\FaceShifter\209_016.mp4,1,FaceShifter,c23,209_016
FaceForensics++,FaceForensics++__FaceShifter__210_241.mp4,data\raw\FaceForensics++_C23\FaceShifter\210_241.mp4,1,FaceShifter,c23,210_241
FaceForensics++,FaceForensics++__FaceShifter__211_177.mp4,data\raw\FaceForensics++_C23\FaceShifter\211_177.mp4,1,FaceShifter,c23,211_177
FaceForensics++,FaceForensics++__FaceShifter__212_179.mp4,data\raw\FaceForensics++_C23\FaceShifter\212_179.mp4,1,FaceShifter,c23,212_179
FaceForensics++,FaceForensics++__FaceShifter__213_083.mp4,data\raw\FaceForensics++_C23\FaceShifter\213_083.mp4,1,FaceShifter,c23,213_083
FaceForensics++,FaceForensics++__FaceShifter__214_255.mp4,data\raw\FaceForensics++_C23\FaceShifter\214_255.mp4,1,FaceShifter,c23,214_255
FaceForensics++,FaceForensics++__FaceShifter__215_208.mp4,data\raw\FaceForensics++_C23\FaceShifter\215_208.mp4,1,FaceShifter,c23,215_208
FaceForensics++,FaceForensics++__FaceShifter__217_117.mp4,data\raw\FaceForensics++_C23\FaceShifter\217_117.mp4,1,FaceShifter,c23,217_117
FaceForensics++,FaceForensics++__FaceShifter__219_220.mp4,data\raw\FaceForensics++_C23\FaceShifter\219_220.mp4,1,FaceShifter,c23,219_220
FaceForensics++,FaceForensics++__FaceShifter__220_219.mp4,data\raw\FaceForensics++_C23\FaceShifter\220_219.mp4,1,FaceShifter,c23,220_219
FaceForensics++,FaceForensics++__FaceShifter__221_206.mp4,data\raw\FaceForensics++_C23\FaceShifter\221_206.mp4,1,FaceShifter,c23,221_206
FaceForensics++,FaceForensics++__FaceShifter__222_168.mp4,data\raw\FaceForensics++_C23\FaceShifter\222_168.mp4,1,FaceShifter,c23,222_168
FaceForensics++,FaceForensics++__FaceShifter__223_586.mp4,data\raw\FaceForensics++_C23\FaceShifter\223_586.mp4,1,FaceShifter,c23,223_586
FaceForensics++,FaceForensics++__FaceShifter__225_151.mp4,data\raw\FaceForensics++_C23\FaceShifter\225_151.mp4,1,FaceShifter,c23,225_151
FaceForensics++,FaceForensics++__FaceShifter__226_491.mp4,data\raw\FaceForensics++_C23\FaceShifter\226_491.mp4,1,FaceShifter,c23,226_491
FaceForensics++,FaceForensics++__FaceShifter__227_169.mp4,data\raw\FaceForensics++_C23\FaceShifter\227_169.mp4,1,FaceShifter,c23,227_169
FaceForensics++,FaceForensics++__FaceShifter__228_289.mp4,data\raw\FaceForensics++_C23\FaceShifter\228_289.mp4,1,FaceShifter,c23,228_289
FaceForensics++,FaceForensics++__FaceShifter__229_247.mp4,data\raw\FaceForensics++_C23\FaceShifter\229_247.mp4,1,FaceShifter,c23,229_247
FaceForensics++,FaceForensics++__FaceShifter__230_204.mp4,data\raw\FaceForensics++_C23\FaceShifter\230_204.mp4,1,FaceShifter,c23,230_204
FaceForensics++,FaceForensics++__FaceShifter__231_663.mp4,data\raw\FaceForensics++_C23\FaceShifter\231_663.mp4,1,FaceShifter,c23,231_663
FaceForensics++,FaceForensics++__FaceShifter__232_248.mp4,data\raw\FaceForensics++_C23\FaceShifter\232_248.mp4,1,FaceShifter,c23,232_248
FaceForensics++,FaceForensics++__FaceShifter__233_995.mp4,data\raw\FaceForensics++_C23\FaceShifter\233_995.mp4,1,FaceShifter,c23,233_995
FaceForensics++,FaceForensics++__FaceShifter__235_194.mp4,data\raw\FaceForensics++_C23\FaceShifter\235_194.mp4,1,FaceShifter,c23,235_194
FaceForensics++,FaceForensics++__FaceShifter__236_237.mp4,data\raw\FaceForensics++_C23\FaceShifter\236_237.mp4,1,FaceShifter,c23,236_237
FaceForensics++,FaceForensics++__FaceShifter__237_236.mp4,data\raw\FaceForensics++_C23\FaceShifter\237_236.mp4,1,FaceShifter,c23,237_236
FaceForensics++,FaceForensics++__FaceShifter__238_282.mp4,data\raw\FaceForensics++_C23\FaceShifter\238_282.mp4,1,FaceShifter,c23,238_282
FaceForensics++,FaceForensics++__FaceShifter__240_290.mp4,data\raw\FaceForensics++_C23\FaceShifter\240_290.mp4,1,FaceShifter,c23,240_290
FaceForensics++,FaceForensics++__FaceShifter__241_210.mp4,data\raw\FaceForensics++_C23\FaceShifter\241_210.mp4,1,FaceShifter,c23,241_210
FaceForensics++,FaceForensics++__FaceShifter__242_182.mp4,data\raw\FaceForensics++_C23\FaceShifter\242_182.mp4,1,FaceShifter,c23,242_182
FaceForensics++,FaceForensics++__FaceShifter__243_156.mp4,data\raw\FaceForensics++_C23\FaceShifter\243_156.mp4,1,FaceShifter,c23,243_156
FaceForensics++,FaceForensics++__FaceShifter__244_822.mp4,data\raw\FaceForensics++_C23\FaceShifter\244_822.mp4,1,FaceShifter,c23,244_822
FaceForensics++,FaceForensics++__FaceShifter__245_157.mp4,data\raw\FaceForensics++_C23\FaceShifter\245_157.mp4,1,FaceShifter,c23,245_157
FaceForensics++,FaceForensics++__FaceShifter__246_258.mp4,data\raw\FaceForensics++_C23\FaceShifter\246_258.mp4,1,FaceShifter,c23,246_258
FaceForensics++,FaceForensics++__FaceShifter__247_229.mp4,data\raw\FaceForensics++_C23\FaceShifter\247_229.mp4,1,FaceShifter,c23,247_229
FaceForensics++,FaceForensics++__FaceShifter__249_280.mp4,data\raw\FaceForensics++_C23\FaceShifter\249_280.mp4,1,FaceShifter,c23,249_280
FaceForensics++,FaceForensics++__FaceShifter__250_461.mp4,data\raw\FaceForensics++_C23\FaceShifter\250_461.mp4,1,FaceShifter,c23,250_461
FaceForensics++,FaceForensics++__FaceShifter__251_375.mp4,data\raw\FaceForensics++_C23\FaceShifter\251_375.mp4,1,FaceShifter,c23,251_375
FaceForensics++,FaceForensics++__FaceShifter__252_266.mp4,data\raw\FaceForensics++_C23\FaceShifter\252_266.mp4,1,FaceShifter,c23,252_266
FaceForensics++,FaceForensics++__FaceShifter__253_183.mp4,data\raw\FaceForensics++_C23\FaceShifter\253_183.mp4,1,FaceShifter,c23,253_183
FaceForensics++,FaceForensics++__FaceShifter__255_214.mp4,data\raw\FaceForensics++_C23\FaceShifter\255_214.mp4,1,FaceShifter,c23,255_214
FaceForensics++,FaceForensics++__FaceShifter__257_420.mp4,data\raw\FaceForensics++_C23\FaceShifter\257_420.mp4,1,FaceShifter,c23,257_420
FaceForensics++,FaceForensics++__FaceShifter__258_246.mp4,data\raw\FaceForensics++_C23\FaceShifter\258_246.mp4,1,FaceShifter,c23,258_246
FaceForensics++,FaceForensics++__FaceShifter__259_345.mp4,data\raw\FaceForensics++_C23\FaceShifter\259_345.mp4,1,FaceShifter,c23,259_345
FaceForensics++,FaceForensics++__FaceShifter__260_331.mp4,data\raw\FaceForensics++_C23\FaceShifter\260_331.mp4,1,FaceShifter,c23,260_331
FaceForensics++,FaceForensics++__FaceShifter__261_254.mp4,data\raw\FaceForensics++_C23\FaceShifter\261_254.mp4,1,FaceShifter,c23,261_254
FaceForensics++,FaceForensics++__FaceShifter__262_301.mp4,data\raw\FaceForensics++_C23\FaceShifter\262_301.mp4,1,FaceShifter,c23,262_301
FaceForensics++,FaceForensics++__FaceShifter__263_284.mp4,data\raw\FaceForensics++_C23\FaceShifter\263_284.mp4,1,FaceShifter,c23,263_284
FaceForensics++,FaceForensics++__FaceShifter__264_271.mp4,data\raw\FaceForensics++_C23\FaceShifter\264_271.mp4,1,FaceShifter,c23,264_271
FaceForensics++,FaceForensics++__FaceShifter__265_475.mp4,data\raw\FaceForensics++_C23\FaceShifter\265_475.mp4,1,FaceShifter,c23,265_475
FaceForensics++,FaceForensics++__FaceShifter__266_252.mp4,data\raw\FaceForensics++_C23\FaceShifter\266_252.mp4,1,FaceShifter,c23,266_252
FaceForensics++,FaceForensics++__FaceShifter__267_286.mp4,data\raw\FaceForensics++_C23\FaceShifter\267_286.mp4,1,FaceShifter,c23,267_286
FaceForensics++,FaceForensics++__FaceShifter__268_269.mp4,data\raw\FaceForensics++_C23\FaceShifter\268_269.mp4,1,FaceShifter,c23,268_269
FaceForensics++,FaceForensics++__FaceShifter__270_297.mp4,data\raw\FaceForensics++_C23\FaceShifter\270_297.mp4,1,FaceShifter,c23,270_297
FaceForensics++,FaceForensics++__FaceShifter__271_264.mp4,data\raw\FaceForensics++_C23\FaceShifter\271_264.mp4,1,FaceShifter,c23,271_264
FaceForensics++,FaceForensics++__FaceShifter__272_396.mp4,data\raw\FaceForensics++_C23\FaceShifter\272_396.mp4,1,FaceShifter,c23,272_396
FaceForensics++,FaceForensics++__FaceShifter__273_807.mp4,data\raw\FaceForensics++_C23\FaceShifter\273_807.mp4,1,FaceShifter,c23,273_807
FaceForensics++,FaceForensics++__FaceShifter__274_412.mp4,data\raw\FaceForensics++_C23\FaceShifter\274_412.mp4,1,FaceShifter,c23,274_412
FaceForensics++,FaceForensics++__FaceShifter__275_887.mp4,data\raw\FaceForensics++_C23\FaceShifter\275_887.mp4,1,FaceShifter,c23,275_887
FaceForensics++,FaceForensics++__FaceShifter__276_185.mp4,data\raw\FaceForensics++_C23\FaceShifter\276_185.mp4,1,FaceShifter,c23,276_185
FaceForensics++,FaceForensics++__FaceShifter__278_306.mp4,data\raw\FaceForensics++_C23\FaceShifter\278_306.mp4,1,FaceShifter,c23,278_306
FaceForensics++,FaceForensics++__FaceShifter__279_298.mp4,data\raw\FaceForensics++_C23\FaceShifter\279_298.mp4,1,FaceShifter,c23,279_298
FaceForensics++,FaceForensics++__FaceShifter__280_249.mp4,data\raw\FaceForensics++_C23\FaceShifter\280_249.mp4,1,FaceShifter,c23,280_249
FaceForensics++,FaceForensics++__FaceShifter__281_474.mp4,data\raw\FaceForensics++_C23\FaceShifter\281_474.mp4,1,FaceShifter,c23,281_474
FaceForensics++,FaceForensics++__FaceShifter__282_238.mp4,data\raw\FaceForensics++_C23\FaceShifter\282_238.mp4,1,FaceShifter,c23,282_238
FaceForensics++,FaceForensics++__FaceShifter__283_313.mp4,data\raw\FaceForensics++_C23\FaceShifter\283_313.mp4,1,FaceShifter,c23,283_313
FaceForensics++,FaceForensics++__FaceShifter__284_263.mp4,data\raw\FaceForensics++_C23\FaceShifter\284_263.mp4,1,FaceShifter,c23,284_263
FaceForensics++,FaceForensics++__FaceShifter__285_136.mp4,data\raw\FaceForensics++_C23\FaceShifter\285_136.mp4,1,FaceShifter,c23,285_136
FaceForensics++,FaceForensics++__FaceShifter__286_267.mp4,data\raw\FaceForensics++_C23\FaceShifter\286_267.mp4,1,FaceShifter,c23,286_267
FaceForensics++,FaceForensics++__FaceShifter__287_426.mp4,data\raw\FaceForensics++_C23\FaceShifter\287_426.mp4,1,FaceShifter,c23,287_426
FaceForensics++,FaceForensics++__FaceShifter__289_228.mp4,data\raw\FaceForensics++_C23\FaceShifter\289_228.mp4,1,FaceShifter,c23,289_228
FaceForensics++,FaceForensics++__FaceShifter__290_240.mp4,data\raw\FaceForensics++_C23\FaceShifter\290_240.mp4,1,FaceShifter,c23,290_240
FaceForensics++,FaceForensics++__FaceShifter__291_874.mp4,data\raw\FaceForensics++_C23\FaceShifter\291_874.mp4,1,FaceShifter,c23,291_874
FaceForensics++,FaceForensics++__FaceShifter__292_294.mp4,data\raw\FaceForensics++_C23\FaceShifter\292_294.mp4,1,FaceShifter,c23,292_294
FaceForensics++,FaceForensics++__FaceShifter__293_296.mp4,data\raw\FaceForensics++_C23\FaceShifter\293_296.mp4,1,FaceShifter,c23,293_296
FaceForensics++,FaceForensics++__FaceShifter__294_292.mp4,data\raw\FaceForensics++_C23\FaceShifter\294_292.mp4,1,FaceShifter,c23,294_292
FaceForensics++,FaceForensics++__FaceShifter__295_099.mp4,data\raw\FaceForensics++_C23\FaceShifter\295_099.mp4,1,FaceShifter,c23,295_099
FaceForensics++,FaceForensics++__FaceShifter__296_293.mp4,data\raw\FaceForensics++_C23\FaceShifter\296_293.mp4,1,FaceShifter,c23,296_293
FaceForensics++,FaceForensics++__FaceShifter__297_270.mp4,data\raw\FaceForensics++_C23\FaceShifter\297_270.mp4,1,FaceShifter,c23,297_270
FaceForensics++,FaceForensics++__FaceShifter__298_279.mp4,data\raw\FaceForensics++_C23\FaceShifter\298_279.mp4,1,FaceShifter,c23,298_279
FaceForensics++,FaceForensics++__FaceShifter__300_304.mp4,data\raw\FaceForensics++_C23\FaceShifter\300_304.mp4,1,FaceShifter,c23,300_304
FaceForensics++,FaceForensics++__FaceShifter__301_262.mp4,data\raw\FaceForensics++_C23\FaceShifter\301_262.mp4,1,FaceShifter,c23,301_262
FaceForensics++,FaceForensics++__FaceShifter__302_323.mp4,data\raw\FaceForensics++_C23\FaceShifter\302_323.mp4,1,FaceShifter,c23,302_323
FaceForensics++,FaceForensics++__FaceShifter__303_309.mp4,data\raw\FaceForensics++_C23\FaceShifter\303_309.mp4,1,FaceShifter,c23,303_309
FaceForensics++,FaceForensics++__FaceShifter__304_300.mp4,data\raw\FaceForensics++_C23\FaceShifter\304_300.mp4,1,FaceShifter,c23,304_300
FaceForensics++,FaceForensics++__FaceShifter__305_513.mp4,data\raw\FaceForensics++_C23\FaceShifter\305_513.mp4,1,FaceShifter,c23,305_513
FaceForensics++,FaceForensics++__FaceShifter__306_278.mp4,data\raw\FaceForensics++_C23\FaceShifter\306_278.mp4,1,FaceShifter,c23,306_278
FaceForensics++,FaceForensics++__FaceShifter__307_365.mp4,data\raw\FaceForensics++_C23\FaceShifter\307_365.mp4,1,FaceShifter,c23,307_365
FaceForensics++,FaceForensics++__FaceShifter__308_388.mp4,data\raw\FaceForensics++_C23\FaceShifter\308_388.mp4,1,FaceShifter,c23,308_388
FaceForensics++,FaceForensics++__FaceShifter__309_303.mp4,data\raw\FaceForensics++_C23\FaceShifter\309_303.mp4,1,FaceShifter,c23,309_303
FaceForensics++,FaceForensics++__FaceShifter__311_387.mp4,data\raw\FaceForensics++_C23\FaceShifter\311_387.mp4,1,FaceShifter,c23,311_387
FaceForensics++,FaceForensics++__FaceShifter__312_021.mp4,data\raw\FaceForensics++_C23\FaceShifter\312_021.mp4,1,FaceShifter,c23,312_021
FaceForensics++,FaceForensics++__FaceShifter__313_283.mp4,data\raw\FaceForensics++_C23\FaceShifter\313_283.mp4,1,FaceShifter,c23,313_283
FaceForensics++,FaceForensics++__FaceShifter__314_347.mp4,data\raw\FaceForensics++_C23\FaceShifter\314_347.mp4,1,FaceShifter,c23,314_347
FaceForensics++,FaceForensics++__FaceShifter__315_322.mp4,data\raw\FaceForensics++_C23\FaceShifter\315_322.mp4,1,FaceShifter,c23,315_322
FaceForensics++,FaceForensics++__FaceShifter__316_369.mp4,data\raw\FaceForensics++_C23\FaceShifter\316_369.mp4,1,FaceShifter,c23,316_369
FaceForensics++,FaceForensics++__FaceShifter__319_352.mp4,data\raw\FaceForensics++_C23\FaceShifter\319_352.mp4,1,FaceShifter,c23,319_352
FaceForensics++,FaceForensics++__FaceShifter__320_328.mp4,data\raw\FaceForensics++_C23\FaceShifter\320_328.mp4,1,FaceShifter,c23,320_328
FaceForensics++,FaceForensics++__FaceShifter__322_315.mp4,data\raw\FaceForensics++_C23\FaceShifter\322_315.mp4,1,FaceShifter,c23,322_315
FaceForensics++,FaceForensics++__FaceShifter__323_302.mp4,data\raw\FaceForensics++_C23\FaceShifter\323_302.mp4,1,FaceShifter,c23,323_302
FaceForensics++,FaceForensics++__FaceShifter__325_492.mp4,data\raw\FaceForensics++_C23\FaceShifter\325_492.mp4,1,FaceShifter,c23,325_492
FaceForensics++,FaceForensics++__FaceShifter__327_329.mp4,data\raw\FaceForensics++_C23\FaceShifter\327_329.mp4,1,FaceShifter,c23,327_329
FaceForensics++,FaceForensics++__FaceShifter__328_320.mp4,data\raw\FaceForensics++_C23\FaceShifter\328_320.mp4,1,FaceShifter,c23,328_320
FaceForensics++,FaceForensics++__FaceShifter__329_327.mp4,data\raw\FaceForensics++_C23\FaceShifter\329_327.mp4,1,FaceShifter,c23,329_327
FaceForensics++,FaceForensics++__FaceShifter__330_162.mp4,data\raw\FaceForensics++_C23\FaceShifter\330_162.mp4,1,FaceShifter,c23,330_162
FaceForensics++,FaceForensics++__FaceShifter__332_051.mp4,data\raw\FaceForensics++_C23\FaceShifter\332_051.mp4,1,FaceShifter,c23,332_051
FaceForensics++,FaceForensics++__FaceShifter__334_318.mp4,data\raw\FaceForensics++_C23\FaceShifter\334_318.mp4,1,FaceShifter,c23,334_318
FaceForensics++,FaceForensics++__FaceShifter__335_277.mp4,data\raw\FaceForensics++_C23\FaceShifter\335_277.mp4,1,FaceShifter,c23,335_277
FaceForensics++,FaceForensics++__FaceShifter__336_338.mp4,data\raw\FaceForensics++_C23\FaceShifter\336_338.mp4,1,FaceShifter,c23,336_338
FaceForensics++,FaceForensics++__FaceShifter__337_522.mp4,data\raw\FaceForensics++_C23\FaceShifter\337_522.mp4,1,FaceShifter,c23,337_522
FaceForensics++,FaceForensics++__FaceShifter__338_336.mp4,data\raw\FaceForensics++_C23\FaceShifter\338_336.mp4,1,FaceShifter,c23,338_336
FaceForensics++,FaceForensics++__FaceShifter__339_392.mp4,data\raw\FaceForensics++_C23\FaceShifter\339_392.mp4,1,FaceShifter,c23,339_392
FaceForensics++,FaceForensics++__FaceShifter__340_341.mp4,data\raw\FaceForensics++_C23\FaceShifter\340_341.mp4,1,FaceShifter,c23,340_341
FaceForensics++,FaceForensics++__FaceShifter__342_416.mp4,data\raw\FaceForensics++_C23\FaceShifter\342_416.mp4,1,FaceShifter,c23,342_416
FaceForensics++,FaceForensics++__FaceShifter__343_363.mp4,data\raw\FaceForensics++_C23\FaceShifter\343_363.mp4,1,FaceShifter,c23,343_363
FaceForensics++,FaceForensics++__FaceShifter__344_020.mp4,data\raw\FaceForensics++_C23\FaceShifter\344_020.mp4,1,FaceShifter,c23,344_020
FaceForensics++,FaceForensics++__FaceShifter__345_259.mp4,data\raw\FaceForensics++_C23\FaceShifter\345_259.mp4,1,FaceShifter,c23,345_259
FaceForensics++,FaceForensics++__FaceShifter__346_351.mp4,data\raw\FaceForensics++_C23\FaceShifter\346_351.mp4,1,FaceShifter,c23,346_351
FaceForensics++,FaceForensics++__FaceShifter__347_314.mp4,data\raw\FaceForensics++_C23\FaceShifter\347_314.mp4,1,FaceShifter,c23,347_314
FaceForensics++,FaceForensics++__FaceShifter__349_350.mp4,data\raw\FaceForensics++_C23\FaceShifter\349_350.mp4,1,FaceShifter,c23,349_350
FaceForensics++,FaceForensics++__FaceShifter__350_349.mp4,data\raw\FaceForensics++_C23\FaceShifter\350_349.mp4,1,FaceShifter,c23,350_349
FaceForensics++,FaceForensics++__FaceShifter__351_346.mp4,data\raw\FaceForensics++_C23\FaceShifter\351_346.mp4,1,FaceShifter,c23,351_346
FaceForensics++,FaceForensics++__FaceShifter__352_319.mp4,data\raw\FaceForensics++_C23\FaceShifter\352_319.mp4,1,FaceShifter,c23,352_319
FaceForensics++,FaceForensics++__FaceShifter__353_383.mp4,data\raw\FaceForensics++_C23\FaceShifter\353_383.mp4,1,FaceShifter,c23,353_383
FaceForensics++,FaceForensics++__FaceShifter__354_362.mp4,data\raw\FaceForensics++_C23\FaceShifter\354_362.mp4,1,FaceShifter,c23,354_362
FaceForensics++,FaceForensics++__FaceShifter__355_748.mp4,data\raw\FaceForensics++_C23\FaceShifter\355_748.mp4,1,FaceShifter,c23,355_748
FaceForensics++,FaceForensics++__FaceShifter__356_324.mp4,data\raw\FaceForensics++_C23\FaceShifter\356_324.mp4,1,FaceShifter,c23,356_324
FaceForensics++,FaceForensics++__FaceShifter__357_432.mp4,data\raw\FaceForensics++_C23\FaceShifter\357_432.mp4,1,FaceShifter,c23,357_432
FaceForensics++,FaceForensics++__FaceShifter__359_317.mp4,data\raw\FaceForensics++_C23\FaceShifter\359_317.mp4,1,FaceShifter,c23,359_317
FaceForensics++,FaceForensics++__FaceShifter__360_437.mp4,data\raw\FaceForensics++_C23\FaceShifter\360_437.mp4,1,FaceShifter,c23,360_437
FaceForensics++,FaceForensics++__FaceShifter__361_448.mp4,data\raw\FaceForensics++_C23\FaceShifter\361_448.mp4,1,FaceShifter,c23,361_448
FaceForensics++,FaceForensics++__FaceShifter__362_354.mp4,data\raw\FaceForensics++_C23\FaceShifter\362_354.mp4,1,FaceShifter,c23,362_354
FaceForensics++,FaceForensics++__FaceShifter__363_343.mp4,data\raw\FaceForensics++_C23\FaceShifter\363_343.mp4,1,FaceShifter,c23,363_343
FaceForensics++,FaceForensics++__FaceShifter__367_371.mp4,data\raw\FaceForensics++_C23\FaceShifter\367_371.mp4,1,FaceShifter,c23,367_371
FaceForensics++,FaceForensics++__FaceShifter__368_378.mp4,data\raw\FaceForensics++_C23\FaceShifter\368_378.mp4,1,FaceShifter,c23,368_378
FaceForensics++,FaceForensics++__FaceShifter__369_316.mp4,data\raw\FaceForensics++_C23\FaceShifter\369_316.mp4,1,FaceShifter,c23,369_316
FaceForensics++,FaceForensics++__FaceShifter__371_367.mp4,data\raw\FaceForensics++_C23\FaceShifter\371_367.mp4,1,FaceShifter,c23,371_367
FaceForensics++,FaceForensics++__FaceShifter__372_413.mp4,data\raw\FaceForensics++_C23\FaceShifter\372_413.mp4,1,FaceShifter,c23,372_413
FaceForensics++,FaceForensics++__FaceShifter__374_407.mp4,data\raw\FaceForensics++_C23\FaceShifter\374_407.mp4,1,FaceShifter,c23,374_407
FaceForensics++,FaceForensics++__FaceShifter__376_381.mp4,data\raw\FaceForensics++_C23\FaceShifter\376_381.mp4,1,FaceShifter,c23,376_381
FaceForensics++,FaceForensics++__FaceShifter__377_333.mp4,data\raw\FaceForensics++_C23\FaceShifter\377_333.mp4,1,FaceShifter,c23,377_333
FaceForensics++,FaceForensics++__FaceShifter__378_368.mp4,data\raw\FaceForensics++_C23\FaceShifter\378_368.mp4,1,FaceShifter,c23,378_368
FaceForensics++,FaceForensics++__FaceShifter__379_158.mp4,data\raw\FaceForensics++_C23\FaceShifter\379_158.mp4,1,FaceShifter,c23,379_158
FaceForensics++,FaceForensics++__FaceShifter__380_358.mp4,data\raw\FaceForensics++_C23\FaceShifter\380_358.mp4,1,FaceShifter,c23,380_358
FaceForensics++,FaceForensics++__FaceShifter__381_376.mp4,data\raw\FaceForensics++_C23\FaceShifter\381_376.mp4,1,FaceShifter,c23,381_376
FaceForensics++,FaceForensics++__FaceShifter__383_353.mp4,data\raw\FaceForensics++_C23\FaceShifter\383_353.mp4,1,FaceShifter,c23,383_353
FaceForensics++,FaceForensics++__FaceShifter__384_932.mp4,data\raw\FaceForensics++_C23\FaceShifter\384_932.mp4,1,FaceShifter,c23,384_932
FaceForensics++,FaceForensics++__FaceShifter__385_414.mp4,data\raw\FaceForensics++_C23\FaceShifter\385_414.mp4,1,FaceShifter,c23,385_414
FaceForensics++,FaceForensics++__FaceShifter__386_154.mp4,data\raw\FaceForensics++_C23\FaceShifter\386_154.mp4,1,FaceShifter,c23,386_154
FaceForensics++,FaceForensics++__FaceShifter__387_311.mp4,data\raw\FaceForensics++_C23\FaceShifter\387_311.mp4,1,FaceShifter,c23,387_311
FaceForensics++,FaceForensics++__FaceShifter__388_308.mp4,data\raw\FaceForensics++_C23\FaceShifter\388_308.mp4,1,FaceShifter,c23,388_308
FaceForensics++,FaceForensics++__FaceShifter__390_709.mp4,data\raw\FaceForensics++_C23\FaceShifter\390_709.mp4,1,FaceShifter,c23,390_709
FaceForensics++,FaceForensics++__FaceShifter__391_406.mp4,data\raw\FaceForensics++_C23\FaceShifter\391_406.mp4,1,FaceShifter,c23,391_406
FaceForensics++,FaceForensics++__FaceShifter__392_339.mp4,data\raw\FaceForensics++_C23\FaceShifter\392_339.mp4,1,FaceShifter,c23,392_339
FaceForensics++,FaceForensics++__FaceShifter__394_373.mp4,data\raw\FaceForensics++_C23\FaceShifter\394_373.mp4,1,FaceShifter,c23,394_373
FaceForensics++,FaceForensics++__FaceShifter__395_401.mp4,data\raw\FaceForensics++_C23\FaceShifter\395_401.mp4,1,FaceShifter,c23,395_401
FaceForensics++,FaceForensics++__FaceShifter__396_272.mp4,data\raw\FaceForensics++_C23\FaceShifter\396_272.mp4,1,FaceShifter,c23,396_272
FaceForensics++,FaceForensics++__FaceShifter__397_602.mp4,data\raw\FaceForensics++_C23\FaceShifter\397_602.mp4,1,FaceShifter,c23,397_602
FaceForensics++,FaceForensics++__FaceShifter__398_457.mp4,data\raw\FaceForensics++_C23\FaceShifter\398_457.mp4,1,FaceShifter,c23,398_457
FaceForensics++,FaceForensics++__FaceShifter__399_488.mp4,data\raw\FaceForensics++_C23\FaceShifter\399_488.mp4,1,FaceShifter,c23,399_488
FaceForensics++,FaceForensics++__FaceShifter__401_395.mp4,data\raw\FaceForensics++_C23\FaceShifter\401_395.mp4,1,FaceShifter,c23,401_395
FaceForensics++,FaceForensics++__FaceShifter__402_453.mp4,data\raw\FaceForensics++_C23\FaceShifter\402_453.mp4,1,FaceShifter,c23,402_453
FaceForensics++,FaceForensics++__FaceShifter__403_497.mp4,data\raw\FaceForensics++_C23\FaceShifter\403_497.mp4,1,FaceShifter,c23,403_497
FaceForensics++,FaceForensics++__FaceShifter__406_391.mp4,data\raw\FaceForensics++_C23\FaceShifter\406_391.mp4,1,FaceShifter,c23,406_391
FaceForensics++,FaceForensics++__FaceShifter__408_424.mp4,data\raw\FaceForensics++_C23\FaceShifter\408_424.mp4,1,FaceShifter,c23,408_424
FaceForensics++,FaceForensics++__FaceShifter__409_382.mp4,data\raw\FaceForensics++_C23\FaceShifter\409_382.mp4,1,FaceShifter,c23,409_382
FaceForensics++,FaceForensics++__FaceShifter__410_411.mp4,data\raw\FaceForensics++_C23\FaceShifter\410_411.mp4,1,FaceShifter,c23,410_411
FaceForensics++,FaceForensics++__FaceShifter__411_410.mp4,data\raw\FaceForensics++_C23\FaceShifter\411_410.mp4,1,FaceShifter,c23,411_410
FaceForensics++,FaceForensics++__FaceShifter__412_274.mp4,data\raw\FaceForensics++_C23\FaceShifter\412_274.mp4,1,FaceShifter,c23,412_274
FaceForensics++,FaceForensics++__FaceShifter__413_372.mp4,data\raw\FaceForensics++_C23\FaceShifter\413_372.mp4,1,FaceShifter,c23,413_372
FaceForensics++,FaceForensics++__FaceShifter__414_385.mp4,data\raw\FaceForensics++_C23\FaceShifter\414_385.mp4,1,FaceShifter,c23,414_385
FaceForensics++,FaceForensics++__FaceShifter__415_484.mp4,data\raw\FaceForensics++_C23\FaceShifter\415_484.mp4,1,FaceShifter,c23,415_484
FaceForensics++,FaceForensics++__FaceShifter__416_342.mp4,data\raw\FaceForensics++_C23\FaceShifter\416_342.mp4,1,FaceShifter,c23,416_342
FaceForensics++,FaceForensics++__FaceShifter__417_496.mp4,data\raw\FaceForensics++_C23\FaceShifter\417_496.mp4,1,FaceShifter,c23,417_496
FaceForensics++,FaceForensics++__FaceShifter__420_257.mp4,data\raw\FaceForensics++_C23\FaceShifter\420_257.mp4,1,FaceShifter,c23,420_257
FaceForensics++,FaceForensics++__FaceShifter__422_695.mp4,data\raw\FaceForensics++_C23\FaceShifter\422_695.mp4,1,FaceShifter,c23,422_695
FaceForensics++,FaceForensics++__FaceShifter__423_421.mp4,data\raw\FaceForensics++_C23\FaceShifter\423_421.mp4,1,FaceShifter,c23,423_421
FaceForensics++,FaceForensics++__FaceShifter__425_485.mp4,data\raw\FaceForensics++_C23\FaceShifter\425_485.mp4,1,FaceShifter,c23,425_485
FaceForensics++,FaceForensics++__FaceShifter__426_287.mp4,data\raw\FaceForensics++_C23\FaceShifter\426_287.mp4,1,FaceShifter,c23,426_287
FaceForensics++,FaceForensics++__FaceShifter__427_637.mp4,data\raw\FaceForensics++_C23\FaceShifter\427_637.mp4,1,FaceShifter,c23,427_637
FaceForensics++,FaceForensics++__FaceShifter__429_404.mp4,data\raw\FaceForensics++_C23\FaceShifter\429_404.mp4,1,FaceShifter,c23,429_404
FaceForensics++,FaceForensics++__FaceShifter__430_459.mp4,data\raw\FaceForensics++_C23\FaceShifter\430_459.mp4,1,FaceShifter,c23,430_459
FaceForensics++,FaceForensics++__FaceShifter__433_498.mp4,data\raw\FaceForensics++_C23\FaceShifter\433_498.mp4,1,FaceShifter,c23,433_498
FaceForensics++,FaceForensics++__FaceShifter__435_456.mp4,data\raw\FaceForensics++_C23\FaceShifter\435_456.mp4,1,FaceShifter,c23,435_456
FaceForensics++,FaceForensics++__FaceShifter__436_526.mp4,data\raw\FaceForensics++_C23\FaceShifter\436_526.mp4,1,FaceShifter,c23,436_526
FaceForensics++,FaceForensics++__FaceShifter__437_360.mp4,data\raw\FaceForensics++_C23\FaceShifter\437_360.mp4,1,FaceShifter,c23,437_360
FaceForensics++,FaceForensics++__FaceShifter__441_439.mp4,data\raw\FaceForensics++_C23\FaceShifter\441_439.mp4,1,FaceShifter,c23,441_439
FaceForensics++,FaceForensics++__FaceShifter__443_514.mp4,data\raw\FaceForensics++_C23\FaceShifter\443_514.mp4,1,FaceShifter,c23,443_514
FaceForensics++,FaceForensics++__FaceShifter__444_655.mp4,data\raw\FaceForensics++_C23\FaceShifter\444_655.mp4,1,FaceShifter,c23,444_655
FaceForensics++,FaceForensics++__FaceShifter__445_494.mp4,data\raw\FaceForensics++_C23\FaceShifter\445_494.mp4,1,FaceShifter,c23,445_494
FaceForensics++,FaceForensics++__FaceShifter__447_431.mp4,data\raw\FaceForensics++_C23\FaceShifter\447_431.mp4,1,FaceShifter,c23,447_431
FaceForensics++,FaceForensics++__FaceShifter__448_361.mp4,data\raw\FaceForensics++_C23\FaceShifter\448_361.mp4,1,FaceShifter,c23,448_361
FaceForensics++,FaceForensics++__FaceShifter__449_451.mp4,data\raw\FaceForensics++_C23\FaceShifter\449_451.mp4,1,FaceShifter,c23,449_451
FaceForensics++,FaceForensics++__FaceShifter__450_533.mp4,data\raw\FaceForensics++_C23\FaceShifter\450_533.mp4,1,FaceShifter,c23,450_533
FaceForensics++,FaceForensics++__FaceShifter__452_550.mp4,data\raw\FaceForensics++_C23\FaceShifter\452_550.mp4,1,FaceShifter,c23,452_550
FaceForensics++,FaceForensics++__FaceShifter__453_402.mp4,data\raw\FaceForensics++_C23\FaceShifter\453_402.mp4,1,FaceShifter,c23,453_402
FaceForensics++,FaceForensics++__FaceShifter__454_527.mp4,data\raw\FaceForensics++_C23\FaceShifter\454_527.mp4,1,FaceShifter,c23,454_527
FaceForensics++,FaceForensics++__FaceShifter__455_471.mp4,data\raw\FaceForensics++_C23\FaceShifter\455_471.mp4,1,FaceShifter,c23,455_471
FaceForensics++,FaceForensics++__FaceShifter__456_435.mp4,data\raw\FaceForensics++_C23\FaceShifter\456_435.mp4,1,FaceShifter,c23,456_435
FaceForensics++,FaceForensics++__FaceShifter__457_398.mp4,data\raw\FaceForensics++_C23\FaceShifter\457_398.mp4,1,FaceShifter,c23,457_398
FaceForensics++,FaceForensics++__FaceShifter__459_430.mp4,data\raw\FaceForensics++_C23\FaceShifter\459_430.mp4,1,FaceShifter,c23,459_430
FaceForensics++,FaceForensics++__FaceShifter__460_678.mp4,data\raw\FaceForensics++_C23\FaceShifter\460_678.mp4,1,FaceShifter,c23,460_678
FaceForensics++,FaceForensics++__FaceShifter__461_250.mp4,data\raw\FaceForensics++_C23\FaceShifter\461_250.mp4,1,FaceShifter,c23,461_250
FaceForensics++,FaceForensics++__FaceShifter__462_467.mp4,data\raw\FaceForensics++_C23\FaceShifter\462_467.mp4,1,FaceShifter,c23,462_467
FaceForensics++,FaceForensics++__FaceShifter__464_463.mp4,data\raw\FaceForensics++_C23\FaceShifter\464_463.mp4,1,FaceShifter,c23,464_463
FaceForensics++,FaceForensics++__FaceShifter__465_482.mp4,data\raw\FaceForensics++_C23\FaceShifter\465_482.mp4,1,FaceShifter,c23,465_482
FaceForensics++,FaceForensics++__FaceShifter__466_428.mp4,data\raw\FaceForensics++_C23\FaceShifter\466_428.mp4,1,FaceShifter,c23,466_428
FaceForensics++,FaceForensics++__FaceShifter__467_462.mp4,data\raw\FaceForensics++_C23\FaceShifter\467_462.mp4,1,FaceShifter,c23,467_462
FaceForensics++,FaceForensics++__FaceShifter__469_481.mp4,data\raw\FaceForensics++_C23\FaceShifter\469_481.mp4,1,FaceShifter,c23,469_481
FaceForensics++,FaceForensics++__FaceShifter__470_468.mp4,data\raw\FaceForensics++_C23\FaceShifter\470_468.mp4,1,FaceShifter,c23,470_468
FaceForensics++,FaceForensics++__FaceShifter__471_455.mp4,data\raw\FaceForensics++_C23\FaceShifter\471_455.mp4,1,FaceShifter,c23,471_455
FaceForensics++,FaceForensics++__FaceShifter__472_511.mp4,data\raw\FaceForensics++_C23\FaceShifter\472_511.mp4,1,FaceShifter,c23,472_511
FaceForensics++,FaceForensics++__FaceShifter__473_366.mp4,data\raw\FaceForensics++_C23\FaceShifter\473_366.mp4,1,FaceShifter,c23,473_366
FaceForensics++,FaceForensics++__FaceShifter__474_281.mp4,data\raw\FaceForensics++_C23\FaceShifter\474_281.mp4,1,FaceShifter,c23,474_281
FaceForensics++,FaceForensics++__FaceShifter__475_265.mp4,data\raw\FaceForensics++_C23\FaceShifter\475_265.mp4,1,FaceShifter,c23,475_265
FaceForensics++,FaceForensics++__FaceShifter__476_400.mp4,data\raw\FaceForensics++_C23\FaceShifter\476_400.mp4,1,FaceShifter,c23,476_400
FaceForensics++,FaceForensics++__FaceShifter__477_487.mp4,data\raw\FaceForensics++_C23\FaceShifter\477_487.mp4,1,FaceShifter,c23,477_487
FaceForensics++,FaceForensics++__FaceShifter__478_506.mp4,data\raw\FaceForensics++_C23\FaceShifter\478_506.mp4,1,FaceShifter,c23,478_506
FaceForensics++,FaceForensics++__FaceShifter__479_706.mp4,data\raw\FaceForensics++_C23\FaceShifter\479_706.mp4,1,FaceShifter,c23,479_706
FaceForensics++,FaceForensics++__FaceShifter__480_389.mp4,data\raw\FaceForensics++_C23\FaceShifter\480_389.mp4,1,FaceShifter,c23,480_389
FaceForensics++,FaceForensics++__FaceShifter__481_469.mp4,data\raw\FaceForensics++_C23\FaceShifter\481_469.mp4,1,FaceShifter,c23,481_469
FaceForensics++,FaceForensics++__FaceShifter__482_465.mp4,data\raw\FaceForensics++_C23\FaceShifter\482_465.mp4,1,FaceShifter,c23,482_465
FaceForensics++,FaceForensics++__FaceShifter__483_370.mp4,data\raw\FaceForensics++_C23\FaceShifter\483_370.mp4,1,FaceShifter,c23,483_370
FaceForensics++,FaceForensics++__FaceShifter__484_415.mp4,data\raw\FaceForensics++_C23\FaceShifter\484_415.mp4,1,FaceShifter,c23,484_415
FaceForensics++,FaceForensics++__FaceShifter__486_680.mp4,data\raw\FaceForensics++_C23\FaceShifter\486_680.mp4,1,FaceShifter,c23,486_680
FaceForensics++,FaceForensics++__FaceShifter__487_477.mp4,data\raw\FaceForensics++_C23\FaceShifter\487_477.mp4,1,FaceShifter,c23,487_477
FaceForensics++,FaceForensics++__FaceShifter__488_399.mp4,data\raw\FaceForensics++_C23\FaceShifter\488_399.mp4,1,FaceShifter,c23,488_399
FaceForensics++,FaceForensics++__FaceShifter__489_022.mp4,data\raw\FaceForensics++_C23\FaceShifter\489_022.mp4,1,FaceShifter,c23,489_022
FaceForensics++,FaceForensics++__FaceShifter__490_534.mp4,data\raw\FaceForensics++_C23\FaceShifter\490_534.mp4,1,FaceShifter,c23,490_534
FaceForensics++,FaceForensics++__FaceShifter__491_226.mp4,data\raw\FaceForensics++_C23\FaceShifter\491_226.mp4,1,FaceShifter,c23,491_226
FaceForensics++,FaceForensics++__FaceShifter__492_325.mp4,data\raw\FaceForensics++_C23\FaceShifter\492_325.mp4,1,FaceShifter,c23,492_325
FaceForensics++,FaceForensics++__FaceShifter__493_538.mp4,data\raw\FaceForensics++_C23\FaceShifter\493_538.mp4,1,FaceShifter,c23,493_538
FaceForensics++,FaceForensics++__FaceShifter__495_512.mp4,data\raw\FaceForensics++_C23\FaceShifter\495_512.mp4,1,FaceShifter,c23,495_512
FaceForensics++,FaceForensics++__FaceShifter__497_403.mp4,data\raw\FaceForensics++_C23\FaceShifter\497_403.mp4,1,FaceShifter,c23,497_403
FaceForensics++,FaceForensics++__FaceShifter__498_433.mp4,data\raw\FaceForensics++_C23\FaceShifter\498_433.mp4,1,FaceShifter,c23,498_433
FaceForensics++,FaceForensics++__FaceShifter__499_539.mp4,data\raw\FaceForensics++_C23\FaceShifter\499_539.mp4,1,FaceShifter,c23,499_539
FaceForensics++,FaceForensics++__FaceShifter__501_326.mp4,data\raw\FaceForensics++_C23\FaceShifter\501_326.mp4,1,FaceShifter,c23,501_326
FaceForensics++,FaceForensics++__FaceShifter__502_504.mp4,data\raw\FaceForensics++_C23\FaceShifter\502_504.mp4,1,FaceShifter,c23,502_504
FaceForensics++,FaceForensics++__FaceShifter__503_756.mp4,data\raw\FaceForensics++_C23\FaceShifter\503_756.mp4,1,FaceShifter,c23,503_756
FaceForensics++,FaceForensics++__FaceShifter__504_502.mp4,data\raw\FaceForensics++_C23\FaceShifter\504_502.mp4,1,FaceShifter,c23,504_502
FaceForensics++,FaceForensics++__FaceShifter__505_600.mp4,data\raw\FaceForensics++_C23\FaceShifter\505_600.mp4,1,FaceShifter,c23,505_600
FaceForensics++,FaceForensics++__FaceShifter__506_478.mp4,data\raw\FaceForensics++_C23\FaceShifter\506_478.mp4,1,FaceShifter,c23,506_478
FaceForensics++,FaceForensics++__FaceShifter__507_418.mp4,data\raw\FaceForensics++_C23\FaceShifter\507_418.mp4,1,FaceShifter,c23,507_418
FaceForensics++,FaceForensics++__FaceShifter__508_831.mp4,data\raw\FaceForensics++_C23\FaceShifter\508_831.mp4,1,FaceShifter,c23,508_831
FaceForensics++,FaceForensics++__FaceShifter__509_525.mp4,data\raw\FaceForensics++_C23\FaceShifter\509_525.mp4,1,FaceShifter,c23,509_525
FaceForensics++,FaceForensics++__FaceShifter__511_472.mp4,data\raw\FaceForensics++_C23\FaceShifter\511_472.mp4,1,FaceShifter,c23,511_472
FaceForensics++,FaceForensics++__FaceShifter__512_495.mp4,data\raw\FaceForensics++_C23\FaceShifter\512_495.mp4,1,FaceShifter,c23,512_495
FaceForensics++,FaceForensics++__FaceShifter__513_305.mp4,data\raw\FaceForensics++_C23\FaceShifter\513_305.mp4,1,FaceShifter,c23,513_305
FaceForensics++,FaceForensics++__FaceShifter__514_443.mp4,data\raw\FaceForensics++_C23\FaceShifter\514_443.mp4,1,FaceShifter,c23,514_443
FaceForensics++,FaceForensics++__FaceShifter__515_519.mp4,data\raw\FaceForensics++_C23\FaceShifter\515_519.mp4,1,FaceShifter,c23,515_519
FaceForensics++,FaceForensics++__FaceShifter__516_555.mp4,data\raw\FaceForensics++_C23\FaceShifter\516_555.mp4,1,FaceShifter,c23,516_555
FaceForensics++,FaceForensics++__FaceShifter__517_521.mp4,data\raw\FaceForensics++_C23\FaceShifter\517_521.mp4,1,FaceShifter,c23,517_521
FaceForensics++,FaceForensics++__FaceShifter__518_131.mp4,data\raw\FaceForensics++_C23\FaceShifter\518_131.mp4,1,FaceShifter,c23,518_131
FaceForensics++,FaceForensics++__FaceShifter__519_515.mp4,data\raw\FaceForensics++_C23\FaceShifter\519_515.mp4,1,FaceShifter,c23,519_515
FaceForensics++,FaceForensics++__FaceShifter__520_542.mp4,data\raw\FaceForensics++_C23\FaceShifter\520_542.mp4,1,FaceShifter,c23,520_542
FaceForensics++,FaceForensics++__FaceShifter__521_517.mp4,data\raw\FaceForensics++_C23\FaceShifter\521_517.mp4,1,FaceShifter,c23,521_517
FaceForensics++,FaceForensics++__FaceShifter__522_337.mp4,data\raw\FaceForensics++_C23\FaceShifter\522_337.mp4,1,FaceShifter,c23,522_337
FaceForensics++,FaceForensics++__FaceShifter__523_541.mp4,data\raw\FaceForensics++_C23\FaceShifter\523_541.mp4,1,FaceShifter,c23,523_541
FaceForensics++,FaceForensics++__FaceShifter__524_580.mp4,data\raw\FaceForensics++_C23\FaceShifter\524_580.mp4,1,FaceShifter,c23,524_580
FaceForensics++,FaceForensics++__FaceShifter__525_509.mp4,data\raw\FaceForensics++_C23\FaceShifter\525_509.mp4,1,FaceShifter,c23,525_509
FaceForensics++,FaceForensics++__FaceShifter__526_436.mp4,data\raw\FaceForensics++_C23\FaceShifter\526_436.mp4,1,FaceShifter,c23,526_436
FaceForensics++,FaceForensics++__FaceShifter__527_454.mp4,data\raw\FaceForensics++_C23\FaceShifter\527_454.mp4,1,FaceShifter,c23,527_454
FaceForensics++,FaceForensics++__FaceShifter__528_510.mp4,data\raw\FaceForensics++_C23\FaceShifter\528_510.mp4,1,FaceShifter,c23,528_510
FaceForensics++,FaceForensics++__FaceShifter__530_594.mp4,data\raw\FaceForensics++_C23\FaceShifter\530_594.mp4,1,FaceShifter,c23,530_594
FaceForensics++,FaceForensics++__FaceShifter__531_549.mp4,data\raw\FaceForensics++_C23\FaceShifter\531_549.mp4,1,FaceShifter,c23,531_549
FaceForensics++,FaceForensics++__FaceShifter__532_544.mp4,data\raw\FaceForensics++_C23\FaceShifter\532_544.mp4,1,FaceShifter,c23,532_544
FaceForensics++,FaceForensics++__FaceShifter__535_587.mp4,data\raw\FaceForensics++_C23\FaceShifter\535_587.mp4,1,FaceShifter,c23,535_587
FaceForensics++,FaceForensics++__FaceShifter__536_540.mp4,data\raw\FaceForensics++_C23\FaceShifter\536_540.mp4,1,FaceShifter,c23,536_540
FaceForensics++,FaceForensics++__FaceShifter__537_563.mp4,data\raw\FaceForensics++_C23\FaceShifter\537_563.mp4,1,FaceShifter,c23,537_563
FaceForensics++,FaceForensics++__FaceShifter__540_536.mp4,data\raw\FaceForensics++_C23\FaceShifter\540_536.mp4,1,FaceShifter,c23,540_536
FaceForensics++,FaceForensics++__FaceShifter__541_523.mp4,data\raw\FaceForensics++_C23\FaceShifter\541_523.mp4,1,FaceShifter,c23,541_523
FaceForensics++,FaceForensics++__FaceShifter__542_520.mp4,data\raw\FaceForensics++_C23\FaceShifter\542_520.mp4,1,FaceShifter,c23,542_520
FaceForensics++,FaceForensics++__FaceShifter__544_532.mp4,data\raw\FaceForensics++_C23\FaceShifter\544_532.mp4,1,FaceShifter,c23,544_532
FaceForensics++,FaceForensics++__FaceShifter__545_553.mp4,data\raw\FaceForensics++_C23\FaceShifter\545_553.mp4,1,FaceShifter,c23,545_553
FaceForensics++,FaceForensics++__FaceShifter__547_574.mp4,data\raw\FaceForensics++_C23\FaceShifter\547_574.mp4,1,FaceShifter,c23,547_574
FaceForensics++,FaceForensics++__FaceShifter__548_632.mp4,data\raw\FaceForensics++_C23\FaceShifter\548_632.mp4,1,FaceShifter,c23,548_632
FaceForensics++,FaceForensics++__FaceShifter__549_531.mp4,data\raw\FaceForensics++_C23\FaceShifter\549_531.mp4,1,FaceShifter,c23,549_531
FaceForensics++,FaceForensics++__FaceShifter__550_452.mp4,data\raw\FaceForensics++_C23\FaceShifter\550_452.mp4,1,FaceShifter,c23,550_452
FaceForensics++,FaceForensics++__FaceShifter__551_631.mp4,data\raw\FaceForensics++_C23\FaceShifter\551_631.mp4,1,FaceShifter,c23,551_631
FaceForensics++,FaceForensics++__FaceShifter__553_545.mp4,data\raw\FaceForensics++_C23\FaceShifter\553_545.mp4,1,FaceShifter,c23,553_545
FaceForensics++,FaceForensics++__FaceShifter__554_572.mp4,data\raw\FaceForensics++_C23\FaceShifter\554_572.mp4,1,FaceShifter,c23,554_572
FaceForensics++,FaceForensics++__FaceShifter__556_588.mp4,data\raw\FaceForensics++_C23\FaceShifter\556_588.mp4,1,FaceShifter,c23,556_588
FaceForensics++,FaceForensics++__FaceShifter__557_560.mp4,data\raw\FaceForensics++_C23\FaceShifter\557_560.mp4,1,FaceShifter,c23,557_560
FaceForensics++,FaceForensics++__FaceShifter__558_583.mp4,data\raw\FaceForensics++_C23\FaceShifter\558_583.mp4,1,FaceShifter,c23,558_583
FaceForensics++,FaceForensics++__FaceShifter__561_998.mp4,data\raw\FaceForensics++_C23\FaceShifter\561_998.mp4,1,FaceShifter,c23,561_998
FaceForensics++,FaceForensics++__FaceShifter__562_626.mp4,data\raw\FaceForensics++_C23\FaceShifter\562_626.mp4,1,FaceShifter,c23,562_626
FaceForensics++,FaceForensics++__FaceShifter__563_537.mp4,data\raw\FaceForensics++_C23\FaceShifter\563_537.mp4,1,FaceShifter,c23,563_537
FaceForensics++,FaceForensics++__FaceShifter__565_589.mp4,data\raw\FaceForensics++_C23\FaceShifter\565_589.mp4,1,FaceShifter,c23,565_589
FaceForensics++,FaceForensics++__FaceShifter__566_617.mp4,data\raw\FaceForensics++_C23\FaceShifter\566_617.mp4,1,FaceShifter,c23,566_617
FaceForensics++,FaceForensics++__FaceShifter__568_628.mp4,data\raw\FaceForensics++_C23\FaceShifter\568_628.mp4,1,FaceShifter,c23,568_628
FaceForensics++,FaceForensics++__FaceShifter__569_921.mp4,data\raw\FaceForensics++_C23\FaceShifter\569_921.mp4,1,FaceShifter,c23,569_921
FaceForensics++,FaceForensics++__FaceShifter__571_746.mp4,data\raw\FaceForensics++_C23\FaceShifter\571_746.mp4,1,FaceShifter,c23,571_746
FaceForensics++,FaceForensics++__FaceShifter__572_554.mp4,data\raw\FaceForensics++_C23\FaceShifter\572_554.mp4,1,FaceShifter,c23,572_554
FaceForensics++,FaceForensics++__FaceShifter__573_757.mp4,data\raw\FaceForensics++_C23\FaceShifter\573_757.mp4,1,FaceShifter,c23,573_757
FaceForensics++,FaceForensics++__FaceShifter__574_547.mp4,data\raw\FaceForensics++_C23\FaceShifter\574_547.mp4,1,FaceShifter,c23,574_547
FaceForensics++,FaceForensics++__FaceShifter__575_603.mp4,data\raw\FaceForensics++_C23\FaceShifter\575_603.mp4,1,FaceShifter,c23,575_603
FaceForensics++,FaceForensics++__FaceShifter__576_155.mp4,data\raw\FaceForensics++_C23\FaceShifter\576_155.mp4,1,FaceShifter,c23,576_155
FaceForensics++,FaceForensics++__FaceShifter__577_593.mp4,data\raw\FaceForensics++_C23\FaceShifter\577_593.mp4,1,FaceShifter,c23,577_593
FaceForensics++,FaceForensics++__FaceShifter__578_636.mp4,data\raw\FaceForensics++_C23\FaceShifter\578_636.mp4,1,FaceShifter,c23,578_636
FaceForensics++,FaceForensics++__FaceShifter__579_701.mp4,data\raw\FaceForensics++_C23\FaceShifter\579_701.mp4,1,FaceShifter,c23,579_701
FaceForensics++,FaceForensics++__FaceShifter__581_697.mp4,data\raw\FaceForensics++_C23\FaceShifter\581_697.mp4,1,FaceShifter,c23,581_697
FaceForensics++,FaceForensics++__FaceShifter__582_172.mp4,data\raw\FaceForensics++_C23\FaceShifter\582_172.mp4,1,FaceShifter,c23,582_172
FaceForensics++,FaceForensics++__FaceShifter__584_823.mp4,data\raw\FaceForensics++_C23\FaceShifter\584_823.mp4,1,FaceShifter,c23,584_823
FaceForensics++,FaceForensics++__FaceShifter__585_599.mp4,data\raw\FaceForensics++_C23\FaceShifter\585_599.mp4,1,FaceShifter,c23,585_599
FaceForensics++,FaceForensics++__FaceShifter__586_223.mp4,data\raw\FaceForensics++_C23\FaceShifter\586_223.mp4,1,FaceShifter,c23,586_223
FaceForensics++,FaceForensics++__FaceShifter__588_556.mp4,data\raw\FaceForensics++_C23\FaceShifter\588_556.mp4,1,FaceShifter,c23,588_556
FaceForensics++,FaceForensics++__FaceShifter__589_565.mp4,data\raw\FaceForensics++_C23\FaceShifter\589_565.mp4,1,FaceShifter,c23,589_565
FaceForensics++,FaceForensics++__FaceShifter__591_605.mp4,data\raw\FaceForensics++_C23\FaceShifter\591_605.mp4,1,FaceShifter,c23,591_605
FaceForensics++,FaceForensics++__FaceShifter__592_500.mp4,data\raw\FaceForensics++_C23\FaceShifter\592_500.mp4,1,FaceShifter,c23,592_500
FaceForensics++,FaceForensics++__FaceShifter__594_530.mp4,data\raw\FaceForensics++_C23\FaceShifter\594_530.mp4,1,FaceShifter,c23,594_530
FaceForensics++,FaceForensics++__FaceShifter__595_597.mp4,data\raw\FaceForensics++_C23\FaceShifter\595_597.mp4,1,FaceShifter,c23,595_597
FaceForensics++,FaceForensics++__FaceShifter__596_609.mp4,data\raw\FaceForensics++_C23\FaceShifter\596_609.mp4,1,FaceShifter,c23,596_609
FaceForensics++,FaceForensics++__FaceShifter__597_595.mp4,data\raw\FaceForensics++_C23\FaceShifter\597_595.mp4,1,FaceShifter,c23,597_595
FaceForensics++,FaceForensics++__FaceShifter__598_178.mp4,data\raw\FaceForensics++_C23\FaceShifter\598_178.mp4,1,FaceShifter,c23,598_178
FaceForensics++,FaceForensics++__FaceShifter__600_505.mp4,data\raw\FaceForensics++_C23\FaceShifter\600_505.mp4,1,FaceShifter,c23,600_505
FaceForensics++,FaceForensics++__FaceShifter__601_653.mp4,data\raw\FaceForensics++_C23\FaceShifter\601_653.mp4,1,FaceShifter,c23,601_653
FaceForensics++,FaceForensics++__FaceShifter__605_591.mp4,data\raw\FaceForensics++_C23\FaceShifter\605_591.mp4,1,FaceShifter,c23,605_591
FaceForensics++,FaceForensics++__FaceShifter__606_567.mp4,data\raw\FaceForensics++_C23\FaceShifter\606_567.mp4,1,FaceShifter,c23,606_567
FaceForensics++,FaceForensics++__FaceShifter__607_683.mp4,data\raw\FaceForensics++_C23\FaceShifter\607_683.mp4,1,FaceShifter,c23,607_683
FaceForensics++,FaceForensics++__FaceShifter__608_675.mp4,data\raw\FaceForensics++_C23\FaceShifter\608_675.mp4,1,FaceShifter,c23,608_675
FaceForensics++,FaceForensics++__FaceShifter__609_596.mp4,data\raw\FaceForensics++_C23\FaceShifter\609_596.mp4,1,FaceShifter,c23,609_596
FaceForensics++,FaceForensics++__FaceShifter__610_692.mp4,data\raw\FaceForensics++_C23\FaceShifter\610_692.mp4,1,FaceShifter,c23,610_692
FaceForensics++,FaceForensics++__FaceShifter__611_760.mp4,data\raw\FaceForensics++_C23\FaceShifter\611_760.mp4,1,FaceShifter,c23,611_760
FaceForensics++,FaceForensics++__FaceShifter__613_685.mp4,data\raw\FaceForensics++_C23\FaceShifter\613_685.mp4,1,FaceShifter,c23,613_685
FaceForensics++,FaceForensics++__FaceShifter__614_616.mp4,data\raw\FaceForensics++_C23\FaceShifter\614_616.mp4,1,FaceShifter,c23,614_616
FaceForensics++,FaceForensics++__FaceShifter__615_687.mp4,data\raw\FaceForensics++_C23\FaceShifter\615_687.mp4,1,FaceShifter,c23,615_687
FaceForensics++,FaceForensics++__FaceShifter__617_566.mp4,data\raw\FaceForensics++_C23\FaceShifter\617_566.mp4,1,FaceShifter,c23,617_566
FaceForensics++,FaceForensics++__FaceShifter__618_629.mp4,data\raw\FaceForensics++_C23\FaceShifter\618_629.mp4,1,FaceShifter,c23,618_629
FaceForensics++,FaceForensics++__FaceShifter__619_620.mp4,data\raw\FaceForensics++_C23\FaceShifter\619_620.mp4,1,FaceShifter,c23,619_620
FaceForensics++,FaceForensics++__FaceShifter__620_619.mp4,data\raw\FaceForensics++_C23\FaceShifter\620_619.mp4,1,FaceShifter,c23,620_619
FaceForensics++,FaceForensics++__FaceShifter__621_546.mp4,data\raw\FaceForensics++_C23\FaceShifter\621_546.mp4,1,FaceShifter,c23,621_546
FaceForensics++,FaceForensics++__FaceShifter__622_647.mp4,data\raw\FaceForensics++_C23\FaceShifter\622_647.mp4,1,FaceShifter,c23,622_647
FaceForensics++,FaceForensics++__FaceShifter__623_630.mp4,data\raw\FaceForensics++_C23\FaceShifter\623_630.mp4,1,FaceShifter,c23,623_630
FaceForensics++,FaceForensics++__FaceShifter__624_570.mp4,data\raw\FaceForensics++_C23\FaceShifter\624_570.mp4,1,FaceShifter,c23,624_570
FaceForensics++,FaceForensics++__FaceShifter__626_562.mp4,data\raw\FaceForensics++_C23\FaceShifter\626_562.mp4,1,FaceShifter,c23,626_562
FaceForensics++,FaceForensics++__FaceShifter__627_658.mp4,data\raw\FaceForensics++_C23\FaceShifter\627_658.mp4,1,FaceShifter,c23,627_658
FaceForensics++,FaceForensics++__FaceShifter__628_568.mp4,data\raw\FaceForensics++_C23\FaceShifter\628_568.mp4,1,FaceShifter,c23,628_568
FaceForensics++,FaceForensics++__FaceShifter__632_548.mp4,data\raw\FaceForensics++_C23\FaceShifter\632_548.mp4,1,FaceShifter,c23,632_548
FaceForensics++,FaceForensics++__FaceShifter__633_529.mp4,data\raw\FaceForensics++_C23\FaceShifter\633_529.mp4,1,FaceShifter,c23,633_529
FaceForensics++,FaceForensics++__FaceShifter__634_660.mp4,data\raw\FaceForensics++_C23\FaceShifter\634_660.mp4,1,FaceShifter,c23,634_660
FaceForensics++,FaceForensics++__FaceShifter__636_578.mp4,data\raw\FaceForensics++_C23\FaceShifter\636_578.mp4,1,FaceShifter,c23,636_578
FaceForensics++,FaceForensics++__FaceShifter__637_427.mp4,data\raw\FaceForensics++_C23\FaceShifter\637_427.mp4,1,FaceShifter,c23,637_427
FaceForensics++,FaceForensics++__FaceShifter__638_640.mp4,data\raw\FaceForensics++_C23\FaceShifter\638_640.mp4,1,FaceShifter,c23,638_640
FaceForensics++,FaceForensics++__FaceShifter__639_841.mp4,data\raw\FaceForensics++_C23\FaceShifter\639_841.mp4,1,FaceShifter,c23,639_841
FaceForensics++,FaceForensics++__FaceShifter__642_635.mp4,data\raw\FaceForensics++_C23\FaceShifter\642_635.mp4,1,FaceShifter,c23,642_635
FaceForensics++,FaceForensics++__FaceShifter__643_646.mp4,data\raw\FaceForensics++_C23\FaceShifter\643_646.mp4,1,FaceShifter,c23,643_646
FaceForensics++,FaceForensics++__FaceShifter__645_688.mp4,data\raw\FaceForensics++_C23\FaceShifter\645_688.mp4,1,FaceShifter,c23,645_688
FaceForensics++,FaceForensics++__FaceShifter__647_622.mp4,data\raw\FaceForensics++_C23\FaceShifter\647_622.mp4,1,FaceShifter,c23,647_622
FaceForensics++,FaceForensics++__FaceShifter__650_625.mp4,data\raw\FaceForensics++_C23\FaceShifter\650_625.mp4,1,FaceShifter,c23,650_625
FaceForensics++,FaceForensics++__FaceShifter__651_835.mp4,data\raw\FaceForensics++_C23\FaceShifter\651_835.mp4,1,FaceShifter,c23,651_835
FaceForensics++,FaceForensics++__FaceShifter__652_773.mp4,data\raw\FaceForensics++_C23\FaceShifter\652_773.mp4,1,FaceShifter,c23,652_773
FaceForensics++,FaceForensics++__FaceShifter__653_601.mp4,data\raw\FaceForensics++_C23\FaceShifter\653_601.mp4,1,FaceShifter,c23,653_601
FaceForensics++,FaceForensics++__FaceShifter__654_648.mp4,data\raw\FaceForensics++_C23\FaceShifter\654_648.mp4,1,FaceShifter,c23,654_648
FaceForensics++,FaceForensics++__FaceShifter__655_444.mp4,data\raw\FaceForensics++_C23\FaceShifter\655_444.mp4,1,FaceShifter,c23,655_444
FaceForensics++,FaceForensics++__FaceShifter__656_666.mp4,data\raw\FaceForensics++_C23\FaceShifter\656_666.mp4,1,FaceShifter,c23,656_666
FaceForensics++,FaceForensics++__FaceShifter__658_627.mp4,data\raw\FaceForensics++_C23\FaceShifter\658_627.mp4,1,FaceShifter,c23,658_627
FaceForensics++,FaceForensics++__FaceShifter__659_749.mp4,data\raw\FaceForensics++_C23\FaceShifter\659_749.mp4,1,FaceShifter,c23,659_749
FaceForensics++,FaceForensics++__FaceShifter__660_634.mp4,data\raw\FaceForensics++_C23\FaceShifter\660_634.mp4,1,FaceShifter,c23,660_634
FaceForensics++,FaceForensics++__FaceShifter__662_641.mp4,data\raw\FaceForensics++_C23\FaceShifter\662_641.mp4,1,FaceShifter,c23,662_641
FaceForensics++,FaceForensics++__FaceShifter__663_231.mp4,data\raw\FaceForensics++_C23\FaceShifter\663_231.mp4,1,FaceShifter,c23,663_231
FaceForensics++,FaceForensics++__FaceShifter__664_668.mp4,data\raw\FaceForensics++_C23\FaceShifter\664_668.mp4,1,FaceShifter,c23,664_668
FaceForensics++,FaceForensics++__FaceShifter__667_446.mp4,data\raw\FaceForensics++_C23\FaceShifter\667_446.mp4,1,FaceShifter,c23,667_446
FaceForensics++,FaceForensics++__FaceShifter__668_664.mp4,data\raw\FaceForensics++_C23\FaceShifter\668_664.mp4,1,FaceShifter,c23,668_664
FaceForensics++,FaceForensics++__FaceShifter__669_682.mp4,data\raw\FaceForensics++_C23\FaceShifter\669_682.mp4,1,FaceShifter,c23,669_682
FaceForensics++,FaceForensics++__FaceShifter__670_661.mp4,data\raw\FaceForensics++_C23\FaceShifter\670_661.mp4,1,FaceShifter,c23,670_661
FaceForensics++,FaceForensics++__FaceShifter__671_677.mp4,data\raw\FaceForensics++_C23\FaceShifter\671_677.mp4,1,FaceShifter,c23,671_677
FaceForensics++,FaceForensics++__FaceShifter__672_720.mp4,data\raw\FaceForensics++_C23\FaceShifter\672_720.mp4,1,FaceShifter,c23,672_720
FaceForensics++,FaceForensics++__FaceShifter__673_728.mp4,data\raw\FaceForensics++_C23\FaceShifter\673_728.mp4,1,FaceShifter,c23,673_728
FaceForensics++,FaceForensics++__FaceShifter__674_744.mp4,data\raw\FaceForensics++_C23\FaceShifter\674_744.mp4,1,FaceShifter,c23,674_744
FaceForensics++,FaceForensics++__FaceShifter__675_608.mp4,data\raw\FaceForensics++_C23\FaceShifter\675_608.mp4,1,FaceShifter,c23,675_608
FaceForensics++,FaceForensics++__FaceShifter__676_776.mp4,data\raw\FaceForensics++_C23\FaceShifter\676_776.mp4,1,FaceShifter,c23,676_776
FaceForensics++,FaceForensics++__FaceShifter__677_671.mp4,data\raw\FaceForensics++_C23\FaceShifter\677_671.mp4,1,FaceShifter,c23,677_671
FaceForensics++,FaceForensics++__FaceShifter__679_665.mp4,data\raw\FaceForensics++_C23\FaceShifter\679_665.mp4,1,FaceShifter,c23,679_665
FaceForensics++,FaceForensics++__FaceShifter__681_711.mp4,data\raw\FaceForensics++_C23\FaceShifter\681_711.mp4,1,FaceShifter,c23,681_711
FaceForensics++,FaceForensics++__FaceShifter__682_669.mp4,data\raw\FaceForensics++_C23\FaceShifter\682_669.mp4,1,FaceShifter,c23,682_669
FaceForensics++,FaceForensics++__FaceShifter__683_607.mp4,data\raw\FaceForensics++_C23\FaceShifter\683_607.mp4,1,FaceShifter,c23,683_607
FaceForensics++,FaceForensics++__FaceShifter__684_717.mp4,data\raw\FaceForensics++_C23\FaceShifter\684_717.mp4,1,FaceShifter,c23,684_717
FaceForensics++,FaceForensics++__FaceShifter__686_696.mp4,data\raw\FaceForensics++_C23\FaceShifter\686_696.mp4,1,FaceShifter,c23,686_696
FaceForensics++,FaceForensics++__FaceShifter__688_645.mp4,data\raw\FaceForensics++_C23\FaceShifter\688_645.mp4,1,FaceShifter,c23,688_645
FaceForensics++,FaceForensics++__FaceShifter__689_690.mp4,data\raw\FaceForensics++_C23\FaceShifter\689_690.mp4,1,FaceShifter,c23,689_690
FaceForensics++,FaceForensics++__FaceShifter__690_689.mp4,data\raw\FaceForensics++_C23\FaceShifter\690_689.mp4,1,FaceShifter,c23,690_689
FaceForensics++,FaceForensics++__FaceShifter__691_732.mp4,data\raw\FaceForensics++_C23\FaceShifter\691_732.mp4,1,FaceShifter,c23,691_732
FaceForensics++,FaceForensics++__FaceShifter__693_698.mp4,data\raw\FaceForensics++_C23\FaceShifter\693_698.mp4,1,FaceShifter,c23,693_698
FaceForensics++,FaceForensics++__FaceShifter__694_767.mp4,data\raw\FaceForensics++_C23\FaceShifter\694_767.mp4,1,FaceShifter,c23,694_767
FaceForensics++,FaceForensics++__FaceShifter__695_422.mp4,data\raw\FaceForensics++_C23\FaceShifter\695_422.mp4,1,FaceShifter,c23,695_422
FaceForensics++,FaceForensics++__FaceShifter__696_686.mp4,data\raw\FaceForensics++_C23\FaceShifter\696_686.mp4,1,FaceShifter,c23,696_686
FaceForensics++,FaceForensics++__FaceShifter__697_581.mp4,data\raw\FaceForensics++_C23\FaceShifter\697_581.mp4,1,FaceShifter,c23,697_581
FaceForensics++,FaceForensics++__FaceShifter__698_693.mp4,data\raw\FaceForensics++_C23\FaceShifter\698_693.mp4,1,FaceShifter,c23,698_693
FaceForensics++,FaceForensics++__FaceShifter__699_734.mp4,data\raw\FaceForensics++_C23\FaceShifter\699_734.mp4,1,FaceShifter,c23,699_734
FaceForensics++,FaceForensics++__FaceShifter__700_813.mp4,data\raw\FaceForensics++_C23\FaceShifter\700_813.mp4,1,FaceShifter,c23,700_813
FaceForensics++,FaceForensics++__FaceShifter__701_579.mp4,data\raw\FaceForensics++_C23\FaceShifter\701_579.mp4,1,FaceShifter,c23,701_579
FaceForensics++,FaceForensics++__FaceShifter__702_612.mp4,data\raw\FaceForensics++_C23\FaceShifter\702_612.mp4,1,FaceShifter,c23,702_612
FaceForensics++,FaceForensics++__FaceShifter__703_604.mp4,data\raw\FaceForensics++_C23\FaceShifter\703_604.mp4,1,FaceShifter,c23,703_604
FaceForensics++,FaceForensics++__FaceShifter__705_707.mp4,data\raw\FaceForensics++_C23\FaceShifter\705_707.mp4,1,FaceShifter,c23,705_707
FaceForensics++,FaceForensics++__FaceShifter__707_705.mp4,data\raw\FaceForensics++_C23\FaceShifter\707_705.mp4,1,FaceShifter,c23,707_705
FaceForensics++,FaceForensics++__FaceShifter__708_772.mp4,data\raw\FaceForensics++_C23\FaceShifter\708_772.mp4,1,FaceShifter,c23,708_772
FaceForensics++,FaceForensics++__FaceShifter__709_390.mp4,data\raw\FaceForensics++_C23\FaceShifter\709_390.mp4,1,FaceShifter,c23,709_390
FaceForensics++,FaceForensics++__FaceShifter__710_788.mp4,data\raw\FaceForensics++_C23\FaceShifter\710_788.mp4,1,FaceShifter,c23,710_788
FaceForensics++,FaceForensics++__FaceShifter__711_681.mp4,data\raw\FaceForensics++_C23\FaceShifter\711_681.mp4,1,FaceShifter,c23,711_681
FaceForensics++,FaceForensics++__FaceShifter__712_716.mp4,data\raw\FaceForensics++_C23\FaceShifter\712_716.mp4,1,FaceShifter,c23,712_716
FaceForensics++,FaceForensics++__FaceShifter__713_726.mp4,data\raw\FaceForensics++_C23\FaceShifter\713_726.mp4,1,FaceShifter,c23,713_726
FaceForensics++,FaceForensics++__FaceShifter__714_842.mp4,data\raw\FaceForensics++_C23\FaceShifter\714_842.mp4,1,FaceShifter,c23,714_842
FaceForensics++,FaceForensics++__FaceShifter__715_721.mp4,data\raw\FaceForensics++_C23\FaceShifter\715_721.mp4,1,FaceShifter,c23,715_721
FaceForensics++,FaceForensics++__FaceShifter__716_712.mp4,data\raw\FaceForensics++_C23\FaceShifter\716_712.mp4,1,FaceShifter,c23,716_712
FaceForensics++,FaceForensics++__FaceShifter__719_737.mp4,data\raw\FaceForensics++_C23\FaceShifter\719_737.mp4,1,FaceShifter,c23,719_737
FaceForensics++,FaceForensics++__FaceShifter__720_672.mp4,data\raw\FaceForensics++_C23\FaceShifter\720_672.mp4,1,FaceShifter,c23,720_672
FaceForensics++,FaceForensics++__FaceShifter__722_458.mp4,data\raw\FaceForensics++_C23\FaceShifter\722_458.mp4,1,FaceShifter,c23,722_458
FaceForensics++,FaceForensics++__FaceShifter__723_704.mp4,data\raw\FaceForensics++_C23\FaceShifter\723_704.mp4,1,FaceShifter,c23,723_704
FaceForensics++,FaceForensics++__FaceShifter__724_725.mp4,data\raw\FaceForensics++_C23\FaceShifter\724_725.mp4,1,FaceShifter,c23,724_725
FaceForensics++,FaceForensics++__FaceShifter__725_724.mp4,data\raw\FaceForensics++_C23\FaceShifter\725_724.mp4,1,FaceShifter,c23,725_724
FaceForensics++,FaceForensics++__FaceShifter__727_729.mp4,data\raw\FaceForensics++_C23\FaceShifter\727_729.mp4,1,FaceShifter,c23,727_729
FaceForensics++,FaceForensics++__FaceShifter__728_673.mp4,data\raw\FaceForensics++_C23\FaceShifter\728_673.mp4,1,FaceShifter,c23,728_673
FaceForensics++,FaceForensics++__FaceShifter__729_727.mp4,data\raw\FaceForensics++_C23\FaceShifter\729_727.mp4,1,FaceShifter,c23,729_727
FaceForensics++,FaceForensics++__FaceShifter__730_815.mp4,data\raw\FaceForensics++_C23\FaceShifter\730_815.mp4,1,FaceShifter,c23,730_815
FaceForensics++,FaceForensics++__FaceShifter__731_741.mp4,data\raw\FaceForensics++_C23\FaceShifter\731_741.mp4,1,FaceShifter,c23,731_741
FaceForensics++,FaceForensics++__FaceShifter__733_935.mp4,data\raw\FaceForensics++_C23\FaceShifter\733_935.mp4,1,FaceShifter,c23,733_935
FaceForensics++,FaceForensics++__FaceShifter__734_699.mp4,data\raw\FaceForensics++_C23\FaceShifter\734_699.mp4,1,FaceShifter,c23,734_699
FaceForensics++,FaceForensics++__FaceShifter__735_774.mp4,data\raw\FaceForensics++_C23\FaceShifter\735_774.mp4,1,FaceShifter,c23,735_774
FaceForensics++,FaceForensics++__FaceShifter__736_785.mp4,data\raw\FaceForensics++_C23\FaceShifter\736_785.mp4,1,FaceShifter,c23,736_785
FaceForensics++,FaceForensics++__FaceShifter__737_719.mp4,data\raw\FaceForensics++_C23\FaceShifter\737_719.mp4,1,FaceShifter,c23,737_719
FaceForensics++,FaceForensics++__FaceShifter__739_865.mp4,data\raw\FaceForensics++_C23\FaceShifter\739_865.mp4,1,FaceShifter,c23,739_865
FaceForensics++,FaceForensics++__FaceShifter__740_796.mp4,data\raw\FaceForensics++_C23\FaceShifter\740_796.mp4,1,FaceShifter,c23,740_796
FaceForensics++,FaceForensics++__FaceShifter__742_775.mp4,data\raw\FaceForensics++_C23\FaceShifter\742_775.mp4,1,FaceShifter,c23,742_775
FaceForensics++,FaceForensics++__FaceShifter__743_750.mp4,data\raw\FaceForensics++_C23\FaceShifter\743_750.mp4,1,FaceShifter,c23,743_750
FaceForensics++,FaceForensics++__FaceShifter__744_674.mp4,data\raw\FaceForensics++_C23\FaceShifter\744_674.mp4,1,FaceShifter,c23,744_674
FaceForensics++,FaceForensics++__FaceShifter__745_777.mp4,data\raw\FaceForensics++_C23\FaceShifter\745_777.mp4,1,FaceShifter,c23,745_777
FaceForensics++,FaceForensics++__FaceShifter__746_571.mp4,data\raw\FaceForensics++_C23\FaceShifter\746_571.mp4,1,FaceShifter,c23,746_571
FaceForensics++,FaceForensics++__FaceShifter__748_355.mp4,data\raw\FaceForensics++_C23\FaceShifter\748_355.mp4,1,FaceShifter,c23,748_355
FaceForensics++,FaceForensics++__FaceShifter__749_659.mp4,data\raw\FaceForensics++_C23\FaceShifter\749_659.mp4,1,FaceShifter,c23,749_659
FaceForensics++,FaceForensics++__FaceShifter__750_743.mp4,data\raw\FaceForensics++_C23\FaceShifter\750_743.mp4,1,FaceShifter,c23,750_743
FaceForensics++,FaceForensics++__FaceShifter__751_752.mp4,data\raw\FaceForensics++_C23\FaceShifter\751_752.mp4,1,FaceShifter,c23,751_752
FaceForensics++,FaceForensics++__FaceShifter__753_789.mp4,data\raw\FaceForensics++_C23\FaceShifter\753_789.mp4,1,FaceShifter,c23,753_789
FaceForensics++,FaceForensics++__FaceShifter__754_758.mp4,data\raw\FaceForensics++_C23\FaceShifter\754_758.mp4,1,FaceShifter,c23,754_758
FaceForensics++,FaceForensics++__FaceShifter__755_759.mp4,data\raw\FaceForensics++_C23\FaceShifter\755_759.mp4,1,FaceShifter,c23,755_759
FaceForensics++,FaceForensics++__FaceShifter__756_503.mp4,data\raw\FaceForensics++_C23\FaceShifter\756_503.mp4,1,FaceShifter,c23,756_503
FaceForensics++,FaceForensics++__FaceShifter__757_573.mp4,data\raw\FaceForensics++_C23\FaceShifter\757_573.mp4,1,FaceShifter,c23,757_573
FaceForensics++,FaceForensics++__FaceShifter__758_754.mp4,data\raw\FaceForensics++_C23\FaceShifter\758_754.mp4,1,FaceShifter,c23,758_754
FaceForensics++,FaceForensics++__FaceShifter__759_755.mp4,data\raw\FaceForensics++_C23\FaceShifter\759_755.mp4,1,FaceShifter,c23,759_755
FaceForensics++,FaceForensics++__FaceShifter__760_611.mp4,data\raw\FaceForensics++_C23\FaceShifter\760_611.mp4,1,FaceShifter,c23,760_611
FaceForensics++,FaceForensics++__FaceShifter__761_766.mp4,data\raw\FaceForensics++_C23\FaceShifter\761_766.mp4,1,FaceShifter,c23,761_766
FaceForensics++,FaceForensics++__FaceShifter__762_832.mp4,data\raw\FaceForensics++_C23\FaceShifter\762_832.mp4,1,FaceShifter,c23,762_832
FaceForensics++,FaceForensics++__FaceShifter__763_930.mp4,data\raw\FaceForensics++_C23\FaceShifter\763_930.mp4,1,FaceShifter,c23,763_930
FaceForensics++,FaceForensics++__FaceShifter__764_850.mp4,data\raw\FaceForensics++_C23\FaceShifter\764_850.mp4,1,FaceShifter,c23,764_850
FaceForensics++,FaceForensics++__FaceShifter__765_867.mp4,data\raw\FaceForensics++_C23\FaceShifter\765_867.mp4,1,FaceShifter,c23,765_867
FaceForensics++,FaceForensics++__FaceShifter__767_694.mp4,data\raw\FaceForensics++_C23\FaceShifter\767_694.mp4,1,FaceShifter,c23,767_694
FaceForensics++,FaceForensics++__FaceShifter__768_793.mp4,data\raw\FaceForensics++_C23\FaceShifter\768_793.mp4,1,FaceShifter,c23,768_793
FaceForensics++,FaceForensics++__FaceShifter__769_784.mp4,data\raw\FaceForensics++_C23\FaceShifter\769_784.mp4,1,FaceShifter,c23,769_784
FaceForensics++,FaceForensics++__FaceShifter__770_791.mp4,data\raw\FaceForensics++_C23\FaceShifter\770_791.mp4,1,FaceShifter,c23,770_791
FaceForensics++,FaceForensics++__FaceShifter__771_849.mp4,data\raw\FaceForensics++_C23\FaceShifter\771_849.mp4,1,FaceShifter,c23,771_849
FaceForensics++,FaceForensics++__FaceShifter__772_708.mp4,data\raw\FaceForensics++_C23\FaceShifter\772_708.mp4,1,FaceShifter,c23,772_708
FaceForensics++,FaceForensics++__FaceShifter__773_652.mp4,data\raw\FaceForensics++_C23\FaceShifter\773_652.mp4,1,FaceShifter,c23,773_652
FaceForensics++,FaceForensics++__FaceShifter__774_735.mp4,data\raw\FaceForensics++_C23\FaceShifter\774_735.mp4,1,FaceShifter,c23,774_735
FaceForensics++,FaceForensics++__FaceShifter__775_742.mp4,data\raw\FaceForensics++_C23\FaceShifter\775_742.mp4,1,FaceShifter,c23,775_742
FaceForensics++,FaceForensics++__FaceShifter__776_676.mp4,data\raw\FaceForensics++_C23\FaceShifter\776_676.mp4,1,FaceShifter,c23,776_676
FaceForensics++,FaceForensics++__FaceShifter__777_745.mp4,data\raw\FaceForensics++_C23\FaceShifter\777_745.mp4,1,FaceShifter,c23,777_745
FaceForensics++,FaceForensics++__FaceShifter__778_798.mp4,data\raw\FaceForensics++_C23\FaceShifter\778_798.mp4,1,FaceShifter,c23,778_798
FaceForensics++,FaceForensics++__FaceShifter__779_794.mp4,data\raw\FaceForensics++_C23\FaceShifter\779_794.mp4,1,FaceShifter,c23,779_794
FaceForensics++,FaceForensics++__FaceShifter__781_806.mp4,data\raw\FaceForensics++_C23\FaceShifter\781_806.mp4,1,FaceShifter,c23,781_806
FaceForensics++,FaceForensics++__FaceShifter__782_787.mp4,data\raw\FaceForensics++_C23\FaceShifter\782_787.mp4,1,FaceShifter,c23,782_787
FaceForensics++,FaceForensics++__FaceShifter__783_916.mp4,data\raw\FaceForensics++_C23\FaceShifter\783_916.mp4,1,FaceShifter,c23,783_916
FaceForensics++,FaceForensics++__FaceShifter__784_769.mp4,data\raw\FaceForensics++_C23\FaceShifter\784_769.mp4,1,FaceShifter,c23,784_769
FaceForensics++,FaceForensics++__FaceShifter__785_736.mp4,data\raw\FaceForensics++_C23\FaceShifter\785_736.mp4,1,FaceShifter,c23,785_736
FaceForensics++,FaceForensics++__FaceShifter__786_819.mp4,data\raw\FaceForensics++_C23\FaceShifter\786_819.mp4,1,FaceShifter,c23,786_819
FaceForensics++,FaceForensics++__FaceShifter__788_710.mp4,data\raw\FaceForensics++_C23\FaceShifter\788_710.mp4,1,FaceShifter,c23,788_710
FaceForensics++,FaceForensics++__FaceShifter__789_753.mp4,data\raw\FaceForensics++_C23\FaceShifter\789_753.mp4,1,FaceShifter,c23,789_753
FaceForensics++,FaceForensics++__FaceShifter__790_014.mp4,data\raw\FaceForensics++_C23\FaceShifter\790_014.mp4,1,FaceShifter,c23,790_014
FaceForensics++,FaceForensics++__FaceShifter__791_770.mp4,data\raw\FaceForensics++_C23\FaceShifter\791_770.mp4,1,FaceShifter,c23,791_770
FaceForensics++,FaceForensics++__FaceShifter__792_903.mp4,data\raw\FaceForensics++_C23\FaceShifter\792_903.mp4,1,FaceShifter,c23,792_903
FaceForensics++,FaceForensics++__FaceShifter__793_768.mp4,data\raw\FaceForensics++_C23\FaceShifter\793_768.mp4,1,FaceShifter,c23,793_768
FaceForensics++,FaceForensics++__FaceShifter__795_907.mp4,data\raw\FaceForensics++_C23\FaceShifter\795_907.mp4,1,FaceShifter,c23,795_907
FaceForensics++,FaceForensics++__FaceShifter__796_740.mp4,data\raw\FaceForensics++_C23\FaceShifter\796_740.mp4,1,FaceShifter,c23,796_740
FaceForensics++,FaceForensics++__FaceShifter__797_844.mp4,data\raw\FaceForensics++_C23\FaceShifter\797_844.mp4,1,FaceShifter,c23,797_844
FaceForensics++,FaceForensics++__FaceShifter__799_809.mp4,data\raw\FaceForensics++_C23\FaceShifter\799_809.mp4,1,FaceShifter,c23,799_809
FaceForensics++,FaceForensics++__FaceShifter__800_840.mp4,data\raw\FaceForensics++_C23\FaceShifter\800_840.mp4,1,FaceShifter,c23,800_840
FaceForensics++,FaceForensics++__FaceShifter__802_885.mp4,data\raw\FaceForensics++_C23\FaceShifter\802_885.mp4,1,FaceShifter,c23,802_885
FaceForensics++,FaceForensics++__FaceShifter__803_017.mp4,data\raw\FaceForensics++_C23\FaceShifter\803_017.mp4,1,FaceShifter,c23,803_017
FaceForensics++,FaceForensics++__FaceShifter__804_738.mp4,data\raw\FaceForensics++_C23\FaceShifter\804_738.mp4,1,FaceShifter,c23,804_738
FaceForensics++,FaceForensics++__FaceShifter__805_011.mp4,data\raw\FaceForensics++_C23\FaceShifter\805_011.mp4,1,FaceShifter,c23,805_011
FaceForensics++,FaceForensics++__FaceShifter__806_781.mp4,data\raw\FaceForensics++_C23\FaceShifter\806_781.mp4,1,FaceShifter,c23,806_781
FaceForensics++,FaceForensics++__FaceShifter__807_273.mp4,data\raw\FaceForensics++_C23\FaceShifter\807_273.mp4,1,FaceShifter,c23,807_273
FaceForensics++,FaceForensics++__FaceShifter__811_920.mp4,data\raw\FaceForensics++_C23\FaceShifter\811_920.mp4,1,FaceShifter,c23,811_920
FaceForensics++,FaceForensics++__FaceShifter__813_700.mp4,data\raw\FaceForensics++_C23\FaceShifter\813_700.mp4,1,FaceShifter,c23,813_700
FaceForensics++,FaceForensics++__FaceShifter__814_871.mp4,data\raw\FaceForensics++_C23\FaceShifter\814_871.mp4,1,FaceShifter,c23,814_871
FaceForensics++,FaceForensics++__FaceShifter__815_730.mp4,data\raw\FaceForensics++_C23\FaceShifter\815_730.mp4,1,FaceShifter,c23,815_730
FaceForensics++,FaceForensics++__FaceShifter__817_827.mp4,data\raw\FaceForensics++_C23\FaceShifter\817_827.mp4,1,FaceShifter,c23,817_827
FaceForensics++,FaceForensics++__FaceShifter__818_820.mp4,data\raw\FaceForensics++_C23\FaceShifter\818_820.mp4,1,FaceShifter,c23,818_820
FaceForensics++,FaceForensics++__FaceShifter__819_786.mp4,data\raw\FaceForensics++_C23\FaceShifter\819_786.mp4,1,FaceShifter,c23,819_786
FaceForensics++,FaceForensics++__FaceShifter__820_818.mp4,data\raw\FaceForensics++_C23\FaceShifter\820_818.mp4,1,FaceShifter,c23,820_818
FaceForensics++,FaceForensics++__FaceShifter__822_244.mp4,data\raw\FaceForensics++_C23\FaceShifter\822_244.mp4,1,FaceShifter,c23,822_244
FaceForensics++,FaceForensics++__FaceShifter__823_584.mp4,data\raw\FaceForensics++_C23\FaceShifter\823_584.mp4,1,FaceShifter,c23,823_584
FaceForensics++,FaceForensics++__FaceShifter__824_419.mp4,data\raw\FaceForensics++_C23\FaceShifter\824_419.mp4,1,FaceShifter,c23,824_419
FaceForensics++,FaceForensics++__FaceShifter__825_074.mp4,data\raw\FaceForensics++_C23\FaceShifter\825_074.mp4,1,FaceShifter,c23,825_074
FaceForensics++,FaceForensics++__FaceShifter__826_833.mp4,data\raw\FaceForensics++_C23\FaceShifter\826_833.mp4,1,FaceShifter,c23,826_833
FaceForensics++,FaceForensics++__FaceShifter__828_830.mp4,data\raw\FaceForensics++_C23\FaceShifter\828_830.mp4,1,FaceShifter,c23,828_830
FaceForensics++,FaceForensics++__FaceShifter__829_808.mp4,data\raw\FaceForensics++_C23\FaceShifter\829_808.mp4,1,FaceShifter,c23,829_808
FaceForensics++,FaceForensics++__FaceShifter__831_508.mp4,data\raw\FaceForensics++_C23\FaceShifter\831_508.mp4,1,FaceShifter,c23,831_508
FaceForensics++,FaceForensics++__FaceShifter__832_762.mp4,data\raw\FaceForensics++_C23\FaceShifter\832_762.mp4,1,FaceShifter,c23,832_762
FaceForensics++,FaceForensics++__FaceShifter__833_826.mp4,data\raw\FaceForensics++_C23\FaceShifter\833_826.mp4,1,FaceShifter,c23,833_826
FaceForensics++,FaceForensics++__FaceShifter__834_852.mp4,data\raw\FaceForensics++_C23\FaceShifter\834_852.mp4,1,FaceShifter,c23,834_852
FaceForensics++,FaceForensics++__FaceShifter__836_950.mp4,data\raw\FaceForensics++_C23\FaceShifter\836_950.mp4,1,FaceShifter,c23,836_950
FaceForensics++,FaceForensics++__FaceShifter__837_890.mp4,data\raw\FaceForensics++_C23\FaceShifter\837_890.mp4,1,FaceShifter,c23,837_890
FaceForensics++,FaceForensics++__FaceShifter__838_810.mp4,data\raw\FaceForensics++_C23\FaceShifter\838_810.mp4,1,FaceShifter,c23,838_810
FaceForensics++,FaceForensics++__FaceShifter__839_864.mp4,data\raw\FaceForensics++_C23\FaceShifter\839_864.mp4,1,FaceShifter,c23,839_864
FaceForensics++,FaceForensics++__FaceShifter__840_800.mp4,data\raw\FaceForensics++_C23\FaceShifter\840_800.mp4,1,FaceShifter,c23,840_800
FaceForensics++,FaceForensics++__FaceShifter__841_639.mp4,data\raw\FaceForensics++_C23\FaceShifter\841_639.mp4,1,FaceShifter,c23,841_639
FaceForensics++,FaceForensics++__FaceShifter__842_714.mp4,data\raw\FaceForensics++_C23\FaceShifter\842_714.mp4,1,FaceShifter,c23,842_714
FaceForensics++,FaceForensics++__FaceShifter__843_859.mp4,data\raw\FaceForensics++_C23\FaceShifter\843_859.mp4,1,FaceShifter,c23,843_859
FaceForensics++,FaceForensics++__FaceShifter__844_797.mp4,data\raw\FaceForensics++_C23\FaceShifter\844_797.mp4,1,FaceShifter,c23,844_797
FaceForensics++,FaceForensics++__FaceShifter__845_846.mp4,data\raw\FaceForensics++_C23\FaceShifter\845_846.mp4,1,FaceShifter,c23,845_846
FaceForensics++,FaceForensics++__FaceShifter__846_845.mp4,data\raw\FaceForensics++_C23\FaceShifter\846_845.mp4,1,FaceShifter,c23,846_845
FaceForensics++,FaceForensics++__FaceShifter__847_906.mp4,data\raw\FaceForensics++_C23\FaceShifter\847_906.mp4,1,FaceShifter,c23,847_906
FaceForensics++,FaceForensics++__FaceShifter__848_894.mp4,data\raw\FaceForensics++_C23\FaceShifter\848_894.mp4,1,FaceShifter,c23,848_894
FaceForensics++,FaceForensics++__FaceShifter__851_552.mp4,data\raw\FaceForensics++_C23\FaceShifter\851_552.mp4,1,FaceShifter,c23,851_552
FaceForensics++,FaceForensics++__FaceShifter__853_863.mp4,data\raw\FaceForensics++_C23\FaceShifter\853_863.mp4,1,FaceShifter,c23,853_863
FaceForensics++,FaceForensics++__FaceShifter__854_747.mp4,data\raw\FaceForensics++_C23\FaceShifter\854_747.mp4,1,FaceShifter,c23,854_747
FaceForensics++,FaceForensics++__FaceShifter__856_881.mp4,data\raw\FaceForensics++_C23\FaceShifter\856_881.mp4,1,FaceShifter,c23,856_881
FaceForensics++,FaceForensics++__FaceShifter__857_909.mp4,data\raw\FaceForensics++_C23\FaceShifter\857_909.mp4,1,FaceShifter,c23,857_909
FaceForensics++,FaceForensics++__FaceShifter__858_861.mp4,data\raw\FaceForensics++_C23\FaceShifter\858_861.mp4,1,FaceShifter,c23,858_861
FaceForensics++,FaceForensics++__FaceShifter__860_905.mp4,data\raw\FaceForensics++_C23\FaceShifter\860_905.mp4,1,FaceShifter,c23,860_905
FaceForensics++,FaceForensics++__FaceShifter__861_858.mp4,data\raw\FaceForensics++_C23\FaceShifter\861_858.mp4,1,FaceShifter,c23,861_858
FaceForensics++,FaceForensics++__FaceShifter__862_047.mp4,data\raw\FaceForensics++_C23\FaceShifter\862_047.mp4,1,FaceShifter,c23,862_047
FaceForensics++,FaceForensics++__FaceShifter__864_839.mp4,data\raw\FaceForensics++_C23\FaceShifter\864_839.mp4,1,FaceShifter,c23,864_839
FaceForensics++,FaceForensics++__FaceShifter__865_739.mp4,data\raw\FaceForensics++_C23\FaceShifter\865_739.mp4,1,FaceShifter,c23,865_739
FaceForensics++,FaceForensics++__FaceShifter__866_878.mp4,data\raw\FaceForensics++_C23\FaceShifter\866_878.mp4,1,FaceShifter,c23,866_878
FaceForensics++,FaceForensics++__FaceShifter__867_765.mp4,data\raw\FaceForensics++_C23\FaceShifter\867_765.mp4,1,FaceShifter,c23,867_765
FaceForensics++,FaceForensics++__FaceShifter__868_949.mp4,data\raw\FaceForensics++_C23\FaceShifter\868_949.mp4,1,FaceShifter,c23,868_949
FaceForensics++,FaceForensics++__FaceShifter__869_780.mp4,data\raw\FaceForensics++_C23\FaceShifter\869_780.mp4,1,FaceShifter,c23,869_780
FaceForensics++,FaceForensics++__FaceShifter__871_814.mp4,data\raw\FaceForensics++_C23\FaceShifter\871_814.mp4,1,FaceShifter,c23,871_814
FaceForensics++,FaceForensics++__FaceShifter__874_291.mp4,data\raw\FaceForensics++_C23\FaceShifter\874_291.mp4,1,FaceShifter,c23,874_291
FaceForensics++,FaceForensics++__FaceShifter__876_891.mp4,data\raw\FaceForensics++_C23\FaceShifter\876_891.mp4,1,FaceShifter,c23,876_891
FaceForensics++,FaceForensics++__FaceShifter__877_886.mp4,data\raw\FaceForensics++_C23\FaceShifter\877_886.mp4,1,FaceShifter,c23,877_886
FaceForensics++,FaceForensics++__FaceShifter__878_866.mp4,data\raw\FaceForensics++_C23\FaceShifter\878_866.mp4,1,FaceShifter,c23,878_866
FaceForensics++,FaceForensics++__FaceShifter__880_135.mp4,data\raw\FaceForensics++_C23\FaceShifter\880_135.mp4,1,FaceShifter,c23,880_135
FaceForensics++,FaceForensics++__FaceShifter__881_856.mp4,data\raw\FaceForensics++_C23\FaceShifter\881_856.mp4,1,FaceShifter,c23,881_856
FaceForensics++,FaceForensics++__FaceShifter__882_952.mp4,data\raw\FaceForensics++_C23\FaceShifter\882_952.mp4,1,FaceShifter,c23,882_952
FaceForensics++,FaceForensics++__FaceShifter__883_013.mp4,data\raw\FaceForensics++_C23\FaceShifter\883_013.mp4,1,FaceShifter,c23,883_013
FaceForensics++,FaceForensics++__FaceShifter__886_877.mp4,data\raw\FaceForensics++_C23\FaceShifter\886_877.mp4,1,FaceShifter,c23,886_877
FaceForensics++,FaceForensics++__FaceShifter__887_275.mp4,data\raw\FaceForensics++_C23\FaceShifter\887_275.mp4,1,FaceShifter,c23,887_275
FaceForensics++,FaceForensics++__FaceShifter__888_937.mp4,data\raw\FaceForensics++_C23\FaceShifter\888_937.mp4,1,FaceShifter,c23,888_937
FaceForensics++,FaceForensics++__FaceShifter__890_837.mp4,data\raw\FaceForensics++_C23\FaceShifter\890_837.mp4,1,FaceShifter,c23,890_837
FaceForensics++,FaceForensics++__FaceShifter__891_876.mp4,data\raw\FaceForensics++_C23\FaceShifter\891_876.mp4,1,FaceShifter,c23,891_876
FaceForensics++,FaceForensics++__FaceShifter__892_112.mp4,data\raw\FaceForensics++_C23\FaceShifter\892_112.mp4,1,FaceShifter,c23,892_112
FaceForensics++,FaceForensics++__FaceShifter__894_848.mp4,data\raw\FaceForensics++_C23\FaceShifter\894_848.mp4,1,FaceShifter,c23,894_848
FaceForensics++,FaceForensics++__FaceShifter__896_128.mp4,data\raw\FaceForensics++_C23\FaceShifter\896_128.mp4,1,FaceShifter,c23,896_128
FaceForensics++,FaceForensics++__FaceShifter__897_969.mp4,data\raw\FaceForensics++_C23\FaceShifter\897_969.mp4,1,FaceShifter,c23,897_969
FaceForensics++,FaceForensics++__FaceShifter__898_922.mp4,data\raw\FaceForensics++_C23\FaceShifter\898_922.mp4,1,FaceShifter,c23,898_922
FaceForensics++,FaceForensics++__FaceShifter__900_926.mp4,data\raw\FaceForensics++_C23\FaceShifter\900_926.mp4,1,FaceShifter,c23,900_926
FaceForensics++,FaceForensics++__FaceShifter__901_902.mp4,data\raw\FaceForensics++_C23\FaceShifter\901_902.mp4,1,FaceShifter,c23,901_902
FaceForensics++,FaceForensics++__FaceShifter__902_901.mp4,data\raw\FaceForensics++_C23\FaceShifter\902_901.mp4,1,FaceShifter,c23,902_901
FaceForensics++,FaceForensics++__FaceShifter__903_792.mp4,data\raw\FaceForensics++_C23\FaceShifter\903_792.mp4,1,FaceShifter,c23,903_792
FaceForensics++,FaceForensics++__FaceShifter__904_046.mp4,data\raw\FaceForensics++_C23\FaceShifter\904_046.mp4,1,FaceShifter,c23,904_046
FaceForensics++,FaceForensics++__FaceShifter__905_860.mp4,data\raw\FaceForensics++_C23\FaceShifter\905_860.mp4,1,FaceShifter,c23,905_860
FaceForensics++,FaceForensics++__FaceShifter__906_847.mp4,data\raw\FaceForensics++_C23\FaceShifter\906_847.mp4,1,FaceShifter,c23,906_847
FaceForensics++,FaceForensics++__FaceShifter__907_795.mp4,data\raw\FaceForensics++_C23\FaceShifter\907_795.mp4,1,FaceShifter,c23,907_795
FaceForensics++,FaceForensics++__FaceShifter__908_207.mp4,data\raw\FaceForensics++_C23\FaceShifter\908_207.mp4,1,FaceShifter,c23,908_207
FaceForensics++,FaceForensics++__FaceShifter__909_857.mp4,data\raw\FaceForensics++_C23\FaceShifter\909_857.mp4,1,FaceShifter,c23,909_857
FaceForensics++,FaceForensics++__FaceShifter__910_911.mp4,data\raw\FaceForensics++_C23\FaceShifter\910_911.mp4,1,FaceShifter,c23,910_911
FaceForensics++,FaceForensics++__FaceShifter__911_910.mp4,data\raw\FaceForensics++_C23\FaceShifter\911_910.mp4,1,FaceShifter,c23,911_910
FaceForensics++,FaceForensics++__FaceShifter__912_927.mp4,data\raw\FaceForensics++_C23\FaceShifter\912_927.mp4,1,FaceShifter,c23,912_927
FaceForensics++,FaceForensics++__FaceShifter__913_893.mp4,data\raw\FaceForensics++_C23\FaceShifter\913_893.mp4,1,FaceShifter,c23,913_893
FaceForensics++,FaceForensics++__FaceShifter__914_899.mp4,data\raw\FaceForensics++_C23\FaceShifter\914_899.mp4,1,FaceShifter,c23,914_899
FaceForensics++,FaceForensics++__FaceShifter__915_895.mp4,data\raw\FaceForensics++_C23\FaceShifter\915_895.mp4,1,FaceShifter,c23,915_895
FaceForensics++,FaceForensics++__FaceShifter__917_924.mp4,data\raw\FaceForensics++_C23\FaceShifter\917_924.mp4,1,FaceShifter,c23,917_924
FaceForensics++,FaceForensics++__FaceShifter__918_934.mp4,data\raw\FaceForensics++_C23\FaceShifter\918_934.mp4,1,FaceShifter,c23,918_934
FaceForensics++,FaceForensics++__FaceShifter__919_015.mp4,data\raw\FaceForensics++_C23\FaceShifter\919_015.mp4,1,FaceShifter,c23,919_015
FaceForensics++,FaceForensics++__FaceShifter__920_811.mp4,data\raw\FaceForensics++_C23\FaceShifter\920_811.mp4,1,FaceShifter,c23,920_811
FaceForensics++,FaceForensics++__FaceShifter__921_569.mp4,data\raw\FaceForensics++_C23\FaceShifter\921_569.mp4,1,FaceShifter,c23,921_569
FaceForensics++,FaceForensics++__FaceShifter__922_898.mp4,data\raw\FaceForensics++_C23\FaceShifter\922_898.mp4,1,FaceShifter,c23,922_898
FaceForensics++,FaceForensics++__FaceShifter__923_023.mp4,data\raw\FaceForensics++_C23\FaceShifter\923_023.mp4,1,FaceShifter,c23,923_023
FaceForensics++,FaceForensics++__FaceShifter__924_917.mp4,data\raw\FaceForensics++_C23\FaceShifter\924_917.mp4,1,FaceShifter,c23,924_917
FaceForensics++,FaceForensics++__FaceShifter__925_933.mp4,data\raw\FaceForensics++_C23\FaceShifter\925_933.mp4,1,FaceShifter,c23,925_933
FaceForensics++,FaceForensics++__FaceShifter__926_900.mp4,data\raw\FaceForensics++_C23\FaceShifter\926_900.mp4,1,FaceShifter,c23,926_900
FaceForensics++,FaceForensics++__FaceShifter__927_912.mp4,data\raw\FaceForensics++_C23\FaceShifter\927_912.mp4,1,FaceShifter,c23,927_912
FaceForensics++,FaceForensics++__FaceShifter__928_160.mp4,data\raw\FaceForensics++_C23\FaceShifter\928_160.mp4,1,FaceShifter,c23,928_160
FaceForensics++,FaceForensics++__FaceShifter__930_763.mp4,data\raw\FaceForensics++_C23\FaceShifter\930_763.mp4,1,FaceShifter,c23,930_763
FaceForensics++,FaceForensics++__FaceShifter__932_384.mp4,data\raw\FaceForensics++_C23\FaceShifter\932_384.mp4,1,FaceShifter,c23,932_384
FaceForensics++,FaceForensics++__FaceShifter__933_925.mp4,data\raw\FaceForensics++_C23\FaceShifter\933_925.mp4,1,FaceShifter,c23,933_925
FaceForensics++,FaceForensics++__FaceShifter__934_918.mp4,data\raw\FaceForensics++_C23\FaceShifter\934_918.mp4,1,FaceShifter,c23,934_918
FaceForensics++,FaceForensics++__FaceShifter__935_733.mp4,data\raw\FaceForensics++_C23\FaceShifter\935_733.mp4,1,FaceShifter,c23,935_733
FaceForensics++,FaceForensics++__FaceShifter__937_888.mp4,data\raw\FaceForensics++_C23\FaceShifter\937_888.mp4,1,FaceShifter,c23,937_888
FaceForensics++,FaceForensics++__FaceShifter__938_987.mp4,data\raw\FaceForensics++_C23\FaceShifter\938_987.mp4,1,FaceShifter,c23,938_987
FaceForensics++,FaceForensics++__FaceShifter__939_115.mp4,data\raw\FaceForensics++_C23\FaceShifter\939_115.mp4,1,FaceShifter,c23,939_115
FaceForensics++,FaceForensics++__FaceShifter__940_941.mp4,data\raw\FaceForensics++_C23\FaceShifter\940_941.mp4,1,FaceShifter,c23,940_941
FaceForensics++,FaceForensics++__FaceShifter__941_940.mp4,data\raw\FaceForensics++_C23\FaceShifter\941_940.mp4,1,FaceShifter,c23,941_940
FaceForensics++,FaceForensics++__FaceShifter__944_032.mp4,data\raw\FaceForensics++_C23\FaceShifter\944_032.mp4,1,FaceShifter,c23,944_032
FaceForensics++,FaceForensics++__FaceShifter__945_044.mp4,data\raw\FaceForensics++_C23\FaceShifter\945_044.mp4,1,FaceShifter,c23,945_044
FaceForensics++,FaceForensics++__FaceShifter__946_049.mp4,data\raw\FaceForensics++_C23\FaceShifter\946_049.mp4,1,FaceShifter,c23,946_049
FaceForensics++,FaceForensics++__FaceShifter__947_951.mp4,data\raw\FaceForensics++_C23\FaceShifter\947_951.mp4,1,FaceShifter,c23,947_951
FaceForensics++,FaceForensics++__FaceShifter__948_965.mp4,data\raw\FaceForensics++_C23\FaceShifter\948_965.mp4,1,FaceShifter,c23,948_965
FaceForensics++,FaceForensics++__FaceShifter__949_868.mp4,data\raw\FaceForensics++_C23\FaceShifter\949_868.mp4,1,FaceShifter,c23,949_868
FaceForensics++,FaceForensics++__FaceShifter__950_836.mp4,data\raw\FaceForensics++_C23\FaceShifter\950_836.mp4,1,FaceShifter,c23,950_836
FaceForensics++,FaceForensics++__FaceShifter__951_947.mp4,data\raw\FaceForensics++_C23\FaceShifter\951_947.mp4,1,FaceShifter,c23,951_947
FaceForensics++,FaceForensics++__FaceShifter__952_882.mp4,data\raw\FaceForensics++_C23\FaceShifter\952_882.mp4,1,FaceShifter,c23,952_882
FaceForensics++,FaceForensics++__FaceShifter__953_974.mp4,data\raw\FaceForensics++_C23\FaceShifter\953_974.mp4,1,FaceShifter,c23,953_974
FaceForensics++,FaceForensics++__FaceShifter__955_078.mp4,data\raw\FaceForensics++_C23\FaceShifter\955_078.mp4,1,FaceShifter,c23,955_078
FaceForensics++,FaceForensics++__FaceShifter__956_958.mp4,data\raw\FaceForensics++_C23\FaceShifter\956_958.mp4,1,FaceShifter,c23,956_958
FaceForensics++,FaceForensics++__FaceShifter__957_959.mp4,data\raw\FaceForensics++_C23\FaceShifter\957_959.mp4,1,FaceShifter,c23,957_959
FaceForensics++,FaceForensics++__FaceShifter__958_956.mp4,data\raw\FaceForensics++_C23\FaceShifter\958_956.mp4,1,FaceShifter,c23,958_956
FaceForensics++,FaceForensics++__FaceShifter__959_957.mp4,data\raw\FaceForensics++_C23\FaceShifter\959_957.mp4,1,FaceShifter,c23,959_957
FaceForensics++,FaceForensics++__FaceShifter__960_999.mp4,data\raw\FaceForensics++_C23\FaceShifter\960_999.mp4,1,FaceShifter,c23,960_999
FaceForensics++,FaceForensics++__FaceShifter__961_069.mp4,data\raw\FaceForensics++_C23\FaceShifter\961_069.mp4,1,FaceShifter,c23,961_069
FaceForensics++,FaceForensics++__FaceShifter__962_929.mp4,data\raw\FaceForensics++_C23\FaceShifter\962_929.mp4,1,FaceShifter,c23,962_929
FaceForensics++,FaceForensics++__FaceShifter__963_879.mp4,data\raw\FaceForensics++_C23\FaceShifter\963_879.mp4,1,FaceShifter,c23,963_879
FaceForensics++,FaceForensics++__FaceShifter__964_174.mp4,data\raw\FaceForensics++_C23\FaceShifter\964_174.mp4,1,FaceShifter,c23,964_174
FaceForensics++,FaceForensics++__FaceShifter__965_948.mp4,data\raw\FaceForensics++_C23\FaceShifter\965_948.mp4,1,FaceShifter,c23,965_948
FaceForensics++,FaceForensics++__FaceShifter__966_988.mp4,data\raw\FaceForensics++_C23\FaceShifter\966_988.mp4,1,FaceShifter,c23,966_988
FaceForensics++,FaceForensics++__FaceShifter__967_984.mp4,data\raw\FaceForensics++_C23\FaceShifter\967_984.mp4,1,FaceShifter,c23,967_984
FaceForensics++,FaceForensics++__FaceShifter__968_884.mp4,data\raw\FaceForensics++_C23\FaceShifter\968_884.mp4,1,FaceShifter,c23,968_884
FaceForensics++,FaceForensics++__FaceShifter__969_897.mp4,data\raw\FaceForensics++_C23\FaceShifter\969_897.mp4,1,FaceShifter,c23,969_897
FaceForensics++,FaceForensics++__FaceShifter__970_973.mp4,data\raw\FaceForensics++_C23\FaceShifter\970_973.mp4,1,FaceShifter,c23,970_973
FaceForensics++,FaceForensics++__FaceShifter__971_564.mp4,data\raw\FaceForensics++_C23\FaceShifter\971_564.mp4,1,FaceShifter,c23,971_564
FaceForensics++,FaceForensics++__FaceShifter__973_970.mp4,data\raw\FaceForensics++_C23\FaceShifter\973_970.mp4,1,FaceShifter,c23,973_970
FaceForensics++,FaceForensics++__FaceShifter__974_953.mp4,data\raw\FaceForensics++_C23\FaceShifter\974_953.mp4,1,FaceShifter,c23,974_953
FaceForensics++,FaceForensics++__FaceShifter__976_954.mp4,data\raw\FaceForensics++_C23\FaceShifter\976_954.mp4,1,FaceShifter,c23,976_954
FaceForensics++,FaceForensics++__FaceShifter__977_075.mp4,data\raw\FaceForensics++_C23\FaceShifter\977_075.mp4,1,FaceShifter,c23,977_075
FaceForensics++,FaceForensics++__FaceShifter__978_975.mp4,data\raw\FaceForensics++_C23\FaceShifter\978_975.mp4,1,FaceShifter,c23,978_975
FaceForensics++,FaceForensics++__FaceShifter__979_875.mp4,data\raw\FaceForensics++_C23\FaceShifter\979_875.mp4,1,FaceShifter,c23,979_875
FaceForensics++,FaceForensics++__FaceShifter__982_004.mp4,data\raw\FaceForensics++_C23\FaceShifter\982_004.mp4,1,FaceShifter,c23,982_004
FaceForensics++,FaceForensics++__FaceShifter__983_113.mp4,data\raw\FaceForensics++_C23\FaceShifter\983_113.mp4,1,FaceShifter,c23,983_113
FaceForensics++,FaceForensics++__FaceShifter__984_967.mp4,data\raw\FaceForensics++_C23\FaceShifter\984_967.mp4,1,FaceShifter,c23,984_967
FaceForensics++,FaceForensics++__FaceShifter__986_994.mp4,data\raw\FaceForensics++_C23\FaceShifter\986_994.mp4,1,FaceShifter,c23,986_994
FaceForensics++,FaceForensics++__FaceShifter__989_993.mp4,data\raw\FaceForensics++_C23\FaceShifter\989_993.mp4,1,FaceShifter,c23,989_993
FaceForensics++,FaceForensics++__FaceShifter__990_008.mp4,data\raw\FaceForensics++_C23\FaceShifter\990_008.mp4,1,FaceShifter,c23,990_008
FaceForensics++,FaceForensics++__FaceShifter__991_064.mp4,data\raw\FaceForensics++_C23\FaceShifter\991_064.mp4,1,FaceShifter,c23,991_064
FaceForensics++,FaceForensics++__FaceShifter__992_980.mp4,data\raw\FaceForensics++_C23\FaceShifter\992_980.mp4,1,FaceShifter,c23,992_980
FaceForensics++,FaceForensics++__FaceShifter__994_986.mp4,data\raw\FaceForensics++_C23\FaceShifter\994_986.mp4,1,FaceShifter,c23,994_986
FaceForensics++,FaceForensics++__FaceShifter__995_233.mp4,data\raw\FaceForensics++_C23\FaceShifter\995_233.mp4,1,FaceShifter,c23,995_233
FaceForensics++,FaceForensics++__FaceShifter__997_040.mp4,data\raw\FaceForensics++_C23\FaceShifter\997_040.mp4,1,FaceShifter,c23,997_040
FaceForensics++,FaceForensics++__FaceShifter__998_561.mp4,data\raw\FaceForensics++_C23\FaceShifter\998_561.mp4,1,FaceShifter,c23,998_561
FaceForensics++,FaceForensics++__FaceShifter__999_960.mp4,data\raw\FaceForensics++_C23\FaceShifter\999_960.mp4,1,FaceShifter,c23,999_960
