dataset,video_id,video_path,label,method,compression
FaceForensics++,FaceForensics++__original__000.mp4,data\raw\FaceForensics++_C23\original\000.mp4,0,original,c23
FaceForensics++,FaceForensics++__original__001.mp4,data\raw\FaceForensics++_C23\original\001.mp4,0,original,c23
FaceForensics++,FaceForensics++__original__002.mp4,data\raw\FaceForensics++_C23\original\002.mp4,0,original,c23
FaceForensics++,FaceForensics++__original__005.mp4,data\raw\FaceForensics++_C23\original\005.mp4,0,original,c23
FaceForensics++,FaceForensics++__original__006.mp4,data\raw\FaceForensics++_C23\original\006.mp4,0,original,c23
FaceForensics++,FaceForensics++__original__007.mp4,data\raw\FaceForensics++_C23\original\007.mp4,0,original,c23
FaceForensics++,FaceForensics++__original__008.mp4,data\raw\FaceForensics++_C23\original\008.mp4,0,original,c23
FaceForensics++,FaceForensics++__original__010.mp4,data\raw\FaceForensics++_C23\original\010.mp4,0,original,c23
FaceForensics++,FaceForensics++__original__011.mp4,data\raw\FaceForensics++_C23\original\011.mp4,0,original,c23
FaceForensics++,FaceForensics++__original__012.mp4,data\raw\FaceForensics++_C23\original\012.mp4,0,original,c23
FaceForensics++,FaceForensics++__original__014.mp4,data\raw\FaceForensics++_C23\original\014.mp4,0,original,c23
FaceForensics++,FaceForensics++__original__015.mp4,data\raw\FaceForensics++_C23\original\015.mp4,0,original,c23
FaceForensics++,FaceForensics++__original__016.mp4,data\raw\FaceForensics++_C23\original\016.mp4,0,original,c23
FaceForensics++,FaceForensics++__original__018.mp4,data\raw\FaceForensics++_C23\original\018.mp4,0,original,c23
FaceForensics++,FaceForensics++__original__019.mp4,data\raw\FaceForensics++_C23\original\019.mp4,0,original,c23
FaceForensics++,FaceForensics++__original__020.mp4,data\raw\FaceForensics++_C23\original\020.mp4,0,original,c23
FaceForensics++,FaceForensics++__original__022.mp4,data\raw\FaceForensics++_C23\original\022.mp4,0,original,c23
FaceForensics++,FaceForensics++__original__023.mp4,data\raw\FaceForensics++_C23\original\023.mp4,0,original,c23
FaceForensics++,FaceForensics++__original__024.mp4,data\raw\FaceForensics++_C23\original\024.mp4,0,original,c23
FaceForensics++,FaceForensics++__original__025.mp4,data\raw\FaceForensics++_C23\original\025.mp4,0,original,c23
FaceForensics++,FaceForensics++__original__027.mp4,data\raw\FaceForensics++_C23\original\027.mp4,0,original,c23
FaceForensics++,FaceForensics++__original__028.mp4,data\raw\FaceForensics++_C23\original\028.mp4,0,original,c23
FaceForensics++,FaceForensics++__original__030.mp4,data\raw\FaceForensics++_C23\original\030.mp4,0,original,c23
FaceForensics++,FaceForensics++__original__031.mp4,data\raw\FaceForensics++_C23\original\031.mp4,0,original,c23
FaceForensics++,FaceForensics++__original__032.mp4,data\raw\FaceForensics++_C23\original\032.mp4,0,original,c23
FaceForensics++,FaceForensics++__original__033.mp4,data\raw\FaceForensics++_C23\original\033.mp4,0,original,c23
FaceForensics++,FaceForensics++__original__034.mp4,data\raw\FaceForensics++_C23\original\034.mp4,0,original,c23
FaceForensics++,FaceForensics++__original__035.mp4,data\raw\FaceForensics++_C23\original\035.mp4,0,original,c23
FaceForensics++,FaceForensics++__original__036.mp4,data\raw\FaceForensics++_C23\original\036.mp4,0,original,c23
FaceForensics++,FaceForensics++__original__037.mp4,data\raw\FaceForensics++_C23\original\037.mp4,0,original,c23
FaceForensics++,FaceForensics++__original__038.mp4,data\raw\FaceForensics++_C23\original\038.mp4,0,original,c23
FaceForensics++,FaceForensics++__original__039.mp4,data\raw\FaceForensics++_C23\original\039.mp4,0,original,c23
FaceForensics++,FaceForensics++__original__040.mp4,data\raw\FaceForensics++_C23\original\040.mp4,0,original,c23
FaceForensics++,FaceForensics++__original__041.mp4,data\raw\FaceForensics++_C23\original\041.mp4,0,original,c23
FaceForensics++,FaceForensics++__original__042.mp4,data\raw\FaceForensics++_C23\original\042.mp4,0,original,c23
FaceForensics++,FaceForensics++__original__043.mp4,data\raw\FaceForensics++_C23\original\043.mp4,0,original,c23
FaceForensics++,FaceForensics++__original__044.mp4,data\raw\FaceForensics++_C23\original\044.mp4,0,original,c23
FaceForensics++,FaceForensics++__original__046.mp4,data\raw\FaceForensics++_C23\original\046.mp4,0,original,c23
FaceForensics++,FaceForensics++__original__047.mp4,data\raw\FaceForensics++_C23\original\047.mp4,0,original,c23
FaceForensics++,FaceForensics++__original__049.mp4,data\raw\FaceForensics++_C23\original\049.mp4,0,original,c23
FaceForensics++,FaceForensics++__original__050.mp4,data\raw\FaceForensics++_C23\original\050.mp4,0,original,c23
FaceForensics++,FaceForensics++__original__051.mp4,data\raw\FaceForensics++_C23\original\051.mp4,0,original,c23
FaceForensics++,FaceForensics++__original__052.mp4,data\raw\FaceForensics++_C23\original\052.mp4,0,original,c23
FaceForensics++,FaceForensics++__original__054.mp4,data\raw\FaceForensics++_C23\original\054.mp4,0,original,c23
FaceForensics++,FaceForensics++__original__055.mp4,data\raw\FaceForensics++_C23\original\055.mp4,0,original,c23
FaceForensics++,FaceForensics++__original__056.mp4,data\raw\FaceForensics++_C23\original\056.mp4,0,original,c23
FaceForensics++,FaceForensics++__original__057.mp4,data\raw\FaceForensics++_C23\original\057.mp4,0,original,c23
FaceForensics++,FaceForensics++__original__059.mp4,data\raw\FaceForensics++_C23\original\059.mp4,0,original,c23
FaceForensics++,FaceForensics++__original__060.mp4,data\raw\FaceForensics++_C23\original\060.mp4,0,original,c23
FaceForensics++,FaceForensics++__original__061.mp4,data\raw\FaceForensics++_C23\original\061.mp4,0,original,c23
FaceForensics++,FaceForensics++__original__062.mp4,data\raw\FaceForensics++_C23\original\062.mp4,0,original,c23
FaceForensics++,FaceForensics++__original__063.mp4,data\raw\FaceForensics++_C23\original\063.mp4,0,original,c23
FaceForensics++,FaceForensics++__original__065.mp4,data\raw\FaceForensics++_C23\original\065.mp4,0,original,c23
FaceForensics++,FaceForensics++__original__067.mp4,data\raw\FaceForensics++_C23\original\067.mp4,0,original,c23
FaceForensics++,FaceForensics++__original__068.mp4,data\raw\FaceForensics++_C23\original\068.mp4,0,original,c23
FaceForensics++,FaceForensics++__original__069.mp4,data\raw\FaceForensics++_C23\original\069.mp4,0,original,c23
FaceForensics++,FaceForensics++__original__070.mp4,data\raw\FaceForensics++_C23\original\070.mp4,0,original,c23
FaceForensics++,FaceForensics++__original__071.mp4,data\raw\FaceForensics++_C23\original\071.mp4,0,original,c23
FaceForensics++,FaceForensics++__original__072.mp4,data\raw\FaceForensics++_C23\original\072.mp4,0,original,c23
FaceForensics++,FaceForensics++__original__073.mp4,data\raw\FaceForensics++_C23\original\073.mp4,0,original,c23
FaceForensics++,FaceForensics++__original__074.mp4,data\raw\FaceForensics++_C23\original\074.mp4,0,original,c23
FaceForensics++,FaceForensics++__original__075.mp4,data\raw\FaceForensics++_C23\original\075.mp4,0,original,c23
FaceForensics++,FaceForensics++__original__077.mp4,data\raw\FaceForensics++_C23\original\077.mp4,0,original,c23
FaceForensics++,FaceForensics++__original__078.mp4,data\raw\FaceForensics++_C23\original\078.mp4,0,original,c23
FaceForensics++,FaceForensics++__original__080.mp4,data\raw\FaceForensics++_C23\original\080.mp4,0,original,c23
FaceForensics++,FaceForensics++__original__081.mp4,data\raw\FaceForensics++_C23\original\081.mp4,0,original,c23
FaceForensics++,FaceForensics++__original__082.mp4,data\raw\FaceForensics++_C23\original\082.mp4,0,original,c23
FaceForensics++,FaceForensics++__original__084.mp4,data\raw\FaceForensics++_C23\original\084.mp4,0,original,c23
FaceForensics++,FaceForensics++__original__085.mp4,data\raw\FaceForensics++_C23\original\085.mp4,0,original,c23
FaceForensics++,FaceForensics++__original__086.mp4,data\raw\FaceForensics++_C23\original\086.mp4,0,original,c23
FaceForensics++,FaceForensics++__original__087.mp4,data\raw\FaceForensics++_C23\original\087.mp4,0,original,c23
FaceForensics++,FaceForensics++__original__088.mp4,data\raw\FaceForensics++_C23\original\088.mp4,0,original,c23
FaceForensics++,FaceForensics++__original__089.mp4,data\raw\FaceForensics++_C23\original\089.mp4,0,original,c23
FaceForensics++,FaceForensics++__original__090.mp4,data\raw\FaceForensics++_C23\original\090.mp4,0,original,c23
FaceForensics++,FaceForensics++__original__091.mp4,data\raw\FaceForensics++_C23\original\091.mp4,0,original,c23
FaceForensics++,FaceForensics++__original__092.mp4,data\raw\FaceForensics++_C23\original\092.mp4,0,original,c23
FaceForensics++,FaceForensics++__original__093.mp4,data\raw\FaceForensics++_C23\original\093.mp4,0,original,c23
FaceForensics++,FaceForensics++__original__095.mp4,data\raw\FaceForensics++_C23\original\095.mp4,0,original,c23
FaceForensics++,FaceForensics++__original__096.mp4,data\raw\FaceForensics++_C23\original\096.mp4,0,original,c23
FaceForensics++,FaceForensics++__original__097.mp4,data\raw\FaceForensics++_C23\original\097.mp4,0,original,c23
FaceForensics++,FaceForensics++__original__098.mp4,data\raw\FaceForensics++_C23\original\098.mp4,0,original,c23
FaceForensics++,FaceForensics++__original__099.mp4,data\raw\FaceForensics++_C23\original\099.mp4,0,original,c23
FaceForensics++,FaceForensics++__original__101.mp4,data\raw\FaceForensics++_C23\original\101.mp4,0,original,c23
FaceForensics++,FaceForensics++__original__102.mp4,data\raw\FaceForensics++_C23\original\102.mp4,0,original,c23
FaceForensics++,FaceForensics++__original__104.mp4,data\raw\FaceForensics++_C23\original\104.mp4,0,original,c23
FaceForensics++,FaceForensics++__original__105.mp4,data\raw\FaceForensics++_C23\original\105.mp4,0,original,c23
FaceForensics++,FaceForensics++__original__106.mp4,data\raw\FaceForensics++_C23\original\106.mp4,0,original,c23
FaceForensics++,FaceForensics++__original__107.mp4,data\raw\FaceForensics++_C23\original\107.mp4,0,original,c23
FaceForensics++,FaceForensics++__original__108.mp4,data\raw\FaceForensics++_C23\original\108.mp4,0,original,c23
FaceForensics++,FaceForensics++__original__109.mp4,data\raw\FaceForensics++_C23\original\109.mp4,0,original,c23
FaceForensics++,FaceForensics++__original__110.mp4,data\raw\FaceForensics++_C23\original\110.mp4,0,original,c23
FaceForensics++,FaceForensics++__original__111.mp4,data\raw\FaceForensics++_C23\original\111.mp4,0,original,c23
FaceForensics++,FaceForensics++__original__113.mp4,data\raw\FaceForensics++_C23\original\113.mp4,0,original,c23
FaceForensics++,FaceForensics++__original__114.mp4,data\raw\FaceForensics++_C23\original\114.mp4,0,original,c23
FaceForensics++,FaceForensics++__original__116.mp4,data\raw\FaceForensics++_C23\original\116.mp4,0,original,c23
FaceForensics++,FaceForensics++__original__117.mp4,data\raw\FaceForensics++_C23\original\117.mp4,0,original,c23
FaceForensics++,FaceForensics++__original__118.mp4,data\raw\FaceForensics++_C23\original\118.mp4,0,original,c23
FaceForensics++,FaceForensics++__original__119.mp4,data\raw\FaceForensics++_C23\original\119.mp4,0,original,c23
FaceForensics++,FaceForensics++__original__121.mp4,data\raw\FaceForensics++_C23\original\121.mp4,0,original,c23
FaceForensics++,FaceForensics++__original__122.mp4,data\raw\FaceForensics++_C23\original\122.mp4,0,original,c23
FaceForensics++,FaceForensics++__original__123.mp4,data\raw\FaceForensics++_C23\original\123.mp4,0,original,c23
FaceForensics++,FaceForensics++__original__124.mp4,data\raw\FaceForensics++_C23\original\124.mp4,0,original,c23
FaceForensics++,FaceForensics++__original__126.mp4,data\raw\FaceForensics++_C23\original\126.mp4,0,original,c23
FaceForensics++,FaceForensics++__original__127.mp4,data\raw\FaceForensics++_C23\original\127.mp4,0,original,c23
FaceForensics++,FaceForensics++__original__128.mp4,data\raw\FaceForensics++_C23\original\128.mp4,0,original,c23
FaceForensics++,FaceForensics++__original__129.mp4,data\raw\FaceForensics++_C23\original\129.mp4,0,original,c23
FaceForensics++,FaceForensics++__original__130.mp4,data\raw\FaceForensics++_C23\original\130.mp4,0,original,c23
FaceForensics++,FaceForensics++__original__131.mp4,data\raw\FaceForensics++_C23\original\131.mp4,0,original,c23
FaceForensics++,FaceForensics++__original__132.mp4,data\raw\FaceForensics++_C23\original\132.mp4,0,original,c23
FaceForensics++,FaceForensics++__original__133.mp4,data\raw\FaceForensics++_C23\original\133.mp4,0,original,c23
FaceForensics++,FaceForensics++__original__134.mp4,data\raw\FaceForensics++_C23\original\134.mp4,0,original,c23
FaceForensics++,FaceForensics++__original__135.mp4,data\raw\FaceForensics++_C23\original\135.mp4,0,original,c23
FaceForensics++,FaceForensics++__original__136.mp4,data\raw\FaceForensics++_C23\original\136.mp4,0,original,c23
FaceForensics++,FaceForensics++__original__137.mp4,data\raw\FaceForensics++_C23\original\137.mp4,0,original,c23
FaceForensics++,FaceForensics++__original__138.mp4,data\raw\FaceForensics++_C23\original\138.mp4,0,original,c23
FaceForensics++,FaceForensics++__original__139.mp4,data\raw\FaceForensics++_C23\original\139.mp4,0,original,c23
FaceForensics++,FaceForensics++__original__140.mp4,data\raw\FaceForensics++_C23\original\140.mp4,0,original,c23
FaceForensics++,FaceForensics++__original__142.mp4,data\raw\FaceForensics++_C23\original\142.mp4,0,original,c23
FaceForensics++,FaceForensics++__original__143.mp4,data\raw\FaceForensics++_C23\original\143.mp4,0,original,c23
FaceForensics++,FaceForensics++__original__144.mp4,data\raw\FaceForensics++_C23\original\144.mp4,0,original,c23
FaceForensics++,FaceForensics++__original__145.mp4,data\raw\FaceForensics++_C23\original\145.mp4,0,original,c23
FaceForensics++,FaceForensics++__original__146.mp4,data\raw\FaceForensics++_C23\original\146.mp4,0,original,c23
FaceForensics++,FaceForensics++__original__147.mp4,data\raw\FaceForensics++_C23\original\147.mp4,0,original,c23
FaceForensics++,FaceForensics++__original__148.mp4,data\raw\FaceForensics++_C23\original\148.mp4,0,original,c23
FaceForensics++,FaceForensics++__original__149.mp4,data\raw\FaceForensics++_C23\original\149.mp4,0,original,c23
FaceForensics++,FaceForensics++__original__150.mp4,data\raw\FaceForensics++_C23\original\150.mp4,0,original,c23
FaceForensics++,FaceForensics++__original__151.mp4,data\raw\FaceForensics++_C23\original\151.mp4,0,original,c23
FaceForensics++,FaceForensics++__original__152.mp4,data\raw\FaceForensics++_C23\original\152.mp4,0,original,c23
FaceForensics++,FaceForensics++__original__153.mp4,data\raw\FaceForensics++_C23\original\153.mp4,0,original,c23
FaceForensics++,FaceForensics++__original__154.mp4,data\raw\FaceForensics++_C23\original\154.mp4,0,original,c23
FaceForensics++,FaceForensics++__original__155.mp4,data\raw\FaceForensics++_C23\original\155.mp4,0,original,c23
FaceForensics++,FaceForensics++__original__156.mp4,data\raw\FaceForensics++_C23\original\156.mp4,0,original,c23
FaceForensics++,FaceForensics++__original__157.mp4,data\raw\FaceForensics++_C23\original\157.mp4,0,original,c23
FaceForensics++,FaceForensics++__original__161.mp4,data\raw\FaceForensics++_C23\original\161.mp4,0,original,c23
FaceForensics++,FaceForensics++__original__162.mp4,data\raw\FaceForensics++_C23\original\162.mp4,0,original,c23
FaceForensics++,FaceForensics++__original__163.mp4,data\raw\FaceForensics++_C23\original\163.mp4,0,original,c23
FaceForensics++,FaceForensics++__original__164.mp4,data\raw\FaceForensics++_C23\original\164.mp4,0,original,c23
FaceForensics++,FaceForensics++__original__165.mp4,data\raw\FaceForensics++_C23\original\165.mp4,0,original,c23
FaceForensics++,FaceForensics++__original__167.mp4,data\raw\FaceForensics++_C23\original\167.mp4,0,original,c23
FaceForensics++,FaceForensics++__original__168.mp4,data\raw\FaceForensics++_C23\original\168.mp4,0,original,c23
FaceForensics++,FaceForensics++__original__170.mp4,data\raw\FaceForensics++_C23\original\170.mp4,0,original,c23
FaceForensics++,FaceForensics++__original__171.mp4,data\raw\FaceForensics++_C23\original\171.mp4,0,original,c23
FaceForensics++,FaceForensics++__original__173.mp4,data\raw\FaceForensics++_C23\original\173.mp4,0,original,c23
FaceForensics++,FaceForensics++__original__174.mp4,data\raw\FaceForensics++_C23\original\174.mp4,0,original,c23
FaceForensics++,FaceForensics++__original__175.mp4,data\raw\FaceForensics++_C23\original\175.mp4,0,original,c23
FaceForensics++,FaceForensics++__original__176.mp4,data\raw\FaceForensics++_C23\original\176.mp4,0,original,c23
FaceForensics++,FaceForensics++__original__177.mp4,data\raw\FaceForensics++_C23\original\177.mp4,0,original,c23
FaceForensics++,FaceForensics++__original__178.mp4,data\raw\FaceForensics++_C23\original\178.mp4,0,original,c23
FaceForensics++,FaceForensics++__original__180.mp4,data\raw\FaceForensics++_C23\original\180.mp4,0,original,c23
FaceForensics++,FaceForensics++__original__181.mp4,data\raw\FaceForensics++_C23\original\181.mp4,0,original,c23
FaceForensics++,FaceForensics++__original__182.mp4,data\raw\FaceForensics++_C23\original\182.mp4,0,original,c23
FaceForensics++,FaceForensics++__original__183.mp4,data\raw\FaceForensics++_C23\original\183.mp4,0,original,c23
FaceForensics++,FaceForensics++__original__184.mp4,data\raw\FaceForensics++_C23\original\184.mp4,0,original,c23
FaceForensics++,FaceForensics++__original__185.mp4,data\raw\FaceForensics++_C23\original\185.mp4,0,original,c23
FaceForensics++,FaceForensics++__original__186.mp4,data\raw\FaceForensics++_C23\original\186.mp4,0,original,c23
FaceForensics++,FaceForensics++__original__187.mp4,data\raw\FaceForensics++_C23\original\187.mp4,0,original,c23
FaceForensics++,FaceForensics++__original__188.mp4,data\raw\FaceForensics++_C23\original\188.mp4,0,original,c23
FaceForensics++,FaceForensics++__original__189.mp4,data\raw\FaceForensics++_C23\original\189.mp4,0,original,c23
FaceForensics++,FaceForensics++__original__190.mp4,data\raw\FaceForensics++_C23\original\190.mp4,0,original,c23
FaceForensics++,FaceForensics++__original__191.mp4,data\raw\FaceForensics++_C23\original\191.mp4,0,original,c23
FaceForensics++,FaceForensics++__original__192.mp4,data\raw\FaceForensics++_C23\original\192.mp4,0,original,c23
FaceForensics++,FaceForensics++__original__194.mp4,data\raw\FaceForensics++_C23\original\194.mp4,0,original,c23
FaceForensics++,FaceForensics++__original__195.mp4,data\raw\FaceForensics++_C23\original\195.mp4,0,original,c23
FaceForensics++,FaceForensics++__original__196.mp4,data\raw\FaceForensics++_C23\original\196.mp4,0,original,c23
FaceForensics++,FaceForensics++__original__197.mp4,data\raw\FaceForensics++_C23\original\197.mp4,0,original,c23
FaceForensics++,FaceForensics++__original__198.mp4,data\raw\FaceForensics++_C23\original\198.mp4,0,original,c23
FaceForensics++,FaceForensics++__original__199.mp4,data\raw\FaceForensics++_C23\original\199.mp4,0,original,c23
FaceForensics++,FaceForensics++__original__201.mp4,data\raw\FaceForensics++_C23\original\201.mp4,0,original,c23
FaceForensics++,FaceForensics++__original__202.mp4,data\raw\FaceForensics++_C23\original\202.mp4,0,original,c23
FaceForensics++,FaceForensics++__original__205.mp4,data\raw\FaceForensics++_C23\original\205.mp4,0,original,c23
FaceForensics++,FaceForensics++__original__206.mp4,data\raw\FaceForensics++_C23\original\206.mp4,0,original,c23
FaceForensics++,FaceForensics++__original__207.mp4,data\raw\FaceForensics++_C23\original\207.mp4,0,original,c23
FaceForensics++,FaceForensics++__original__208.mp4,data\raw\FaceForensics++_C23\original\208.mp4,0,original,c23
FaceForensics++,FaceForensics++__original__209.mp4,data\raw\FaceForensics++_C23\original\209.mp4,0,original,c23
FaceForensics++,FaceForensics++__original__212.mp4,data\raw\FaceForensics++_C23\original\212.mp4,0,original,c23
FaceForensics++,FaceForensics++__original__213.mp4,data\raw\FaceForensics++_C23\original\213.mp4,0,original,c23
FaceForensics++,FaceForensics++__original__214.mp4,data\raw\FaceForensics++_C23\original\214.mp4,0,original,c23
FaceForensics++,FaceForensics++__original__215.mp4,data\raw\FaceForensics++_C23\original\215.mp4,0,original,c23
FaceForensics++,FaceForensics++__original__216.mp4,data\raw\FaceForensics++_C23\original\216.mp4,0,original,c23
FaceForensics++,FaceForensics++__original__218.mp4,data\raw\FaceForensics++_C23\original\218.mp4,0,original,c23
FaceForensics++,FaceForensics++__original__219.mp4,data\raw\FaceForensics++_C23\original\219.mp4,0,original,c23
FaceForensics++,FaceForensics++__original__221.mp4,data\raw\FaceForensics++_C23\original\221.mp4,0,original,c23
FaceForensics++,FaceForensics++__original__223.mp4,data\raw\FaceForensics++_C23\original\223.mp4,0,original,c23
FaceForensics++,FaceForensics++__original__224.mp4,data\raw\FaceForensics++_C23\original\224.mp4,0,original,c23
FaceForensics++,FaceForensics++__original__225.mp4,data\raw\FaceForensics++_C23\original\225.mp4,0,original,c23
FaceForensics++,FaceForensics++__original__227.mp4,data\raw\FaceForensics++_C23\original\227.mp4,0,original,c23
FaceForensics++,FaceForensics++__original__228.mp4,data\raw\FaceForensics++_C23\original\228.mp4,0,original,c23
FaceForensics++,FaceForensics++__original__229.mp4,data\raw\FaceForensics++_C23\original\229.mp4,0,original,c23
FaceForensics++,FaceForensics++__original__230.mp4,data\raw\FaceForensics++_C23\original\230.mp4,0,original,c23
FaceForensics++,FaceForensics++__original__231.mp4,data\raw\FaceForensics++_C23\original\231.mp4,0,original,c23
FaceForensics++,FaceForensics++__original__232.mp4,data\raw\FaceForensics++_C23\original\232.mp4,0,original,c23
FaceForensics++,FaceForensics++__original__233.mp4,data\raw\FaceForensics++_C23\original\233.mp4,0,original,c23
FaceForensics++,FaceForensics++__original__234.mp4,data\raw\FaceForensics++_C23\original\234.mp4,0,original,c23
FaceForensics++,FaceForensics++__original__238.mp4,data\raw\FaceForensics++_C23\original\238.mp4,0,original,c23
FaceForensics++,FaceForensics++__original__239.mp4,data\raw\FaceForensics++_C23\original\239.mp4,0,original,c23
FaceForensics++,FaceForensics++__original__240.mp4,data\raw\FaceForensics++_C23\original\240.mp4,0,original,c23
FaceForensics++,FaceForensics++__original__241.mp4,data\raw\FaceForensics++_C23\original\241.mp4,0,original,c23
FaceForensics++,FaceForensics++__original__242.mp4,data\raw\FaceForensics++_C23\original\242.mp4,0,original,c23
FaceForensics++,FaceForensics++__original__243.mp4,data\raw\FaceForensics++_C23\original\243.mp4,0,original,c23
FaceForensics++,FaceForensics++__original__245.mp4,data\raw\FaceForensics++_C23\original\245.mp4,0,original,c23
FaceForensics++,FaceForensics++__original__246.mp4,data\raw\FaceForensics++_C23\original\246.mp4,0,original,c23
FaceForensics++,FaceForensics++__original__247.mp4,data\raw\FaceForensics++_C23\original\247.mp4,0,original,c23
FaceForensics++,FaceForensics++__original__248.mp4,data\raw\FaceForensics++_C23\original\248.mp4,0,original,c23
FaceForensics++,FaceForensics++__original__249.mp4,data\raw\FaceForensics++_C23\original\249.mp4,0,original,c23
FaceForensics++,FaceForensics++__original__250.mp4,data\raw\FaceForensics++_C23\original\250.mp4,0,original,c23
FaceForensics++,FaceForensics++__original__251.mp4,data\raw\FaceForensics++_C23\original\251.mp4,0,original,c23
FaceForensics++,FaceForensics++__original__252.mp4,data\raw\FaceForensics++_C23\original\252.mp4,0,original,c23
FaceForensics++,FaceForensics++__original__253.mp4,data\raw\FaceForensics++_C23\original\253.mp4,0,original,c23
FaceForensics++,FaceForensics++__original__255.mp4,data\raw\FaceForensics++_C23\original\255.mp4,0,original,c23
FaceForensics++,FaceForensics++__original__256.mp4,data\raw\FaceForensics++_C23\original\256.mp4,0,original,c23
FaceForensics++,FaceForensics++__original__258.mp4,data\raw\FaceForensics++_C23\original\258.mp4,0,original,c23
FaceForensics++,FaceForensics++__original__259.mp4,data\raw\FaceForensics++_C23\original\259.mp4,0,original,c23
FaceForensics++,FaceForensics++__original__261.mp4,data\raw\FaceForensics++_C23\original\261.mp4,0,original,c23
FaceForensics++,FaceForensics++__original__263.mp4,data\raw\FaceForensics++_C23\original\263.mp4,0,original,c23
FaceForensics++,FaceForensics++__original__264.mp4,data\raw\FaceForensics++_C23\original\264.mp4,0,original,c23
FaceForensics++,FaceForensics++__original__265.mp4,data\raw\FaceForensics++_C23\original\265.mp4,0,original,c23
FaceForensics++,FaceForensics++__original__266.mp4,data\raw\FaceForensics++_C23\original\266.mp4,0,original,c23
FaceForensics++,FaceForensics++__original__268.mp4,data\raw\FaceForensics++_C23\original\268.mp4,0,original,c23
FaceForensics++,FaceForensics++__original__269.mp4,data\raw\FaceForensics++_C23\original\269.mp4,0,original,c23
FaceForensics++,FaceForensics++__original__270.mp4,data\raw\FaceForensics++_C23\original\270.mp4,0,original,c23
FaceForensics++,FaceForensics++__original__271.mp4,data\raw\FaceForensics++_C23\original\271.mp4,0,original,c23
FaceForensics++,FaceForensics++__original__272.mp4,data\raw\FaceForensics++_C23\original\272.mp4,0,original,c23
FaceForensics++,FaceForensics++__original__273.mp4,data\raw\FaceForensics++_C23\original\273.mp4,0,original,c23
FaceForensics++,FaceForensics++__original__274.mp4,data\raw\FaceForensics++_C23\original\274.mp4,0,original,c23
FaceForensics++,FaceForensics++__original__275.mp4,data\raw\FaceForensics++_C23\original\275.mp4,0,original,c23
FaceForensics++,FaceForensics++__original__276.mp4,data\raw\FaceForensics++_C23\original\276.mp4,0,original,c23
FaceForensics++,FaceForensics++__original__277.mp4,data\raw\FaceForensics++_C23\original\277.mp4,0,original,c23
FaceForensics++,FaceForensics++__original__278.mp4,data\raw\FaceForensics++_C23\original\278.mp4,0,original,c23
FaceForensics++,FaceForensics++__original__279.mp4,data\raw\FaceForensics++_C23\original\279.mp4,0,original,c23
FaceForensics++,FaceForensics++__original__280.mp4,data\raw\FaceForensics++_C23\original\280.mp4,0,original,c23
FaceForensics++,FaceForensics++__original__281.mp4,data\raw\FaceForensics++_C23\original\281.mp4,0,original,c23
FaceForensics++,FaceForensics++__original__282.mp4,data\raw\FaceForensics++_C23\original\282.mp4,0,original,c23
FaceForensics++,FaceForensics++__original__283.mp4,data\raw\FaceForensics++_C23\original\283.mp4,0,original,c23
FaceForensics++,FaceForensics++__original__284.mp4,data\raw\FaceForensics++_C23\original\284.mp4,0,original,c23
FaceForensics++,FaceForensics++__original__285.mp4,data\raw\FaceForensics++_C23\original\285.mp4,0,original,c23
FaceForensics++,FaceForensics++__original__286.mp4,data\raw\FaceForensics++_C23\original\286.mp4,0,original,c23
FaceForensics++,FaceForensics++__original__287.mp4,data\raw\FaceForensics++_C23\original\287.mp4,0,original,c23
FaceForensics++,FaceForensics++__original__288.mp4,data\raw\FaceForensics++_C23\original\288.mp4,0,original,c23
FaceForensics++,FaceForensics++__original__289.mp4,data\raw\FaceForensics++_C23\original\289.mp4,0,original,c23
FaceForensics++,FaceForensics++__original__290.mp4,data\raw\FaceForensics++_C23\original\290.mp4,0,original,c23
FaceForensics++,FaceForensics++__original__291.mp4,data\raw\FaceForensics++_C23\original\291.mp4,0,original,c23
FaceForensics++,FaceForensics++__original__292.mp4,data\raw\FaceForensics++_C23\original\292.mp4,0,original,c23
FaceForensics++,FaceForensics++__original__293.mp4,data\raw\FaceForensics++_C23\original\293.mp4,0,original,c23
FaceForensics++,FaceForensics++__original__296.mp4,data\raw\FaceForensics++_C23\original\296.mp4,0,original,c23
FaceForensics++,FaceForensics++__original__297.mp4,data\raw\FaceForensics++_C23\original\297.mp4,0,original,c23
FaceForensics++,FaceForensics++__original__298.mp4,data\raw\FaceForensics++_C23\original\298.mp4,0,original,c23
FaceForensics++,FaceForensics++__original__299.mp4,data\raw\FaceForensics++_C23\original\299.mp4,0,original,c23
FaceForensics++,FaceForensics++__original__301.mp4,data\raw\FaceForensics++_C23\original\301.mp4,0,original,c23
FaceForensics++,FaceForensics++__original__302.mp4,data\raw\FaceForensics++_C23\original\302.mp4,0,original,c23
FaceForensics++,FaceForensics++__original__304.mp4,data\raw\FaceForensics++_C23\original\304.mp4,0,original,c23
FaceForensics++,FaceForensics++__original__305.mp4,data\raw\FaceForensics++_C23\original\305.mp4,0,original,c23
FaceForensics++,FaceForensics++__original__306.mp4,data\raw\FaceForensics++_C23\original\306.mp4,0,original,c23
FaceForensics++,FaceForensics++__original__307.mp4,data\raw\FaceForensics++_C23\original\307.mp4,0,original,c23
FaceForensics++,FaceForensics++__original__308.mp4,data\raw\FaceForensics++_C23\original\308.mp4,0,original,c23
FaceForensics++,FaceForensics++__original__309.mp4,data\raw\FaceForensics++_C23\original\309.mp4,0,original,c23
FaceForensics++,FaceForensics++__original__310.mp4,data\raw\FaceForensics++_C23\original\310.mp4,0,original,c23
FaceForensics++,FaceForensics++__original__311.mp4,data\raw\FaceForensics++_C23\original\311.mp4,0,original,c23
FaceForensics++,FaceForensics++__original__312.mp4,data\raw\FaceForensics++_C23\original\312.mp4,0,original,c23
FaceForensics++,FaceForensics++__original__314.mp4,data\raw\FaceForensics++_C23\original\314.mp4,0,original,c23
FaceForensics++,FaceForensics++__original__315.mp4,data\raw\FaceForensics++_C23\original\315.mp4,0,original,c23
FaceForensics++,FaceForensics++__original__316.mp4,data\raw\FaceForensics++_C23\original\316.mp4,0,original,c23
FaceForensics++,FaceForensics++__original__318.mp4,data\raw\FaceForensics++_C23\original\318.mp4,0,original,c23
FaceForensics++,FaceForensics++__original__319.mp4,data\raw\FaceForensics++_C23\original\319.mp4,0,original,c23
FaceForensics++,FaceForensics++__original__320.mp4,data\raw\FaceForensics++_C23\original\320.mp4,0,original,c23
FaceForensics++,FaceForensics++__original__321.mp4,data\raw\FaceForensics++_C23\original\321.mp4,0,original,c23
FaceForensics++,FaceForensics++__original__322.mp4,data\raw\FaceForensics++_C23\original\322.mp4,0,original,c23
FaceForensics++,FaceForensics++__original__323.mp4,data\raw\FaceForensics++_C23\original\323.mp4,0,original,c23
FaceForensics++,FaceForensics++__original__324.mp4,data\raw\FaceForensics++_C23\original\324.mp4,0,original,c23
FaceForensics++,FaceForensics++__original__327.mp4,data\raw\FaceForensics++_C23\original\327.mp4,0,original,c23
FaceForensics++,FaceForensics++__original__328.mp4,data\raw\FaceForensics++_C23\original\328.mp4,0,original,c23
FaceForensics++,FaceForensics++__original__330.mp4,data\raw\FaceForensics++_C23\original\330.mp4,0,original,c23
FaceForensics++,FaceForensics++__original__331.mp4,data\raw\FaceForensics++_C23\original\331.mp4,0,original,c23
FaceForensics++,FaceForensics++__original__332.mp4,data\raw\FaceForensics++_C23\original\332.mp4,0,original,c23
FaceForensics++,FaceForensics++__original__333.mp4,data\raw\FaceForensics++_C23\original\333.mp4,0,original,c23
FaceForensics++,FaceForensics++__original__334.mp4,data\raw\FaceForensics++_C23\original\334.mp4,0,original,c23
FaceForensics++,FaceForensics++__original__335.mp4,data\raw\FaceForensics++_C23\original\335.mp4,0,original,c23
FaceForensics++,FaceForensics++__original__337.mp4,data\raw\FaceForensics++_C23\original\337.mp4,0,original,c23
FaceForensics++,FaceForensics++__original__338.mp4,data\raw\FaceForensics++_C23\original\338.mp4,0,original,c23
FaceForensics++,FaceForensics++__original__339.mp4,data\raw\FaceForensics++_C23\original\339.mp4,0,original,c23
FaceForensics++,FaceForensics++__original__340.mp4,data\raw\FaceForensics++_C23\original\340.mp4,0,original,c23
FaceForensics++,FaceForensics++__original__341.mp4,data\raw\FaceForensics++_C23\original\341.mp4,0,original,c23
FaceForensics++,FaceForensics++__original__343.mp4,data\raw\FaceForensics++_C23\original\343.mp4,0,original,c23
FaceForensics++,FaceForensics++__original__344.mp4,data\raw\FaceForensics++_C23\original\344.mp4,0,original,c23
FaceForensics++,FaceForensics++__original__345.mp4,data\raw\FaceForensics++_C23\original\345.mp4,0,original,c23
FaceForensics++,FaceForensics++__original__346.mp4,data\raw\FaceForensics++_C23\original\346.mp4,0,original,c23
FaceForensics++,FaceForensics++__original__347.mp4,data\raw\FaceForensics++_C23\original\347.mp4,0,original,c23
FaceForensics++,FaceForensics++__original__348.mp4,data\raw\FaceForensics++_C23\original\348.mp4,0,original,c23
FaceForensics++,FaceForensics++__original__349.mp4,data\raw\FaceForensics++_C23\original\349.mp4,0,original,c23
FaceForensics++,FaceForensics++__original__350.mp4,data\raw\FaceForensics++_C23\original\350.mp4,0,original,c23
FaceForensics++,FaceForensics++__original__351.mp4,data\raw\FaceForensics++_C23\original\351.mp4,0,original,c23
FaceForensics++,FaceForensics++__original__352.mp4,data\raw\FaceForensics++_C23\original\352.mp4,0,original,c23
FaceForensics++,FaceForensics++__original__353.mp4,data\raw\FaceForensics++_C23\original\353.mp4,0,original,c23
FaceForensics++,FaceForensics++__original__354.mp4,data\raw\FaceForensics++_C23\original\354.mp4,0,original,c23
FaceForensics++,FaceForensics++__original__356.mp4,data\raw\FaceForensics++_C23\original\356.mp4,0,original,c23
FaceForensics++,FaceForensics++__original__358.mp4,data\raw\FaceForensics++_C23\original\358.mp4,0,original,c23
FaceForensics++,FaceForensics++__original__359.mp4,data\raw\FaceForensics++_C23\original\359.mp4,0,original,c23
FaceForensics++,FaceForensics++__original__360.mp4,data\raw\FaceForensics++_C23\original\360.mp4,0,original,c23
FaceForensics++,FaceForensics++__original__362.mp4,data\raw\FaceForensics++_C23\original\362.mp4,0,original,c23
FaceForensics++,FaceForensics++__original__364.mp4,data\raw\FaceForensics++_C23\original\364.mp4,0,original,c23
FaceForensics++,FaceForensics++__original__365.mp4,data\raw\FaceForensics++_C23\original\365.mp4,0,original,c23
FaceForensics++,FaceForensics++__original__366.mp4,data\raw\FaceForensics++_C23\original\366.mp4,0,original,c23
FaceForensics++,FaceForensics++__original__367.mp4,data\raw\FaceForensics++_C23\original\367.mp4,0,original,c23
FaceForensics++,FaceForensics++__original__368.mp4,data\raw\FaceForensics++_C23\original\368.mp4,0,original,c23
FaceForensics++,FaceForensics++__original__369.mp4,data\raw\FaceForensics++_C23\original\369.mp4,0,original,c23
FaceForensics++,FaceForensics++__original__370.mp4,data\raw\FaceForensics++_C23\original\370.mp4,0,original,c23
FaceForensics++,FaceForensics++__original__371.mp4,data\raw\FaceForensics++_C23\original\371.mp4,0,original,c23
FaceForensics++,FaceForensics++__original__373.mp4,data\raw\FaceForensics++_C23\original\373.mp4,0,original,c23
FaceForensics++,FaceForensics++__original__374.mp4,data\raw\FaceForensics++_C23\original\374.mp4,0,original,c23
FaceForensics++,FaceForensics++__original__377.mp4,data\raw\FaceForensics++_C23\original\377.mp4,0,original,c23
FaceForensics++,FaceForensics++__original__379.mp4,data\raw\FaceForensics++_C23\original\379.mp4,0,original,c23
FaceForensics++,FaceForensics++__original__380.mp4,data\raw\FaceForensics++_C23\original\380.mp4,0,original,c23
FaceForensics++,FaceForensics++__original__381.mp4,data\raw\FaceForensics++_C23\original\381.mp4,0,original,c23
FaceForensics++,FaceForensics++__original__382.mp4,data\raw\FaceForensics++_C23\original\382.mp4,0,original,c23
FaceForensics++,FaceForensics++__original__383.mp4,data\raw\FaceForensics++_C23\original\383.mp4,0,original,c23
FaceForensics++,FaceForensics++__original__384.mp4,data\raw\FaceForensics++_C23\original\384.mp4,0,original,c23
FaceForensics++,FaceForensics++__original__386.mp4,data\raw\FaceForensics++_C23\original\386.mp4,0,original,c23
FaceForensics++,FaceForensics++__original__387.mp4,data\raw\FaceForensics++_C23\original\387.mp4,0,original,c23
FaceForensics++,FaceForensics++__original__388.mp4,data\raw\FaceForensics++_C23\original\388.mp4,0,original,c23
FaceForensics++,FaceForensics++__original__389.mp4,data\raw\FaceForensics++_C23\original\389.mp4,0,original,c23
FaceForensics++,FaceForensics++__original__390.mp4,data\raw\FaceForensics++_C23\original\390.mp4,0,original,c23
FaceForensics++,FaceForensics++__original__391.mp4,data\raw\FaceForensics++_C23\original\391.mp4,0,original,c23
FaceForensics++,FaceForensics++__original__392.mp4,data\raw\FaceForensics++_C23\original\392.mp4,0,original,c23
FaceForensics++,FaceForensics++__original__393.mp4,data\raw\FaceForensics++_C23\original\393.mp4,0,original,c23
FaceForensics++,FaceForensics++__original__394.mp4,data\raw\FaceForensics++_C23\original\394.mp4,0,original,c23
FaceForensics++,FaceForensics++__original__395.mp4,data\raw\FaceForensics++_C23\original\395.mp4,0,original,c23
FaceForensics++,FaceForensics++__original__396.mp4,data\raw\FaceForensics++_C23\original\396.mp4,0,original,c23
FaceForensics++,FaceForensics++__original__397.mp4,data\raw\FaceForensics++_C23\original\397.mp4,0,original,c23
FaceForensics++,FaceForensics++__original__398.mp4,data\raw\FaceForensics++_C23\original\398.mp4,0,original,c23
FaceForensics++,FaceForensics++__original__399.mp4,data\raw\FaceForensics++_C23\original\399.mp4,0,original,c23
FaceForensics++,FaceForensics++__original__400.mp4,data\raw\FaceForensics++_C23\original\400.mp4,0,original,c23
FaceForensics++,FaceForensics++__original__402.mp4,data\raw\FaceForensics++_C23\original\402.mp4,0,original,c23
FaceForensics++,FaceForensics++__original__403.mp4,data\raw\FaceForensics++_C23\original\403.mp4,0,original,c23
FaceForensics++,FaceForensics++__original__404.mp4,data\raw\FaceForensics++_C23\original\404.mp4,0,original,c23
FaceForensics++,FaceForensics++__original__405.mp4,data\raw\FaceForensics++_C23\original\405.mp4,0,original,c23
FaceForensics++,FaceForensics++__original__406.mp4,data\raw\FaceForensics++_C23\original\406.mp4,0,original,c23
FaceForensics++,FaceForensics++__original__407.mp4,data\raw\FaceForensics++_C23\original\407.mp4,0,original,c23
FaceForensics++,FaceForensics++__original__408.mp4,data\raw\FaceForensics++_C23\original\408.mp4,0,original,c23
FaceForensics++,FaceForensics++__original__409.mp4,data\raw\FaceForensics++_C23\original\409.mp4,0,original,c23
FaceForensics++,FaceForensics++__original__412.mp4,data\raw\FaceForensics++_C23\original\412.mp4,0,original,c23
FaceForensics++,FaceForensics++__original__413.mp4,data\raw\FaceForensics++_C23\original\413.mp4,0,original,c23
FaceForensics++,FaceForensics++__original__415.mp4,data\raw\FaceForensics++_C23\original\415.mp4,0,original,c23
FaceForensics++,FaceForensics++__original__417.mp4,data\raw\FaceForensics++_C23\original\417.mp4,0,original,c23
FaceForensics++,FaceForensics++__original__418.mp4,data\raw\FaceForensics++_C23\original\418.mp4,0,original,c23
FaceForensics++,FaceForensics++__original__419.mp4,data\raw\FaceForensics++_C23\original\419.mp4,0,original,c23
FaceForensics++,FaceForensics++__original__421.mp4,data\raw\FaceForensics++_C23\original\421.mp4,0,original,c23
FaceForensics++,FaceForensics++__original__423.mp4,data\raw\FaceForensics++_C23\original\423.mp4,0,original,c23
FaceForensics++,FaceForensics++__original__424.mp4,data\raw\FaceForensics++_C23\original\424.mp4,0,original,c23
FaceForensics++,FaceForensics++__original__425.mp4,data\raw\FaceForensics++_C23\original\425.mp4,0,original,c23
FaceForensics++,FaceForensics++__original__427.mp4,data\raw\FaceForensics++_C23\original\427.mp4,0,original,c23
FaceForensics++,FaceForensics++__original__428.mp4,data\raw\FaceForensics++_C23\original\428.mp4,0,original,c23
FaceForensics++,FaceForensics++__original__429.mp4,data\raw\FaceForensics++_C23\original\429.mp4,0,original,c23
FaceForensics++,FaceForensics++__original__430.mp4,data\raw\FaceForensics++_C23\original\430.mp4,0,original,c23
FaceForensics++,FaceForensics++__original__431.mp4,data\raw\FaceForensics++_C23\original\431.mp4,0,original,c23
FaceForensics++,FaceForensics++__original__432.mp4,data\raw\FaceForensics++_C23\original\432.mp4,0,original,c23
FaceForensics++,FaceForensics++__original__433.mp4,data\raw\FaceForensics++_C23\original\433.mp4,0,original,c23
FaceForensics++,FaceForensics++__original__434.mp4,data\raw\FaceForensics++_C23\original\434.mp4,0,original,c23
FaceForensics++,FaceForensics++__original__435.mp4,data\raw\FaceForensics++_C23\original\435.mp4,0,original,c23
FaceForensics++,FaceForensics++__original__436.mp4,data\raw\FaceForensics++_C23\original\436.mp4,0,original,c23
FaceForensics++,FaceForensics++__original__437.mp4,data\raw\FaceForensics++_C23\original\437.mp4,0,original,c23
FaceForensics++,FaceForensics++__original__438.mp4,data\raw\FaceForensics++_C23\original\438.mp4,0,original,c23
FaceForensics++,FaceForensics++__original__440.mp4,data\raw\FaceForensics++_C23\original\440.mp4,0,original,c23
FaceForensics++,FaceForensics++__original__441.mp4,data\raw\FaceForensics++_C23\original\441.mp4,0,original,c23
FaceForensics++,FaceForensics++__original__442.mp4,data\raw\FaceForensics++_C23\original\442.mp4,0,original,c23
FaceForensics++,FaceForensics++__original__445.mp4,data\raw\FaceForensics++_C23\original\445.mp4,0,original,c23
FaceForensics++,FaceForensics++__original__447.mp4,data\raw\FaceForensics++_C23\original\447.mp4,0,original,c23
FaceForensics++,FaceForensics++__original__448.mp4,data\raw\FaceForensics++_C23\original\448.mp4,0,original,c23
FaceForensics++,FaceForensics++__original__449.mp4,data\raw\FaceForensics++_C23\original\449.mp4,0,original,c23
FaceForensics++,FaceForensics++__original__450.mp4,data\raw\FaceForensics++_C23\original\450.mp4,0,original,c23
FaceForensics++,FaceForensics++__original__451.mp4,data\raw\FaceForensics++_C23\original\451.mp4,0,original,c23
FaceForensics++,FaceForensics++__original__452.mp4,data\raw\FaceForensics++_C23\original\452.mp4,0,original,c23
FaceForensics++,FaceForensics++__original__453.mp4,data\raw\FaceForensics++_C23\original\453.mp4,0,original,c23
FaceForensics++,FaceForensics++__original__454.mp4,data\raw\FaceForensics++_C23\original\454.mp4,0,original,c23
FaceForensics++,FaceForensics++__original__455.mp4,data\raw\FaceForensics++_C23\original\455.mp4,0,original,c23
FaceForensics++,FaceForensics++__original__456.mp4,data\raw\FaceForensics++_C23\original\456.mp4,0,original,c23
FaceForensics++,FaceForensics++__original__457.mp4,data\raw\FaceForensics++_C23\original\457.mp4,0,original,c23
FaceForensics++,FaceForensics++__original__460.mp4,data\raw\FaceForensics++_C23\original\460.mp4,0,original,c23
FaceForensics++,FaceForensics++__original__461.mp4,data\raw\FaceForensics++_C23\original\461.mp4,0,original,c23
FaceForensics++,FaceForensics++__original__462.mp4,data\raw\FaceForensics++_C23\original\462.mp4,0,original,c23
FaceForensics++,FaceForensics++__original__463.mp4,data\raw\FaceForensics++_C23\original\463.mp4,0,original,c23
FaceForensics++,FaceForensics++__original__464.mp4,data\raw\FaceForensics++_C23\original\464.mp4,0,original,c23
FaceForensics++,FaceForensics++__original__466.mp4,data\raw\FaceForensics++_C23\original\466.mp4,0,original,c23
FaceForensics++,FaceForensics++__original__467.mp4,data\raw\FaceForensics++_C23\original\467.mp4,0,original,c23
FaceForensics++,FaceForensics++__original__469.mp4,data\raw\FaceForensics++_C23\original\469.mp4,0,original,c23
FaceForensics++,FaceForensics++__original__470.mp4,data\raw\FaceForensics++_C23\original\470.mp4,0,original,c23
FaceForensics++,FaceForensics++__original__471.mp4,data\raw\FaceForensics++_C23\original\471.mp4,0,original,c23
FaceForensics++,FaceForensics++__original__472.mp4,data\raw\FaceForensics++_C23\original\472.mp4,0,original,c23
FaceForensics++,FaceForensics++__original__473.mp4,data\raw\FaceForensics++_C23\original\473.mp4,0,original,c23
FaceForensics++,FaceForensics++__original__475.mp4,data\raw\FaceForensics++_C23\original\475.mp4,0,original,c23
FaceForensics++,FaceForensics++__original__476.mp4,data\raw\FaceForensics++_C23\original\476.mp4,0,original,c23
FaceForensics++,FaceForensics++__original__477.mp4,data\raw\FaceForensics++_C23\original\477.mp4,0,original,c23
FaceForensics++,FaceForensics++__original__478.mp4,data\raw\FaceForensics++_C23\original\478.mp4,0,original,c23
FaceForensics++,FaceForensics++__original__481.mp4,data\raw\FaceForensics++_C23\original\481.mp4,0,original,c23
FaceForensics++,FaceForensics++__original__483.mp4,data\raw\FaceForensics++_C23\original\483.mp4,0,original,c23
FaceForensics++,FaceForensics++__original__484.mp4,data\raw\FaceForensics++_C23\original\484.mp4,0,original,c23
FaceForensics++,FaceForensics++__original__485.mp4,data\raw\FaceForensics++_C23\original\485.mp4,0,original,c23
FaceForensics++,FaceForensics++__original__486.mp4,data\raw\FaceForensics++_C23\original\486.mp4,0,original,c23
FaceForensics++,FaceForensics++__original__487.mp4,data\raw\FaceForensics++_C23\original\487.mp4,0,original,c23
FaceForensics++,FaceForensics++__original__489.mp4,data\raw\FaceForensics++_C23\original\489.mp4,0,original,c23
FaceForensics++,FaceForensics++__original__490.mp4,data\raw\FaceForensics++_C23\original\490.mp4,0,original,c23
FaceForensics++,FaceForensics++__original__491.mp4,data\raw\FaceForensics++_C23\original\491.mp4,0,original,c23
FaceForensics++,FaceForensics++__original__492.mp4,data\raw\FaceForensics++_C23\original\492.mp4,0,original,c23
FaceForensics++,FaceForensics++__original__494.mp4,data\raw\FaceForensics++_C23\original\494.mp4,0,original,c23
FaceForensics++,FaceForensics++__original__495.mp4,data\raw\FaceForensics++_C23\original\495.mp4,0,original,c23
FaceForensics++,FaceForensics++__original__497.mp4,data\raw\FaceForensics++_C23\original\497.mp4,0,original,c23
FaceForensics++,FaceForensics++__original__498.mp4,data\raw\FaceForensics++_C23\original\498.mp4,0,original,c23
FaceForensics++,FaceForensics++__original__500.mp4,data\raw\FaceForensics++_C23\original\500.mp4,0,original,c23
FaceForensics++,FaceForensics++__original__501.mp4,data\raw\FaceForensics++_C23\original\501.mp4,0,original,c23
FaceForensics++,FaceForensics++__original__502.mp4,data\raw\FaceForensics++_C23\original\502.mp4,0,original,c23
FaceForensics++,FaceForensics++__original__503.mp4,data\raw\FaceForensics++_C23\original\503.mp4,0,original,c23
FaceForensics++,FaceForensics++__original__504.mp4,data\raw\FaceForensics++_C23\original\504.mp4,0,original,c23
FaceForensics++,FaceForensics++__original__505.mp4,data\raw\FaceForensics++_C23\original\505.mp4,0,original,c23
FaceForensics++,FaceForensics++__original__506.mp4,data\raw\FaceForensics++_C23\original\506.mp4,0,original,c23
FaceForensics++,FaceForensics++__original__507.mp4,data\raw\FaceForensics++_C23\original\507.mp4,0,original,c23
FaceForensics++,FaceForensics++__original__508.mp4,data\raw\FaceForensics++_C23\original\508.mp4,0,original,c23
FaceForensics++,FaceForensics++__original__509.mp4,data\raw\FaceForensics++_C23\original\509.mp4,0,original,c23
FaceForensics++,FaceForensics++__original__511.mp4,data\raw\FaceForensics++_C23\original\511.mp4,0,original,c23
FaceForensics++,FaceForensics++__original__512.mp4,data\raw\FaceForensics++_C23\original\512.mp4,0,original,c23
FaceForensics++,FaceForensics++__original__513.mp4,data\raw\FaceForensics++_C23\original\513.mp4,0,original,c23
FaceForensics++,FaceForensics++__original__514.mp4,data\raw\FaceForensics++_C23\original\514.mp4,0,original,c23
FaceForensics++,FaceForensics++__original__515.mp4,data\raw\FaceForensics++_C23\original\515.mp4,0,original,c23
FaceForensics++,FaceForensics++__original__516.mp4,data\raw\FaceForensics++_C23\original\516.mp4,0,original,c23
FaceForensics++,FaceForensics++__original__517.mp4,data\raw\FaceForensics++_C23\original\517.mp4,0,original,c23
FaceForensics++,FaceForensics++__original__518.mp4,data\raw\FaceForensics++_C23\original\518.mp4,0,original,c23
FaceForensics++,FaceForensics++__original__519.mp4,data\raw\FaceForensics++_C23\original\519.mp4,0,original,c23
FaceForensics++,FaceForensics++__original__521.mp4,data\raw\FaceForensics++_C23\original\521.mp4,0,original,c23
FaceForensics++,FaceForensics++__original__522.mp4,data\raw\FaceForensics++_C23\original\522.mp4,0,original,c23
FaceForensics++,FaceForensics++__original__523.mp4,data\raw\FaceForensics++_C23\original\523.mp4,0,original,c23
FaceForensics++,FaceForensics++__original__525.mp4,data\raw\FaceForensics++_C23\original\525.mp4,0,original,c23
FaceForensics++,FaceForensics++__original__527.mp4,data\raw\FaceForensics++_C23\original\527.mp4,0,original,c23
FaceForensics++,FaceForensics++__original__528.mp4,data\raw\FaceForensics++_C23\original\528.mp4,0,original,c23
FaceForensics++,FaceForensics++__original__529.mp4,data\raw\FaceForensics++_C23\original\529.mp4,0,original,c23
FaceForensics++,FaceForensics++__original__530.mp4,data\raw\FaceForensics++_C23\original\530.mp4,0,original,c23
FaceForensics++,FaceForensics++__original__531.mp4,data\raw\FaceForensics++_C23\original\531.mp4,0,original,c23
FaceForensics++,FaceForensics++__original__532.mp4,data\raw\FaceForensics++_C23\original\532.mp4,0,original,c23
FaceForensics++,FaceForensics++__original__533.mp4,data\raw\FaceForensics++_C23\original\533.mp4,0,original,c23
FaceForensics++,FaceForensics++__original__534.mp4,data\raw\FaceForensics++_C23\original\534.mp4,0,original,c23
FaceForensics++,FaceForensics++__original__536.mp4,data\raw\FaceForensics++_C23\original\536.mp4,0,original,c23
FaceForensics++,FaceForensics++__original__537.mp4,data\raw\FaceForensics++_C23\original\537.mp4,0,original,c23
FaceForensics++,FaceForensics++__original__538.mp4,data\raw\FaceForensics++_C23\original\538.mp4,0,original,c23
FaceForensics++,FaceForensics++__original__539.mp4,data\raw\FaceForensics++_C23\original\539.mp4,0,original,c23
FaceForensics++,FaceForensics++__original__540.mp4,data\raw\FaceForensics++_C23\original\540.mp4,0,original,c23
FaceForensics++,FaceForensics++__original__541.mp4,data\raw\FaceForensics++_C23\original\541.mp4,0,original,c23
FaceForensics++,FaceForensics++__original__543.mp4,data\raw\FaceForensics++_C23\original\543.mp4,0,original,c23
FaceForensics++,FaceForensics++__original__544.mp4,data\raw\FaceForensics++_C23\original\544.mp4,0,original,c23
FaceForensics++,FaceForensics++__original__545.mp4,data\raw\FaceForensics++_C23\original\545.mp4,0,original,c23
FaceForensics++,FaceForensics++__original__546.mp4,data\raw\FaceForensics++_C23\original\546.mp4,0,original,c23
FaceForensics++,FaceForensics++__original__547.mp4,data\raw\FaceForensics++_C23\original\547.mp4,0,original,c23
FaceForensics++,FaceForensics++__original__548.mp4,data\raw\FaceForensics++_C23\original\548.mp4,0,original,c23
FaceForensics++,FaceForensics++__original__549.mp4,data\raw\FaceForensics++_C23\original\549.mp4,0,original,c23
FaceForensics++,FaceForensics++__original__550.mp4,data\raw\FaceForensics++_C23\original\550.mp4,0,original,c23
FaceForensics++,FaceForensics++__original__551.mp4,data\raw\FaceForensics++_C23\original\551.mp4,0,original,c23
FaceForensics++,FaceForensics++__original__553.mp4,data\raw\FaceForensics++_C23\original\553.mp4,0,original,c23
FaceForensics++,FaceForensics++__original__554.mp4,data\raw\FaceForensics++_C23\original\554.mp4,0,original,c23
FaceForensics++,FaceForensics++__original__555.mp4,data\raw\FaceForensics++_C23\original\555.mp4,0,original,c23
FaceForensics++,FaceForensics++__original__557.mp4,data\raw\FaceForensics++_C23\original\557.mp4,0,original,c23
FaceForensics++,FaceForensics++__original__558.mp4,data\raw\FaceForensics++_C23\original\558.mp4,0,original,c23
FaceForensics++,FaceForensics++__original__559.mp4,data\raw\FaceForensics++_C23\original\559.mp4,0,original,c23
FaceForensics++,FaceForensics++__original__565.mp4,data\raw\FaceForensics++_C23\original\565.mp4,0,original,c23
FaceForensics++,FaceForensics++__original__567.mp4,data\raw\FaceForensics++_C23\original\567.mp4,0,original,c23
FaceForensics++,FaceForensics++__original__570.mp4,data\raw\FaceForensics++_C23\original\570.mp4,0,original,c23
FaceForensics++,FaceForensics++__original__572.mp4,data\raw\FaceForensics++_C23\original\572.mp4,0,original,c23
FaceForensics++,FaceForensics++__original__574.mp4,data\raw\FaceForensics++_C23\original\574.mp4,0,original,c23
FaceForensics++,FaceForensics++__original__575.mp4,data\raw\FaceForensics++_C23\original\575.mp4,0,original,c23
FaceForensics++,FaceForensics++__original__576.mp4,data\raw\FaceForensics++_C23\original\576.mp4,0,original,c23
FaceForensics++,FaceForensics++__original__577.mp4,data\raw\FaceForensics++_C23\original\577.mp4,0,original,c23
FaceForensics++,FaceForensics++__original__578.mp4,data\raw\FaceForensics++_C23\original\578.mp4,0,original,c23
FaceForensics++,FaceForensics++__original__579.mp4,data\raw\FaceForensics++_C23\original\579.mp4,0,original,c23
FaceForensics++,FaceForensics++__original__582.mp4,data\raw\FaceForensics++_C23\original\582.mp4,0,original,c23
FaceForensics++,FaceForensics++__original__585.mp4,data\raw\FaceForensics++_C23\original\585.mp4,0,original,c23
FaceForensics++,FaceForensics++__original__586.mp4,data\raw\FaceForensics++_C23\original\586.mp4,0,original,c23
FaceForensics++,FaceForensics++__original__587.mp4,data\raw\FaceForensics++_C23\original\587.mp4,0,original,c23
FaceForensics++,FaceForensics++__original__588.mp4,data\raw\FaceForensics++_C23\original\588.mp4,0,original,c23
FaceForensics++,FaceForensics++__original__589.mp4,data\raw\FaceForensics++_C23\original\589.mp4,0,original,c23
FaceForensics++,FaceForensics++__original__590.mp4,data\raw\FaceForensics++_C23\original\590.mp4,0,original,c23
FaceForensics++,FaceForensics++__original__591.mp4,data\raw\FaceForensics++_C23\original\591.mp4,0,original,c23
FaceForensics++,FaceForensics++__original__592.mp4,data\raw\FaceForensics++_C23\original\592.mp4,0,original,c23
FaceForensics++,FaceForensics++__original__593.mp4,data\raw\FaceForensics++_C23\original\593.mp4,0,original,c23
FaceForensics++,FaceForensics++__original__595.mp4,data\raw\FaceForensics++_C23\original\595.mp4,0,original,c23
FaceForensics++,FaceForensics++__original__597.mp4,data\raw\FaceForensics++_C23\original\597.mp4,0,original,c23
FaceForensics++,FaceForensics++__original__598.mp4,data\raw\FaceForensics++_C23\original\598.mp4,0,original,c23
FaceForensics++,FaceForensics++__original__599.mp4,data\raw\FaceForensics++_C23\original\599.mp4,0,original,c23
FaceForensics++,FaceForensics++__original__601.mp4,data\raw\FaceForensics++_C23\original\601.mp4,0,original,c23
FaceForensics++,FaceForensics++__original__602.mp4,data\raw\FaceForensics++_C23\original\602.mp4,0,original,c23
FaceForensics++,FaceForensics++__original__603.mp4,data\raw\FaceForensics++_C23\original\603.mp4,0,original,c23
FaceForensics++,FaceForensics++__original__604.mp4,data\raw\FaceForensics++_C23\original\604.mp4,0,original,c23
FaceForensics++,FaceForensics++__original__607.mp4,data\raw\FaceForensics++_C23\original\607.mp4,0,original,c23
FaceForensics++,FaceForensics++__original__608.mp4,data\raw\FaceForensics++_C23\original\608.mp4,0,original,c23
FaceForensics++,FaceForensics++__original__609.mp4,data\raw\FaceForensics++_C23\original\609.mp4,0,original,c23
FaceForensics++,FaceForensics++__original__610.mp4,data\raw\FaceForensics++_C23\original\610.mp4,0,original,c23
FaceForensics++,FaceForensics++__original__611.mp4,data\raw\FaceForensics++_C23\original\611.mp4,0,original,c23
FaceForensics++,FaceForensics++__original__613.mp4,data\raw\FaceForensics++_C23\original\613.mp4,0,original,c23
FaceForensics++,FaceForensics++__original__615.mp4,data\raw\FaceForensics++_C23\original\615.mp4,0,original,c23
FaceForensics++,FaceForensics++__original__618.mp4,data\raw\FaceForensics++_C23\original\618.mp4,0,original,c23
FaceForensics++,FaceForensics++__original__619.mp4,data\raw\FaceForensics++_C23\original\619.mp4,0,original,c23
FaceForensics++,FaceForensics++__original__620.mp4,data\raw\FaceForensics++_C23\original\620.mp4,0,original,c23
FaceForensics++,FaceForensics++__original__621.mp4,data\raw\FaceForensics++_C23\original\621.mp4,0,original,c23
FaceForensics++,FaceForensics++__original__623.mp4,data\raw\FaceForensics++_C23\original\623.mp4,0,original,c23
FaceForensics++,FaceForensics++__original__624.mp4,data\raw\FaceForensics++_C23\original\624.mp4,0,original,c23
FaceForensics++,FaceForensics++__original__625.mp4,data\raw\FaceForensics++_C23\original\625.mp4,0,original,c23
FaceForensics++,FaceForensics++__original__626.mp4,data\raw\FaceForensics++_C23\original\626.mp4,0,original,c23
FaceForensics++,FaceForensics++__original__627.mp4,data\raw\FaceForensics++_C23\original\627.mp4,0,original,c23
FaceForensics++,FaceForensics++__original__628.mp4,data\raw\FaceForensics++_C23\original\628.mp4,0,original,c23
FaceForensics++,FaceForensics++__original__629.mp4,data\raw\FaceForensics++_C23\original\629.mp4,0,original,c23
FaceForensics++,FaceForensics++__original__630.mp4,data\raw\FaceForensics++_C23\original\630.mp4,0,original,c23
FaceForensics++,FaceForensics++__original__631.mp4,data\raw\FaceForensics++_C23\original\631.mp4,0,original,c23
FaceForensics++,FaceForensics++__original__632.mp4,data\raw\FaceForensics++_C23\original\632.mp4,0,original,c23
FaceForensics++,FaceForensics++__original__633.mp4,data\raw\FaceForensics++_C23\original\633.mp4,0,original,c23
FaceForensics++,FaceForensics++__original__635.mp4,data\raw\FaceForensics++_C23\original\635.mp4,0,original,c23
FaceForensics++,FaceForensics++__original__636.mp4,data\raw\FaceForensics++_C23\original\636.mp4,0,original,c23
FaceForensics++,FaceForensics++__original__637.mp4,data\raw\FaceForensics++_C23\original\637.mp4,0,original,c23
FaceForensics++,FaceForensics++__original__638.mp4,data\raw\FaceForensics++_C23\original\638.mp4,0,original,c23
FaceForensics++,FaceForensics++__original__639.mp4,data\raw\FaceForensics++_C23\original\639.mp4,0,original,c23
FaceForensics++,FaceForensics++__original__640.mp4,data\raw\FaceForensics++_C23\original\640.mp4,0,original,c23
FaceForensics++,FaceForensics++__original__641.mp4,data\raw\FaceForensics++_C23\original\641.mp4,0,original,c23
FaceForensics++,FaceForensics++__original__642.mp4,data\raw\FaceForensics++_C23\original\642.mp4,0,original,c23
FaceForensics++,FaceForensics++__original__643.mp4,data\raw\FaceForensics++_C23\original\643.mp4,0,original,c23
FaceForensics++,FaceForensics++__original__644.mp4,data\raw\FaceForensics++_C23\original\644.mp4,0,original,c23
FaceForensics++,FaceForensics++__original__647.mp4,data\raw\FaceForensics++_C23\original\647.mp4,0,original,c23
FaceForensics++,FaceForensics++__original__648.mp4,data\raw\FaceForensics++_C23\original\648.mp4,0,original,c23
FaceForensics++,FaceForensics++__original__649.mp4,data\raw\FaceForensics++_C23\original\649.mp4,0,original,c23
FaceForensics++,FaceForensics++__original__650.mp4,data\raw\FaceForensics++_C23\original\650.mp4,0,original,c23
FaceForensics++,FaceForensics++__original__651.mp4,data\raw\FaceForensics++_C23\original\651.mp4,0,original,c23
FaceForensics++,FaceForensics++__original__652.mp4,data\raw\FaceForensics++_C23\original\652.mp4,0,original,c23
FaceForensics++,FaceForensics++__original__654.mp4,data\raw\FaceForensics++_C23\original\654.mp4,0,original,c23
FaceForensics++,FaceForensics++__original__655.mp4,data\raw\FaceForensics++_C23\original\655.mp4,0,original,c23
FaceForensics++,FaceForensics++__original__659.mp4,data\raw\FaceForensics++_C23\original\659.mp4,0,original,c23
FaceForensics++,FaceForensics++__original__661.mp4,data\raw\FaceForensics++_C23\original\661.mp4,0,original,c23
FaceForensics++,FaceForensics++__original__662.mp4,data\raw\FaceForensics++_C23\original\662.mp4,0,original,c23
FaceForensics++,FaceForensics++__original__663.mp4,data\raw\FaceForensics++_C23\original\663.mp4,0,original,c23
FaceForensics++,FaceForensics++__original__664.mp4,data\raw\FaceForensics++_C23\original\664.mp4,0,original,c23
FaceForensics++,FaceForensics++__original__666.mp4,data\raw\FaceForensics++_C23\original\666.mp4,0,original,c23
FaceForensics++,FaceForensics++__original__667.mp4,data\raw\FaceForensics++_C23\original\667.mp4,0,original,c23
FaceForensics++,FaceForensics++__original__668.mp4,data\raw\FaceForensics++_C23\original\668.mp4,0,original,c23
FaceForensics++,FaceForensics++__original__669.mp4,data\raw\FaceForensics++_C23\original\669.mp4,0,original,c23
FaceForensics++,FaceForensics++__original__672.mp4,data\raw\FaceForensics++_C23\original\672.mp4,0,original,c23
FaceForensics++,FaceForensics++__original__673.mp4,data\raw\FaceForensics++_C23\original\673.mp4,0,original,c23
FaceForensics++,FaceForensics++__original__674.mp4,data\raw\FaceForensics++_C23\original\674.mp4,0,original,c23
FaceForensics++,FaceForensics++__original__675.mp4,data\raw\FaceForensics++_C23\original\675.mp4,0,original,c23
FaceForensics++,FaceForensics++__original__676.mp4,data\raw\FaceForensics++_C23\original\676.mp4,0,original,c23
FaceForensics++,FaceForensics++__original__677.mp4,data\raw\FaceForensics++_C23\original\677.mp4,0,original,c23
FaceForensics++,FaceForensics++__original__678.mp4,data\raw\FaceForensics++_C23\original\678.mp4,0,original,c23
FaceForensics++,FaceForensics++__original__679.mp4,data\raw\FaceForensics++_C23\original\679.mp4,0,original,c23
FaceForensics++,FaceForensics++__original__680.mp4,data\raw\FaceForensics++_C23\original\680.mp4,0,original,c23
FaceForensics++,FaceForensics++__original__681.mp4,data\raw\FaceForensics++_C23\original\681.mp4,0,original,c23
FaceForensics++,FaceForensics++__original__682.mp4,data\raw\FaceForensics++_C23\original\682.mp4,0,original,c23
FaceForensics++,FaceForensics++__original__683.mp4,data\raw\FaceForensics++_C23\original\683.mp4,0,original,c23
FaceForensics++,FaceForensics++__original__684.mp4,data\raw\FaceForensics++_C23\original\684.mp4,0,original,c23
FaceForensics++,FaceForensics++__original__685.mp4,data\raw\FaceForensics++_C23\original\685.mp4,0,original,c23
FaceForensics++,FaceForensics++__original__686.mp4,data\raw\FaceForensics++_C23\original\686.mp4,0,original,c23
FaceForensics++,FaceForensics++__original__688.mp4,data\raw\FaceForensics++_C23\original\688.mp4,0,original,c23
FaceForensics++,FaceForensics++__original__689.mp4,data\raw\FaceForensics++_C23\original\689.mp4,0,original,c23
FaceForensics++,FaceForensics++__original__690.mp4,data\raw\FaceForensics++_C23\original\690.mp4,0,original,c23
FaceForensics++,FaceForensics++__original__691.mp4,data\raw\FaceForensics++_C23\original\691.mp4,0,original,c23
FaceForensics++,FaceForensics++__original__692.mp4,data\raw\FaceForensics++_C23\original\692.mp4,0,original,c23
FaceForensics++,FaceForensics++__original__693.mp4,data\raw\FaceForensics++_C23\original\693.mp4,0,original,c23
FaceForensics++,FaceForensics++__original__695.mp4,data\raw\FaceForensics++_C23\original\695.mp4,0,original,c23
FaceForensics++,FaceForensics++__original__696.mp4,data\raw\FaceForensics++_C23\original\696.mp4,0,original,c23
FaceForensics++,FaceForensics++__original__698.mp4,data\raw\FaceForensics++_C23\original\698.mp4,0,original,c23
FaceForensics++,FaceForensics++__original__699.mp4,data\raw\FaceForensics++_C23\original\699.mp4,0,original,c23
FaceForensics++,FaceForensics++__original__700.mp4,data\raw\FaceForensics++_C23\original\700.mp4,0,original,c23
FaceForensics++,FaceForensics++__original__702.mp4,data\raw\FaceForensics++_C23\original\702.mp4,0,original,c23
FaceForensics++,FaceForensics++__original__703.mp4,data\raw\FaceForensics++_C23\original\703.mp4,0,original,c23
FaceForensics++,FaceForensics++__original__704.mp4,data\raw\FaceForensics++_C23\original\704.mp4,0,original,c23
FaceForensics++,FaceForensics++__original__705.mp4,data\raw\FaceForensics++_C23\original\705.mp4,0,original,c23
FaceForensics++,FaceForensics++__original__706.mp4,data\raw\FaceForensics++_C23\original\706.mp4,0,original,c23
FaceForensics++,FaceForensics++__original__707.mp4,data\raw\FaceForensics++_C23\original\707.mp4,0,original,c23
FaceForensics++,FaceForensics++__original__708.mp4,data\raw\FaceForensics++_C23\original\708.mp4,0,original,c23
FaceForensics++,FaceForensics++__original__710.mp4,data\raw\FaceForensics++_C23\original\710.mp4,0,original,c23
FaceForensics++,FaceForensics++__original__711.mp4,data\raw\FaceForensics++_C23\original\711.mp4,0,original,c23
FaceForensics++,FaceForensics++__original__713.mp4,data\raw\FaceForensics++_C23\original\713.mp4,0,original,c23
FaceForensics++,FaceForensics++__original__714.mp4,data\raw\FaceForensics++_C23\original\714.mp4,0,original,c23
FaceForensics++,FaceForensics++__original__715.mp4,data\raw\FaceForensics++_C23\original\715.mp4,0,original,c23
FaceForensics++,FaceForensics++__original__716.mp4,data\raw\FaceForensics++_C23\original\716.mp4,0,original,c23
FaceForensics++,FaceForensics++__original__717.mp4,data\raw\FaceForensics++_C23\original\717.mp4,0,original,c23
FaceForensics++,FaceForensics++__original__718.mp4,data\raw\FaceForensics++_C23\original\718.mp4,0,original,c23
FaceForensics++,FaceForensics++__original__719.mp4,data\raw\FaceForensics++_C23\original\719.mp4,0,original,c23
FaceForensics++,FaceForensics++__original__720.mp4,data\raw\FaceForensics++_C23\original\720.mp4,0,original,c23
FaceForensics++,FaceForensics++__original__722.mp4,data\raw\FaceForensics++_C23\original\722.mp4,0,original,c23
FaceForensics++,FaceForensics++__original__723.mp4,data\raw\FaceForensics++_C23\original\723.mp4,0,original,c23
FaceForensics++,FaceForensics++__original__724.mp4,data\raw\FaceForensics++_C23\original\724.mp4,0,original,c23
FaceForensics++,FaceForensics++__original__725.mp4,data\raw\FaceForensics++_C23\original\725.mp4,0,original,c23
FaceForensics++,FaceForensics++__original__726.mp4,data\raw\FaceForensics++_C23\original\726.mp4,0,original,c23
FaceForensics++,FaceForensics++__original__727.mp4,data\raw\FaceForensics++_C23\original\727.mp4,0,original,c23
FaceForensics++,FaceForensics++__original__728.mp4,data\raw\FaceForensics++_C23\original\728.mp4,0,original,c23
FaceForensics++,FaceForensics++__original__729.mp4,data\raw\FaceForensics++_C23\original\729.mp4,0,original,c23
FaceForensics++,FaceForensics++__original__730.mp4,data\raw\FaceForensics++_C23\original\730.mp4,0,original,c23
FaceForensics++,FaceForensics++__original__731.mp4,data\raw\FaceForensics++_C23\original\731.mp4,0,original,c23
FaceForensics++,FaceForensics++__original__732.mp4,data\raw\FaceForensics++_C23\original\732.mp4,0,original,c23
FaceForensics++,FaceForensics++__original__733.mp4,data\raw\FaceForensics++_C23\original\733.mp4,0,original,c23
FaceForensics++,FaceForensics++__original__734.mp4,data\raw\FaceForensics++_C23\original\734.mp4,0,original,c23
FaceForensics++,FaceForensics++__original__735.mp4,data\raw\FaceForensics++_C23\original\735.mp4,0,original,c23
FaceForensics++,FaceForensics++__original__736.mp4,data\raw\FaceForensics++_C23\original\736.mp4,0,original,c23
FaceForensics++,FaceForensics++__original__737.mp4,data\raw\FaceForensics++_C23\original\737.mp4,0,original,c23
FaceForensics++,FaceForensics++__original__738.mp4,data\raw\FaceForensics++_C23\original\738.mp4,0,original,c23
FaceForensics++,FaceForensics++__original__739.mp4,data\raw\FaceForensics++_C23\original\739.mp4,0,original,c23
FaceForensics++,FaceForensics++__original__741.mp4,data\raw\FaceForensics++_C23\original\741.mp4,0,original,c23
FaceForensics++,FaceForensics++__original__742.mp4,data\raw\FaceForensics++_C23\original\742.mp4,0,original,c23
FaceForensics++,FaceForensics++__original__743.mp4,data\raw\FaceForensics++_C23\original\743.mp4,0,original,c23
FaceForensics++,FaceForensics++__original__745.mp4,data\raw\FaceForensics++_C23\original\745.mp4,0,original,c23
FaceForensics++,FaceForensics++__original__746.mp4,data\raw\FaceForensics++_C23\original\746.mp4,0,original,c23
FaceForensics++,FaceForensics++__original__749.mp4,data\raw\FaceForensics++_C23\original\749.mp4,0,original,c23
FaceForensics++,FaceForensics++__original__750.mp4,data\raw\FaceForensics++_C23\original\750.mp4,0,original,c23
FaceForensics++,FaceForensics++__original__751.mp4,data\raw\FaceForensics++_C23\original\751.mp4,0,original,c23
FaceForensics++,FaceForensics++__original__752.mp4,data\raw\FaceForensics++_C23\original\752.mp4,0,original,c23
FaceForensics++,FaceForensics++__original__753.mp4,data\raw\FaceForensics++_C23\original\753.mp4,0,original,c23
FaceForensics++,FaceForensics++__original__754.mp4,data\raw\FaceForensics++_C23\original\754.mp4,0,original,c23
FaceForensics++,FaceForensics++__original__755.mp4,data\raw\FaceForensics++_C23\original\755.mp4,0,original,c23
FaceForensics++,FaceForensics++__original__757.mp4,data\raw\FaceForensics++_C23\original\757.mp4,0,original,c23
FaceForensics++,FaceForensics++__original__758.mp4,data\raw\FaceForensics++_C23\original\758.mp4,0,original,c23
FaceForensics++,FaceForensics++__original__760.mp4,data\raw\FaceForensics++_C23\original\760.mp4,0,original,c23
FaceForensics++,FaceForensics++__original__761.mp4,data\raw\FaceForensics++_C23\original\761.mp4,0,original,c23
FaceForensics++,FaceForensics++__original__766.mp4,data\raw\FaceForensics++_C23\original\766.mp4,0,original,c23
FaceForensics++,FaceForensics++__original__768.mp4,data\raw\FaceForensics++_C23\original\768.mp4,0,original,c23
FaceForensics++,FaceForensics++__original__769.mp4,data\raw\FaceForensics++_C23\original\769.mp4,0,original,c23
FaceForensics++,FaceForensics++__original__770.mp4,data\raw\FaceForensics++_C23\original\770.mp4,0,original,c23
FaceForensics++,FaceForensics++__original__771.mp4,data\raw\FaceForensics++_C23\original\771.mp4,0,original,c23
FaceForensics++,FaceForensics++__original__773.mp4,data\raw\FaceForensics++_C23\original\773.mp4,0,original,c23
FaceForensics++,FaceForensics++__original__774.mp4,data\raw\FaceForensics++_C23\original\774.mp4,0,original,c23
FaceForensics++,FaceForensics++__original__775.mp4,data\raw\FaceForensics++_C23\original\775.mp4,0,original,c23
FaceForensics++,FaceForensics++__original__776.mp4,data\raw\FaceForensics++_C23\original\776.mp4,0,original,c23
FaceForensics++,FaceForensics++__original__777.mp4,data\raw\FaceForensics++_C23\original\777.mp4,0,original,c23
FaceForensics++,FaceForensics++__original__778.mp4,data\raw\FaceForensics++_C23\original\778.mp4,0,original,c23
FaceForensics++,FaceForensics++__original__779.mp4,data\raw\FaceForensics++_C23\original\779.mp4,0,original,c23
FaceForensics++,FaceForensics++__original__780.mp4,data\raw\FaceForensics++_C23\original\780.mp4,0,original,c23
FaceForensics++,FaceForensics++__original__781.mp4,data\raw\FaceForensics++_C23\original\781.mp4,0,original,c23
FaceForensics++,FaceForensics++__original__782.mp4,data\raw\FaceForensics++_C23\original\782.mp4,0,original,c23
FaceForensics++,FaceForensics++__original__783.mp4,data\raw\FaceForensics++_C23\original\783.mp4,0,original,c23
FaceForensics++,FaceForensics++__original__784.mp4,data\raw\FaceForensics++_C23\original\784.mp4,0,original,c23
FaceForensics++,FaceForensics++__original__785.mp4,data\raw\FaceForensics++_C23\original\785.mp4,0,original,c23
FaceForensics++,FaceForensics++__original__786.mp4,data\raw\FaceForensics++_C23\original\786.mp4,0,original,c23
FaceForensics++,FaceForensics++__original__787.mp4,data\raw\FaceForensics++_C23\original\787.mp4,0,original,c23
FaceForensics++,FaceForensics++__original__788.mp4,data\raw\FaceForensics++_C23\original\788.mp4,0,original,c23
FaceForensics++,FaceForensics++__original__789.mp4,data\raw\FaceForensics++_C23\original\789.mp4,0,original,c23
FaceForensics++,FaceForensics++__original__790.mp4,data\raw\FaceForensics++_C23\original\790.mp4,0,original,c23
FaceForensics++,FaceForensics++__original__791.mp4,data\raw\FaceForensics++_C23\original\791.mp4,0,original,c23
FaceForensics++,FaceForensics++__original__793.mp4,data\raw\FaceForensics++_C23\original\793.mp4,0,original,c23
FaceForensics++,FaceForensics++__original__795.mp4,data\raw\FaceForensics++_C23\original\795.mp4,0,original,c23
FaceForensics++,FaceForensics++__original__796.mp4,data\raw\FaceForensics++_C23\original\796.mp4,0,original,c23
FaceForensics++,FaceForensics++__original__797.mp4,data\raw\FaceForensics++_C23\original\797.mp4,0,original,c23
FaceForensics++,FaceForensics++__original__798.mp4,data\raw\FaceForensics++_C23\original\798.mp4,0,original,c23
FaceForensics++,FaceForensics++__original__799.mp4,data\raw\FaceForensics++_C23\original\799.mp4,0,original,c23
FaceForensics++,FaceForensics++__original__800.mp4,data\raw\FaceForensics++_C23\original\800.mp4,0,original,c23
FaceForensics++,FaceForensics++__original__801.mp4,data\raw\FaceForensics++_C23\original\801.mp4,0,original,c23
FaceForensics++,FaceForensics++__original__803.mp4,data\raw\FaceForensics++_C23\original\803.mp4,0,original,c23
FaceForensics++,FaceForensics++__original__804.mp4,data\raw\FaceForensics++_C23\original\804.mp4,0,original,c23
FaceForensics++,FaceForensics++__original__805.mp4,data\raw\FaceForensics++_C23\original\805.mp4,0,original,c23
FaceForensics++,FaceForensics++__original__807.mp4,data\raw\FaceForensics++_C23\original\807.mp4,0,original,c23
FaceForensics++,FaceForensics++__original__808.mp4,data\raw\FaceForensics++_C23\original\808.mp4,0,original,c23
FaceForensics++,FaceForensics++__original__809.mp4,data\raw\FaceForensics++_C23\original\809.mp4,0,original,c23
FaceForensics++,FaceForensics++__original__810.mp4,data\raw\FaceForensics++_C23\original\810.mp4,0,original,c23
FaceForensics++,FaceForensics++__original__811.mp4,data\raw\FaceForensics++_C23\original\811.mp4,0,original,c23
FaceForensics++,FaceForensics++__original__813.mp4,data\raw\FaceForensics++_C23\original\813.mp4,0,original,c23
FaceForensics++,FaceForensics++__original__814.mp4,data\raw\FaceForensics++_C23\original\814.mp4,0,original,c23
FaceForensics++,FaceForensics++__original__815.mp4,data\raw\FaceForensics++_C23\original\815.mp4,0,original,c23
FaceForensics++,FaceForensics++__original__817.mp4,data\raw\FaceForensics++_C23\original\817.mp4,0,original,c23
FaceForensics++,FaceForensics++__original__818.mp4,data\raw\FaceForensics++_C23\original\818.mp4,0,original,c23
FaceForensics++,FaceForensics++__original__820.mp4,data\raw\FaceForensics++_C23\original\820.mp4,0,original,c23
FaceForensics++,FaceForensics++__original__821.mp4,data\raw\FaceForensics++_C23\original\821.mp4,0,original,c23
FaceForensics++,FaceForensics++__original__824.mp4,data\raw\FaceForensics++_C23\original\824.mp4,0,original,c23
FaceForensics++,FaceForensics++__original__825.mp4,data\raw\FaceForensics++_C23\original\825.mp4,0,original,c23
FaceForensics++,FaceForensics++__original__826.mp4,data\raw\FaceForensics++_C23\original\826.mp4,0,original,c23
FaceForensics++,FaceForensics++__original__828.mp4,data\raw\FaceForensics++_C23\original\828.mp4,0,original,c23
FaceForensics++,FaceForensics++__original__829.mp4,data\raw\FaceForensics++_C23\original\829.mp4,0,original,c23
FaceForensics++,FaceForensics++__original__830.mp4,data\raw\FaceForensics++_C23\original\830.mp4,0,original,c23
FaceForensics++,FaceForensics++__original__831.mp4,data\raw\FaceForensics++_C23\original\831.mp4,0,original,c23
FaceForensics++,FaceForensics++__original__832.mp4,data\raw\FaceForensics++_C23\original\832.mp4,0,original,c23
FaceForensics++,FaceForensics++__original__833.mp4,data\raw\FaceForensics++_C23\original\833.mp4,0,original,c23
FaceForensics++,FaceForensics++__original__835.mp4,data\raw\FaceForensics++_C23\original\835.mp4,0,original,c23
FaceForensics++,FaceForensics++__original__836.mp4,data\raw\FaceForensics++_C23\original\836.mp4,0,original,c23
FaceForensics++,FaceForensics++__original__838.mp4,data\raw\FaceForensics++_C23\original\838.mp4,0,original,c23
FaceForensics++,FaceForensics++__original__841.mp4,data\raw\FaceForensics++_C23\original\841.mp4,0,original,c23
FaceForensics++,FaceForensics++__original__843.mp4,data\raw\FaceForensics++_C23\original\843.mp4,0,original,c23
FaceForensics++,FaceForensics++__original__844.mp4,data\raw\FaceForensics++_C23\original\844.mp4,0,original,c23
FaceForensics++,FaceForensics++__original__845.mp4,data\raw\FaceForensics++_C23\original\845.mp4,0,original,c23
FaceForensics++,FaceForensics++__original__846.mp4,data\raw\FaceForensics++_C23\original\846.mp4,0,original,c23
FaceForensics++,FaceForensics++__original__847.mp4,data\raw\FaceForensics++_C23\original\847.mp4,0,original,c23
FaceForensics++,FaceForensics++__original__849.mp4,data\raw\FaceForensics++_C23\original\849.mp4,0,original,c23
FaceForensics++,FaceForensics++__original__850.mp4,data\raw\FaceForensics++_C23\original\850.mp4,0,original,c23
FaceForensics++,FaceForensics++__original__851.mp4,data\raw\FaceForensics++_C23\original\851.mp4,0,original,c23
FaceForensics++,FaceForensics++__original__852.mp4,data\raw\FaceForensics++_C23\original\852.mp4,0,original,c23
FaceForensics++,FaceForensics++__original__853.mp4,data\raw\FaceForensics++_C23\original\853.mp4,0,original,c23
FaceForensics++,FaceForensics++__original__854.mp4,data\raw\FaceForensics++_C23\original\854.mp4,0,original,c23
FaceForensics++,FaceForensics++__original__855.mp4,data\raw\FaceForensics++_C23\original\855.mp4,0,original,c23
FaceForensics++,FaceForensics++__original__857.mp4,data\raw\FaceForensics++_C23\original\857.mp4,0,original,c23
FaceForensics++,FaceForensics++__original__858.mp4,data\raw\FaceForensics++_C23\original\858.mp4,0,original,c23
FaceForensics++,FaceForensics++__original__859.mp4,data\raw\FaceForensics++_C23\original\859.mp4,0,original,c23
FaceForensics++,FaceForensics++__original__860.mp4,data\raw\FaceForensics++_C23\original\860.mp4,0,original,c23
FaceForensics++,FaceForensics++__original__861.mp4,data\raw\FaceForensics++_C23\original\861.mp4,0,original,c23
FaceForensics++,FaceForensics++__original__862.mp4,data\raw\FaceForensics++_C23\original\862.mp4,0,original,c23
FaceForensics++,FaceForensics++__original__863.mp4,data\raw\FaceForensics++_C23\original\863.mp4,0,original,c23
FaceForensics++,FaceForensics++__original__865.mp4,data\raw\FaceForensics++_C23\original\865.mp4,0,original,c23
FaceForensics++,FaceForensics++__original__866.mp4,data\raw\FaceForensics++_C23\original\866.mp4,0,original,c23
FaceForensics++,FaceForensics++__original__867.mp4,data\raw\FaceForensics++_C23\original\867.mp4,0,original,c23
FaceForensics++,FaceForensics++__original__868.mp4,data\raw\FaceForensics++_C23\original\868.mp4,0,original,c23
FaceForensics++,FaceForensics++__original__869.mp4,data\raw\FaceForensics++_C23\original\869.mp4,0,original,c23
FaceForensics++,FaceForensics++__original__870.mp4,data\raw\FaceForensics++_C23\original\870.mp4,0,original,c23
FaceForensics++,FaceForensics++__original__872.mp4,data\raw\FaceForensics++_C23\original\872.mp4,0,original,c23
FaceForensics++,FaceForensics++__original__874.mp4,data\raw\FaceForensics++_C23\original\874.mp4,0,original,c23
FaceForensics++,FaceForensics++__original__875.mp4,data\raw\FaceForensics++_C23\original\875.mp4,0,original,c23
FaceForensics++,FaceForensics++__original__877.mp4,data\raw\FaceForensics++_C23\original\877.mp4,0,original,c23
FaceForensics++,FaceForensics++__original__878.mp4,data\raw\FaceForensics++_C23\original\878.mp4,0,original,c23
FaceForensics++,FaceForensics++__original__879.mp4,data\raw\FaceForensics++_C23\original\879.mp4,0,original,c23
FaceForensics++,FaceForensics++__original__880.mp4,data\raw\FaceForensics++_C23\original\880.mp4,0,original,c23
FaceForensics++,FaceForensics++__original__881.mp4,data\raw\FaceForensics++_C23\original\881.mp4,0,original,c23
FaceForensics++,FaceForensics++__original__882.mp4,data\raw\FaceForensics++_C23\original\882.mp4,0,original,c23
FaceForensics++,FaceForensics++__original__883.mp4,data\raw\FaceForensics++_C23\original\883.mp4,0,original,c23
FaceForensics++,FaceForensics++__original__884.mp4,data\raw\FaceForensics++_C23\original\884.mp4,0,original,c23
FaceForensics++,FaceForensics++__original__886.mp4,data\raw\FaceForensics++_C23\original\886.mp4,0,original,c23
FaceForensics++,FaceForensics++__original__887.mp4,data\raw\FaceForensics++_C23\original\887.mp4,0,original,c23
FaceForensics++,FaceForensics++__original__889.mp4,data\raw\FaceForensics++_C23\original\889.mp4,0,original,c23
FaceForensics++,FaceForensics++__original__890.mp4,data\raw\FaceForensics++_C23\original\890.mp4,0,original,c23
FaceForensics++,FaceForensics++__original__891.mp4,data\raw\FaceForensics++_C23\original\891.mp4,0,original,c23
FaceForensics++,FaceForensics++__original__892.mp4,data\raw\FaceForensics++_C23\original\892.mp4,0,original,c23
FaceForensics++,FaceForensics++__original__893.mp4,data\raw\FaceForensics++_C23\original\893.mp4,0,original,c23
FaceForensics++,FaceForensics++__original__894.mp4,data\raw\FaceForensics++_C23\original\894.mp4,0,original,c23
FaceForensics++,FaceForensics++__original__896.mp4,data\raw\FaceForensics++_C23\original\896.mp4,0,original,c23
FaceForensics++,FaceForensics++__original__897.mp4,data\raw\FaceForensics++_C23\original\897.mp4,0,original,c23
FaceForensics++,FaceForensics++__original__899.mp4,data\raw\FaceForensics++_C23\original\899.mp4,0,original,c23
FaceForensics++,FaceForensics++__original__900.mp4,data\raw\FaceForensics++_C23\original\900.mp4,0,original,c23
FaceForensics++,FaceForensics++__original__901.mp4,data\raw\FaceForensics++_C23\original\901.mp4,0,original,c23
FaceForensics++,FaceForensics++__original__902.mp4,data\raw\FaceForensics++_C23\original\902.mp4,0,original,c23
FaceForensics++,FaceForensics++__original__903.mp4,data\raw\FaceForensics++_C23\original\903.mp4,0,original,c23
FaceForensics++,FaceForensics++__original__904.mp4,data\raw\FaceForensics++_C23\original\904.mp4,0,original,c23
FaceForensics++,FaceForensics++__original__905.mp4,data\raw\FaceForensics++_C23\original\905.mp4,0,original,c23
FaceForensics++,FaceForensics++__original__906.mp4,data\raw\FaceForensics++_C23\original\906.mp4,0,original,c23
FaceForensics++,FaceForensics++__original__907.mp4,data\raw\FaceForensics++_C23\original\907.mp4,0,original,c23
FaceForensics++,FaceForensics++__original__908.mp4,data\raw\FaceForensics++_C23\original\908.mp4,0,original,c23
FaceForensics++,FaceForensics++__original__909.mp4,data\raw\FaceForensics++_C23\original\909.mp4,0,original,c23
FaceForensics++,FaceForensics++__original__910.mp4,data\raw\FaceForensics++_C23\original\910.mp4,0,original,c23
FaceForensics++,FaceForensics++__original__911.mp4,data\raw\FaceForensics++_C23\original\911.mp4,0,original,c23
FaceForensics++,FaceForensics++__original__914.mp4,data\raw\FaceForensics++_C23\original\914.mp4,0,original,c23
FaceForensics++,FaceForensics++__original__915.mp4,data\raw\FaceForensics++_C23\original\915.mp4,0,original,c23
FaceForensics++,FaceForensics++__original__917.mp4,data\raw\FaceForensics++_C23\original\917.mp4,0,original,c23
FaceForensics++,FaceForensics++__original__918.mp4,data\raw\FaceForensics++_C23\original\918.mp4,0,original,c23
FaceForensics++,FaceForensics++__original__919.mp4,data\raw\FaceForensics++_C23\original\919.mp4,0,original,c23
FaceForensics++,FaceForensics++__original__920.mp4,data\raw\FaceForensics++_C23\original\920.mp4,0,original,c23
FaceForensics++,FaceForensics++__original__921.mp4,data\raw\FaceForensics++_C23\original\921.mp4,0,original,c23
FaceForensics++,FaceForensics++__original__922.mp4,data\raw\FaceForensics++_C23\original\922.mp4,0,original,c23
FaceForensics++,FaceForensics++__original__923.mp4,data\raw\FaceForensics++_C23\original\923.mp4,0,original,c23
FaceForensics++,FaceForensics++__original__924.mp4,data\raw\FaceForensics++_C23\original\924.mp4,0,original,c23
FaceForensics++,FaceForensics++__original__925.mp4,data\raw\FaceForensics++_C23\original\925.mp4,0,original,c23
FaceForensics++,FaceForensics++__original__926.mp4,data\raw\FaceForensics++_C23\original\926.mp4,0,original,c23
FaceForensics++,FaceForensics++__original__927.mp4,data\raw\FaceForensics++_C23\original\927.mp4,0,original,c23
FaceForensics++,FaceForensics++__original__928.mp4,data\raw\FaceForensics++_C23\original\928.mp4,0,original,c23
FaceForensics++,FaceForensics++__original__930.mp4,data\raw\FaceForensics++_C23\original\930.mp4,0,original,c23
FaceForensics++,FaceForensics++__original__931.mp4,data\raw\FaceForensics++_C23\original\931.mp4,0,original,c23
FaceForensics++,FaceForensics++__original__932.mp4,data\raw\FaceForensics++_C23\original\932.mp4,0,original,c23
FaceForensics++,FaceForensics++__original__933.mp4,data\raw\FaceForensics++_C23\original\933.mp4,0,original,c23
FaceForensics++,FaceForensics++__original__935.mp4,data\raw\FaceForensics++_C23\original\935.mp4,0,original,c23
FaceForensics++,FaceForensics++__original__936.mp4,data\raw\FaceForensics++_C23\original\936.mp4,0,original,c23
FaceForensics++,FaceForensics++__original__939.mp4,data\raw\FaceForensics++_C23\original\939.mp4,0,original,c23
FaceForensics++,FaceForensics++__original__941.mp4,data\raw\FaceForensics++_C23\original\941.mp4,0,original,c23
FaceForensics++,FaceForensics++__original__942.mp4,data\raw\FaceForensics++_C23\original\942.mp4,0,original,c23
FaceForensics++,FaceForensics++__original__943.mp4,data\raw\FaceForensics++_C23\original\943.mp4,0,original,c23
FaceForensics++,FaceForensics++__original__946.mp4,data\raw\FaceForensics++_C23\original\946.mp4,0,original,c23
FaceForensics++,FaceForensics++__original__948.mp4,data\raw\FaceForensics++_C23\original\948.mp4,0,original,c23
FaceForensics++,FaceForensics++__original__950.mp4,data\raw\FaceForensics++_C23\original\950.mp4,0,original,c23
FaceForensics++,FaceForensics++__original__951.mp4,data\raw\FaceForensics++_C23\original\951.mp4,0,original,c23
FaceForensics++,FaceForensics++__original__952.mp4,data\raw\FaceForensics++_C23\original\952.mp4,0,original,c23
FaceForensics++,FaceForensics++__original__953.mp4,data\raw\FaceForensics++_C23\original\953.mp4,0,original,c23
FaceForensics++,FaceForensics++__original__954.mp4,data\raw\FaceForensics++_C23\original\954.mp4,0,original,c23
FaceForensics++,FaceForensics++__original__955.mp4,data\raw\FaceForensics++_C23\original\955.mp4,0,original,c23
FaceForensics++,FaceForensics++__original__956.mp4,data\raw\FaceForensics++_C23\original\956.mp4,0,original,c23
FaceForensics++,FaceForensics++__original__957.mp4,data\raw\FaceForensics++_C23\original\957.mp4,0,original,c23
FaceForensics++,FaceForensics++__original__958.mp4,data\raw\FaceForensics++_C23\original\958.mp4,0,original,c23
FaceForensics++,FaceForensics++__original__959.mp4,data\raw\FaceForensics++_C23\original\959.mp4,0,original,c23
FaceForensics++,FaceForensics++__original__960.mp4,data\raw\FaceForensics++_C23\original\960.mp4,0,original,c23
FaceForensics++,FaceForensics++__original__961.mp4,data\raw\FaceForensics++_C23\original\961.mp4,0,original,c23
FaceForensics++,FaceForensics++__original__963.mp4,data\raw\FaceForensics++_C23\original\963.mp4,0,original,c23
FaceForensics++,FaceForensics++__original__964.mp4,data\raw\FaceForensics++_C23\original\964.mp4,0,original,c23
FaceForensics++,FaceForensics++__original__965.mp4,data\raw\FaceForensics++_C23\original\965.mp4,0,original,c23
FaceForensics++,FaceForensics++__original__966.mp4,data\raw\FaceForensics++_C23\original\966.mp4,0,original,c23
FaceForensics++,FaceForensics++__original__967.mp4,data\raw\FaceForensics++_C23\original\967.mp4,0,original,c23
FaceForensics++,FaceForensics++__original__968.mp4,data\raw\FaceForensics++_C23\original\968.mp4,0,original,c23
FaceForensics++,FaceForensics++__original__969.mp4,data\raw\FaceForensics++_C23\original\969.mp4,0,original,c23
FaceForensics++,FaceForensics++__original__971.mp4,data\raw\FaceForensics++_C23\original\971.mp4,0,original,c23
FaceForensics++,FaceForensics++__original__972.mp4,data\raw\FaceForensics++_C23\original\972.mp4,0,original,c23
FaceForensics++,FaceForensics++__original__973.mp4,data\raw\FaceForensics++_C23\original\973.mp4,0,original,c23
FaceForensics++,FaceForensics++__original__974.mp4,data\raw\FaceForensics++_C23\original\974.mp4,0,original,c23
FaceForensics++,FaceForensics++__original__975.mp4,data\raw\FaceForensics++_C23\original\975.mp4,0,original,c23
FaceForensics++,FaceForensics++__original__976.mp4,data\raw\FaceForensics++_C23\original\976.mp4,0,original,c23
FaceForensics++,FaceForensics++__original__977.mp4,data\raw\FaceForensics++_C23\original\977.mp4,0,original,c23
FaceForensics++,FaceForensics++__original__978.mp4,data\raw\FaceForensics++_C23\original\978.mp4,0,original,c23
FaceForensics++,FaceForensics++__original__980.mp4,data\raw\FaceForensics++_C23\original\980.mp4,0,original,c23
FaceForensics++,FaceForensics++__original__981.mp4,data\raw\FaceForensics++_C23\original\981.mp4,0,original,c23
FaceForensics++,FaceForensics++__original__983.mp4,data\raw\FaceForensics++_C23\original\983.mp4,0,original,c23
FaceForensics++,FaceForensics++__original__984.mp4,data\raw\FaceForensics++_C23\original\984.mp4,0,original,c23
FaceForensics++,FaceForensics++__original__985.mp4,data\raw\FaceForensics++_C23\original\985.mp4,0,original,c23
FaceForensics++,FaceForensics++__original__986.mp4,data\raw\FaceForensics++_C23\original\986.mp4,0,original,c23
FaceForensics++,FaceForensics++__original__987.mp4,data\raw\FaceForensics++_C23\original\987.mp4,0,original,c23
FaceForensics++,FaceForensics++__original__989.mp4,data\raw\FaceForensics++_C23\original\989.mp4,0,original,c23
FaceForensics++,FaceForensics++__original__990.mp4,data\raw\FaceForensics++_C23\original\990.mp4,0,original,c23
FaceForensics++,FaceForensics++__original__992.mp4,data\raw\FaceForensics++_C23\original\992.mp4,0,original,c23
FaceForensics++,FaceForensics++__original__993.mp4,data\raw\FaceForensics++_C23\original\993.mp4,0,original,c23
FaceForensics++,FaceForensics++__original__995.mp4,data\raw\FaceForensics++_C23\original\995.mp4,0,original,c23
FaceForensics++,FaceForensics++__original__996.mp4,data\raw\FaceForensics++_C23\original\996.mp4,0,original,c23
FaceForensics++,FaceForensics++__original__997.mp4,data\raw\FaceForensics++_C23\original\997.mp4,0,original,c23
FaceForensics++,FaceForensics++__original__998.mp4,data\raw\FaceForensics++_C23\original\998.mp4,0,original,c23
FaceForensics++,FaceForensics++__original__999.mp4,data\raw\FaceForensics++_C23\original\999.mp4,0,original,c23
FaceForensics++,FaceForensics++__Deepfakes__000_003.mp4,data\raw\FaceForensics++_C23\Deepfakes\000_003.mp4,1,Deepfakes,c23
FaceForensics++,FaceForensics++__Deepfakes__001_870.mp4,data\raw\FaceForensics++_C23\Deepfakes\001_870.mp4,1,Deepfakes,c23
FaceForensics++,FaceForensics++__Deepfakes__002_006.mp4,data\raw\FaceForensics++_C23\Deepfakes\002_006.mp4,1,Deepfakes,c23
FaceForensics++,FaceForensics++__Deepfakes__003_000.mp4,data\raw\FaceForensics++_C23\Deepfakes\003_000.mp4,1,Deepfakes,c23
FaceForensics++,FaceForensics++__Deepfakes__004_982.mp4,data\raw\FaceForensics++_C23\Deepfakes\004_982.mp4,1,Deepfakes,c23
FaceForensics++,FaceForensics++__Deepfakes__005_010.mp4,data\raw\FaceForensics++_C23\Deepfakes\005_010.mp4,1,Deepfakes,c23
FaceForensics++,FaceForensics++__Deepfakes__006_002.mp4,data\raw\FaceForensics++_C23\Deepfakes\006_002.mp4,1,Deepfakes,c23
FaceForensics++,FaceForensics++__Deepfakes__007_132.mp4,data\raw\FaceForensics++_C23\Deepfakes\007_132.mp4,1,Deepfakes,c23
FaceForensics++,FaceForensics++__Deepfakes__008_990.mp4,data\raw\FaceForensics++_C23\Deepfakes\008_990.mp4,1,Deepfakes,c23
FaceForensics++,FaceForensics++__Deepfakes__009_027.mp4,data\raw\FaceForensics++_C23\Deepfakes\009_027.mp4,1,Deepfakes,c23
FaceForensics++,FaceForensics++__Deepfakes__010_005.mp4,data\raw\FaceForensics++_C23\Deepfakes\010_005.mp4,1,Deepfakes,c23
FaceForensics++,FaceForensics++__Deepfakes__011_805.mp4,data\raw\FaceForensics++_C23\Deepfakes\011_805.mp4,1,Deepfakes,c23
FaceForensics++,FaceForensics++__Deepfakes__012_026.mp4,data\raw\FaceForensics++_C23\Deepfakes\012_026.mp4,1,Deepfakes,c23
FaceForensics++,FaceForensics++__Deepfakes__013_883.mp4,data\raw\FaceForensics++_C23\Deepfakes\013_883.mp4,1,Deepfakes,c23
FaceForensics++,FaceForensics++__Deepfakes__014_790.mp4,data\raw\FaceForensics++_C23\Deepfakes\014_790.mp4,1,Deepfakes,c23
FaceForensics++,FaceForensics++__Deepfakes__015_919.mp4,data\raw\FaceForensics++_C23\Deepfakes\015_919.mp4,1,Deepfakes,c23
FaceForensics++,FaceForensics++__Deepfakes__016_209.mp4,data\raw\FaceForensics++_C23\Deepfakes\016_209.mp4,1,Deepfakes,c23
FaceForensics++,FaceForensics++__Deepfakes__017_803.mp4,data\raw\FaceForensics++_C23\Deepfakes\017_803.mp4,1,Deepfakes,c23
FaceForensics++,FaceForensics++__Deepfakes__019_018.mp4,data\raw\FaceForensics++_C23\Deepfakes\019_018.mp4,1,Deepfakes,c23
FaceForensics++,FaceForensics++__Deepfakes__021_312.mp4,data\raw\FaceForensics++_C23\Deepfakes\021_312.mp4,1,Deepfakes,c23
FaceForensics++,FaceForensics++__Deepfakes__023_923.mp4,data\raw\FaceForensics++_C23\Deepfakes\023_923.mp4,1,Deepfakes,c23
FaceForensics++,FaceForensics++__Deepfakes__024_073.mp4,data\raw\FaceForensics++_C23\Deepfakes\024_073.mp4,1,Deepfakes,c23
FaceForensics++,FaceForensics++__Deepfakes__025_067.mp4,data\raw\FaceForensics++_C23\Deepfakes\025_067.mp4,1,Deepfakes,c23
FaceForensics++,FaceForensics++__Deepfakes__026_012.mp4,data\raw\FaceForensics++_C23\Deepfakes\026_012.mp4,1,Deepfakes,c23
FaceForensics++,FaceForensics++__Deepfakes__027_009.mp4,data\raw\FaceForensics++_C23\Deepfakes\027_009.mp4,1,Deepfakes,c23
FaceForensics++,FaceForensics++__Deepfakes__028_068.mp4,data\raw\FaceForensics++_C23\Deepfakes\028_068.mp4,1,Deepfakes,c23
FaceForensics++,FaceForensics++__Deepfakes__029_048.mp4,data\raw\FaceForensics++_C23\Deepfakes\029_048.mp4,1,Deepfakes,c23
FaceForensics++,FaceForensics++__Deepfakes__031_163.mp4,data\raw\FaceForensics++_C23\Deepfakes\031_163.mp4,1,Deepfakes,c23
FaceForensics++,FaceForensics++__Deepfakes__032_944.mp4,data\raw\FaceForensics++_C23\Deepfakes\032_944.mp4,1,Deepfakes,c23
FaceForensics++,FaceForensics++__Deepfakes__033_097.mp4,data\raw\FaceForensics++_C23\Deepfakes\033_097.mp4,1,Deepfakes,c23
FaceForensics++,FaceForensics++__Deepfakes__035_036.mp4,data\raw\FaceForensics++_C23\Deepfakes\035_036.mp4,1,Deepfakes,c23
FaceForensics++,FaceForensics++__Deepfakes__037_072.mp4,data\raw\FaceForensics++_C23\Deepfakes\037_072.mp4,1,Deepfakes,c23
FaceForensics++,FaceForensics++__Deepfakes__038_125.mp4,data\raw\FaceForensics++_C23\Deepfakes\038_125.mp4,1,Deepfakes,c23
FaceForensics++,FaceForensics++__Deepfakes__039_058.mp4,data\raw\FaceForensics++_C23\Deepfakes\039_058.mp4,1,Deepfakes,c23
FaceForensics++,FaceForensics++__Deepfakes__040_997.mp4,data\raw\FaceForensics++_C23\Deepfakes\040_997.mp4,1,Deepfakes,c23
FaceForensics++,FaceForensics++__Deepfakes__041_063.mp4,data\raw\FaceForensics++_C23\Deepfakes\041_063.mp4,1,Deepfakes,c23
FaceForensics++,FaceForensics++__Deepfakes__043_110.mp4,data\raw\FaceForensics++_C23\Deepfakes\043_110.mp4,1,Deepfakes,c23
FaceForensics++,FaceForensics++__Deepfakes__046_904.mp4,data\raw\FaceForensics++_C23\Deepfakes\046_904.mp4,1,Deepfakes,c23
FaceForensics++,FaceForensics++__Deepfakes__047_862.mp4,data\raw\FaceForensics++_C23\Deepfakes\047_862.mp4,1,Deepfakes,c23
FaceForensics++,FaceForensics++__Deepfakes__048_029.mp4,data\raw\FaceForensics++_C23\Deepfakes\048_029.mp4,1,Deepfakes,c23
FaceForensics++,FaceForensics++__Deepfakes__049_946.mp4,data\raw\FaceForensics++_C23\Deepfakes\049_946.mp4,1,Deepfakes,c23
FaceForensics++,FaceForensics++__Deepfakes__050_059.mp4,data\raw\FaceForensics++_C23\Deepfakes\050_059.mp4,1,Deepfakes,c23
FaceForensics++,FaceForensics++__Deepfakes__052_108.mp4,data\raw\FaceForensics++_C23\Deepfakes\052_108.mp4,1,Deepfakes,c23
FaceForensics++,FaceForensics++__Deepfakes__053_095.mp4,data\raw\FaceForensics++_C23\Deepfakes\053_095.mp4,1,Deepfakes,c23
FaceForensics++,FaceForensics++__Deepfakes__054_071.mp4,data\raw\FaceForensics++_C23\Deepfakes\054_071.mp4,1,Deepfakes,c23
FaceForensics++,FaceForensics++__Deepfakes__055_147.mp4,data\raw\FaceForensics++_C23\Deepfakes\055_147.mp4,1,Deepfakes,c23
FaceForensics++,FaceForensics++__Deepfakes__056_996.mp4,data\raw\FaceForensics++_C23\Deepfakes\056_996.mp4,1,Deepfakes,c23
FaceForensics++,FaceForensics++__Deepfakes__057_070.mp4,data\raw\FaceForensics++_C23\Deepfakes\057_070.mp4,1,Deepfakes,c23
FaceForensics++,FaceForensics++__Deepfakes__058_039.mp4,data\raw\FaceForensics++_C23\Deepfakes\058_039.mp4,1,Deepfakes,c23
FaceForensics++,FaceForensics++__Deepfakes__059_050.mp4,data\raw\FaceForensics++_C23\Deepfakes\059_050.mp4,1,Deepfakes,c23
FaceForensics++,FaceForensics++__Deepfakes__060_088.mp4,data\raw\FaceForensics++_C23\Deepfakes\060_088.mp4,1,Deepfakes,c23
FaceForensics++,FaceForensics++__Deepfakes__061_080.mp4,data\raw\FaceForensics++_C23\Deepfakes\061_080.mp4,1,Deepfakes,c23
FaceForensics++,FaceForensics++__Deepfakes__062_066.mp4,data\raw\FaceForensics++_C23\Deepfakes\062_066.mp4,1,Deepfakes,c23
FaceForensics++,FaceForensics++__Deepfakes__063_041.mp4,data\raw\FaceForensics++_C23\Deepfakes\063_041.mp4,1,Deepfakes,c23
FaceForensics++,FaceForensics++__Deepfakes__064_991.mp4,data\raw\FaceForensics++_C23\Deepfakes\064_991.mp4,1,Deepfakes,c23
FaceForensics++,FaceForensics++__Deepfakes__065_089.mp4,data\raw\FaceForensics++_C23\Deepfakes\065_089.mp4,1,Deepfakes,c23
FaceForensics++,FaceForensics++__Deepfakes__066_062.mp4,data\raw\FaceForensics++_C23\Deepfakes\066_062.mp4,1,Deepfakes,c23
FaceForensics++,FaceForensics++__Deepfakes__067_025.mp4,data\raw\FaceForensics++_C23\Deepfakes\067_025.mp4,1,Deepfakes,c23
FaceForensics++,FaceForensics++__Deepfakes__068_028.mp4,data\raw\FaceForensics++_C23\Deepfakes\068_028.mp4,1,Deepfakes,c23
FaceForensics++,FaceForensics++__Deepfakes__069_961.mp4,data\raw\FaceForensics++_C23\Deepfakes\069_961.mp4,1,Deepfakes,c23
FaceForensics++,FaceForensics++__Deepfakes__070_057.mp4,data\raw\FaceForensics++_C23\Deepfakes\070_057.mp4,1,Deepfakes,c23
FaceForensics++,FaceForensics++__Deepfakes__074_825.mp4,data\raw\FaceForensics++_C23\Deepfakes\074_825.mp4,1,Deepfakes,c23
FaceForensics++,FaceForensics++__Deepfakes__075_977.mp4,data\raw\FaceForensics++_C23\Deepfakes\075_977.mp4,1,Deepfakes,c23
FaceForensics++,FaceForensics++__Deepfakes__076_079.mp4,data\raw\FaceForensics++_C23\Deepfakes\076_079.mp4,1,Deepfakes,c23
FaceForensics++,FaceForensics++__Deepfakes__077_100.mp4,data\raw\FaceForensics++_C23\Deepfakes\077_100.mp4,1,Deepfakes,c23
FaceForensics++,FaceForensics++__Deepfakes__078_955.mp4,data\raw\FaceForensics++_C23\Deepfakes\078_955.mp4,1,Deepfakes,c23
FaceForensics++,FaceForensics++__Deepfakes__079_076.mp4,data\raw\FaceForensics++_C23\Deepfakes\079_076.mp4,1,Deepfakes,c23
FaceForensics++,FaceForensics++__Deepfakes__080_061.mp4,data\raw\FaceForensics++_C23\Deepfakes\080_061.mp4,1,Deepfakes,c23
FaceForensics++,FaceForensics++__Deepfakes__081_087.mp4,data\raw\FaceForensics++_C23\Deepfakes\081_087.mp4,1,Deepfakes,c23
FaceForensics++,FaceForensics++__Deepfakes__082_103.mp4,data\raw\FaceForensics++_C23\Deepfakes\082_103.mp4,1,Deepfakes,c23
FaceForensics++,FaceForensics++__Deepfakes__084_042.mp4,data\raw\FaceForensics++_C23\Deepfakes\084_042.mp4,1,Deepfakes,c23
FaceForensics++,FaceForensics++__Deepfakes__086_090.mp4,data\raw\FaceForensics++_C23\Deepfakes\086_090.mp4,1,Deepfakes,c23
FaceForensics++,FaceForensics++__Deepfakes__087_081.mp4,data\raw\FaceForensics++_C23\Deepfakes\087_081.mp4,1,Deepfakes,c23
FaceForensics++,FaceForensics++__Deepfakes__088_060.mp4,data\raw\FaceForensics++_C23\Deepfakes\088_060.mp4,1,Deepfakes,c23
FaceForensics++,FaceForensics++__Deepfakes__089_065.mp4,data\raw\FaceForensics++_C23\Deepfakes\089_065.mp4,1,Deepfakes,c23
FaceForensics++,FaceForensics++__Deepfakes__090_086.mp4,data\raw\FaceForensics++_C23\Deepfakes\090_086.mp4,1,Deepfakes,c23
FaceForensics++,FaceForensics++__Deepfakes__091_116.mp4,data\raw\FaceForensics++_C23\Deepfakes\091_116.mp4,1,Deepfakes,c23
FaceForensics++,FaceForensics++__Deepfakes__093_121.mp4,data\raw\FaceForensics++_C23\Deepfakes\093_121.mp4,1,Deepfakes,c23
FaceForensics++,FaceForensics++__Deepfakes__094_111.mp4,data\raw\FaceForensics++_C23\Deepfakes\094_111.mp4,1,Deepfakes,c23
FaceForensics++,FaceForensics++__Deepfakes__095_053.mp4,data\raw\FaceForensics++_C23\Deepfakes\095_053.mp4,1,Deepfakes,c23
FaceForensics++,FaceForensics++__Deepfakes__096_101.mp4,data\raw\FaceForensics++_C23\Deepfakes\096_101.mp4,1,Deepfakes,c23
FaceForensics++,FaceForensics++__Deepfakes__097_033.mp4,data\raw\FaceForensics++_C23\Deepfakes\097_033.mp4,1,Deepfakes,c23
FaceForensics++,FaceForensics++__Deepfakes__098_092.mp4,data\raw\FaceForensics++_C23\Deepfakes\098_092.mp4,1,Deepfakes,c23
FaceForensics++,FaceForensics++__Deepfakes__099_295.mp4,data\raw\FaceForensics++_C23\Deepfakes\099_295.mp4,1,Deepfakes,c23
FaceForensics++,FaceForensics++__Deepfakes__101_096.mp4,data\raw\FaceForensics++_C23\Deepfakes\101_096.mp4,1,Deepfakes,c23
FaceForensics++,FaceForensics++__Deepfakes__102_114.mp4,data\raw\FaceForensics++_C23\Deepfakes\102_114.mp4,1,Deepfakes,c23
FaceForensics++,FaceForensics++__Deepfakes__103_082.mp4,data\raw\FaceForensics++_C23\Deepfakes\103_082.mp4,1,Deepfakes,c23
FaceForensics++,FaceForensics++__Deepfakes__104_126.mp4,data\raw\FaceForensics++_C23\Deepfakes\104_126.mp4,1,Deepfakes,c23
FaceForensics++,FaceForensics++__Deepfakes__105_180.mp4,data\raw\FaceForensics++_C23\Deepfakes\105_180.mp4,1,Deepfakes,c23
FaceForensics++,FaceForensics++__Deepfakes__106_198.mp4,data\raw\FaceForensics++_C23\Deepfakes\106_198.mp4,1,Deepfakes,c23
FaceForensics++,FaceForensics++__Deepfakes__107_109.mp4,data\raw\FaceForensics++_C23\Deepfakes\107_109.mp4,1,Deepfakes,c23
FaceForensics++,FaceForensics++__Deepfakes__108_052.mp4,data\raw\FaceForensics++_C23\Deepfakes\108_052.mp4,1,Deepfakes,c23
FaceForensics++,FaceForensics++__Deepfakes__109_107.mp4,data\raw\FaceForensics++_C23\Deepfakes\109_107.mp4,1,Deepfakes,c23
FaceForensics++,FaceForensics++__Deepfakes__110_043.mp4,data\raw\FaceForensics++_C23\Deepfakes\110_043.mp4,1,Deepfakes,c23
FaceForensics++,FaceForensics++__Deepfakes__112_892.mp4,data\raw\FaceForensics++_C23\Deepfakes\112_892.mp4,1,Deepfakes,c23
FaceForensics++,FaceForensics++__Deepfakes__113_983.mp4,data\raw\FaceForensics++_C23\Deepfakes\113_983.mp4,1,Deepfakes,c23
FaceForensics++,FaceForensics++__Deepfakes__114_102.mp4,data\raw\FaceForensics++_C23\Deepfakes\114_102.mp4,1,Deepfakes,c23
FaceForensics++,FaceForensics++__Deepfakes__115_939.mp4,data\raw\FaceForensics++_C23\Deepfakes\115_939.mp4,1,Deepfakes,c23
FaceForensics++,FaceForensics++__Deepfakes__116_091.mp4,data\raw\FaceForensics++_C23\Deepfakes\116_091.mp4,1,Deepfakes,c23
FaceForensics++,FaceForensics++__Deepfakes__117_217.mp4,data\raw\FaceForensics++_C23\Deepfakes\117_217.mp4,1,Deepfakes,c23
FaceForensics++,FaceForensics++__Deepfakes__119_123.mp4,data\raw\FaceForensics++_C23\Deepfakes\119_123.mp4,1,Deepfakes,c23
FaceForensics++,FaceForensics++__Deepfakes__120_118.mp4,data\raw\FaceForensics++_C23\Deepfakes\120_118.mp4,1,Deepfakes,c23
FaceForensics++,FaceForensics++__Deepfakes__121_093.mp4,data\raw\FaceForensics++_C23\Deepfakes\121_093.mp4,1,Deepfakes,c23
FaceForensics++,FaceForensics++__Deepfakes__122_144.mp4,data\raw\FaceForensics++_C23\Deepfakes\122_144.mp4,1,Deepfakes,c23
FaceForensics++,FaceForensics++__Deepfakes__123_119.mp4,data\raw\FaceForensics++_C23\Deepfakes\123_119.mp4,1,Deepfakes,c23
FaceForensics++,FaceForensics++__Deepfakes__124_085.mp4,data\raw\FaceForensics++_C23\Deepfakes\124_085.mp4,1,Deepfakes,c23
FaceForensics++,FaceForensics++__Deepfakes__125_038.mp4,data\raw\FaceForensics++_C23\Deepfakes\125_038.mp4,1,Deepfakes,c23
FaceForensics++,FaceForensics++__Deepfakes__126_104.mp4,data\raw\FaceForensics++_C23\Deepfakes\126_104.mp4,1,Deepfakes,c23
FaceForensics++,FaceForensics++__Deepfakes__127_129.mp4,data\raw\FaceForensics++_C23\Deepfakes\127_129.mp4,1,Deepfakes,c23
FaceForensics++,FaceForensics++__Deepfakes__128_896.mp4,data\raw\FaceForensics++_C23\Deepfakes\128_896.mp4,1,Deepfakes,c23
FaceForensics++,FaceForensics++__Deepfakes__129_127.mp4,data\raw\FaceForensics++_C23\Deepfakes\129_127.mp4,1,Deepfakes,c23
FaceForensics++,FaceForensics++__Deepfakes__130_139.mp4,data\raw\FaceForensics++_C23\Deepfakes\130_139.mp4,1,Deepfakes,c23
FaceForensics++,FaceForensics++__Deepfakes__131_518.mp4,data\raw\FaceForensics++_C23\Deepfakes\131_518.mp4,1,Deepfakes,c23
FaceForensics++,FaceForensics++__Deepfakes__132_007.mp4,data\raw\FaceForensics++_C23\Deepfakes\132_007.mp4,1,Deepfakes,c23
FaceForensics++,FaceForensics++__Deepfakes__134_192.mp4,data\raw\FaceForensics++_C23\Deepfakes\134_192.mp4,1,Deepfakes,c23
FaceForensics++,FaceForensics++__Deepfakes__135_880.mp4,data\raw\FaceForensics++_C23\Deepfakes\135_880.mp4,1,Deepfakes,c23
FaceForensics++,FaceForensics++__Deepfakes__136_285.mp4,data\raw\FaceForensics++_C23\Deepfakes\136_285.mp4,1,Deepfakes,c23
FaceForensics++,FaceForensics++__Deepfakes__137_165.mp4,data\raw\FaceForensics++_C23\Deepfakes\137_165.mp4,1,Deepfakes,c23
FaceForensics++,FaceForensics++__Deepfakes__138_142.mp4,data\raw\FaceForensics++_C23\Deepfakes\138_142.mp4,1,Deepfakes,c23
FaceForensics++,FaceForensics++__Deepfakes__139_130.mp4,data\raw\FaceForensics++_C23\Deepfakes\139_130.mp4,1,Deepfakes,c23
FaceForensics++,FaceForensics++__Deepfakes__140_143.mp4,data\raw\FaceForensics++_C23\Deepfakes\140_143.mp4,1,Deepfakes,c23
FaceForensics++,FaceForensics++__Deepfakes__141_161.mp4,data\raw\FaceForensics++_C23\Deepfakes\141_161.mp4,1,Deepfakes,c23
FaceForensics++,FaceForensics++__Deepfakes__142_138.mp4,data\raw\FaceForensics++_C23\Deepfakes\142_138.mp4,1,Deepfakes,c23
FaceForensics++,FaceForensics++__Deepfakes__144_122.mp4,data\raw\FaceForensics++_C23\Deepfakes\144_122.mp4,1,Deepfakes,c23
FaceForensics++,FaceForensics++__Deepfakes__145_299.mp4,data\raw\FaceForensics++_C23\Deepfakes\145_299.mp4,1,Deepfakes,c23
FaceForensics++,FaceForensics++__Deepfakes__146_256.mp4,data\raw\FaceForensics++_C23\Deepfakes\146_256.mp4,1,Deepfakes,c23
FaceForensics++,FaceForensics++__Deepfakes__147_055.mp4,data\raw\FaceForensics++_C23\Deepfakes\147_055.mp4,1,Deepfakes,c23
FaceForensics++,FaceForensics++__Deepfakes__149_152.mp4,data\raw\FaceForensics++_C23\Deepfakes\149_152.mp4,1,Deepfakes,c23
FaceForensics++,FaceForensics++__Deepfakes__150_153.mp4,data\raw\FaceForensics++_C23\Deepfakes\150_153.mp4,1,Deepfakes,c23
FaceForensics++,FaceForensics++__Deepfakes__151_225.mp4,data\raw\FaceForensics++_C23\Deepfakes\151_225.mp4,1,Deepfakes,c23
FaceForensics++,FaceForensics++__Deepfakes__152_149.mp4,data\raw\FaceForensics++_C23\Deepfakes\152_149.mp4,1,Deepfakes,c23
FaceForensics++,FaceForensics++__Deepfakes__153_150.mp4,data\raw\FaceForensics++_C23\Deepfakes\153_150.mp4,1,Deepfakes,c23
FaceForensics++,FaceForensics++__Deepfakes__154_386.mp4,data\raw\FaceForensics++_C23\Deepfakes\154_386.mp4,1,Deepfakes,c23
FaceForensics++,FaceForensics++__Deepfakes__155_576.mp4,data\raw\FaceForensics++_C23\Deepfakes\155_576.mp4,1,Deepfakes,c23
FaceForensics++,FaceForensics++__Deepfakes__156_243.mp4,data\raw\FaceForensics++_C23\Deepfakes\156_243.mp4,1,Deepfakes,c23
FaceForensics++,FaceForensics++__Deepfakes__157_245.mp4,data\raw\FaceForensics++_C23\Deepfakes\157_245.mp4,1,Deepfakes,c23
FaceForensics++,FaceForensics++__Deepfakes__158_379.mp4,data\raw\FaceForensics++_C23\Deepfakes\158_379.mp4,1,Deepfakes,c23
FaceForensics++,FaceForensics++__Deepfakes__159_175.mp4,data\raw\FaceForensics++_C23\Deepfakes\159_175.mp4,1,Deepfakes,c23
FaceForensics++,FaceForensics++__Deepfakes__160_928.mp4,data\raw\FaceForensics++_C23\Deepfakes\160_928.mp4,1,Deepfakes,c23
FaceForensics++,FaceForensics++__Deepfakes__161_141.mp4,data\raw\FaceForensics++_C23\Deepfakes\161_141.mp4,1,Deepfakes,c23
FaceForensics++,FaceForensics++__Deepfakes__162_330.mp4,data\raw\FaceForensics++_C23\Deepfakes\162_330.mp4,1,Deepfakes,c23
FaceForensics++,FaceForensics++__Deepfakes__163_031.mp4,data\raw\FaceForensics++_C23\Deepfakes\163_031.mp4,1,Deepfakes,c23
FaceForensics++,FaceForensics++__Deepfakes__164_216.mp4,data\raw\FaceForensics++_C23\Deepfakes\164_216.mp4,1,Deepfakes,c23
FaceForensics++,FaceForensics++__Deepfakes__166_167.mp4,data\raw\FaceForensics++_C23\Deepfakes\166_167.mp4,1,Deepfakes,c23
FaceForensics++,FaceForensics++__Deepfakes__167_166.mp4,data\raw\FaceForensics++_C23\Deepfakes\167_166.mp4,1,Deepfakes,c23
FaceForensics++,FaceForensics++__Deepfakes__168_222.mp4,data\raw\FaceForensics++_C23\Deepfakes\168_222.mp4,1,Deepfakes,c23
FaceForensics++,FaceForensics++__Deepfakes__169_227.mp4,data\raw\FaceForensics++_C23\Deepfakes\169_227.mp4,1,Deepfakes,c23
FaceForensics++,FaceForensics++__Deepfakes__171_173.mp4,data\raw\FaceForensics++_C23\Deepfakes\171_173.mp4,1,Deepfakes,c23
FaceForensics++,FaceForensics++__Deepfakes__173_171.mp4,data\raw\FaceForensics++_C23\Deepfakes\173_171.mp4,1,Deepfakes,c23
FaceForensics++,FaceForensics++__Deepfakes__174_964.mp4,data\raw\FaceForensics++_C23\Deepfakes\174_964.mp4,1,Deepfakes,c23
FaceForensics++,FaceForensics++__Deepfakes__175_159.mp4,data\raw\FaceForensics++_C23\Deepfakes\175_159.mp4,1,Deepfakes,c23
FaceForensics++,FaceForensics++__Deepfakes__176_190.mp4,data\raw\FaceForensics++_C23\Deepfakes\176_190.mp4,1,Deepfakes,c23
FaceForensics++,FaceForensics++__Deepfakes__177_211.mp4,data\raw\FaceForensics++_C23\Deepfakes\177_211.mp4,1,Deepfakes,c23
FaceForensics++,FaceForensics++__Deepfakes__178_598.mp4,data\raw\FaceForensics++_C23\Deepfakes\178_598.mp4,1,Deepfakes,c23
FaceForensics++,FaceForensics++__Deepfakes__179_212.mp4,data\raw\FaceForensics++_C23\Deepfakes\179_212.mp4,1,Deepfakes,c23
FaceForensics++,FaceForensics++__Deepfakes__181_199.mp4,data\raw\FaceForensics++_C23\Deepfakes\181_199.mp4,1,Deepfakes,c23
FaceForensics++,FaceForensics++__Deepfakes__182_242.mp4,data\raw\FaceForensics++_C23\Deepfakes\182_242.mp4,1,Deepfakes,c23
FaceForensics++,FaceForensics++__Deepfakes__183_253.mp4,data\raw\FaceForensics++_C23\Deepfakes\183_253.mp4,1,Deepfakes,c23
FaceForensics++,FaceForensics++__Deepfakes__185_276.mp4,data\raw\FaceForensics++_C23\Deepfakes\185_276.mp4,1,Deepfakes,c23
FaceForensics++,FaceForensics++__Deepfakes__186_170.mp4,data\raw\FaceForensics++_C23\Deepfakes\186_170.mp4,1,Deepfakes,c23
FaceForensics++,FaceForensics++__Deepfakes__187_234.mp4,data\raw\FaceForensics++_C23\Deepfakes\187_234.mp4,1,Deepfakes,c23
FaceForensics++,FaceForensics++__Deepfakes__188_191.mp4,data\raw\FaceForensics++_C23\Deepfakes\188_191.mp4,1,Deepfakes,c23
FaceForensics++,FaceForensics++__Deepfakes__189_200.mp4,data\raw\FaceForensics++_C23\Deepfakes\189_200.mp4,1,Deepfakes,c23
FaceForensics++,FaceForensics++__Deepfakes__190_176.mp4,data\raw\FaceForensics++_C23\Deepfakes\190_176.mp4,1,Deepfakes,c23
FaceForensics++,FaceForensics++__Deepfakes__191_188.mp4,data\raw\FaceForensics++_C23\Deepfakes\191_188.mp4,1,Deepfakes,c23
FaceForensics++,FaceForensics++__Deepfakes__193_030.mp4,data\raw\FaceForensics++_C23\Deepfakes\193_030.mp4,1,Deepfakes,c23
FaceForensics++,FaceForensics++__Deepfakes__194_235.mp4,data\raw\FaceForensics++_C23\Deepfakes\194_235.mp4,1,Deepfakes,c23
FaceForensics++,FaceForensics++__Deepfakes__195_442.mp4,data\raw\FaceForensics++_C23\Deepfakes\195_442.mp4,1,Deepfakes,c23
FaceForensics++,FaceForensics++__Deepfakes__196_310.mp4,data\raw\FaceForensics++_C23\Deepfakes\196_310.mp4,1,Deepfakes,c23
FaceForensics++,FaceForensics++__Deepfakes__197_224.mp4,data\raw\FaceForensics++_C23\Deepfakes\197_224.mp4,1,Deepfakes,c23
FaceForensics++,FaceForensics++__Deepfakes__198_106.mp4,data\raw\FaceForensics++_C23\Deepfakes\198_106.mp4,1,Deepfakes,c23
FaceForensics++,FaceForensics++__Deepfakes__199_181.mp4,data\raw\FaceForensics++_C23\Deepfakes\199_181.mp4,1,Deepfakes,c23
FaceForensics++,FaceForensics++__Deepfakes__200_189.mp4,data\raw\FaceForensics++_C23\Deepfakes\200_189.mp4,1,Deepfakes,c23
FaceForensics++,FaceForensics++__Deepfakes__201_203.mp4,data\raw\FaceForensics++_C23\Deepfakes\201_203.mp4,1,Deepfakes,c23
FaceForensics++,FaceForensics++__Deepfakes__202_348.mp4,data\raw\FaceForensics++_C23\Deepfakes\202_348.mp4,1,Deepfakes,c23
FaceForensics++,FaceForensics++__Deepfakes__203_201.mp4,data\raw\FaceForensics++_C23\Deepfakes\203_201.mp4,1,Deepfakes,c23
FaceForensics++,FaceForensics++__Deepfakes__204_230.mp4,data\raw\FaceForensics++_C23\Deepfakes\204_230.mp4,1,Deepfakes,c23
FaceForensics++,FaceForensics++__Deepfakes__205_184.mp4,data\raw\FaceForensics++_C23\Deepfakes\205_184.mp4,1,Deepfakes,c23
FaceForensics++,FaceForensics++__Deepfakes__206_221.mp4,data\raw\FaceForensics++_C23\Deepfakes\206_221.mp4,1,Deepfakes,c23
FaceForensics++,FaceForensics++__Deepfakes__209_016.mp4,data\raw\FaceForensics++_C23\Deepfakes\209_016.mp4,1,Deepfakes,c23
FaceForensics++,FaceForensics++__Deepfakes__210_241.mp4,data\raw\FaceForensics++_C23\Deepfakes\210_241.mp4,1,Deepfakes,c23
FaceForensics++,FaceForensics++__Deepfakes__211_177.mp4,data\raw\FaceForensics++_C23\Deepfakes\211_177.mp4,1,Deepfakes,c23
FaceForensics++,FaceForensics++__Deepfakes__212_179.mp4,data\raw\FaceForensics++_C23\Deepfakes\212_179.mp4,1,Deepfakes,c23
FaceForensics++,FaceForensics++__Deepfakes__214_255.mp4,data\raw\FaceForensics++_C23\Deepfakes\214_255.mp4,1,Deepfakes,c23
FaceForensics++,FaceForensics++__Deepfakes__215_208.mp4,data\raw\FaceForensics++_C23\Deepfakes\215_208.mp4,1,Deepfakes,c23
FaceForensics++,FaceForensics++__Deepfakes__216_164.mp4,data\raw\FaceForensics++_C23\Deepfakes\216_164.mp4,1,Deepfakes,c23
FaceForensics++,FaceForensics++__Deepfakes__218_239.mp4,data\raw\FaceForensics++_C23\Deepfakes\218_239.mp4,1,Deepfakes,c23
FaceForensics++,FaceForensics++__Deepfakes__219_220.mp4,data\raw\FaceForensics++_C23\Deepfakes\219_220.mp4,1,Deepfakes,c23
FaceForensics++,FaceForensics++__Deepfakes__223_586.mp4,data\raw\FaceForensics++_C23\Deepfakes\223_586.mp4,1,Deepfakes,c23
FaceForensics++,FaceForensics++__Deepfakes__224_197.mp4,data\raw\FaceForensics++_C23\Deepfakes\224_197.mp4,1,Deepfakes,c23
FaceForensics++,FaceForensics++__Deepfakes__225_151.mp4,data\raw\FaceForensics++_C23\Deepfakes\225_151.mp4,1,Deepfakes,c23
FaceForensics++,FaceForensics++__Deepfakes__226_491.mp4,data\raw\FaceForensics++_C23\Deepfakes\226_491.mp4,1,Deepfakes,c23
FaceForensics++,FaceForensics++__Deepfakes__227_169.mp4,data\raw\FaceForensics++_C23\Deepfakes\227_169.mp4,1,Deepfakes,c23
FaceForensics++,FaceForensics++__Deepfakes__228_289.mp4,data\raw\FaceForensics++_C23\Deepfakes\228_289.mp4,1,Deepfakes,c23
FaceForensics++,FaceForensics++__Deepfakes__229_247.mp4,data\raw\FaceForensics++_C23\Deepfakes\229_247.mp4,1,Deepfakes,c23
FaceForensics++,FaceForensics++__Deepfakes__230_204.mp4,data\raw\FaceForensics++_C23\Deepfakes\230_204.mp4,1,Deepfakes,c23
FaceForensics++,FaceForensics++__Deepfakes__231_663.mp4,data\raw\FaceForensics++_C23\Deepfakes\231_663.mp4,1,Deepfakes,c23
FaceForensics++,FaceForensics++__Deepfakes__232_248.mp4,data\raw\FaceForensics++_C23\Deepfakes\232_248.mp4,1,Deepfakes,c23
FaceForensics++,FaceForensics++__Deepfakes__233_995.mp4,data\raw\FaceForensics++_C23\Deepfakes\233_995.mp4,1,Deepfakes,c23
FaceForensics++,FaceForensics++__Deepfakes__234_187.mp4,data\raw\FaceForensics++_C23\Deepfakes\234_187.mp4,1,Deepfakes,c23
FaceForensics++,FaceForensics++__Deepfakes__236_237.mp4,data\raw\FaceForensics++_C23\Deepfakes\236_237.mp4,1,Deepfakes,c23
FaceForensics++,FaceForensics++__Deepfakes__237_236.mp4,data\raw\FaceForensics++_C23\Deepfakes\237_236.mp4,1,Deepfakes,c23
FaceForensics++,FaceForensics++__Deepfakes__238_282.mp4,data\raw\FaceForensics++_C23\Deepfakes\238_282.mp4,1,Deepfakes,c23
FaceForensics++,FaceForensics++__Deepfakes__239_218.mp4,data\raw\FaceForensics++_C23\Deepfakes\239_218.mp4,1,Deepfakes,c23
FaceForensics++,FaceForensics++__Deepfakes__240_290.mp4,data\raw\FaceForensics++_C23\Deepfakes\240_290.mp4,1,Deepfakes,c23
FaceForensics++,FaceForensics++__Deepfakes__241_210.mp4,data\raw\FaceForensics++_C23\Deepfakes\241_210.mp4,1,Deepfakes,c23
FaceForensics++,FaceForensics++__Deepfakes__243_156.mp4,data\raw\FaceForensics++_C23\Deepfakes\243_156.mp4,1,Deepfakes,c23
FaceForensics++,FaceForensics++__Deepfakes__244_822.mp4,data\raw\FaceForensics++_C23\Deepfakes\244_822.mp4,1,Deepfakes,c23
FaceForensics++,FaceForensics++__Deepfakes__245_157.mp4,data\raw\FaceForensics++_C23\Deepfakes\245_157.mp4,1,Deepfakes,c23
FaceForensics++,FaceForensics++__Deepfakes__247_229.mp4,data\raw\FaceForensics++_C23\Deepfakes\247_229.mp4,1,Deepfakes,c23
FaceForensics++,FaceForensics++__Deepfakes__249_280.mp4,data\raw\FaceForensics++_C23\Deepfakes\249_280.mp4,1,Deepfakes,c23
FaceForensics++,FaceForensics++__Deepfakes__250_461.mp4,data\raw\FaceForensics++_C23\Deepfakes\250_461.mp4,1,Deepfakes,c23
FaceForensics++,FaceForensics++__Deepfakes__254_261.mp4,data\raw\FaceForensics++_C23\Deepfakes\254_261.mp4,1,Deepfakes,c23
FaceForensics++,FaceForensics++__Deepfakes__255_214.mp4,data\raw\FaceForensics++_C23\Deepfakes\255_214.mp4,1,Deepfakes,c23
FaceForensics++,FaceForensics++__Deepfakes__256_146.mp4,data\raw\FaceForensics++_C23\Deepfakes\256_146.mp4,1,Deepfakes,c23
FaceForensics++,FaceForensics++__Deepfakes__257_420.mp4,data\raw\FaceForensics++_C23\Deepfakes\257_420.mp4,1,Deepfakes,c23
FaceForensics++,FaceForensics++__Deepfakes__258_246.mp4,data\raw\FaceForensics++_C23\Deepfakes\258_246.mp4,1,Deepfakes,c23
FaceForensics++,FaceForensics++__Deepfakes__259_345.mp4,data\raw\FaceForensics++_C23\Deepfakes\259_345.mp4,1,Deepfakes,c23
FaceForensics++,FaceForensics++__Deepfakes__260_331.mp4,data\raw\FaceForensics++_C23\Deepfakes\260_331.mp4,1,Deepfakes,c23
FaceForensics++,FaceForensics++__Deepfakes__262_301.mp4,data\raw\FaceForensics++_C23\Deepfakes\262_301.mp4,1,Deepfakes,c23
FaceForensics++,FaceForensics++__Deepfakes__263_284.mp4,data\raw\FaceForensics++_C23\Deepfakes\263_284.mp4,1,Deepfakes,c23
FaceForensics++,FaceForensics++__Deepfakes__265_475.mp4,data\raw\FaceForensics++_C23\Deepfakes\265_475.mp4,1,Deepfakes,c23
FaceForensics++,FaceForensics++__Deepfakes__267_286.mp4,data\raw\FaceForensics++_C23\Deepfakes\267_286.mp4,1,Deepfakes,c23
FaceForensics++,FaceForensics++__Deepfakes__269_268.mp4,data\raw\FaceForensics++_C23\Deepfakes\269_268.mp4,1,Deepfakes,c23
FaceForensics++,FaceForensics++__Deepfakes__270_297.mp4,data\raw\FaceForensics++_C23\Deepfakes\270_297.mp4,1,Deepfakes,c23
FaceForensics++,FaceForensics++__Deepfakes__271_264.mp4,data\raw\FaceForensics++_C23\Deepfakes\271_264.mp4,1,Deepfakes,c23
FaceForensics++,FaceForensics++__Deepfakes__272_396.mp4,data\raw\FaceForensics++_C23\Deepfakes\272_396.mp4,1,Deepfakes,c23
FaceForensics++,FaceForensics++__Deepfakes__274_412.mp4,data\raw\FaceForensics++_C23\Deepfakes\274_412.mp4,1,Deepfakes,c23
FaceForensics++,FaceForensics++__Deepfakes__275_887.mp4,data\raw\FaceForensics++_C23\Deepfakes\275_887.mp4,1,Deepfakes,c23
FaceForensics++,FaceForensics++__Deepfakes__276_185.mp4,data\raw\FaceForensics++_C23\Deepfakes\276_185.mp4,1,Deepfakes,c23
FaceForensics++,FaceForensics++__Deepfakes__277_335.mp4,data\raw\FaceForensics++_C23\Deepfakes\277_335.mp4,1,Deepfakes,c23
FaceForensics++,FaceForensics++__Deepfakes__278_306.mp4,data\raw\FaceForensics++_C23\Deepfakes\278_306.mp4,1,Deepfakes,c23
FaceForensics++,FaceForensics++__Deepfakes__279_298.mp4,data\raw\FaceForensics++_C23\Deepfakes\279_298.mp4,1,Deepfakes,c23
FaceForensics++,FaceForensics++__Deepfakes__280_249.mp4,data\raw\FaceForensics++_C23\Deepfakes\280_249.mp4,1,Deepfakes,c23
FaceForensics++,FaceForensics++__Deepfakes__281_474.mp4,data\raw\FaceForensics++_C23\Deepfakes\281_474.mp4,1,Deepfakes,c23
FaceForensics++,FaceForensics++__Deepfakes__283_313.mp4,data\raw\FaceForensics++_C23\Deepfakes\283_313.mp4,1,Deepfakes,c23
FaceForensics++,FaceForensics++__Deepfakes__284_263.mp4,data\raw\FaceForensics++_C23\Deepfakes\284_263.mp4,1,Deepfakes,c23
FaceForensics++,FaceForensics++__Deepfakes__285_136.mp4,data\raw\FaceForensics++_C23\Deepfakes\285_136.mp4,1,Deepfakes,c23
FaceForensics++,FaceForensics++__Deepfakes__287_426.mp4,data\raw\FaceForensics++_C23\Deepfakes\287_426.mp4,1,Deepfakes,c23
FaceForensics++,FaceForensics++__Deepfakes__288_321.mp4,data\raw\FaceForensics++_C23\Deepfakes\288_321.mp4,1,Deepfakes,c23
FaceForensics++,FaceForensics++__Deepfakes__290_240.mp4,data\raw\FaceForensics++_C23\Deepfakes\290_240.mp4,1,Deepfakes,c23
FaceForensics++,FaceForensics++__Deepfakes__291_874.mp4,data\raw\FaceForensics++_C23\Deepfakes\291_874.mp4,1,Deepfakes,c23
FaceForensics++,FaceForensics++__Deepfakes__293_296.mp4,data\raw\FaceForensics++_C23\Deepfakes\293_296.mp4,1,Deepfakes,c23
FaceForensics++,FaceForensics++__Deepfakes__296_293.mp4,data\raw\FaceForensics++_C23\Deepfakes\296_293.mp4,1,Deepfakes,c23
FaceForensics++,FaceForensics++__Deepfakes__298_279.mp4,data\raw\FaceForensics++_C23\Deepfakes\298_279.mp4,1,Deepfakes,c23
FaceForensics++,FaceForensics++__Deepfakes__299_145.mp4,data\raw\FaceForensics++_C23\Deepfakes\299_145.mp4,1,Deepfakes,c23
FaceForensics++,FaceForensics++__Deepfakes__300_304.mp4,data\raw\FaceForensics++_C23\Deepfakes\300_304.mp4,1,Deepfakes,c23
FaceForensics++,FaceForensics++__Deepfakes__301_262.mp4,data\raw\FaceForensics++_C23\Deepfakes\301_262.mp4,1,Deepfakes,c23
FaceForensics++,FaceForensics++__Deepfakes__302_323.mp4,data\raw\FaceForensics++_C23\Deepfakes\302_323.mp4,1,Deepfakes,c23
FaceForensics++,FaceForensics++__Deepfakes__305_513.mp4,data\raw\FaceForensics++_C23\Deepfakes\305_513.mp4,1,Deepfakes,c23
FaceForensics++,FaceForensics++__Deepfakes__306_278.mp4,data\raw\FaceForensics++_C23\Deepfakes\306_278.mp4,1,Deepfakes,c23
FaceForensics++,FaceForensics++__Deepfakes__308_388.mp4,data\raw\FaceForensics++_C23\Deepfakes\308_388.mp4,1,Deepfakes,c23
FaceForensics++,FaceForensics++__Deepfakes__309_303.mp4,data\raw\FaceForensics++_C23\Deepfakes\309_303.mp4,1,Deepfakes,c23
FaceForensics++,FaceForensics++__Deepfakes__311_387.mp4,data\raw\FaceForensics++_C23\Deepfakes\311_387.mp4,1,Deepfakes,c23
FaceForensics++,FaceForensics++__Deepfakes__312_021.mp4,data\raw\FaceForensics++_C23\Deepfakes\312_021.mp4,1,Deepfakes,c23
FaceForensics++,FaceForensics++__Deepfakes__313_283.mp4,data\raw\FaceForensics++_C23\Deepfakes\313_283.mp4,1,Deepfakes,c23
FaceForensics++,FaceForensics++__Deepfakes__314_347.mp4,data\raw\FaceForensics++_C23\Deepfakes\314_347.mp4,1,Deepfakes,c23
FaceForensics++,FaceForensics++__Deepfakes__315_322.mp4,data\raw\FaceForensics++_C23\Deepfakes\315_322.mp4,1,Deepfakes,c23
FaceForensics++,FaceForensics++__Deepfakes__316_369.mp4,data\raw\FaceForensics++_C23\Deepfakes\316_369.mp4,1,Deepfakes,c23
FaceForensics++,FaceForensics++__Deepfakes__318_334.mp4,data\raw\FaceForensics++_C23\Deepfakes\318_334.mp4,1,Deepfakes,c23
FaceForensics++,FaceForensics++__Deepfakes__319_352.mp4,data\raw\FaceForensics++_C23\Deepfakes\319_352.mp4,1,Deepfakes,c23
FaceForensics++,FaceForensics++__Deepfakes__320_328.mp4,data\raw\FaceForensics++_C23\Deepfakes\320_328.mp4,1,Deepfakes,c23
FaceForensics++,FaceForensics++__Deepfakes__321_288.mp4,data\raw\FaceForensics++_C23\Deepfakes\321_288.mp4,1,Deepfakes,c23
FaceForensics++,FaceForensics++__Deepfakes__322_315.mp4,data\raw\FaceForensics++_C23\Deepfakes\322_315.mp4,1,Deepfakes,c23
FaceForensics++,FaceForensics++__Deepfakes__324_356.mp4,data\raw\FaceForensics++_C23\Deepfakes\324_356.mp4,1,Deepfakes,c23
FaceForensics++,FaceForensics++__Deepfakes__325_492.mp4,data\raw\FaceForensics++_C23\Deepfakes\325_492.mp4,1,Deepfakes,c23
FaceForensics++,FaceForensics++__Deepfakes__326_501.mp4,data\raw\FaceForensics++_C23\Deepfakes\326_501.mp4,1,Deepfakes,c23
FaceForensics++,FaceForensics++__Deepfakes__327_329.mp4,data\raw\FaceForensics++_C23\Deepfakes\327_329.mp4,1,Deepfakes,c23
FaceForensics++,FaceForensics++__Deepfakes__328_320.mp4,data\raw\FaceForensics++_C23\Deepfakes\328_320.mp4,1,Deepfakes,c23
FaceForensics++,FaceForensics++__Deepfakes__329_327.mp4,data\raw\FaceForensics++_C23\Deepfakes\329_327.mp4,1,Deepfakes,c23
FaceForensics++,FaceForensics++__Deepfakes__330_162.mp4,data\raw\FaceForensics++_C23\Deepfakes\330_162.mp4,1,Deepfakes,c23
FaceForensics++,FaceForensics++__Deepfakes__333_377.mp4,data\raw\FaceForensics++_C23\Deepfakes\333_377.mp4,1,Deepfakes,c23
FaceForensics++,FaceForensics++__Deepfakes__334_318.mp4,data\raw\FaceForensics++_C23\Deepfakes\334_318.mp4,1,Deepfakes,c23
FaceForensics++,FaceForensics++__Deepfakes__335_277.mp4,data\raw\FaceForensics++_C23\Deepfakes\335_277.mp4,1,Deepfakes,c23
FaceForensics++,FaceForensics++__Deepfakes__336_338.mp4,data\raw\FaceForensics++_C23\Deepfakes\336_338.mp4,1,Deepfakes,c23
FaceForensics++,FaceForensics++__Deepfakes__337_522.mp4,data\raw\FaceForensics++_C23\Deepfakes\337_522.mp4,1,Deepfakes,c23
FaceForensics++,FaceForensics++__Deepfakes__339_392.mp4,data\raw\FaceForensics++_C23\Deepfakes\339_392.mp4,1,Deepfakes,c23
FaceForensics++,FaceForensics++__Deepfakes__340_341.mp4,data\raw\FaceForensics++_C23\Deepfakes\340_341.mp4,1,Deepfakes,c23
FaceForensics++,FaceForensics++__Deepfakes__342_416.mp4,data\raw\FaceForensics++_C23\Deepfakes\342_416.mp4,1,Deepfakes,c23
FaceForensics++,FaceForensics++__Deepfakes__343_363.mp4,data\raw\FaceForensics++_C23\Deepfakes\343_363.mp4,1,Deepfakes,c23
FaceForensics++,FaceForensics++__Deepfakes__344_020.mp4,data\raw\FaceForensics++_C23\Deepfakes\344_020.mp4,1,Deepfakes,c23
FaceForensics++,FaceForensics++__Deepfakes__345_259.mp4,data\raw\FaceForensics++_C23\Deepfakes\345_259.mp4,1,Deepfakes,c23
FaceForensics++,FaceForensics++__Deepfakes__346_351.mp4,data\raw\FaceForensics++_C23\Deepfakes\346_351.mp4,1,Deepfakes,c23
FaceForensics++,FaceForensics++__Deepfakes__347_314.mp4,data\raw\FaceForensics++_C23\Deepfakes\347_314.mp4,1,Deepfakes,c23
FaceForensics++,FaceForensics++__Deepfakes__349_350.mp4,data\raw\FaceForensics++_C23\Deepfakes\349_350.mp4,1,Deepfakes,c23
FaceForensics++,FaceForensics++__Deepfakes__350_349.mp4,data\raw\FaceForensics++_C23\Deepfakes\350_349.mp4,1,Deepfakes,c23
FaceForensics++,FaceForensics++__Deepfakes__351_346.mp4,data\raw\FaceForensics++_C23\Deepfakes\351_346.mp4,1,Deepfakes,c23
FaceForensics++,FaceForensics++__Deepfakes__353_383.mp4,data\raw\FaceForensics++_C23\Deepfakes\353_383.mp4,1,Deepfakes,c23
FaceForensics++,FaceForensics++__Deepfakes__354_362.mp4,data\raw\FaceForensics++_C23\Deepfakes\354_362.mp4,1,Deepfakes,c23
FaceForensics++,FaceForensics++__Deepfakes__355_748.mp4,data\raw\FaceForensics++_C23\Deepfakes\355_748.mp4,1,Deepfakes,c23
FaceForensics++,FaceForensics++__Deepfakes__356_324.mp4,data\raw\FaceForensics++_C23\Deepfakes\356_324.mp4,1,Deepfakes,c23
FaceForensics++,FaceForensics++__Deepfakes__357_432.mp4,data\raw\FaceForensics++_C23\Deepfakes\357_432.mp4,1,Deepfakes,c23
FaceForensics++,FaceForensics++__Deepfakes__358_380.mp4,data\raw\FaceForensics++_C23\Deepfakes\358_380.mp4,1,Deepfakes,c23
FaceForensics++,FaceForensics++__Deepfakes__360_437.mp4,data\raw\FaceForensics++_C23\Deepfakes\360_437.mp4,1,Deepfakes,c23
FaceForensics++,FaceForensics++__Deepfakes__361_448.mp4,data\raw\FaceForensics++_C23\Deepfakes\361_448.mp4,1,Deepfakes,c23
FaceForensics++,FaceForensics++__Deepfakes__363_343.mp4,data\raw\FaceForensics++_C23\Deepfakes\363_343.mp4,1,Deepfakes,c23
FaceForensics++,FaceForensics++__Deepfakes__364_440.mp4,data\raw\FaceForensics++_C23\Deepfakes\364_440.mp4,1,Deepfakes,c23
FaceForensics++,FaceForensics++__Deepfakes__365_307.mp4,data\raw\FaceForensics++_C23\Deepfakes\365_307.mp4,1,Deepfakes,c23
FaceForensics++,FaceForensics++__Deepfakes__366_473.mp4,data\raw\FaceForensics++_C23\Deepfakes\366_473.mp4,1,Deepfakes,c23
FaceForensics++,FaceForensics++__Deepfakes__367_371.mp4,data\raw\FaceForensics++_C23\Deepfakes\367_371.mp4,1,Deepfakes,c23
FaceForensics++,FaceForensics++__Deepfakes__368_378.mp4,data\raw\FaceForensics++_C23\Deepfakes\368_378.mp4,1,Deepfakes,c23
FaceForensics++,FaceForensics++__Deepfakes__369_316.mp4,data\raw\FaceForensics++_C23\Deepfakes\369_316.mp4,1,Deepfakes,c23
FaceForensics++,FaceForensics++__Deepfakes__370_483.mp4,data\raw\FaceForensics++_C23\Deepfakes\370_483.mp4,1,Deepfakes,c23
FaceForensics++,FaceForensics++__Deepfakes__371_367.mp4,data\raw\FaceForensics++_C23\Deepfakes\371_367.mp4,1,Deepfakes,c23
FaceForensics++,FaceForensics++__Deepfakes__372_413.mp4,data\raw\FaceForensics++_C23\Deepfakes\372_413.mp4,1,Deepfakes,c23
FaceForensics++,FaceForensics++__Deepfakes__373_394.mp4,data\raw\FaceForensics++_C23\Deepfakes\373_394.mp4,1,Deepfakes,c23
FaceForensics++,FaceForensics++__Deepfakes__375_251.mp4,data\raw\FaceForensics++_C23\Deepfakes\375_251.mp4,1,Deepfakes,c23
FaceForensics++,FaceForensics++__Deepfakes__376_381.mp4,data\raw\FaceForensics++_C23\Deepfakes\376_381.mp4,1,Deepfakes,c23
FaceForensics++,FaceForensics++__Deepfakes__377_333.mp4,data\raw\FaceForensics++_C23\Deepfakes\377_333.mp4,1,Deepfakes,c23
FaceForensics++,FaceForensics++__Deepfakes__378_368.mp4,data\raw\FaceForensics++_C23\Deepfakes\378_368.mp4,1,Deepfakes,c23
FaceForensics++,FaceForensics++__Deepfakes__379_158.mp4,data\raw\FaceForensics++_C23\Deepfakes\379_158.mp4,1,Deepfakes,c23
FaceForensics++,FaceForensics++__Deepfakes__380_358.mp4,data\raw\FaceForensics++_C23\Deepfakes\380_358.mp4,1,Deepfakes,c23
FaceForensics++,FaceForensics++__Deepfakes__381_376.mp4,data\raw\FaceForensics++_C23\Deepfakes\381_376.mp4,1,Deepfakes,c23
FaceForensics++,FaceForensics++__Deepfakes__382_409.mp4,data\raw\FaceForensics++_C23\Deepfakes\382_409.mp4,1,Deepfakes,c23
FaceForensics++,FaceForensics++__Deepfakes__383_353.mp4,data\raw\FaceForensics++_C23\Deepfakes\383_353.mp4,1,Deepfakes,c23
FaceForensics++,FaceForensics++__Deepfakes__384_932.mp4,data\raw\FaceForensics++_C23\Deepfakes\384_932.mp4,1,Deepfakes,c23
FaceForensics++,FaceForensics++__Deepfakes__385_414.mp4,data\raw\FaceForensics++_C23\Deepfakes\385_414.mp4,1,Deepfakes,c23
FaceForensics++,FaceForensics++__Deepfakes__386_154.mp4,data\raw\FaceForensics++_C23\Deepfakes\386_154.mp4,1,Deepfakes,c23
FaceForensics++,FaceForensics++__Deepfakes__387_311.mp4,data\raw\FaceForensics++_C23\Deepfakes\387_311.mp4,1,Deepfakes,c23
FaceForensics++,FaceForensics++__Deepfakes__388_308.mp4,data\raw\FaceForensics++_C23\Deepfakes\388_308.mp4,1,Deepfakes,c23
FaceForensics++,FaceForensics++__Deepfakes__389_480.mp4,data\raw\FaceForensics++_C23\Deepfakes\389_480.mp4,1,Deepfakes,c23
FaceForensics++,FaceForensics++__Deepfakes__391_406.mp4,data\raw\FaceForensics++_C23\Deepfakes\391_406.mp4,1,Deepfakes,c23
FaceForensics++,FaceForensics++__Deepfakes__393_405.mp4,data\raw\FaceForensics++_C23\Deepfakes\393_405.mp4,1,Deepfakes,c23
FaceForensics++,FaceForensics++__Deepfakes__394_373.mp4,data\raw\FaceForensics++_C23\Deepfakes\394_373.mp4,1,Deepfakes,c23
FaceForensics++,FaceForensics++__Deepfakes__395_401.mp4,data\raw\FaceForensics++_C23\Deepfakes\395_401.mp4,1,Deepfakes,c23
FaceForensics++,FaceForensics++__Deepfakes__396_272.mp4,data\raw\FaceForensics++_C23\Deepfakes\396_272.mp4,1,Deepfakes,c23
FaceForensics++,FaceForensics++__Deepfakes__397_602.mp4,data\raw\FaceForensics++_C23\Deepfakes\397_602.mp4,1,Deepfakes,c23
FaceForensics++,FaceForensics++__Deepfakes__398_457.mp4,data\raw\FaceForensics++_C23\Deepfakes\398_457.mp4,1,Deepfakes,c23
FaceForensics++,FaceForensics++__Deepfakes__399_488.mp4,data\raw\FaceForensics++_C23\Deepfakes\399_488.mp4,1,Deepfakes,c23
FaceForensics++,FaceForensics++__Deepfakes__400_476.mp4,data\raw\FaceForensics++_C23\Deepfakes\400_476.mp4,1,Deepfakes,c23
FaceForensics++,FaceForensics++__Deepfakes__402_453.mp4,data\raw\FaceForensics++_C23\Deepfakes\402_453.mp4,1,Deepfakes,c23
FaceForensics++,FaceForensics++__Deepfakes__403_497.mp4,data\raw\FaceForensics++_C23\Deepfakes\403_497.mp4,1,Deepfakes,c23
FaceForensics++,FaceForensics++__Deepfakes__404_429.mp4,data\raw\FaceForensics++_C23\Deepfakes\404_429.mp4,1,Deepfakes,c23
FaceForensics++,FaceForensics++__Deepfakes__405_393.mp4,data\raw\FaceForensics++_C23\Deepfakes\405_393.mp4,1,Deepfakes,c23
FaceForensics++,FaceForensics++__Deepfakes__406_391.mp4,data\raw\FaceForensics++_C23\Deepfakes\406_391.mp4,1,Deepfakes,c23
FaceForensics++,FaceForensics++__Deepfakes__407_374.mp4,data\raw\FaceForensics++_C23\Deepfakes\407_374.mp4,1,Deepfakes,c23
FaceForensics++,FaceForensics++__Deepfakes__408_424.mp4,data\raw\FaceForensics++_C23\Deepfakes\408_424.mp4,1,Deepfakes,c23
FaceForensics++,FaceForensics++__Deepfakes__409_382.mp4,data\raw\FaceForensics++_C23\Deepfakes\409_382.mp4,1,Deepfakes,c23
FaceForensics++,FaceForensics++__Deepfakes__410_411.mp4,data\raw\FaceForensics++_C23\Deepfakes\410_411.mp4,1,Deepfakes,c23
FaceForensics++,FaceForensics++__Deepfakes__411_410.mp4,data\raw\FaceForensics++_C23\Deepfakes\411_410.mp4,1,Deepfakes,c23
FaceForensics++,FaceForensics++__Deepfakes__412_274.mp4,data\raw\FaceForensics++_C23\Deepfakes\412_274.mp4,1,Deepfakes,c23
FaceForensics++,FaceForensics++__Deepfakes__413_372.mp4,data\raw\FaceForensics++_C23\Deepfakes\413_372.mp4,1,Deepfakes,c23
FaceForensics++,FaceForensics++__Deepfakes__414_385.mp4,data\raw\FaceForensics++_C23\Deepfakes\414_385.mp4,1,Deepfakes,c23
FaceForensics++,FaceForensics++__Deepfakes__415_484.mp4,data\raw\FaceForensics++_C23\Deepfakes\415_484.mp4,1,Deepfakes,c23
FaceForensics++,FaceForensics++__Deepfakes__416_342.mp4,data\raw\FaceForensics++_C23\Deepfakes\416_342.mp4,1,Deepfakes,c23
FaceForensics++,FaceForensics++__Deepfakes__417_496.mp4,data\raw\FaceForensics++_C23\Deepfakes\417_496.mp4,1,Deepfakes,c23
FaceForensics++,FaceForensics++__Deepfakes__418_507.mp4,data\raw\FaceForensics++_C23\Deepfakes\418_507.mp4,1,Deepfakes,c23
FaceForensics++,FaceForensics++__Deepfakes__419_824.mp4,data\raw\FaceForensics++_C23\Deepfakes\419_824.mp4,1,Deepfakes,c23
FaceForensics++,FaceForensics++__Deepfakes__420_257.mp4,data\raw\FaceForensics++_C23\Deepfakes\420_257.mp4,1,Deepfakes,c23
FaceForensics++,FaceForensics++__Deepfakes__421_423.mp4,data\raw\FaceForensics++_C23\Deepfakes\421_423.mp4,1,Deepfakes,c23
FaceForensics++,FaceForensics++__Deepfakes__422_695.mp4,data\raw\FaceForensics++_C23\Deepfakes\422_695.mp4,1,Deepfakes,c23
FaceForensics++,FaceForensics++__Deepfakes__424_408.mp4,data\raw\FaceForensics++_C23\Deepfakes\424_408.mp4,1,Deepfakes,c23
FaceForensics++,FaceForensics++__Deepfakes__426_287.mp4,data\raw\FaceForensics++_C23\Deepfakes\426_287.mp4,1,Deepfakes,c23
FaceForensics++,FaceForensics++__Deepfakes__427_637.mp4,data\raw\FaceForensics++_C23\Deepfakes\427_637.mp4,1,Deepfakes,c23
FaceForensics++,FaceForensics++__Deepfakes__428_466.mp4,data\raw\FaceForensics++_C23\Deepfakes\428_466.mp4,1,Deepfakes,c23
FaceForensics++,FaceForensics++__Deepfakes__429_404.mp4,data\raw\FaceForensics++_C23\Deepfakes\429_404.mp4,1,Deepfakes,c23
FaceForensics++,FaceForensics++__Deepfakes__430_459.mp4,data\raw\FaceForensics++_C23\Deepfakes\430_459.mp4,1,Deepfakes,c23
FaceForensics++,FaceForensics++__Deepfakes__431_447.mp4,data\raw\FaceForensics++_C23\Deepfakes\431_447.mp4,1,Deepfakes,c23
FaceForensics++,FaceForensics++__Deepfakes__432_357.mp4,data\raw\FaceForensics++_C23\Deepfakes\432_357.mp4,1,Deepfakes,c23
FaceForensics++,FaceForensics++__Deepfakes__433_498.mp4,data\raw\FaceForensics++_C23\Deepfakes\433_498.mp4,1,Deepfakes,c23
FaceForensics++,FaceForensics++__Deepfakes__436_526.mp4,data\raw\FaceForensics++_C23\Deepfakes\436_526.mp4,1,Deepfakes,c23
FaceForensics++,FaceForensics++__Deepfakes__437_360.mp4,data\raw\FaceForensics++_C23\Deepfakes\437_360.mp4,1,Deepfakes,c23
FaceForensics++,FaceForensics++__Deepfakes__438_434.mp4,data\raw\FaceForensics++_C23\Deepfakes\438_434.mp4,1,Deepfakes,c23
FaceForensics++,FaceForensics++__Deepfakes__439_441.mp4,data\raw\FaceForensics++_C23\Deepfakes\439_441.mp4,1,Deepfakes,c23
FaceForensics++,FaceForensics++__Deepfakes__441_439.mp4,data\raw\FaceForensics++_C23\Deepfakes\441_439.mp4,1,Deepfakes,c23
FaceForensics++,FaceForensics++__Deepfakes__443_514.mp4,data\raw\FaceForensics++_C23\Deepfakes\443_514.mp4,1,Deepfakes,c23
FaceForensics++,FaceForensics++__Deepfakes__444_655.mp4,data\raw\FaceForensics++_C23\Deepfakes\444_655.mp4,1,Deepfakes,c23
FaceForensics++,FaceForensics++__Deepfakes__445_494.mp4,data\raw\FaceForensics++_C23\Deepfakes\445_494.mp4,1,Deepfakes,c23
FaceForensics++,FaceForensics++__Deepfakes__446_667.mp4,data\raw\FaceForensics++_C23\Deepfakes\446_667.mp4,1,Deepfakes,c23
FaceForensics++,FaceForensics++__Deepfakes__447_431.mp4,data\raw\FaceForensics++_C23\Deepfakes\447_431.mp4,1,Deepfakes,c23
FaceForensics++,FaceForensics++__Deepfakes__448_361.mp4,data\raw\FaceForensics++_C23\Deepfakes\448_361.mp4,1,Deepfakes,c23
FaceForensics++,FaceForensics++__Deepfakes__449_451.mp4,data\raw\FaceForensics++_C23\Deepfakes\449_451.mp4,1,Deepfakes,c23
FaceForensics++,FaceForensics++__Deepfakes__451_449.mp4,data\raw\FaceForensics++_C23\Deepfakes\451_449.mp4,1,Deepfakes,c23
FaceForensics++,FaceForensics++__Deepfakes__452_550.mp4,data\raw\FaceForensics++_C23\Deepfakes\452_550.mp4,1,Deepfakes,c23
FaceForensics++,FaceForensics++__Deepfakes__453_402.mp4,data\raw\FaceForensics++_C23\Deepfakes\453_402.mp4,1,Deepfakes,c23
FaceForensics++,FaceForensics++__Deepfakes__454_527.mp4,data\raw\FaceForensics++_C23\Deepfakes\454_527.mp4,1,Deepfakes,c23
FaceForensics++,FaceForensics++__Deepfakes__455_471.mp4,data\raw\FaceForensics++_C23\Deepfakes\455_471.mp4,1,Deepfakes,c23
FaceForensics++,FaceForensics++__Deepfakes__456_435.mp4,data\raw\FaceForensics++_C23\Deepfakes\456_435.mp4,1,Deepfakes,c23
FaceForensics++,FaceForensics++__Deepfakes__457_398.mp4,data\raw\FaceForensics++_C23\Deepfakes\457_398.mp4,1,Deepfakes,c23
FaceForensics++,FaceForensics++__Deepfakes__458_722.mp4,data\raw\FaceForensics++_C23\Deepfakes\458_722.mp4,1,Deepfakes,c23
FaceForensics++,FaceForensics++__Deepfakes__459_430.mp4,data\raw\FaceForensics++_C23\Deepfakes\459_430.mp4,1,Deepfakes,c23
FaceForensics++,FaceForensics++__Deepfakes__460_678.mp4,data\raw\FaceForensics++_C23\Deepfakes\460_678.mp4,1,Deepfakes,c23
FaceForensics++,FaceForensics++__Deepfakes__461_250.mp4,data\raw\FaceForensics++_C23\Deepfakes\461_250.mp4,1,Deepfakes,c23
FaceForensics++,FaceForensics++__Deepfakes__464_463.mp4,data\raw\FaceForensics++_C23\Deepfakes\464_463.mp4,1,Deepfakes,c23
FaceForensics++,FaceForensics++__Deepfakes__465_482.mp4,data\raw\FaceForensics++_C23\Deepfakes\465_482.mp4,1,Deepfakes,c23
FaceForensics++,FaceForensics++__Deepfakes__466_428.mp4,data\raw\FaceForensics++_C23\Deepfakes\466_428.mp4,1,Deepfakes,c23
FaceForensics++,FaceForensics++__Deepfakes__467_462.mp4,data\raw\FaceForensics++_C23\Deepfakes\467_462.mp4,1,Deepfakes,c23
FaceForensics++,FaceForensics++__Deepfakes__468_470.mp4,data\raw\FaceForensics++_C23\Deepfakes\468_470.mp4,1,Deepfakes,c23
FaceForensics++,FaceForensics++__Deepfakes__470_468.mp4,data\raw\FaceForensics++_C23\Deepfakes\470_468.mp4,1,Deepfakes,c23
FaceForensics++,FaceForensics++__Deepfakes__471_455.mp4,data\raw\FaceForensics++_C23\Deepfakes\471_455.mp4,1,Deepfakes,c23
FaceForensics++,FaceForensics++__Deepfakes__472_511.mp4,data\raw\FaceForensics++_C23\Deepfakes\472_511.mp4,1,Deepfakes,c23
FaceForensics++,FaceForensics++__Deepfakes__473_366.mp4,data\raw\FaceForensics++_C23\Deepfakes\473_366.mp4,1,Deepfakes,c23
FaceForensics++,FaceForensics++__Deepfakes__474_281.mp4,data\raw\FaceForensics++_C23\Deepfakes\474_281.mp4,1,Deepfakes,c23
FaceForensics++,FaceForensics++__Deepfakes__476_400.mp4,data\raw\FaceForensics++_C23\Deepfakes\476_400.mp4,1,Deepfakes,c23
FaceForensics++,FaceForensics++__Deepfakes__477_487.mp4,data\raw\FaceForensics++_C23\Deepfakes\477_487.mp4,1,Deepfakes,c23
FaceForensics++,FaceForensics++__Deepfakes__478_506.mp4,data\raw\FaceForensics++_C23\Deepfakes\478_506.mp4,1,Deepfakes,c23
FaceForensics++,FaceForensics++__Deepfakes__479_706.mp4,data\raw\FaceForensics++_C23\Deepfakes\479_706.mp4,1,Deepfakes,c23
FaceForensics++,FaceForensics++__Deepfakes__480_389.mp4,data\raw\FaceForensics++_C23\Deepfakes\480_389.mp4,1,Deepfakes,c23
FaceForensics++,FaceForensics++__Deepfakes__481_469.mp4,data\raw\FaceForensics++_C23\Deepfakes\481_469.mp4,1,Deepfakes,c23
FaceForensics++,FaceForensics++__Deepfakes__482_465.mp4,data\raw\FaceForensics++_C23\Deepfakes\482_465.mp4,1,Deepfakes,c23
FaceForensics++,FaceForensics++__Deepfakes__483_370.mp4,data\raw\FaceForensics++_C23\Deepfakes\483_370.mp4,1,Deepfakes,c23
FaceForensics++,FaceForensics++__Deepfakes__484_415.mp4,data\raw\FaceForensics++_C23\Deepfakes\484_415.mp4,1,Deepfakes,c23
FaceForensics++,FaceForensics++__Deepfakes__485_425.mp4,data\raw\FaceForensics++_C23\Deepfakes\485_425.mp4,1,Deepfakes,c23
FaceForensics++,FaceForensics++__Deepfakes__487_477.mp4,data\raw\FaceForensics++_C23\Deepfakes\487_477.mp4,1,Deepfakes,c23
FaceForensics++,FaceForensics++__Deepfakes__490_534.mp4,data\raw\FaceForensics++_C23\Deepfakes\490_534.mp4,1,Deepfakes,c23
FaceForensics++,FaceForensics++__Deepfakes__491_226.mp4,data\raw\FaceForensics++_C23\Deepfakes\491_226.mp4,1,Deepfakes,c23
FaceForensics++,FaceForensics++__Deepfakes__492_325.mp4,data\raw\FaceForensics++_C23\Deepfakes\492_325.mp4,1,Deepfakes,c23
FaceForensics++,FaceForensics++__Deepfakes__493_538.mp4,data\raw\FaceForensics++_C23\Deepfakes\493_538.mp4,1,Deepfakes,c23
FaceForensics++,FaceForensics++__Deepfakes__494_445.mp4,data\raw\FaceForensics++_C23\Deepfakes\494_445.mp4,1,Deepfakes,c23
FaceForensics++,FaceForensics++__Deepfakes__495_512.mp4,data\raw\FaceForensics++_C23\Deepfakes\495_512.mp4,1,Deepfakes,c23
FaceForensics++,FaceForensics++__Deepfakes__496_417.mp4,data\raw\FaceForensics++_C23\Deepfakes\496_417.mp4,1,Deepfakes,c23
FaceForensics++,FaceForensics++__Deepfakes__497_403.mp4,data\raw\FaceForensics++_C23\Deepfakes\497_403.mp4,1,Deepfakes,c23
FaceForensics++,FaceForensics++__Deepfakes__498_433.mp4,data\raw\FaceForensics++_C23\Deepfakes\498_433.mp4,1,Deepfakes,c23
FaceForensics++,FaceForensics++__Deepfakes__499_539.mp4,data\raw\FaceForensics++_C23\Deepfakes\499_539.mp4,1,Deepfakes,c23
FaceForensics++,FaceForensics++__Deepfakes__500_592.mp4,data\raw\FaceForensics++_C23\Deepfakes\500_592.mp4,1,Deepfakes,c23
FaceForensics++,FaceForensics++__Deepfakes__501_326.mp4,data\raw\FaceForensics++_C23\Deepfakes\501_326.mp4,1,Deepfakes,c23
FaceForensics++,FaceForensics++__Deepfakes__502_504.mp4,data\raw\FaceForensics++_C23\Deepfakes\502_504.mp4,1,Deepfakes,c23
FaceForensics++,FaceForensics++__Deepfakes__504_502.mp4,data\raw\FaceForensics++_C23\Deepfakes\504_502.mp4,1,Deepfakes,c23
FaceForensics++,FaceForensics++__Deepfakes__505_600.mp4,data\raw\FaceForensics++_C23\Deepfakes\505_600.mp4,1,Deepfakes,c23
FaceForensics++,FaceForensics++__Deepfakes__506_478.mp4,data\raw\FaceForensics++_C23\Deepfakes\506_478.mp4,1,Deepfakes,c23
FaceForensics++,FaceForensics++__Deepfakes__507_418.mp4,data\raw\FaceForensics++_C23\Deepfakes\507_418.mp4,1,Deepfakes,c23
FaceForensics++,FaceForensics++__Deepfakes__508_831.mp4,data\raw\FaceForensics++_C23\Deepfakes\508_831.mp4,1,Deepfakes,c23
FaceForensics++,FaceForensics++__Deepfakes__509_525.mp4,data\raw\FaceForensics++_C23\Deepfakes\509_525.mp4,1,Deepfakes,c23
FaceForensics++,FaceForensics++__Deepfakes__511_472.mp4,data\raw\FaceForensics++_C23\Deepfakes\511_472.mp4,1,Deepfakes,c23
FaceForensics++,FaceForensics++__Deepfakes__512_495.mp4,data\raw\FaceForensics++_C23\Deepfakes\512_495.mp4,1,Deepfakes,c23
FaceForensics++,FaceForensics++__Deepfakes__513_305.mp4,data\raw\FaceForensics++_C23\Deepfakes\513_305.mp4,1,Deepfakes,c23
FaceForensics++,FaceForensics++__Deepfakes__514_443.mp4,data\raw\FaceForensics++_C23\Deepfakes\514_443.mp4,1,Deepfakes,c23
FaceForensics++,FaceForensics++__Deepfakes__515_519.mp4,data\raw\FaceForensics++_C23\Deepfakes\515_519.mp4,1,Deepfakes,c23
FaceForensics++,FaceForensics++__Deepfakes__517_521.mp4,data\raw\FaceForensics++_C23\Deepfakes\517_521.mp4,1,Deepfakes,c23
FaceForensics++,FaceForensics++__Deepfakes__518_131.mp4,data\raw\FaceForensics++_C23\Deepfakes\518_131.mp4,1,Deepfakes,c23
FaceForensics++,FaceForensics++__Deepfakes__519_515.mp4,data\raw\FaceForensics++_C23\Deepfakes\519_515.mp4,1,Deepfakes,c23
FaceForensics++,FaceForensics++__Deepfakes__520_542.mp4,data\raw\FaceForensics++_C23\Deepfakes\520_542.mp4,1,Deepfakes,c23
FaceForensics++,FaceForensics++__Deepfakes__521_517.mp4,data\raw\FaceForensics++_C23\Deepfakes\521_517.mp4,1,Deepfakes,c23
FaceForensics++,FaceForensics++__Deepfakes__523_541.mp4,data\raw\FaceForensics++_C23\Deepfakes\523_541.mp4,1,Deepfakes,c23
FaceForensics++,FaceForensics++__Deepfakes__524_580.mp4,data\raw\FaceForensics++_C23\Deepfakes\524_580.mp4,1,Deepfakes,c23
FaceForensics++,FaceForensics++__Deepfakes__525_509.mp4,data\raw\FaceForensics++_C23\Deepfakes\525_509.mp4,1,Deepfakes,c23
FaceForensics++,FaceForensics++__Deepfakes__526_436.mp4,data\raw\FaceForensics++_C23\Deepfakes\526_436.mp4,1,Deepfakes,c23
FaceForensics++,FaceForensics++__Deepfakes__527_454.mp4,data\raw\FaceForensics++_C23\Deepfakes\527_454.mp4,1,Deepfakes,c23
FaceForensics++,FaceForensics++__Deepfakes__528_510.mp4,data\raw\FaceForensics++_C23\Deepfakes\528_510.mp4,1,Deepfakes,c23
FaceForensics++,FaceForensics++__Deepfakes__529_633.mp4,data\raw\FaceForensics++_C23\Deepfakes\529_633.mp4,1,Deepfakes,c23
FaceForensics++,FaceForensics++__Deepfakes__530_594.mp4,data\raw\FaceForensics++_C23\Deepfakes\530_594.mp4,1,Deepfakes,c23
FaceForensics++,FaceForensics++__Deepfakes__531_549.mp4,data\raw\FaceForensics++_C23\Deepfakes\531_549.mp4,1,Deepfakes,c23
FaceForensics++,FaceForensics++__Deepfakes__532_544.mp4,data\raw\FaceForensics++_C23\Deepfakes\532_544.mp4,1,Deepfakes,c23
FaceForensics++,FaceForensics++__Deepfakes__533_450.mp4,data\raw\FaceForensics++_C23\Deepfakes\533_450.mp4,1,Deepfakes,c23
FaceForensics++,FaceForensics++__Deepfakes__534_490.mp4,data\raw\FaceForensics++_C23\Deepfakes\534_490.mp4,1,Deepfakes,c23
FaceForensics++,FaceForensics++__Deepfakes__535_587.mp4,data\raw\FaceForensics++_C23\Deepfakes\535_587.mp4,1,Deepfakes,c23
FaceForensics++,FaceForensics++__Deepfakes__537_563.mp4,data\raw\FaceForensics++_C23\Deepfakes\537_563.mp4,1,Deepfakes,c23
FaceForensics++,FaceForensics++__Deepfakes__538_493.mp4,data\raw\FaceForensics++_C23\Deepfakes\538_493.mp4,1,Deepfakes,c23
FaceForensics++,FaceForensics++__Deepfakes__539_499.mp4,data\raw\FaceForensics++_C23\Deepfakes\539_499.mp4,1,Deepfakes,c23
FaceForensics++,FaceForensics++__Deepfakes__540_536.mp4,data\raw\FaceForensics++_C23\Deepfakes\540_536.mp4,1,Deepfakes,c23
FaceForensics++,FaceForensics++__Deepfakes__541_523.mp4,data\raw\FaceForensics++_C23\Deepfakes\541_523.mp4,1,Deepfakes,c23
FaceForensics++,FaceForensics++__Deepfakes__542_520.mp4,data\raw\FaceForensics++_C23\Deepfakes\542_520.mp4,1,Deepfakes,c23
FaceForensics++,FaceForensics++__Deepfakes__543_559.mp4,data\raw\FaceForensics++_C23\Deepfakes\543_559.mp4,1,Deepfakes,c23
FaceForensics++,FaceForensics++__Deepfakes__544_532.mp4,data\raw\FaceForensics++_C23\Deepfakes\544_532.mp4,1,Deepfakes,c23
FaceForensics++,FaceForensics++__Deepfakes__546_621.mp4,data\raw\FaceForensics++_C23\Deepfakes\546_621.mp4,1,Deepfakes,c23
FaceForensics++,FaceForensics++__Deepfakes__547_574.mp4,data\raw\FaceForensics++_C23\Deepfakes\547_574.mp4,1,Deepfakes,c23
FaceForensics++,FaceForensics++__Deepfakes__548_632.mp4,data\raw\FaceForensics++_C23\Deepfakes\548_632.mp4,1,Deepfakes,c23
FaceForensics++,FaceForensics++__Deepfakes__549_531.mp4,data\raw\FaceForensics++_C23\Deepfakes\549_531.mp4,1,Deepfakes,c23
FaceForensics++,FaceForensics++__Deepfakes__550_452.mp4,data\raw\FaceForensics++_C23\Deepfakes\550_452.mp4,1,Deepfakes,c23
FaceForensics++,FaceForensics++__Deepfakes__551_631.mp4,data\raw\FaceForensics++_C23\Deepfakes\551_631.mp4,1,Deepfakes,c23
FaceForensics++,FaceForensics++__Deepfakes__552_851.mp4,data\raw\FaceForensics++_C23\Deepfakes\552_851.mp4,1,Deepfakes,c23
FaceForensics++,FaceForensics++__Deepfakes__553_545.mp4,data\raw\FaceForensics++_C23\Deepfakes\553_545.mp4,1,Deepfakes,c23
FaceForensics++,FaceForensics++__Deepfakes__554_572.mp4,data\raw\FaceForensics++_C23\Deepfakes\554_572.mp4,1,Deepfakes,c23
FaceForensics++,FaceForensics++__Deepfakes__556_588.mp4,data\raw\FaceForensics++_C23\Deepfakes\556_588.mp4,1,Deepfakes,c23
FaceForensics++,FaceForensics++__Deepfakes__560_557.mp4,data\raw\FaceForensics++_C23\Deepfakes\560_557.mp4,1,Deepfakes,c23
FaceForensics++,FaceForensics++__Deepfakes__562_626.mp4,data\raw\FaceForensics++_C23\Deepfakes\562_626.mp4,1,Deepfakes,c23
FaceForensics++,FaceForensics++__Deepfakes__563_537.mp4,data\raw\FaceForensics++_C23\Deepfakes\563_537.mp4,1,Deepfakes,c23
FaceForensics++,FaceForensics++__Deepfakes__564_971.mp4,data\raw\FaceForensics++_C23\Deepfakes\564_971.mp4,1,Deepfakes,c23
FaceForensics++,FaceForensics++__Deepfakes__566_617.mp4,data\raw\FaceForensics++_C23\Deepfakes\566_617.mp4,1,Deepfakes,c23
FaceForensics++,FaceForensics++__Deepfakes__567_606.mp4,data\raw\FaceForensics++_C23\Deepfakes\567_606.mp4,1,Deepfakes,c23
FaceForensics++,FaceForensics++__Deepfakes__568_628.mp4,data\raw\FaceForensics++_C23\Deepfakes\568_628.mp4,1,Deepfakes,c23
FaceForensics++,FaceForensics++__Deepfakes__570_624.mp4,data\raw\FaceForensics++_C23\Deepfakes\570_624.mp4,1,Deepfakes,c23
FaceForensics++,FaceForensics++__Deepfakes__572_554.mp4,data\raw\FaceForensics++_C23\Deepfakes\572_554.mp4,1,Deepfakes,c23
FaceForensics++,FaceForensics++__Deepfakes__573_757.mp4,data\raw\FaceForensics++_C23\Deepfakes\573_757.mp4,1,Deepfakes,c23
FaceForensics++,FaceForensics++__Deepfakes__574_547.mp4,data\raw\FaceForensics++_C23\Deepfakes\574_547.mp4,1,Deepfakes,c23
FaceForensics++,FaceForensics++__Deepfakes__576_155.mp4,data\raw\FaceForensics++_C23\Deepfakes\576_155.mp4,1,Deepfakes,c23
FaceForensics++,FaceForensics++__Deepfakes__578_636.mp4,data\raw\FaceForensics++_C23\Deepfakes\578_636.mp4,1,Deepfakes,c23
FaceForensics++,FaceForensics++__Deepfakes__579_701.mp4,data\raw\FaceForensics++_C23\Deepfakes\579_701.mp4,1,Deepfakes,c23
FaceForensics++,FaceForensics++__Deepfakes__580_524.mp4,data\raw\FaceForensics++_C23\Deepfakes\580_524.mp4,1,Deepfakes,c23
FaceForensics++,FaceForensics++__Deepfakes__581_697.mp4,data\raw\FaceForensics++_C23\Deepfakes\581_697.mp4,1,Deepfakes,c23
FaceForensics++,FaceForensics++__Deepfakes__583_558.mp4,data\raw\FaceForensics++_C23\Deepfakes\583_558.mp4,1,Deepfakes,c23
FaceForensics++,FaceForensics++__Deepfakes__584_823.mp4,data\raw\FaceForensics++_C23\Deepfakes\584_823.mp4,1,Deepfakes,c23
FaceForensics++,FaceForensics++__Deepfakes__585_599.mp4,data\raw\FaceForensics++_C23\Deepfakes\585_599.mp4,1,Deepfakes,c23
FaceForensics++,FaceForensics++__Deepfakes__586_223.mp4,data\raw\FaceForensics++_C23\Deepfakes\586_223.mp4,1,Deepfakes,c23
FaceForensics++,FaceForensics++__Deepfakes__587_535.mp4,data\raw\FaceForensics++_C23\Deepfakes\587_535.mp4,1,Deepfakes,c23
FaceForensics++,FaceForensics++__Deepfakes__588_556.mp4,data\raw\FaceForensics++_C23\Deepfakes\588_556.mp4,1,Deepfakes,c23
FaceForensics++,FaceForensics++__Deepfakes__589_565.mp4,data\raw\FaceForensics++_C23\Deepfakes\589_565.mp4,1,Deepfakes,c23
FaceForensics++,FaceForensics++__Deepfakes__591_605.mp4,data\raw\FaceForensics++_C23\Deepfakes\591_605.mp4,1,Deepfakes,c23
FaceForensics++,FaceForensics++__Deepfakes__593_577.mp4,data\raw\FaceForensics++_C23\Deepfakes\593_577.mp4,1,Deepfakes,c23
FaceForensics++,FaceForensics++__Deepfakes__594_530.mp4,data\raw\FaceForensics++_C23\Deepfakes\594_530.mp4,1,Deepfakes,c23
FaceForensics++,FaceForensics++__Deepfakes__595_597.mp4,data\raw\FaceForensics++_C23\Deepfakes\595_597.mp4,1,Deepfakes,c23
FaceForensics++,FaceForensics++__Deepfakes__596_609.mp4,data\raw\FaceForensics++_C23\Deepfakes\596_609.mp4,1,Deepfakes,c23
FaceForensics++,FaceForensics++__Deepfakes__597_595.mp4,data\raw\FaceForensics++_C23\Deepfakes\597_595.mp4,1,Deepfakes,c23
FaceForensics++,FaceForensics++__Deepfakes__598_178.mp4,data\raw\FaceForensics++_C23\Deepfakes\598_178.mp4,1,Deepfakes,c23
FaceForensics++,FaceForensics++__Deepfakes__599_585.mp4,data\raw\FaceForensics++_C23\Deepfakes\599_585.mp4,1,Deepfakes,c23
FaceForensics++,FaceForensics++__Deepfakes__600_505.mp4,data\raw\FaceForensics++_C23\Deepfakes\600_505.mp4,1,Deepfakes,c23
FaceForensics++,FaceForensics++__Deepfakes__601_653.mp4,data\raw\FaceForensics++_C23\Deepfakes\601_653.mp4,1,Deepfakes,c23
FaceForensics++,FaceForensics++__Deepfakes__602_397.mp4,data\raw\FaceForensics++_C23\Deepfakes\602_397.mp4,1,Deepfakes,c23
FaceForensics++,FaceForensics++__Deepfakes__603_575.mp4,data\raw\FaceForensics++_C23\Deepfakes\603_575.mp4,1,Deepfakes,c23
FaceForensics++,FaceForensics++__Deepfakes__604_703.mp4,data\raw\FaceForensics++_C23\Deepfakes\604_703.mp4,1,Deepfakes,c23
FaceForensics++,FaceForensics++__Deepfakes__605_591.mp4,data\raw\FaceForensics++_C23\Deepfakes\605_591.mp4,1,Deepfakes,c23
FaceForensics++,FaceForensics++__Deepfakes__606_567.mp4,data\raw\FaceForensics++_C23\Deepfakes\606_567.mp4,1,Deepfakes,c23
FaceForensics++,FaceForensics++__Deepfakes__607_683.mp4,data\raw\FaceForensics++_C23\Deepfakes\607_683.mp4,1,Deepfakes,c23
FaceForensics++,FaceForensics++__Deepfakes__608_675.mp4,data\raw\FaceForensics++_C23\Deepfakes\608_675.mp4,1,Deepfakes,c23
FaceForensics++,FaceForensics++__Deepfakes__609_596.mp4,data\raw\FaceForensics++_C23\Deepfakes\609_596.mp4,1,Deepfakes,c23
FaceForensics++,FaceForensics++__Deepfakes__610_692.mp4,data\raw\FaceForensics++_C23\Deepfakes\610_692.mp4,1,Deepfakes,c23
FaceForensics++,FaceForensics++__Deepfakes__611_760.mp4,data\raw\FaceForensics++_C23\Deepfakes\611_760.mp4,1,Deepfakes,c23
FaceForensics++,FaceForensics++__Deepfakes__612_702.mp4,data\raw\FaceForensics++_C23\Deepfakes\612_702.mp4,1,Deepfakes,c23
FaceForensics++,FaceForensics++__Deepfakes__613_685.mp4,data\raw\FaceForensics++_C23\Deepfakes\613_685.mp4,1,Deepfakes,c23
FaceForensics++,FaceForensics++__Deepfakes__615_687.mp4,data\raw\FaceForensics++_C23\Deepfakes\615_687.mp4,1,Deepfakes,c23
FaceForensics++,FaceForensics++__Deepfakes__616_614.mp4,data\raw\FaceForensics++_C23\Deepfakes\616_614.mp4,1,Deepfakes,c23
FaceForensics++,FaceForensics++__Deepfakes__617_566.mp4,data\raw\FaceForensics++_C23\Deepfakes\617_566.mp4,1,Deepfakes,c23
FaceForensics++,FaceForensics++__Deepfakes__618_629.mp4,data\raw\FaceForensics++_C23\Deepfakes\618_629.mp4,1,Deepfakes,c23
FaceForensics++,FaceForensics++__Deepfakes__619_620.mp4,data\raw\FaceForensics++_C23\Deepfakes\619_620.mp4,1,Deepfakes,c23
FaceForensics++,FaceForensics++__Deepfakes__621_546.mp4,data\raw\FaceForensics++_C23\Deepfakes\621_546.mp4,1,Deepfakes,c23
FaceForensics++,FaceForensics++__Deepfakes__622_647.mp4,data\raw\FaceForensics++_C23\Deepfakes\622_647.mp4,1,Deepfakes,c23
FaceForensics++,FaceForensics++__Deepfakes__623_630.mp4,data\raw\FaceForensics++_C23\Deepfakes\623_630.mp4,1,Deepfakes,c23
FaceForensics++,FaceForensics++__Deepfakes__625_650.mp4,data\raw\FaceForensics++_C23\Deepfakes\625_650.mp4,1,Deepfakes,c23
FaceForensics++,FaceForensics++__Deepfakes__626_562.mp4,data\raw\FaceForensics++_C23\Deepfakes\626_562.mp4,1,Deepfakes,c23
FaceForensics++,FaceForensics++__Deepfakes__627_658.mp4,data\raw\FaceForensics++_C23\Deepfakes\627_658.mp4,1,Deepfakes,c23
FaceForensics++,FaceForensics++__Deepfakes__630_623.mp4,data\raw\FaceForensics++_C23\Deepfakes\630_623.mp4,1,Deepfakes,c23
FaceForensics++,FaceForensics++__Deepfakes__632_548.mp4,data\raw\FaceForensics++_C23\Deepfakes\632_548.mp4,1,Deepfakes,c23
FaceForensics++,FaceForensics++__Deepfakes__635_642.mp4,data\raw\FaceForensics++_C23\Deepfakes\635_642.mp4,1,Deepfakes,c23
FaceForensics++,FaceForensics++__Deepfakes__636_578.mp4,data\raw\FaceForensics++_C23\Deepfakes\636_578.mp4,1,Deepfakes,c23
FaceForensics++,FaceForensics++__Deepfakes__637_427.mp4,data\raw\FaceForensics++_C23\Deepfakes\637_427.mp4,1,Deepfakes,c23
FaceForensics++,FaceForensics++__Deepfakes__638_640.mp4,data\raw\FaceForensics++_C23\Deepfakes\638_640.mp4,1,Deepfakes,c23
FaceForensics++,FaceForensics++__Deepfakes__639_841.mp4,data\raw\FaceForensics++_C23\Deepfakes\639_841.mp4,1,Deepfakes,c23
FaceForensics++,FaceForensics++__Deepfakes__640_638.mp4,data\raw\FaceForensics++_C23\Deepfakes\640_638.mp4,1,Deepfakes,c23
FaceForensics++,FaceForensics++__Deepfakes__641_662.mp4,data\raw\FaceForensics++_C23\Deepfakes\641_662.mp4,1,Deepfakes,c23
FaceForensics++,FaceForensics++__Deepfakes__642_635.mp4,data\raw\FaceForensics++_C23\Deepfakes\642_635.mp4,1,Deepfakes,c23
FaceForensics++,FaceForensics++__Deepfakes__643_646.mp4,data\raw\FaceForensics++_C23\Deepfakes\643_646.mp4,1,Deepfakes,c23
FaceForensics++,FaceForensics++__Deepfakes__644_657.mp4,data\raw\FaceForensics++_C23\Deepfakes\644_657.mp4,1,Deepfakes,c23
FaceForensics++,FaceForensics++__Deepfakes__645_688.mp4,data\raw\FaceForensics++_C23\Deepfakes\645_688.mp4,1,Deepfakes,c23
FaceForensics++,FaceForensics++__Deepfakes__646_643.mp4,data\raw\FaceForensics++_C23\Deepfakes\646_643.mp4,1,Deepfakes,c23
FaceForensics++,FaceForensics++__Deepfakes__648_654.mp4,data\raw\FaceForensics++_C23\Deepfakes\648_654.mp4,1,Deepfakes,c23
FaceForensics++,FaceForensics++__Deepfakes__649_816.mp4,data\raw\FaceForensics++_C23\Deepfakes\649_816.mp4,1,Deepfakes,c23
FaceForensics++,FaceForensics++__Deepfakes__650_625.mp4,data\raw\FaceForensics++_C23\Deepfakes\650_625.mp4,1,Deepfakes,c23
FaceForensics++,FaceForensics++__Deepfakes__651_835.mp4,data\raw\FaceForensics++_C23\Deepfakes\651_835.mp4,1,Deepfakes,c23
FaceForensics++,FaceForensics++__Deepfakes__652_773.mp4,data\raw\FaceForensics++_C23\Deepfakes\652_773.mp4,1,Deepfakes,c23
FaceForensics++,FaceForensics++__Deepfakes__653_601.mp4,data\raw\FaceForensics++_C23\Deepfakes\653_601.mp4,1,Deepfakes,c23
FaceForensics++,FaceForensics++__Deepfakes__654_648.mp4,data\raw\FaceForensics++_C23\Deepfakes\654_648.mp4,1,Deepfakes,c23
FaceForensics++,FaceForensics++__Deepfakes__655_444.mp4,data\raw\FaceForensics++_C23\Deepfakes\655_444.mp4,1,Deepfakes,c23
FaceForensics++,FaceForensics++__Deepfakes__656_666.mp4,data\raw\FaceForensics++_C23\Deepfakes\656_666.mp4,1,Deepfakes,c23
FaceForensics++,FaceForensics++__Deepfakes__657_644.mp4,data\raw\FaceForensics++_C23\Deepfakes\657_644.mp4,1,Deepfakes,c23
FaceForensics++,FaceForensics++__Deepfakes__658_627.mp4,data\raw\FaceForensics++_C23\Deepfakes\658_627.mp4,1,Deepfakes,c23
FaceForensics++,FaceForensics++__Deepfakes__659_749.mp4,data\raw\FaceForensics++_C23\Deepfakes\659_749.mp4,1,Deepfakes,c23
FaceForensics++,FaceForensics++__Deepfakes__660_634.mp4,data\raw\FaceForensics++_C23\Deepfakes\660_634.mp4,1,Deepfakes,c23
FaceForensics++,FaceForensics++__Deepfakes__661_670.mp4,data\raw\FaceForensics++_C23\Deepfakes\661_670.mp4,1,Deepfakes,c23
FaceForensics++,FaceForensics++__Deepfakes__662_641.mp4,data\raw\FaceForensics++_C23\Deepfakes\662_641.mp4,1,Deepfakes,c23
FaceForensics++,FaceForensics++__Deepfakes__663_231.mp4,data\raw\FaceForensics++_C23\Deepfakes\663_231.mp4,1,Deepfakes,c23
FaceForensics++,FaceForensics++__Deepfakes__664_668.mp4,data\raw\FaceForensics++_C23\Deepfakes\664_668.mp4,1,Deepfakes,c23
FaceForensics++,FaceForensics++__Deepfakes__665_679.mp4,data\raw\FaceForensics++_C23\Deepfakes\665_679.mp4,1,Deepfakes,c23
FaceForensics++,FaceForensics++__Deepfakes__666_656.mp4,data\raw\FaceForensics++_C23\Deepfakes\666_656.mp4,1,Deepfakes,c23
FaceForensics++,FaceForensics++__Deepfakes__668_664.mp4,data\raw\FaceForensics++_C23\Deepfakes\668_664.mp4,1,Deepfakes,c23
FaceForensics++,FaceForensics++__Deepfakes__669_682.mp4,data\raw\FaceForensics++_C23\Deepfakes\669_682.mp4,1,Deepfakes,c23
FaceForensics++,FaceForensics++__Deepfakes__670_661.mp4,data\raw\FaceForensics++_C23\Deepfakes\670_661.mp4,1,Deepfakes,c23
FaceForensics++,FaceForensics++__Deepfakes__671_677.mp4,data\raw\FaceForensics++_C23\Deepfakes\671_677.mp4,1,Deepfakes,c23
FaceForensics++,FaceForensics++__Deepfakes__672_720.mp4,data\raw\FaceForensics++_C23\Deepfakes\672_720.mp4,1,Deepfakes,c23
FaceForensics++,FaceForensics++__Deepfakes__674_744.mp4,data\raw\FaceForensics++_C23\Deepfakes\674_744.mp4,1,Deepfakes,c23
FaceForensics++,FaceForensics++__Deepfakes__675_608.mp4,data\raw\FaceForensics++_C23\Deepfakes\675_608.mp4,1,Deepfakes,c23
FaceForensics++,FaceForensics++__Deepfakes__676_776.mp4,data\raw\FaceForensics++_C23\Deepfakes\676_776.mp4,1,Deepfakes,c23
FaceForensics++,FaceForensics++__Deepfakes__677_671.mp4,data\raw\FaceForensics++_C23\Deepfakes\677_671.mp4,1,Deepfakes,c23
FaceForensics++,FaceForensics++__Deepfakes__678_460.mp4,data\raw\FaceForensics++_C23\Deepfakes\678_460.mp4,1,Deepfakes,c23
FaceForensics++,FaceForensics++__Deepfakes__679_665.mp4,data\raw\FaceForensics++_C23\Deepfakes\679_665.mp4,1,Deepfakes,c23
FaceForensics++,FaceForensics++__Deepfakes__680_486.mp4,data\raw\FaceForensics++_C23\Deepfakes\680_486.mp4,1,Deepfakes,c23
FaceForensics++,FaceForensics++__Deepfakes__681_711.mp4,data\raw\FaceForensics++_C23\Deepfakes\681_711.mp4,1,Deepfakes,c23
FaceForensics++,FaceForensics++__Deepfakes__682_669.mp4,data\raw\FaceForensics++_C23\Deepfakes\682_669.mp4,1,Deepfakes,c23
FaceForensics++,FaceForensics++__Deepfakes__683_607.mp4,data\raw\FaceForensics++_C23\Deepfakes\683_607.mp4,1,Deepfakes,c23
FaceForensics++,FaceForensics++__Deepfakes__684_717.mp4,data\raw\FaceForensics++_C23\Deepfakes\684_717.mp4,1,Deepfakes,c23
FaceForensics++,FaceForensics++__Deepfakes__685_613.mp4,data\raw\FaceForensics++_C23\Deepfakes\685_613.mp4,1,Deepfakes,c23
FaceForensics++,FaceForensics++__Deepfakes__686_696.mp4,data\raw\FaceForensics++_C23\Deepfakes\686_696.mp4,1,Deepfakes,c23
FaceForensics++,FaceForensics++__Deepfakes__687_615.mp4,data\raw\FaceForensics++_C23\Deepfakes\687_615.mp4,1,Deepfakes,c23
FaceForensics++,FaceForensics++__Deepfakes__688_645.mp4,data\raw\FaceForensics++_C23\Deepfakes\688_645.mp4,1,Deepfakes,c23
FaceForensics++,FaceForensics++__Deepfakes__689_690.mp4,data\raw\FaceForensics++_C23\Deepfakes\689_690.mp4,1,Deepfakes,c23
FaceForensics++,FaceForensics++__Deepfakes__690_689.mp4,data\raw\FaceForensics++_C23\Deepfakes\690_689.mp4,1,Deepfakes,c23
FaceForensics++,FaceForensics++__Deepfakes__691_732.mp4,data\raw\FaceForensics++_C23\Deepfakes\691_732.mp4,1,Deepfakes,c23
FaceForensics++,FaceForensics++__Deepfakes__692_610.mp4,data\raw\FaceForensics++_C23\Deepfakes\692_610.mp4,1,Deepfakes,c23
FaceForensics++,FaceForensics++__Deepfakes__693_698.mp4,data\raw\FaceForensics++_C23\Deepfakes\693_698.mp4,1,Deepfakes,c23
FaceForensics++,FaceForensics++__Deepfakes__695_422.mp4,data\raw\FaceForensics++_C23\Deepfakes\695_422.mp4,1,Deepfakes,c23
FaceForensics++,FaceForensics++__Deepfakes__696_686.mp4,data\raw\FaceForensics++_C23\Deepfakes\696_686.mp4,1,Deepfakes,c23
FaceForensics++,FaceForensics++__Deepfakes__697_581.mp4,data\raw\FaceForensics++_C23\Deepfakes\697_581.mp4,1,Deepfakes,c23
FaceForensics++,FaceForensics++__Deepfakes__698_693.mp4,data\raw\FaceForensics++_C23\Deepfakes\698_693.mp4,1,Deepfakes,c23
FaceForensics++,FaceForensics++__Deepfakes__699_734.mp4,data\raw\FaceForensics++_C23\Deepfakes\699_734.mp4,1,Deepfakes,c23
FaceForensics++,FaceForensics++__Deepfakes__700_813.mp4,data\raw\FaceForensics++_C23\Deepfakes\700_813.mp4,1,Deepfakes,c23
FaceForensics++,FaceForensics++__Deepfakes__701_579.mp4,data\raw\FaceForensics++_C23\Deepfakes\701_579.mp4,1,Deepfakes,c23
FaceForensics++,FaceForensics++__Deepfakes__703_604.mp4,data\raw\FaceForensics++_C23\Deepfakes\703_604.mp4,1,Deepfakes,c23
FaceForensics++,FaceForensics++__Deepfakes__704_723.mp4,data\raw\FaceForensics++_C23\Deepfakes\704_723.mp4,1,Deepfakes,c23
FaceForensics++,FaceForensics++__Deepfakes__705_707.mp4,data\raw\FaceForensics++_C23\Deepfakes\705_707.mp4,1,Deepfakes,c23
FaceForensics++,FaceForensics++__Deepfakes__706_479.mp4,data\raw\FaceForensics++_C23\Deepfakes\706_479.mp4,1,Deepfakes,c23
FaceForensics++,FaceForensics++__Deepfakes__707_705.mp4,data\raw\FaceForensics++_C23\Deepfakes\707_705.mp4,1,Deepfakes,c23
FaceForensics++,FaceForensics++__Deepfakes__708_772.mp4,data\raw\FaceForensics++_C23\Deepfakes\708_772.mp4,1,Deepfakes,c23
FaceForensics++,FaceForensics++__Deepfakes__709_390.mp4,data\raw\FaceForensics++_C23\Deepfakes\709_390.mp4,1,Deepfakes,c23
FaceForensics++,FaceForensics++__Deepfakes__710_788.mp4,data\raw\FaceForensics++_C23\Deepfakes\710_788.mp4,1,Deepfakes,c23
FaceForensics++,FaceForensics++__Deepfakes__711_681.mp4,data\raw\FaceForensics++_C23\Deepfakes\711_681.mp4,1,Deepfakes,c23
FaceForensics++,FaceForensics++__Deepfakes__712_716.mp4,data\raw\FaceForensics++_C23\Deepfakes\712_716.mp4,1,Deepfakes,c23
FaceForensics++,FaceForensics++__Deepfakes__713_726.mp4,data\raw\FaceForensics++_C23\Deepfakes\713_726.mp4,1,Deepfakes,c23
FaceForensics++,FaceForensics++__Deepfakes__714_842.mp4,data\raw\FaceForensics++_C23\Deepfakes\714_842.mp4,1,Deepfakes,c23
FaceForensics++,FaceForensics++__Deepfakes__715_721.mp4,data\raw\FaceForensics++_C23\Deepfakes\715_721.mp4,1,Deepfakes,c23
FaceForensics++,FaceForensics++__Deepfakes__717_684.mp4,data\raw\FaceForensics++_C23\Deepfakes\717_684.mp4,1,Deepfakes,c23
FaceForensics++,FaceForensics++__Deepfakes__718_972.mp4,data\raw\FaceForensics++_C23\Deepfakes\718_972.mp4,1,Deepfakes,c23
FaceForensics++,FaceForensics++__Deepfakes__719_737.mp4,data\raw\FaceForensics++_C23\Deepfakes\719_737.mp4,1,Deepfakes,c23
FaceForensics++,FaceForensics++__Deepfakes__722_458.mp4,data\raw\FaceForensics++_C23\Deepfakes\722_458.mp4,1,Deepfakes,c23
FaceForensics++,FaceForensics++__Deepfakes__723_704.mp4,data\raw\FaceForensics++_C23\Deepfakes\723_704.mp4,1,Deepfakes,c23
FaceForensics++,FaceForensics++__Deepfakes__724_725.mp4,data\raw\FaceForensics++_C23\Deepfakes\724_725.mp4,1,Deepfakes,c23
FaceForensics++,FaceForensics++__Deepfakes__726_713.mp4,data\raw\FaceForensics++_C23\Deepfakes\726_713.mp4,1,Deepfakes,c23
FaceForensics++,FaceForensics++__Deepfakes__727_729.mp4,data\raw\FaceForensics++_C23\Deepfakes\727_729.mp4,1,Deepfakes,c23
FaceForensics++,FaceForensics++__Deepfakes__729_727.mp4,data\raw\FaceForensics++_C23\Deepfakes\729_727.mp4,1,Deepfakes,c23
FaceForensics++,FaceForensics++__Deepfakes__730_815.mp4,data\raw\FaceForensics++_C23\Deepfakes\730_815.mp4,1,Deepfakes,c23
FaceForensics++,FaceForensics++__Deepfakes__731_741.mp4,data\raw\FaceForensics++_C23\Deepfakes\731_741.mp4,1,Deepfakes,c23
FaceForensics++,FaceForensics++__Deepfakes__732_691.mp4,data\raw\FaceForensics++_C23\Deepfakes\732_691.mp4,1,Deepfakes,c23
FaceForensics++,FaceForensics++__Deepfakes__734_699.mp4,data\raw\FaceForensics++_C23\Deepfakes\734_699.mp4,1,Deepfakes,c23
FaceForensics++,FaceForensics++__Deepfakes__736_785.mp4,data\raw\FaceForensics++_C23\Deepfakes\736_785.mp4,1,Deepfakes,c23
FaceForensics++,FaceForensics++__Deepfakes__738_804.mp4,data\raw\FaceForensics++_C23\Deepfakes\738_804.mp4,1,Deepfakes,c23
FaceForensics++,FaceForensics++__Deepfakes__739_865.mp4,data\raw\FaceForensics++_C23\Deepfakes\739_865.mp4,1,Deepfakes,c23
FaceForensics++,FaceForensics++__Deepfakes__740_796.mp4,data\raw\FaceForensics++_C23\Deepfakes\740_796.mp4,1,Deepfakes,c23
FaceForensics++,FaceForensics++__Deepfakes__742_775.mp4,data\raw\FaceForensics++_C23\Deepfakes\742_775.mp4,1,Deepfakes,c23
FaceForensics++,FaceForensics++__Deepfakes__743_750.mp4,data\raw\FaceForensics++_C23\Deepfakes\743_750.mp4,1,Deepfakes,c23
FaceForensics++,FaceForensics++__Deepfakes__744_674.mp4,data\raw\FaceForensics++_C23\Deepfakes\744_674.mp4,1,Deepfakes,c23
FaceForensics++,FaceForensics++__Deepfakes__745_777.mp4,data\raw\FaceForensics++_C23\Deepfakes\745_777.mp4,1,Deepfakes,c23
FaceForensics++,FaceForensics++__Deepfakes__747_854.mp4,data\raw\FaceForensics++_C23\Deepfakes\747_854.mp4,1,Deepfakes,c23
FaceForensics++,FaceForensics++__Deepfakes__748_355.mp4,data\raw\FaceForensics++_C23\Deepfakes\748_355.mp4,1,Deepfakes,c23
FaceForensics++,FaceForensics++__Deepfakes__749_659.mp4,data\raw\FaceForensics++_C23\Deepfakes\749_659.mp4,1,Deepfakes,c23
FaceForensics++,FaceForensics++__Deepfakes__753_789.mp4,data\raw\FaceForensics++_C23\Deepfakes\753_789.mp4,1,Deepfakes,c23
FaceForensics++,FaceForensics++__Deepfakes__754_758.mp4,data\raw\FaceForensics++_C23\Deepfakes\754_758.mp4,1,Deepfakes,c23
FaceForensics++,FaceForensics++__Deepfakes__756_503.mp4,data\raw\FaceForensics++_C23\Deepfakes\756_503.mp4,1,Deepfakes,c23
FaceForensics++,FaceForensics++__Deepfakes__757_573.mp4,data\raw\FaceForensics++_C23\Deepfakes\757_573.mp4,1,Deepfakes,c23
FaceForensics++,FaceForensics++__Deepfakes__758_754.mp4,data\raw\FaceForensics++_C23\Deepfakes\758_754.mp4,1,Deepfakes,c23
FaceForensics++,FaceForensics++__Deepfakes__759_755.mp4,data\raw\FaceForensics++_C23\Deepfakes\759_755.mp4,1,Deepfakes,c23
FaceForensics++,FaceForensics++__Deepfakes__760_611.mp4,data\raw\FaceForensics++_C23\Deepfakes\760_611.mp4,1,Deepfakes,c23
FaceForensics++,FaceForensics++__Deepfakes__761_766.mp4,data\raw\FaceForensics++_C23\Deepfakes\761_766.mp4,1,Deepfakes,c23
FaceForensics++,FaceForensics++__Deepfakes__762_832.mp4,data\raw\FaceForensics++_C23\Deepfakes\762_832.mp4,1,Deepfakes,c23
FaceForensics++,FaceForensics++__Deepfakes__764_850.mp4,data\raw\FaceForensics++_C23\Deepfakes\764_850.mp4,1,Deepfakes,c23
FaceForensics++,FaceForensics++__Deepfakes__765_867.mp4,data\raw\FaceForensics++_C23\Deepfakes\765_867.mp4,1,Deepfakes,c23
FaceForensics++,FaceForensics++__Deepfakes__766_761.mp4,data\raw\FaceForensics++_C23\Deepfakes\766_761.mp4,1,Deepfakes,c23
FaceForensics++,FaceForensics++__Deepfakes__767_694.mp4,data\raw\FaceForensics++_C23\Deepfakes\767_694.mp4,1,Deepfakes,c23
FaceForensics++,FaceForensics++__Deepfakes__768_793.mp4,data\raw\FaceForensics++_C23\Deepfakes\768_793.mp4,1,Deepfakes,c23
FaceForensics++,FaceForensics++__Deepfakes__769_784.mp4,data\raw\FaceForensics++_C23\Deepfakes\769_784.mp4,1,Deepfakes,c23
FaceForensics++,FaceForensics++__Deepfakes__770_791.mp4,data\raw\FaceForensics++_C23\Deepfakes\770_791.mp4,1,Deepfakes,c23
FaceForensics++,FaceForensics++__Deepfakes__771_849.mp4,data\raw\FaceForensics++_C23\Deepfakes\771_849.mp4,1,Deepfakes,c23
FaceForensics++,FaceForensics++__Deepfakes__773_652.mp4,data\raw\FaceForensics++_C23\Deepfakes\773_652.mp4,1,Deepfakes,c23
FaceForensics++,FaceForensics++__Deepfakes__774_735.mp4,data\raw\FaceForensics++_C23\Deepfakes\774_735.mp4,1,Deepfakes,c23
FaceForensics++,FaceForensics++__Deepfakes__775_742.mp4,data\raw\FaceForensics++_C23\Deepfakes\775_742.mp4,1,Deepfakes,c23
FaceForensics++,FaceForensics++__Deepfakes__776_676.mp4,data\raw\FaceForensics++_C23\Deepfakes\776_676.mp4,1,Deepfakes,c23
FaceForensics++,FaceForensics++__Deepfakes__777_745.mp4,data\raw\FaceForensics++_C23\Deepfakes\777_745.mp4,1,Deepfakes,c23
FaceForensics++,FaceForensics++__Deepfakes__778_798.mp4,data\raw\FaceForensics++_C23\Deepfakes\778_798.mp4,1,Deepfakes,c23
FaceForensics++,FaceForensics++__Deepfakes__779_794.mp4,data\raw\FaceForensics++_C23\Deepfakes\779_794.mp4,1,Deepfakes,c23
FaceForensics++,FaceForensics++__Deepfakes__780_869.mp4,data\raw\FaceForensics++_C23\Deepfakes\780_869.mp4,1,Deepfakes,c23
FaceForensics++,FaceForensics++__Deepfakes__781_806.mp4,data\raw\FaceForensics++_C23\Deepfakes\781_806.mp4,1,Deepfakes,c23
FaceForensics++,FaceForensics++__Deepfakes__782_787.mp4,data\raw\FaceForensics++_C23\Deepfakes\782_787.mp4,1,Deepfakes,c23
FaceForensics++,FaceForensics++__Deepfakes__784_769.mp4,data\raw\FaceForensics++_C23\Deepfakes\784_769.mp4,1,Deepfakes,c23
FaceForensics++,FaceForensics++__Deepfakes__786_819.mp4,data\raw\FaceForensics++_C23\Deepfakes\786_819.mp4,1,Deepfakes,c23
FaceForensics++,FaceForensics++__Deepfakes__787_782.mp4,data\raw\FaceForensics++_C23\Deepfakes\787_782.mp4,1,Deepfakes,c23
FaceForensics++,FaceForensics++__Deepfakes__788_710.mp4,data\raw\FaceForensics++_C23\Deepfakes\788_710.mp4,1,Deepfakes,c23
FaceForensics++,FaceForensics++__Deepfakes__789_753.mp4,data\raw\FaceForensics++_C23\Deepfakes\789_753.mp4,1,Deepfakes,c23
FaceForensics++,FaceForensics++__Deepfakes__790_014.mp4,data\raw\FaceForensics++_C23\Deepfakes\790_014.mp4,1,Deepfakes,c23
FaceForensics++,FaceForensics++__Deepfakes__793_768.mp4,data\raw\FaceForensics++_C23\Deepfakes\793_768.mp4,1,Deepfakes,c23
FaceForensics++,FaceForensics++__Deepfakes__795_907.mp4,data\raw\FaceForensics++_C23\Deepfakes\795_907.mp4,1,Deepfakes,c23
FaceForensics++,FaceForensics++__Deepfakes__798_778.mp4,data\raw\FaceForensics++_C23\Deepfakes\798_778.mp4,1,Deepfakes,c23
FaceForensics++,FaceForensics++__Deepfakes__800_840.mp4,data\raw\FaceForensics++_C23\Deepfakes\800_840.mp4,1,Deepfakes,c23
FaceForensics++,FaceForensics++__Deepfakes__801_855.mp4,data\raw\FaceForensics++_C23\Deepfakes\801_855.mp4,1,Deepfakes,c23
FaceForensics++,FaceForensics++__Deepfakes__802_885.mp4,data\raw\FaceForensics++_C23\Deepfakes\802_885.mp4,1,Deepfakes,c23
FaceForensics++,FaceForensics++__Deepfakes__803_017.mp4,data\raw\FaceForensics++_C23\Deepfakes\803_017.mp4,1,Deepfakes,c23
FaceForensics++,FaceForensics++__Deepfakes__807_273.mp4,data\raw\FaceForensics++_C23\Deepfakes\807_273.mp4,1,Deepfakes,c23
FaceForensics++,FaceForensics++__Deepfakes__808_829.mp4,data\raw\FaceForensics++_C23\Deepfakes\808_829.mp4,1,Deepfakes,c23
FaceForensics++,FaceForensics++__Deepfakes__809_799.mp4,data\raw\FaceForensics++_C23\Deepfakes\809_799.mp4,1,Deepfakes,c23
FaceForensics++,FaceForensics++__Deepfakes__810_838.mp4,data\raw\FaceForensics++_C23\Deepfakes\810_838.mp4,1,Deepfakes,c23
FaceForensics++,FaceForensics++__Deepfakes__811_920.mp4,data\raw\FaceForensics++_C23\Deepfakes\811_920.mp4,1,Deepfakes,c23
FaceForensics++,FaceForensics++__Deepfakes__812_821.mp4,data\raw\FaceForensics++_C23\Deepfakes\812_821.mp4,1,Deepfakes,c23
FaceForensics++,FaceForensics++__Deepfakes__813_700.mp4,data\raw\FaceForensics++_C23\Deepfakes\813_700.mp4,1,Deepfakes,c23
FaceForensics++,FaceForensics++__Deepfakes__814_871.mp4,data\raw\FaceForensics++_C23\Deepfakes\814_871.mp4,1,Deepfakes,c23
FaceForensics++,FaceForensics++__Deepfakes__816_649.mp4,data\raw\FaceForensics++_C23\Deepfakes\816_649.mp4,1,Deepfakes,c23
FaceForensics++,FaceForensics++__Deepfakes__817_827.mp4,data\raw\FaceForensics++_C23\Deepfakes\817_827.mp4,1,Deepfakes,c23
FaceForensics++,FaceForensics++__Deepfakes__818_820.mp4,data\raw\FaceForensics++_C23\Deepfakes\818_820.mp4,1,Deepfakes,c23
FaceForensics++,FaceForensics++__Deepfakes__819_786.mp4,data\raw\FaceForensics++_C23\Deepfakes\819_786.mp4,1,Deepfakes,c23
FaceForensics++,FaceForensics++__Deepfakes__820_818.mp4,data\raw\FaceForensics++_C23\Deepfakes\820_818.mp4,1,Deepfakes,c23
FaceForensics++,FaceForensics++__Deepfakes__821_812.mp4,data\raw\FaceForensics++_C23\Deepfakes\821_812.mp4,1,Deepfakes,c23
FaceForensics++,FaceForensics++__Deepfakes__823_584.mp4,data\raw\FaceForensics++_C23\Deepfakes\823_584.mp4,1,Deepfakes,c23
FaceForensics++,FaceForensics++__Deepfakes__824_419.mp4,data\raw\FaceForensics++_C23\Deepfakes\824_419.mp4,1,Deepfakes,c23
FaceForensics++,FaceForensics++__Deepfakes__825_074.mp4,data\raw\FaceForensics++_C23\Deepfakes\825_074.mp4,1,Deepfakes,c23
FaceForensics++,FaceForensics++__Deepfakes__827_817.mp4,data\raw\FaceForensics++_C23\Deepfakes\827_817.mp4,1,Deepfakes,c23
FaceForensics++,FaceForensics++__Deepfakes__829_808.mp4,data\raw\FaceForensics++_C23\Deepfakes\829_808.mp4,1,Deepfakes,c23
FaceForensics++,FaceForensics++__Deepfakes__830_828.mp4,data\raw\FaceForensics++_C23\Deepfakes\830_828.mp4,1,Deepfakes,c23
FaceForensics++,FaceForensics++__Deepfakes__831_508.mp4,data\raw\FaceForensics++_C23\Deepfakes\831_508.mp4,1,Deepfakes,c23
FaceForensics++,FaceForensics++__Deepfakes__832_762.mp4,data\raw\FaceForensics++_C23\Deepfakes\832_762.mp4,1,Deepfakes,c23
FaceForensics++,FaceForensics++__Deepfakes__833_826.mp4,data\raw\FaceForensics++_C23\Deepfakes\833_826.mp4,1,Deepfakes,c23
FaceForensics++,FaceForensics++__Deepfakes__834_852.mp4,data\raw\FaceForensics++_C23\Deepfakes\834_852.mp4,1,Deepfakes,c23
FaceForensics++,FaceForensics++__Deepfakes__835_651.mp4,data\raw\FaceForensics++_C23\Deepfakes\835_651.mp4,1,Deepfakes,c23
FaceForensics++,FaceForensics++__Deepfakes__837_890.mp4,data\raw\FaceForensics++_C23\Deepfakes\837_890.mp4,1,Deepfakes,c23
FaceForensics++,FaceForensics++__Deepfakes__838_810.mp4,data\raw\FaceForensics++_C23\Deepfakes\838_810.mp4,1,Deepfakes,c23
FaceForensics++,FaceForensics++__Deepfakes__839_864.mp4,data\raw\FaceForensics++_C23\Deepfakes\839_864.mp4,1,Deepfakes,c23
FaceForensics++,FaceForensics++__Deepfakes__842_714.mp4,data\raw\FaceForensics++_C23\Deepfakes\842_714.mp4,1,Deepfakes,c23
FaceForensics++,FaceForensics++__Deepfakes__843_859.mp4,data\raw\FaceForensics++_C23\Deepfakes\843_859.mp4,1,Deepfakes,c23
FaceForensics++,FaceForensics++__Deepfakes__844_797.mp4,data\raw\FaceForensics++_C23\Deepfakes\844_797.mp4,1,Deepfakes,c23
FaceForensics++,FaceForensics++__Deepfakes__845_846.mp4,data\raw\FaceForensics++_C23\Deepfakes\845_846.mp4,1,Deepfakes,c23
FaceForensics++,FaceForensics++__Deepfakes__846_845.mp4,data\raw\FaceForensics++_C23\Deepfakes\846_845.mp4,1,Deepfakes,c23
FaceForensics++,FaceForensics++__Deepfakes__847_906.mp4,data\raw\FaceForensics++_C23\Deepfakes\847_906.mp4,1,Deepfakes,c23
FaceForensics++,FaceForensics++__Deepfakes__849_771.mp4,data\raw\FaceForensics++_C23\Deepfakes\849_771.mp4,1,Deepfakes,c23
FaceForensics++,FaceForensics++__Deepfakes__850_764.mp4,data\raw\FaceForensics++_C23\Deepfakes\850_764.mp4,1,Deepfakes,c23
FaceForensics++,FaceForensics++__Deepfakes__851_552.mp4,data\raw\FaceForensics++_C23\Deepfakes\851_552.mp4,1,Deepfakes,c23
FaceForensics++,FaceForensics++__Deepfakes__852_834.mp4,data\raw\FaceForensics++_C23\Deepfakes\852_834.mp4,1,Deepfakes,c23
FaceForensics++,FaceForensics++__Deepfakes__853_863.mp4,data\raw\FaceForensics++_C23\Deepfakes\853_863.mp4,1,Deepfakes,c23
FaceForensics++,FaceForensics++__Deepfakes__854_747.mp4,data\raw\FaceForensics++_C23\Deepfakes\854_747.mp4,1,Deepfakes,c23
FaceForensics++,FaceForensics++__Deepfakes__855_801.mp4,data\raw\FaceForensics++_C23\Deepfakes\855_801.mp4,1,Deepfakes,c23
FaceForensics++,FaceForensics++__Deepfakes__856_881.mp4,data\raw\FaceForensics++_C23\Deepfakes\856_881.mp4,1,Deepfakes,c23
FaceForensics++,FaceForensics++__Deepfakes__857_909.mp4,data\raw\FaceForensics++_C23\Deepfakes\857_909.mp4,1,Deepfakes,c23
FaceForensics++,FaceForensics++__Deepfakes__858_861.mp4,data\raw\FaceForensics++_C23\Deepfakes\858_861.mp4,1,Deepfakes,c23
FaceForensics++,FaceForensics++__Deepfakes__859_843.mp4,data\raw\FaceForensics++_C23\Deepfakes\859_843.mp4,1,Deepfakes,c23
FaceForensics++,FaceForensics++__Deepfakes__860_905.mp4,data\raw\FaceForensics++_C23\Deepfakes\860_905.mp4,1,Deepfakes,c23
FaceForensics++,FaceForensics++__Deepfakes__861_858.mp4,data\raw\FaceForensics++_C23\Deepfakes\861_858.mp4,1,Deepfakes,c23
FaceForensics++,FaceForensics++__Deepfakes__862_047.mp4,data\raw\FaceForensics++_C23\Deepfakes\862_047.mp4,1,Deepfakes,c23
FaceForensics++,FaceForensics++__Deepfakes__865_739.mp4,data\raw\FaceForensics++_C23\Deepfakes\865_739.mp4,1,Deepfakes,c23
FaceForensics++,FaceForensics++__Deepfakes__867_765.mp4,data\raw\FaceForensics++_C23\Deepfakes\867_765.mp4,1,Deepfakes,c23
FaceForensics++,FaceForensics++__Deepfakes__868_949.mp4,data\raw\FaceForensics++_C23\Deepfakes\868_949.mp4,1,Deepfakes,c23
FaceForensics++,FaceForensics++__Deepfakes__869_780.mp4,data\raw\FaceForensics++_C23\Deepfakes\869_780.mp4,1,Deepfakes,c23
FaceForensics++,FaceForensics++__Deepfakes__870_001.mp4,data\raw\FaceForensics++_C23\Deepfakes\870_001.mp4,1,Deepfakes,c23
FaceForensics++,FaceForensics++__Deepfakes__871_814.mp4,data\raw\FaceForensics++_C23\Deepfakes\871_814.mp4,1,Deepfakes,c23
FaceForensics++,FaceForensics++__Deepfakes__872_873.mp4,data\raw\FaceForensics++_C23\Deepfakes\872_873.mp4,1,Deepfakes,c23
FaceForensics++,FaceForensics++__Deepfakes__873_872.mp4,data\raw\FaceForensics++_C23\Deepfakes\873_872.mp4,1,Deepfakes,c23
FaceForensics++,FaceForensics++__Deepfakes__874_291.mp4,data\raw\FaceForensics++_C23\Deepfakes\874_291.mp4,1,Deepfakes,c23
FaceForensics++,FaceForensics++__Deepfakes__877_886.mp4,data\raw\FaceForensics++_C23\Deepfakes\877_886.mp4,1,Deepfakes,c23
FaceForensics++,FaceForensics++__Deepfakes__878_866.mp4,data\raw\FaceForensics++_C23\Deepfakes\878_866.mp4,1,Deepfakes,c23
FaceForensics++,FaceForensics++__Deepfakes__879_963.mp4,data\raw\FaceForensics++_C23\Deepfakes\879_963.mp4,1,Deepfakes,c23
FaceForensics++,FaceForensics++__Deepfakes__880_135.mp4,data\raw\FaceForensics++_C23\Deepfakes\880_135.mp4,1,Deepfakes,c23
FaceForensics++,FaceForensics++__Deepfakes__881_856.mp4,data\raw\FaceForensics++_C23\Deepfakes\881_856.mp4,1,Deepfakes,c23
FaceForensics++,FaceForensics++__Deepfakes__882_952.mp4,data\raw\FaceForensics++_C23\Deepfakes\882_952.mp4,1,Deepfakes,c23
FaceForensics++,FaceForensics++__Deepfakes__883_013.mp4,data\raw\FaceForensics++_C23\Deepfakes\883_013.mp4,1,Deepfakes,c23
FaceForensics++,FaceForensics++__Deepfakes__884_968.mp4,data\raw\FaceForensics++_C23\Deepfakes\884_968.mp4,1,Deepfakes,c23
FaceForensics++,FaceForensics++__Deepfakes__886_877.mp4,data\raw\FaceForensics++_C23\Deepfakes\886_877.mp4,1,Deepfakes,c23
FaceForensics++,FaceForensics++__Deepfakes__887_275.mp4,data\raw\FaceForensics++_C23\Deepfakes\887_275.mp4,1,Deepfakes,c23
FaceForensics++,FaceForensics++__Deepfakes__889_045.mp4,data\raw\FaceForensics++_C23\Deepfakes\889_045.mp4,1,Deepfakes,c23
FaceForensics++,FaceForensics++__Deepfakes__890_837.mp4,data\raw\FaceForensics++_C23\Deepfakes\890_837.mp4,1,Deepfakes,c23
FaceForensics++,FaceForensics++__Deepfakes__891_876.mp4,data\raw\FaceForensics++_C23\Deepfakes\891_876.mp4,1,Deepfakes,c23
FaceForensics++,FaceForensics++__Deepfakes__892_112.mp4,data\raw\FaceForensics++_C23\Deepfakes\892_112.mp4,1,Deepfakes,c23
FaceForensics++,FaceForensics++__Deepfakes__893_913.mp4,data\raw\FaceForensics++_C23\Deepfakes\893_913.mp4,1,Deepfakes,c23
FaceForensics++,FaceForensics++__Deepfakes__895_915.mp4,data\raw\FaceForensics++_C23\Deepfakes\895_915.mp4,1,Deepfakes,c23
FaceForensics++,FaceForensics++__Deepfakes__897_969.mp4,data\raw\FaceForensics++_C23\Deepfakes\897_969.mp4,1,Deepfakes,c23
FaceForensics++,FaceForensics++__Deepfakes__898_922.mp4,data\raw\FaceForensics++_C23\Deepfakes\898_922.mp4,1,Deepfakes,c23
FaceForensics++,FaceForensics++__Deepfakes__899_914.mp4,data\raw\FaceForensics++_C23\Deepfakes\899_914.mp4,1,Deepfakes,c23
FaceForensics++,FaceForensics++__Deepfakes__900_926.mp4,data\raw\FaceForensics++_C23\Deepfakes\900_926.mp4,1,Deepfakes,c23
FaceForensics++,FaceForensics++__Deepfakes__901_902.mp4,data\raw\FaceForensics++_C23\Deepfakes\901_902.mp4,1,Deepfakes,c23
FaceForensics++,FaceForensics++__Deepfakes__903_792.mp4,data\raw\FaceForensics++_C23\Deepfakes\903_792.mp4,1,Deepfakes,c23
FaceForensics++,FaceForensics++__Deepfakes__904_046.mp4,data\raw\FaceForensics++_C23\Deepfakes\904_046.mp4,1,Deepfakes,c23
FaceForensics++,FaceForensics++__Deepfakes__906_847.mp4,data\raw\FaceForensics++_C23\Deepfakes\906_847.mp4,1,Deepfakes,c23
FaceForensics++,FaceForensics++__Deepfakes__908_207.mp4,data\raw\FaceForensics++_C23\Deepfakes\908_207.mp4,1,Deepfakes,c23
FaceForensics++,FaceForensics++__Deepfakes__909_857.mp4,data\raw\FaceForensics++_C23\Deepfakes\909_857.mp4,1,Deepfakes,c23
FaceForensics++,FaceForensics++__Deepfakes__910_911.mp4,data\raw\FaceForensics++_C23\Deepfakes\910_911.mp4,1,Deepfakes,c23
FaceForensics++,FaceForensics++__Deepfakes__911_910.mp4,data\raw\FaceForensics++_C23\Deepfakes\911_910.mp4,1,Deepfakes,c23
FaceForensics++,FaceForensics++__Deepfakes__914_899.mp4,data\raw\FaceForensics++_C23\Deepfakes\914_899.mp4,1,Deepfakes,c23
FaceForensics++,FaceForensics++__Deepfakes__915_895.mp4,data\raw\FaceForensics++_C23\Deepfakes\915_895.mp4,1,Deepfakes,c23
FaceForensics++,FaceForensics++__Deepfakes__916_783.mp4,data\raw\FaceForensics++_C23\Deepfakes\916_783.mp4,1,Deepfakes,c23
FaceForensics++,FaceForensics++__Deepfakes__917_924.mp4,data\raw\FaceForensics++_C23\Deepfakes\917_924.mp4,1,Deepfakes,c23
FaceForensics++,FaceForensics++__Deepfakes__918_934.mp4,data\raw\FaceForensics++_C23\Deepfakes\918_934.mp4,1,Deepfakes,c23
FaceForensics++,FaceForensics++__Deepfakes__919_015.mp4,data\raw\FaceForensics++_C23\Deepfakes\919_015.mp4,1,Deepfakes,c23
FaceForensics++,FaceForensics++__Deepfakes__921_569.mp4,data\raw\FaceForensics++_C23\Deepfakes\921_569.mp4,1,Deepfakes,c23
FaceForensics++,FaceForensics++__Deepfakes__922_898.mp4,data\raw\FaceForensics++_C23\Deepfakes\922_898.mp4,1,Deepfakes,c23
FaceForensics++,FaceForensics++__Deepfakes__925_933.mp4,data\raw\FaceForensics++_C23\Deepfakes\925_933.mp4,1,Deepfakes,c23
FaceForensics++,FaceForensics++__Deepfakes__927_912.mp4,data\raw\FaceForensics++_C23\Deepfakes\927_912.mp4,1,Deepfakes,c23
FaceForensics++,FaceForensics++__Deepfakes__928_160.mp4,data\raw\FaceForensics++_C23\Deepfakes\928_160.mp4,1,Deepfakes,c23
FaceForensics++,FaceForensics++__Deepfakes__929_962.mp4,data\raw\FaceForensics++_C23\Deepfakes\929_962.mp4,1,Deepfakes,c23
FaceForensics++,FaceForensics++__Deepfakes__930_763.mp4,data\raw\FaceForensics++_C23\Deepfakes\930_763.mp4,1,Deepfakes,c23
FaceForensics++,FaceForensics++__Deepfakes__931_936.mp4,data\raw\FaceForensics++_C23\Deepfakes\931_936.mp4,1,Deepfakes,c23
FaceForensics++,FaceForensics++__Deepfakes__932_384.mp4,data\raw\FaceForensics++_C23\Deepfakes\932_384.mp4,1,Deepfakes,c23
FaceForensics++,FaceForensics++__Deepfakes__933_925.mp4,data\raw\FaceForensics++_C23\Deepfakes\933_925.mp4,1,Deepfakes,c23
FaceForensics++,FaceForensics++__Deepfakes__934_918.mp4,data\raw\FaceForensics++_C23\Deepfakes\934_918.mp4,1,Deepfakes,c23
FaceForensics++,FaceForensics++__Deepfakes__935_733.mp4,data\raw\FaceForensics++_C23\Deepfakes\935_733.mp4,1,Deepfakes,c23
FaceForensics++,FaceForensics++__Deepfakes__937_888.mp4,data\raw\FaceForensics++_C23\Deepfakes\937_888.mp4,1,Deepfakes,c23
FaceForensics++,FaceForensics++__Deepfakes__938_987.mp4,data\raw\FaceForensics++_C23\Deepfakes\938_987.mp4,1,Deepfakes,c23
FaceForensics++,FaceForensics++__Deepfakes__940_941.mp4,data\raw\FaceForensics++_C23\Deepfakes\940_941.mp4,1,Deepfakes,c23
FaceForensics++,FaceForensics++__Deepfakes__941_940.mp4,data\raw\FaceForensics++_C23\Deepfakes\941_940.mp4,1,Deepfakes,c23
FaceForensics++,FaceForensics++__Deepfakes__942_943.mp4,data\raw\FaceForensics++_C23\Deepfakes\942_943.mp4,1,Deepfakes,c23
FaceForensics++,FaceForensics++__Deepfakes__944_032.mp4,data\raw\FaceForensics++_C23\Deepfakes\944_032.mp4,1,Deepfakes,c23
FaceForensics++,FaceForensics++__Deepfakes__945_044.mp4,data\raw\FaceForensics++_C23\Deepfakes\945_044.mp4,1,Deepfakes,c23
FaceForensics++,FaceForensics++__Deepfakes__946_049.mp4,data\raw\FaceForensics++_C23\Deepfakes\946_049.mp4,1,Deepfakes,c23
FaceForensics++,FaceForensics++__Deepfakes__947_951.mp4,data\raw\FaceForensics++_C23\Deepfakes\947_951.mp4,1,Deepfakes,c23
FaceForensics++,FaceForensics++__Deepfakes__948_965.mp4,data\raw\FaceForensics++_C23\Deepfakes\948_965.mp4,1,Deepfakes,c23
FaceForensics++,FaceForensics++__Deepfakes__950_836.mp4,data\raw\FaceForensics++_C23\Deepfakes\950_836.mp4,1,Deepfakes,c23
FaceForensics++,FaceForensics++__Deepfakes__951_947.mp4,data\raw\FaceForensics++_C23\Deepfakes\951_947.mp4,1,Deepfakes,c23
FaceForensics++,FaceForensics++__Deepfakes__952_882.mp4,data\raw\FaceForensics++_C23\Deepfakes\952_882.mp4,1,Deepfakes,c23
FaceForensics++,FaceForensics++__Deepfakes__953_974.mp4,data\raw\FaceForensics++_C23\Deepfakes\953_974.mp4,1,Deepfakes,c23
FaceForensics++,FaceForensics++__Deepfakes__957_959.mp4,data\raw\FaceForensics++_C23\Deepfakes\957_959.mp4,1,Deepfakes,c23
FaceForensics++,FaceForensics++__Deepfakes__958_956.mp4,data\raw\FaceForensics++_C23\Deepfakes\958_956.mp4,1,Deepfakes,c23
FaceForensics++,FaceForensics++__Deepfakes__962_929.mp4,data\raw\FaceForensics++_C23\Deepfakes\962_929.mp4,1,Deepfakes,c23
FaceForensics++,FaceForensics++__Deepfakes__963_879.mp4,data\raw\FaceForensics++_C23\Deepfakes\963_879.mp4,1,Deepfakes,c23
FaceForensics++,FaceForensics++__Deepfakes__965_948.mp4,data\raw\FaceForensics++_C23\Deepfakes\965_948.mp4,1,Deepfakes,c23
FaceForensics++,FaceForensics++__Deepfakes__966_988.mp4,data\raw\FaceForensics++_C23\Deepfakes\966_988.mp4,1,Deepfakes,c23
FaceForensics++,FaceForensics++__Deepfakes__967_984.mp4,data\raw\FaceForensics++_C23\Deepfakes\967_984.mp4,1,Deepfakes,c23
FaceForensics++,FaceForensics++__Deepfakes__969_897.mp4,data\raw\FaceForensics++_C23\Deepfakes\969_897.mp4,1,Deepfakes,c23
FaceForensics++,FaceForensics++__Deepfakes__970_973.mp4,data\raw\FaceForensics++_C23\Deepfakes\970_973.mp4,1,Deepfakes,c23
FaceForensics++,FaceForensics++__Deepfakes__971_564.mp4,data\raw\FaceForensics++_C23\Deepfakes\971_564.mp4,1,Deepfakes,c23
FaceForensics++,FaceForensics++__Deepfakes__974_953.mp4,data\raw\FaceForensics++_C23\Deepfakes\974_953.mp4,1,Deepfakes,c23
FaceForensics++,FaceForensics++__Deepfakes__975_978.mp4,data\raw\FaceForensics++_C23\Deepfakes\975_978.mp4,1,Deepfakes,c23
FaceForensics++,FaceForensics++__Deepfakes__976_954.mp4,data\raw\FaceForensics++_C23\Deepfakes\976_954.mp4,1,Deepfakes,c23
FaceForensics++,FaceForensics++__Deepfakes__978_975.mp4,data\raw\FaceForensics++_C23\Deepfakes\978_975.mp4,1,Deepfakes,c23
FaceForensics++,FaceForensics++__Deepfakes__979_875.mp4,data\raw\FaceForensics++_C23\Deepfakes\979_875.mp4,1,Deepfakes,c23
FaceForensics++,FaceForensics++__Deepfakes__980_992.mp4,data\raw\FaceForensics++_C23\Deepfakes\980_992.mp4,1,Deepfakes,c23
FaceForensics++,FaceForensics++__Deepfakes__981_985.mp4,data\raw\FaceForensics++_C23\Deepfakes\981_985.mp4,1,Deepfakes,c23
FaceForensics++,FaceForensics++__Deepfakes__982_004.mp4,data\raw\FaceForensics++_C23\Deepfakes\982_004.mp4,1,Deepfakes,c23
FaceForensics++,FaceForensics++__Deepfakes__983_113.mp4,data\raw\FaceForensics++_C23\Deepfakes\983_113.mp4,1,Deepfakes,c23
FaceForensics++,FaceForensics++__Deepfakes__984_967.mp4,data\raw\FaceForensics++_C23\Deepfakes\984_967.mp4,1,Deepfakes,c23
FaceForensics++,FaceForensics++__Deepfakes__985_981.mp4,data\raw\FaceForensics++_C23\Deepfakes\985_981.mp4,1,Deepfakes,c23
FaceForensics++,FaceForensics++__Deepfakes__986_994.mp4,data\raw\FaceForensics++_C23\Deepfakes\986_994.mp4,1,Deepfakes,c23
FaceForensics++,FaceForensics++__Deepfakes__987_938.mp4,data\raw\FaceForensics++_C23\Deepfakes\987_938.mp4,1,Deepfakes,c23
FaceForensics++,FaceForensics++__Deepfakes__988_966.mp4,data\raw\FaceForensics++_C23\Deepfakes\988_966.mp4,1,Deepfakes,c23
FaceForensics++,FaceForensics++__Deepfakes__991_064.mp4,data\raw\FaceForensics++_C23\Deepfakes\991_064.mp4,1,Deepfakes,c23
FaceForensics++,FaceForensics++__Deepfakes__992_980.mp4,data\raw\FaceForensics++_C23\Deepfakes\992_980.mp4,1,Deepfakes,c23
FaceForensics++,FaceForensics++__Deepfakes__994_986.mp4,data\raw\FaceForensics++_C23\Deepfakes\994_986.mp4,1,Deepfakes,c23
FaceForensics++,FaceForensics++__Deepfakes__995_233.mp4,data\raw\FaceForensics++_C23\Deepfakes\995_233.mp4,1,Deepfakes,c23
FaceForensics++,FaceForensics++__Deepfakes__999_960.mp4,data\raw\FaceForensics++_C23\Deepfakes\999_960.mp4,1,Deepfakes,c23
FaceForensics++,FaceForensics++__Face2Face__002_006.mp4,data\raw\FaceForensics++_C23\Face2Face\002_006.mp4,1,Face2Face,c23
FaceForensics++,FaceForensics++__Face2Face__003_000.mp4,data\raw\FaceForensics++_C23\Face2Face\003_000.mp4,1,Face2Face,c23
FaceForensics++,FaceForensics++__Face2Face__004_982.mp4,data\raw\FaceForensics++_C23\Face2Face\004_982.mp4,1,Face2Face,c23
FaceForensics++,FaceForensics++__Face2Face__007_132.mp4,data\raw\FaceForensics++_C23\Face2Face\007_132.mp4,1,Face2Face,c23
FaceForensics++,FaceForensics++__Face2Face__008_990.mp4,data\raw\FaceForensics++_C23\Face2Face\008_990.mp4,1,Face2Face,c23
FaceForensics++,FaceForensics++__Face2Face__009_027.mp4,data\raw\FaceForensics++_C23\Face2Face\009_027.mp4,1,Face2Face,c23
FaceForensics++,FaceForensics++__Face2Face__010_005.mp4,data\raw\FaceForensics++_C23\Face2Face\010_005.mp4,1,Face2Face,c23
FaceForensics++,FaceForensics++__Face2Face__012_026.mp4,data\raw\FaceForensics++_C23\Face2Face\012_026.mp4,1,Face2Face,c23
FaceForensics++,FaceForensics++__Face2Face__013_883.mp4,data\raw\FaceForensics++_C23\Face2Face\013_883.mp4,1,Face2Face,c23
FaceForensics++,FaceForensics++__Face2Face__014_790.mp4,data\raw\FaceForensics++_C23\Face2Face\014_790.mp4,1,Face2Face,c23
FaceForensics++,FaceForensics++__Face2Face__015_919.mp4,data\raw\FaceForensics++_C23\Face2Face\015_919.mp4,1,Face2Face,c23
FaceForensics++,FaceForensics++__Face2Face__017_803.mp4,data\raw\FaceForensics++_C23\Face2Face\017_803.mp4,1,Face2Face,c23
FaceForensics++,FaceForensics++__Face2Face__018_019.mp4,data\raw\FaceForensics++_C23\Face2Face\018_019.mp4,1,Face2Face,c23
FaceForensics++,FaceForensics++__Face2Face__019_018.mp4,data\raw\FaceForensics++_C23\Face2Face\019_018.mp4,1,Face2Face,c23
FaceForensics++,FaceForensics++__Face2Face__021_312.mp4,data\raw\FaceForensics++_C23\Face2Face\021_312.mp4,1,Face2Face,c23
FaceForensics++,FaceForensics++__Face2Face__022_489.mp4,data\raw\FaceForensics++_C23\Face2Face\022_489.mp4,1,Face2Face,c23
FaceForensics++,FaceForensics++__Face2Face__023_923.mp4,data\raw\FaceForensics++_C23\Face2Face\023_923.mp4,1,Face2Face,c23
FaceForensics++,FaceForensics++__Face2Face__024_073.mp4,data\raw\FaceForensics++_C23\Face2Face\024_073.mp4,1,Face2Face,c23
FaceForensics++,FaceForensics++__Face2Face__026_012.mp4,data\raw\FaceForensics++_C23\Face2Face\026_012.mp4,1,Face2Face,c23
FaceForensics++,FaceForensics++__Face2Face__027_009.mp4,data\raw\FaceForensics++_C23\Face2Face\027_009.mp4,1,Face2Face,c23
FaceForensics++,FaceForensics++__Face2Face__028_068.mp4,data\raw\FaceForensics++_C23\Face2Face\028_068.mp4,1,Face2Face,c23
FaceForensics++,FaceForensics++__Face2Face__029_048.mp4,data\raw\FaceForensics++_C23\Face2Face\029_048.mp4,1,Face2Face,c23
FaceForensics++,FaceForensics++__Face2Face__031_163.mp4,data\raw\FaceForensics++_C23\Face2Face\031_163.mp4,1,Face2Face,c23
FaceForensics++,FaceForensics++__Face2Face__034_590.mp4,data\raw\FaceForensics++_C23\Face2Face\034_590.mp4,1,Face2Face,c23
FaceForensics++,FaceForensics++__Face2Face__035_036.mp4,data\raw\FaceForensics++_C23\Face2Face\035_036.mp4,1,Face2Face,c23
FaceForensics++,FaceForensics++__Face2Face__037_072.mp4,data\raw\FaceForensics++_C23\Face2Face\037_072.mp4,1,Face2Face,c23
FaceForensics++,FaceForensics++__Face2Face__038_125.mp4,data\raw\FaceForensics++_C23\Face2Face\038_125.mp4,1,Face2Face,c23
FaceForensics++,FaceForensics++__Face2Face__039_058.mp4,data\raw\FaceForensics++_C23\Face2Face\039_058.mp4,1,Face2Face,c23
FaceForensics++,FaceForensics++__Face2Face__040_997.mp4,data\raw\FaceForensics++_C23\Face2Face\040_997.mp4,1,Face2Face,c23
FaceForensics++,FaceForensics++__Face2Face__042_084.mp4,data\raw\FaceForensics++_C23\Face2Face\042_084.mp4,1,Face2Face,c23
FaceForensics++,FaceForensics++__Face2Face__043_110.mp4,data\raw\FaceForensics++_C23\Face2Face\043_110.mp4,1,Face2Face,c23
FaceForensics++,FaceForensics++__Face2Face__045_889.mp4,data\raw\FaceForensics++_C23\Face2Face\045_889.mp4,1,Face2Face,c23
FaceForensics++,FaceForensics++__Face2Face__047_862.mp4,data\raw\FaceForensics++_C23\Face2Face\047_862.mp4,1,Face2Face,c23
FaceForensics++,FaceForensics++__Face2Face__049_946.mp4,data\raw\FaceForensics++_C23\Face2Face\049_946.mp4,1,Face2Face,c23
FaceForensics++,FaceForensics++__Face2Face__050_059.mp4,data\raw\FaceForensics++_C23\Face2Face\050_059.mp4,1,Face2Face,c23
FaceForensics++,FaceForensics++__Face2Face__052_108.mp4,data\raw\FaceForensics++_C23\Face2Face\052_108.mp4,1,Face2Face,c23
FaceForensics++,FaceForensics++__Face2Face__053_095.mp4,data\raw\FaceForensics++_C23\Face2Face\053_095.mp4,1,Face2Face,c23
FaceForensics++,FaceForensics++__Face2Face__054_071.mp4,data\raw\FaceForensics++_C23\Face2Face\054_071.mp4,1,Face2Face,c23
FaceForensics++,FaceForensics++__Face2Face__055_147.mp4,data\raw\FaceForensics++_C23\Face2Face\055_147.mp4,1,Face2Face,c23
FaceForensics++,FaceForensics++__Face2Face__056_996.mp4,data\raw\FaceForensics++_C23\Face2Face\056_996.mp4,1,Face2Face,c23
FaceForensics++,FaceForensics++__Face2Face__058_039.mp4,data\raw\FaceForensics++_C23\Face2Face\058_039.mp4,1,Face2Face,c23
FaceForensics++,FaceForensics++__Face2Face__060_088.mp4,data\raw\FaceForensics++_C23\Face2Face\060_088.mp4,1,Face2Face,c23
FaceForensics++,FaceForensics++__Face2Face__061_080.mp4,data\raw\FaceForensics++_C23\Face2Face\061_080.mp4,1,Face2Face,c23
FaceForensics++,FaceForensics++__Face2Face__062_066.mp4,data\raw\FaceForensics++_C23\Face2Face\062_066.mp4,1,Face2Face,c23
FaceForensics++,FaceForensics++__Face2Face__063_041.mp4,data\raw\FaceForensics++_C23\Face2Face\063_041.mp4,1,Face2Face,c23
FaceForensics++,FaceForensics++__Face2Face__064_991.mp4,data\raw\FaceForensics++_C23\Face2Face\064_991.mp4,1,Face2Face,c23
FaceForensics++,FaceForensics++__Face2Face__065_089.mp4,data\raw\FaceForensics++_C23\Face2Face\065_089.mp4,1,Face2Face,c23
FaceForensics++,FaceForensics++__Face2Face__069_961.mp4,data\raw\FaceForensics++_C23\Face2Face\069_961.mp4,1,Face2Face,c23
FaceForensics++,FaceForensics++__Face2Face__070_057.mp4,data\raw\FaceForensics++_C23\Face2Face\070_057.mp4,1,Face2Face,c23
FaceForensics++,FaceForensics++__Face2Face__071_054.mp4,data\raw\FaceForensics++_C23\Face2Face\071_054.mp4,1,Face2Face,c23
FaceForensics++,FaceForensics++__Face2Face__072_037.mp4,data\raw\FaceForensics++_C23\Face2Face\072_037.mp4,1,Face2Face,c23
FaceForensics++,FaceForensics++__Face2Face__073_024.mp4,data\raw\FaceForensics++_C23\Face2Face\073_024.mp4,1,Face2Face,c23
FaceForensics++,FaceForensics++__Face2Face__074_825.mp4,data\raw\FaceForensics++_C23\Face2Face\074_825.mp4,1,Face2Face,c23
FaceForensics++,FaceForensics++__Face2Face__075_977.mp4,data\raw\FaceForensics++_C23\Face2Face\075_977.mp4,1,Face2Face,c23
FaceForensics++,FaceForensics++__Face2Face__076_079.mp4,data\raw\FaceForensics++_C23\Face2Face\076_079.mp4,1,Face2Face,c23
FaceForensics++,FaceForensics++__Face2Face__077_100.mp4,data\raw\FaceForensics++_C23\Face2Face\077_100.mp4,1,Face2Face,c23
FaceForensics++,FaceForensics++__Face2Face__078_955.mp4,data\raw\FaceForensics++_C23\Face2Face\078_955.mp4,1,Face2Face,c23
FaceForensics++,FaceForensics++__Face2Face__079_076.mp4,data\raw\FaceForensics++_C23\Face2Face\079_076.mp4,1,Face2Face,c23
FaceForensics++,FaceForensics++__Face2Face__081_087.mp4,data\raw\FaceForensics++_C23\Face2Face\081_087.mp4,1,Face2Face,c23
FaceForensics++,FaceForensics++__Face2Face__082_103.mp4,data\raw\FaceForensics++_C23\Face2Face\082_103.mp4,1,Face2Face,c23
FaceForensics++,FaceForensics++__Face2Face__083_213.mp4,data\raw\FaceForensics++_C23\Face2Face\083_213.mp4,1,Face2Face,c23
FaceForensics++,FaceForensics++__Face2Face__084_042.mp4,data\raw\FaceForensics++_C23\Face2Face\084_042.mp4,1,Face2Face,c23
FaceForensics++,FaceForensics++__Face2Face__085_124.mp4,data\raw\FaceForensics++_C23\Face2Face\085_124.mp4,1,Face2Face,c23
FaceForensics++,FaceForensics++__Face2Face__087_081.mp4,data\raw\FaceForensics++_C23\Face2Face\087_081.mp4,1,Face2Face,c23
FaceForensics++,FaceForensics++__Face2Face__088_060.mp4,data\raw\FaceForensics++_C23\Face2Face\088_060.mp4,1,Face2Face,c23
FaceForensics++,FaceForensics++__Face2Face__089_065.mp4,data\raw\FaceForensics++_C23\Face2Face\089_065.mp4,1,Face2Face,c23
FaceForensics++,FaceForensics++__Face2Face__090_086.mp4,data\raw\FaceForensics++_C23\Face2Face\090_086.mp4,1,Face2Face,c23
FaceForensics++,FaceForensics++__Face2Face__092_098.mp4,data\raw\FaceForensics++_C23\Face2Face\092_098.mp4,1,Face2Face,c23
FaceForensics++,FaceForensics++__Face2Face__093_121.mp4,data\raw\FaceForensics++_C23\Face2Face\093_121.mp4,1,Face2Face,c23
FaceForensics++,FaceForensics++__Face2Face__094_111.mp4,data\raw\FaceForensics++_C23\Face2Face\094_111.mp4,1,Face2Face,c23
FaceForensics++,FaceForensics++__Face2Face__095_053.mp4,data\raw\FaceForensics++_C23\Face2Face\095_053.mp4,1,Face2Face,c23
FaceForensics++,FaceForensics++__Face2Face__096_101.mp4,data\raw\FaceForensics++_C23\Face2Face\096_101.mp4,1,Face2Face,c23
FaceForensics++,FaceForensics++__Face2Face__097_033.mp4,data\raw\FaceForensics++_C23\Face2Face\097_033.mp4,1,Face2Face,c23
FaceForensics++,FaceForensics++__Face2Face__098_092.mp4,data\raw\FaceForensics++_C23\Face2Face\098_092.mp4,1,Face2Face,c23
FaceForensics++,FaceForensics++__Face2Face__100_077.mp4,data\raw\FaceForensics++_C23\Face2Face\100_077.mp4,1,Face2Face,c23
FaceForensics++,FaceForensics++__Face2Face__101_096.mp4,data\raw\FaceForensics++_C23\Face2Face\101_096.mp4,1,Face2Face,c23
FaceForensics++,FaceForensics++__Face2Face__102_114.mp4,data\raw\FaceForensics++_C23\Face2Face\102_114.mp4,1,Face2Face,c23
FaceForensics++,FaceForensics++__Face2Face__103_082.mp4,data\raw\FaceForensics++_C23\Face2Face\103_082.mp4,1,Face2Face,c23
FaceForensics++,FaceForensics++__Face2Face__104_126.mp4,data\raw\FaceForensics++_C23\Face2Face\104_126.mp4,1,Face2Face,c23
FaceForensics++,FaceForensics++__Face2Face__105_180.mp4,data\raw\FaceForensics++_C23\Face2Face\105_180.mp4,1,Face2Face,c23
FaceForensics++,FaceForensics++__Face2Face__106_198.mp4,data\raw\FaceForensics++_C23\Face2Face\106_198.mp4,1,Face2Face,c23
FaceForensics++,FaceForensics++__Face2Face__107_109.mp4,data\raw\FaceForensics++_C23\Face2Face\107_109.mp4,1,Face2Face,c23
FaceForensics++,FaceForensics++__Face2Face__108_052.mp4,data\raw\FaceForensics++_C23\Face2Face\108_052.mp4,1,Face2Face,c23
FaceForensics++,FaceForensics++__Face2Face__109_107.mp4,data\raw\FaceForensics++_C23\Face2Face\109_107.mp4,1,Face2Face,c23
FaceForensics++,FaceForensics++__Face2Face__110_043.mp4,data\raw\FaceForensics++_C23\Face2Face\110_043.mp4,1,Face2Face,c23
FaceForensics++,FaceForensics++__Face2Face__111_094.mp4,data\raw\FaceForensics++_C23\Face2Face\111_094.mp4,1,Face2Face,c23
FaceForensics++,FaceForensics++__Face2Face__112_892.mp4,data\raw\FaceForensics++_C23\Face2Face\112_892.mp4,1,Face2Face,c23
FaceForensics++,FaceForensics++__Face2Face__113_983.mp4,data\raw\FaceForensics++_C23\Face2Face\113_983.mp4,1,Face2Face,c23
FaceForensics++,FaceForensics++__Face2Face__114_102.mp4,data\raw\FaceForensics++_C23\Face2Face\114_102.mp4,1,Face2Face,c23
FaceForensics++,FaceForensics++__Face2Face__115_939.mp4,data\raw\FaceForensics++_C23\Face2Face\115_939.mp4,1,Face2Face,c23
FaceForensics++,FaceForensics++__Face2Face__117_217.mp4,data\raw\FaceForensics++_C23\Face2Face\117_217.mp4,1,Face2Face,c23
FaceForensics++,FaceForensics++__Face2Face__118_120.mp4,data\raw\FaceForensics++_C23\Face2Face\118_120.mp4,1,Face2Face,c23
FaceForensics++,FaceForensics++__Face2Face__119_123.mp4,data\raw\FaceForensics++_C23\Face2Face\119_123.mp4,1,Face2Face,c23
FaceForensics++,FaceForensics++__Face2Face__120_118.mp4,data\raw\FaceForensics++_C23\Face2Face\120_118.mp4,1,Face2Face,c23
FaceForensics++,FaceForensics++__Face2Face__121_093.mp4,data\raw\FaceForensics++_C23\Face2Face\121_093.mp4,1,Face2Face,c23
FaceForensics++,FaceForensics++__Face2Face__122_144.mp4,data\raw\FaceForensics++_C23\Face2Face\122_144.mp4,1,Face2Face,c23
FaceForensics++,FaceForensics++__Face2Face__124_085.mp4,data\raw\FaceForensics++_C23\Face2Face\124_085.mp4,1,Face2Face,c23
FaceForensics++,FaceForensics++__Face2Face__125_038.mp4,data\raw\FaceForensics++_C23\Face2Face\125_038.mp4,1,Face2Face,c23
FaceForensics++,FaceForensics++__Face2Face__126_104.mp4,data\raw\FaceForensics++_C23\Face2Face\126_104.mp4,1,Face2Face,c23
FaceForensics++,FaceForensics++__Face2Face__127_129.mp4,data\raw\FaceForensics++_C23\Face2Face\127_129.mp4,1,Face2Face,c23
FaceForensics++,FaceForensics++__Face2Face__128_896.mp4,data\raw\FaceForensics++_C23\Face2Face\128_896.mp4,1,Face2Face,c23
FaceForensics++,FaceForensics++__Face2Face__129_127.mp4,data\raw\FaceForensics++_C23\Face2Face\129_127.mp4,1,Face2Face,c23
FaceForensics++,FaceForensics++__Face2Face__130_139.mp4,data\raw\FaceForensics++_C23\Face2Face\130_139.mp4,1,Face2Face,c23
FaceForensics++,FaceForensics++__Face2Face__132_007.mp4,data\raw\FaceForensics++_C23\Face2Face\132_007.mp4,1,Face2Face,c23
FaceForensics++,FaceForensics++__Face2Face__133_148.mp4,data\raw\FaceForensics++_C23\Face2Face\133_148.mp4,1,Face2Face,c23
FaceForensics++,FaceForensics++__Face2Face__134_192.mp4,data\raw\FaceForensics++_C23\Face2Face\134_192.mp4,1,Face2Face,c23
FaceForensics++,FaceForensics++__Face2Face__135_880.mp4,data\raw\FaceForensics++_C23\Face2Face\135_880.mp4,1,Face2Face,c23
FaceForensics++,FaceForensics++__Face2Face__137_165.mp4,data\raw\FaceForensics++_C23\Face2Face\137_165.mp4,1,Face2Face,c23
FaceForensics++,FaceForensics++__Face2Face__138_142.mp4,data\raw\FaceForensics++_C23\Face2Face\138_142.mp4,1,Face2Face,c23
FaceForensics++,FaceForensics++__Face2Face__140_143.mp4,data\raw\FaceForensics++_C23\Face2Face\140_143.mp4,1,Face2Face,c23
FaceForensics++,FaceForensics++__Face2Face__141_161.mp4,data\raw\FaceForensics++_C23\Face2Face\141_161.mp4,1,Face2Face,c23
FaceForensics++,FaceForensics++__Face2Face__142_138.mp4,data\raw\FaceForensics++_C23\Face2Face\142_138.mp4,1,Face2Face,c23
FaceForensics++,FaceForensics++__Face2Face__143_140.mp4,data\raw\FaceForensics++_C23\Face2Face\143_140.mp4,1,Face2Face,c23
FaceForensics++,FaceForensics++__Face2Face__144_122.mp4,data\raw\FaceForensics++_C23\Face2Face\144_122.mp4,1,Face2Face,c23
FaceForensics++,FaceForensics++__Face2Face__146_256.mp4,data\raw\FaceForensics++_C23\Face2Face\146_256.mp4,1,Face2Face,c23
FaceForensics++,FaceForensics++__Face2Face__147_055.mp4,data\raw\FaceForensics++_C23\Face2Face\147_055.mp4,1,Face2Face,c23
FaceForensics++,FaceForensics++__Face2Face__148_133.mp4,data\raw\FaceForensics++_C23\Face2Face\148_133.mp4,1,Face2Face,c23
FaceForensics++,FaceForensics++__Face2Face__149_152.mp4,data\raw\FaceForensics++_C23\Face2Face\149_152.mp4,1,Face2Face,c23
FaceForensics++,FaceForensics++__Face2Face__150_153.mp4,data\raw\FaceForensics++_C23\Face2Face\150_153.mp4,1,Face2Face,c23
FaceForensics++,FaceForensics++__Face2Face__151_225.mp4,data\raw\FaceForensics++_C23\Face2Face\151_225.mp4,1,Face2Face,c23
FaceForensics++,FaceForensics++__Face2Face__153_150.mp4,data\raw\FaceForensics++_C23\Face2Face\153_150.mp4,1,Face2Face,c23
FaceForensics++,FaceForensics++__Face2Face__154_386.mp4,data\raw\FaceForensics++_C23\Face2Face\154_386.mp4,1,Face2Face,c23
FaceForensics++,FaceForensics++__Face2Face__155_576.mp4,data\raw\FaceForensics++_C23\Face2Face\155_576.mp4,1,Face2Face,c23
FaceForensics++,FaceForensics++__Face2Face__156_243.mp4,data\raw\FaceForensics++_C23\Face2Face\156_243.mp4,1,Face2Face,c23
FaceForensics++,FaceForensics++__Face2Face__158_379.mp4,data\raw\FaceForensics++_C23\Face2Face\158_379.mp4,1,Face2Face,c23
FaceForensics++,FaceForensics++__Face2Face__159_175.mp4,data\raw\FaceForensics++_C23\Face2Face\159_175.mp4,1,Face2Face,c23
FaceForensics++,FaceForensics++__Face2Face__160_928.mp4,data\raw\FaceForensics++_C23\Face2Face\160_928.mp4,1,Face2Face,c23
FaceForensics++,FaceForensics++__Face2Face__161_141.mp4,data\raw\FaceForensics++_C23\Face2Face\161_141.mp4,1,Face2Face,c23
FaceForensics++,FaceForensics++__Face2Face__163_031.mp4,data\raw\FaceForensics++_C23\Face2Face\163_031.mp4,1,Face2Face,c23
FaceForensics++,FaceForensics++__Face2Face__164_216.mp4,data\raw\FaceForensics++_C23\Face2Face\164_216.mp4,1,Face2Face,c23
FaceForensics++,FaceForensics++__Face2Face__165_137.mp4,data\raw\FaceForensics++_C23\Face2Face\165_137.mp4,1,Face2Face,c23
FaceForensics++,FaceForensics++__Face2Face__168_222.mp4,data\raw\FaceForensics++_C23\Face2Face\168_222.mp4,1,Face2Face,c23
FaceForensics++,FaceForensics++__Face2Face__170_186.mp4,data\raw\FaceForensics++_C23\Face2Face\170_186.mp4,1,Face2Face,c23
FaceForensics++,FaceForensics++__Face2Face__173_171.mp4,data\raw\FaceForensics++_C23\Face2Face\173_171.mp4,1,Face2Face,c23
FaceForensics++,FaceForensics++__Face2Face__177_211.mp4,data\raw\FaceForensics++_C23\Face2Face\177_211.mp4,1,Face2Face,c23
FaceForensics++,FaceForensics++__Face2Face__178_598.mp4,data\raw\FaceForensics++_C23\Face2Face\178_598.mp4,1,Face2Face,c23
FaceForensics++,FaceForensics++__Face2Face__179_212.mp4,data\raw\FaceForensics++_C23\Face2Face\179_212.mp4,1,Face2Face,c23
FaceForensics++,FaceForensics++__Face2Face__180_105.mp4,data\raw\FaceForensics++_C23\Face2Face\180_105.mp4,1,Face2Face,c23
FaceForensics++,FaceForensics++__Face2Face__181_199.mp4,data\raw\FaceForensics++_C23\Face2Face\181_199.mp4,1,Face2Face,c23
FaceForensics++,FaceForensics++__Face2Face__182_242.mp4,data\raw\FaceForensics++_C23\Face2Face\182_242.mp4,1,Face2Face,c23
FaceForensics++,FaceForensics++__Face2Face__183_253.mp4,data\raw\FaceForensics++_C23\Face2Face\183_253.mp4,1,Face2Face,c23
FaceForensics++,FaceForensics++__Face2Face__184_205.mp4,data\raw\FaceForensics++_C23\Face2Face\184_205.mp4,1,Face2Face,c23
FaceForensics++,FaceForensics++__Face2Face__186_170.mp4,data\raw\FaceForensics++_C23\Face2Face\186_170.mp4,1,Face2Face,c23
FaceForensics++,FaceForensics++__Face2Face__189_200.mp4,data\raw\FaceForensics++_C23\Face2Face\189_200.mp4,1,Face2Face,c23
FaceForensics++,FaceForensics++__Face2Face__190_176.mp4,data\raw\FaceForensics++_C23\Face2Face\190_176.mp4,1,Face2Face,c23
FaceForensics++,FaceForensics++__Face2Face__191_188.mp4,data\raw\FaceForensics++_C23\Face2Face\191_188.mp4,1,Face2Face,c23
FaceForensics++,FaceForensics++__Face2Face__192_134.mp4,data\raw\FaceForensics++_C23\Face2Face\192_134.mp4,1,Face2Face,c23
FaceForensics++,FaceForensics++__Face2Face__194_235.mp4,data\raw\FaceForensics++_C23\Face2Face\194_235.mp4,1,Face2Face,c23
FaceForensics++,FaceForensics++__Face2Face__195_442.mp4,data\raw\FaceForensics++_C23\Face2Face\195_442.mp4,1,Face2Face,c23
FaceForensics++,FaceForensics++__Face2Face__196_310.mp4,data\raw\FaceForensics++_C23\Face2Face\196_310.mp4,1,Face2Face,c23
FaceForensics++,FaceForensics++__Face2Face__197_224.mp4,data\raw\FaceForensics++_C23\Face2Face\197_224.mp4,1,Face2Face,c23
FaceForensics++,FaceForensics++__Face2Face__199_181.mp4,data\raw\FaceForensics++_C23\Face2Face\199_181.mp4,1,Face2Face,c23
FaceForensics++,FaceForensics++__Face2Face__200_189.mp4,data\raw\FaceForensics++_C23\Face2Face\200_189.mp4,1,Face2Face,c23
FaceForensics++,FaceForensics++__Face2Face__201_203.mp4,data\raw\FaceForensics++_C23\Face2Face\201_203.mp4,1,Face2Face,c23
FaceForensics++,FaceForensics++__Face2Face__202_348.mp4,data\raw\FaceForensics++_C23\Face2Face\202_348.mp4,1,Face2Face,c23
FaceForensics++,FaceForensics++__Face2Face__203_201.mp4,data\raw\FaceForensics++_C23\Face2Face\203_201.mp4,1,Face2Face,c23
FaceForensics++,FaceForensics++__Face2Face__204_230.mp4,data\raw\FaceForensics++_C23\Face2Face\204_230.mp4,1,Face2Face,c23
FaceForensics++,FaceForensics++__Face2Face__205_184.mp4,data\raw\FaceForensics++_C23\Face2Face\205_184.mp4,1,Face2Face,c23
FaceForensics++,FaceForensics++__Face2Face__206_221.mp4,data\raw\FaceForensics++_C23\Face2Face\206_221.mp4,1,Face2Face,c23
FaceForensics++,FaceForensics++__Face2Face__208_215.mp4,data\raw\FaceForensics++_C23\Face2Face\208_215.mp4,1,Face2Face,c23
FaceForensics++,FaceForensics++__Face2Face__209_016.mp4,data\raw\FaceForensics++_C23\Face2Face\209_016.mp4,1,Face2Face,c23
FaceForensics++,FaceForensics++__Face2Face__210_241.mp4,data\raw\FaceForensics++_C23\Face2Face\210_241.mp4,1,Face2Face,c23
FaceForensics++,FaceForensics++__Face2Face__213_083.mp4,data\raw\FaceForensics++_C23\Face2Face\213_083.mp4,1,Face2Face,c23
FaceForensics++,FaceForensics++__Face2Face__214_255.mp4,data\raw\FaceForensics++_C23\Face2Face\214_255.mp4,1,Face2Face,c23
FaceForensics++,FaceForensics++__Face2Face__215_208.mp4,data\raw\FaceForensics++_C23\Face2Face\215_208.mp4,1,Face2Face,c23
FaceForensics++,FaceForensics++__Face2Face__216_164.mp4,data\raw\FaceForensics++_C23\Face2Face\216_164.mp4,1,Face2Face,c23
FaceForensics++,FaceForensics++__Face2Face__217_117.mp4,data\raw\FaceForensics++_C23\Face2Face\217_117.mp4,1,Face2Face,c23
FaceForensics++,FaceForensics++__Face2Face__218_239.mp4,data\raw\FaceForensics++_C23\Face2Face\218_239.mp4,1,Face2Face,c23
FaceForensics++,FaceForensics++__Face2Face__220_219.mp4,data\raw\FaceForensics++_C23\Face2Face\220_219.mp4,1,Face2Face,c23
FaceForensics++,FaceForensics++__Face2Face__221_206.mp4,data\raw\FaceForensics++_C23\Face2Face\221_206.mp4,1,Face2Face,c23
FaceForensics++,FaceForensics++__Face2Face__222_168.mp4,data\raw\FaceForensics++_C23\Face2Face\222_168.mp4,1,Face2Face,c23
FaceForensics++,FaceForensics++__Face2Face__223_586.mp4,data\raw\FaceForensics++_C23\Face2Face\223_586.mp4,1,Face2Face,c23
FaceForensics++,FaceForensics++__Face2Face__224_197.mp4,data\raw\FaceForensics++_C23\Face2Face\224_197.mp4,1,Face2Face,c23
FaceForensics++,FaceForensics++__Face2Face__226_491.mp4,data\raw\FaceForensics++_C23\Face2Face\226_491.mp4,1,Face2Face,c23
FaceForensics++,FaceForensics++__Face2Face__227_169.mp4,data\raw\FaceForensics++_C23\Face2Face\227_169.mp4,1,Face2Face,c23
FaceForensics++,FaceForensics++__Face2Face__228_289.mp4,data\raw\FaceForensics++_C23\Face2Face\228_289.mp4,1,Face2Face,c23
FaceForensics++,FaceForensics++__Face2Face__229_247.mp4,data\raw\FaceForensics++_C23\Face2Face\229_247.mp4,1,Face2Face,c23
FaceForensics++,FaceForensics++__Face2Face__232_248.mp4,data\raw\FaceForensics++_C23\Face2Face\232_248.mp4,1,Face2Face,c23
FaceForensics++,FaceForensics++__Face2Face__233_995.mp4,data\raw\FaceForensics++_C23\Face2Face\233_995.mp4,1,Face2Face,c23
FaceForensics++,FaceForensics++__Face2Face__234_187.mp4,data\raw\FaceForensics++_C23\Face2Face\234_187.mp4,1,Face2Face,c23
FaceForensics++,FaceForensics++__Face2Face__236_237.mp4,data\raw\FaceForensics++_C23\Face2Face\236_237.mp4,1,Face2Face,c23
FaceForensics++,FaceForensics++__Face2Face__237_236.mp4,data\raw\FaceForensics++_C23\Face2Face\237_236.mp4,1,Face2Face,c23
FaceForensics++,FaceForensics++__Face2Face__238_282.mp4,data\raw\FaceForensics++_C23\Face2Face\238_282.mp4,1,Face2Face,c23
FaceForensics++,FaceForensics++__Face2Face__240_290.mp4,data\raw\FaceForensics++_C23\Face2Face\240_290.mp4,1,Face2Face,c23
FaceForensics++,FaceForensics++__Face2Face__241_210.mp4,data\raw\FaceForensics++_C23\Face2Face\241_210.mp4,1,Face2Face,c23
FaceForensics++,FaceForensics++__Face2Face__242_182.mp4,data\raw\FaceForensics++_C23\Face2Face\242_182.mp4,1,Face2Face,c23
FaceForensics++,FaceForensics++__Face2Face__243_156.mp4,data\raw\FaceForensics++_C23\Face2Face\243_156.mp4,1,Face2Face,c23
FaceForensics++,FaceForensics++__Face2Face__244_822.mp4,data\raw\FaceForensics++_C23\Face2Face\244_822.mp4,1,Face2Face,c23
FaceForensics++,FaceForensics++__Face2Face__245_157.mp4,data\raw\FaceForensics++_C23\Face2Face\245_157.mp4,1,Face2Face,c23
FaceForensics++,FaceForensics++__Face2Face__246_258.mp4,data\raw\FaceForensics++_C23\Face2Face\246_258.mp4,1,Face2Face,c23
FaceForensics++,FaceForensics++__Face2Face__250_461.mp4,data\raw\FaceForensics++_C23\Face2Face\250_461.mp4,1,Face2Face,c23
FaceForensics++,FaceForensics++__Face2Face__251_375.mp4,data\raw\FaceForensics++_C23\Face2Face\251_375.mp4,1,Face2Face,c23
FaceForensics++,FaceForensics++__Face2Face__252_266.mp4,data\raw\FaceForensics++_C23\Face2Face\252_266.mp4,1,Face2Face,c23
FaceForensics++,FaceForensics++__Face2Face__254_261.mp4,data\raw\FaceForensics++_C23\Face2Face\254_261.mp4,1,Face2Face,c23
FaceForensics++,FaceForensics++__Face2Face__255_214.mp4,data\raw\FaceForensics++_C23\Face2Face\255_214.mp4,1,Face2Face,c23
FaceForensics++,FaceForensics++__Face2Face__256_146.mp4,data\raw\FaceForensics++_C23\Face2Face\256_146.mp4,1,Face2Face,c23
FaceForensics++,FaceForensics++__Face2Face__257_420.mp4,data\raw\FaceForensics++_C23\Face2Face\257_420.mp4,1,Face2Face,c23
FaceForensics++,FaceForensics++__Face2Face__258_246.mp4,data\raw\FaceForensics++_C23\Face2Face\258_246.mp4,1,Face2Face,c23
FaceForensics++,FaceForensics++__Face2Face__259_345.mp4,data\raw\FaceForensics++_C23\Face2Face\259_345.mp4,1,Face2Face,c23
FaceForensics++,FaceForensics++__Face2Face__260_331.mp4,data\raw\FaceForensics++_C23\Face2Face\260_331.mp4,1,Face2Face,c23
FaceForensics++,FaceForensics++__Face2Face__261_254.mp4,data\raw\FaceForensics++_C23\Face2Face\261_254.mp4,1,Face2Face,c23
FaceForensics++,FaceForensics++__Face2Face__262_301.mp4,data\raw\FaceForensics++_C23\Face2Face\262_301.mp4,1,Face2Face,c23
FaceForensics++,FaceForensics++__Face2Face__264_271.mp4,data\raw\FaceForensics++_C23\Face2Face\264_271.mp4,1,Face2Face,c23
FaceForensics++,FaceForensics++__Face2Face__267_286.mp4,data\raw\FaceForensics++_C23\Face2Face\267_286.mp4,1,Face2Face,c23
FaceForensics++,FaceForensics++__Face2Face__268_269.mp4,data\raw\FaceForensics++_C23\Face2Face\268_269.mp4,1,Face2Face,c23
FaceForensics++,FaceForensics++__Face2Face__269_268.mp4,data\raw\FaceForensics++_C23\Face2Face\269_268.mp4,1,Face2Face,c23
FaceForensics++,FaceForensics++__Face2Face__270_297.mp4,data\raw\FaceForensics++_C23\Face2Face\270_297.mp4,1,Face2Face,c23
FaceForensics++,FaceForensics++__Face2Face__272_396.mp4,data\raw\FaceForensics++_C23\Face2Face\272_396.mp4,1,Face2Face,c23
FaceForensics++,FaceForensics++__Face2Face__273_807.mp4,data\raw\FaceForensics++_C23\Face2Face\273_807.mp4,1,Face2Face,c23
FaceForensics++,FaceForensics++__Face2Face__274_412.mp4,data\raw\FaceForensics++_C23\Face2Face\274_412.mp4,1,Face2Face,c23
FaceForensics++,FaceForensics++__Face2Face__275_887.mp4,data\raw\FaceForensics++_C23\Face2Face\275_887.mp4,1,Face2Face,c23
FaceForensics++,FaceForensics++__Face2Face__280_249.mp4,data\raw\FaceForensics++_C23\Face2Face\280_249.mp4,1,Face2Face,c23
FaceForensics++,FaceForensics++__Face2Face__283_313.mp4,data\raw\FaceForensics++_C23\Face2Face\283_313.mp4,1,Face2Face,c23
FaceForensics++,FaceForensics++__Face2Face__285_136.mp4,data\raw\FaceForensics++_C23\Face2Face\285_136.mp4,1,Face2Face,c23
FaceForensics++,FaceForensics++__Face2Face__287_426.mp4,data\raw\FaceForensics++_C23\Face2Face\287_426.mp4,1,Face2Face,c23
FaceForensics++,FaceForensics++__Face2Face__288_321.mp4,data\raw\FaceForensics++_C23\Face2Face\288_321.mp4,1,Face2Face,c23
FaceForensics++,FaceForensics++__Face2Face__289_228.mp4,data\raw\FaceForensics++_C23\Face2Face\289_228.mp4,1,Face2Face,c23
FaceForensics++,FaceForensics++__Face2Face__291_874.mp4,data\raw\FaceForensics++_C23\Face2Face\291_874.mp4,1,Face2Face,c23
FaceForensics++,FaceForensics++__Face2Face__292_294.mp4,data\raw\FaceForensics++_C23\Face2Face\292_294.mp4,1,Face2Face,c23
FaceForensics++,FaceForensics++__Face2Face__293_296.mp4,data\raw\FaceForensics++_C23\Face2Face\293_296.mp4,1,Face2Face,c23
FaceForensics++,FaceForensics++__Face2Face__294_292.mp4,data\raw\FaceForensics++_C23\Face2Face\294_292.mp4,1,Face2Face,c23
FaceForensics++,FaceForensics++__Face2Face__295_099.mp4,data\raw\FaceForensics++_C23\Face2Face\295_099.mp4,1,Face2Face,c23
FaceForensics++,FaceForensics++__Face2Face__296_293.mp4,data\raw\FaceForensics++_C23\Face2Face\296_293.mp4,1,Face2Face,c23
FaceForensics++,FaceForensics++__Face2Face__297_270.mp4,data\raw\FaceForensics++_C23\Face2Face\297_270.mp4,1,Face2Face,c23
FaceForensics++,FaceForensics++__Face2Face__298_279.mp4,data\raw\FaceForensics++_C23\Face2Face\298_279.mp4,1,Face2Face,c23
FaceForensics++,FaceForensics++__Face2Face__299_145.mp4,data\raw\FaceForensics++_C23\Face2Face\299_145.mp4,1,Face2Face,c23
FaceForensics++,FaceForensics++__Face2Face__300_304.mp4,data\raw\FaceForensics++_C23\Face2Face\300_304.mp4,1,Face2Face,c23
FaceForensics++,FaceForensics++__Face2Face__301_262.mp4,data\raw\FaceForensics++_C23\Face2Face\301_262.mp4,1,Face2Face,c23
FaceForensics++,FaceForensics++__Face2Face__302_323.mp4,data\raw\FaceForensics++_C23\Face2Face\302_323.mp4,1,Face2Face,c23
FaceForensics++,FaceForensics++__Face2Face__303_309.mp4,data\raw\FaceForensics++_C23\Face2Face\303_309.mp4,1,Face2Face,c23
FaceForensics++,FaceForensics++__Face2Face__304_300.mp4,data\raw\FaceForensics++_C23\Face2Face\304_300.mp4,1,Face2Face,c23
FaceForensics++,FaceForensics++__Face2Face__305_513.mp4,data\raw\FaceForensics++_C23\Face2Face\305_513.mp4,1,Face2Face,c23
FaceForensics++,FaceForensics++__Face2Face__306_278.mp4,data\raw\FaceForensics++_C23\Face2Face\306_278.mp4,1,Face2Face,c23
FaceForensics++,FaceForensics++__Face2Face__307_365.mp4,data\raw\FaceForensics++_C23\Face2Face\307_365.mp4,1,Face2Face,c23
FaceForensics++,FaceForensics++__Face2Face__309_303.mp4,data\raw\FaceForensics++_C23\Face2Face\309_303.mp4,1,Face2Face,c23
FaceForensics++,FaceForensics++__Face2Face__310_196.mp4,data\raw\FaceForensics++_C23\Face2Face\310_196.mp4,1,Face2Face,c23
FaceForensics++,FaceForensics++__Face2Face__311_387.mp4,data\raw\FaceForensics++_C23\Face2Face\311_387.mp4,1,Face2Face,c23
FaceForensics++,FaceForensics++__Face2Face__312_021.mp4,data\raw\FaceForensics++_C23\Face2Face\312_021.mp4,1,Face2Face,c23
FaceForensics++,FaceForensics++__Face2Face__313_283.mp4,data\raw\FaceForensics++_C23\Face2Face\313_283.mp4,1,Face2Face,c23
FaceForensics++,FaceForensics++__Face2Face__314_347.mp4,data\raw\FaceForensics++_C23\Face2Face\314_347.mp4,1,Face2Face,c23
FaceForensics++,FaceForensics++__Face2Face__315_322.mp4,data\raw\FaceForensics++_C23\Face2Face\315_322.mp4,1,Face2Face,c23
FaceForensics++,FaceForensics++__Face2Face__319_352.mp4,data\raw\FaceForensics++_C23\Face2Face\319_352.mp4,1,Face2Face,c23
FaceForensics++,FaceForensics++__Face2Face__320_328.mp4,data\raw\FaceForensics++_C23\Face2Face\320_328.mp4,1,Face2Face,c23
FaceForensics++,FaceForensics++__Face2Face__321_288.mp4,data\raw\FaceForensics++_C23\Face2Face\321_288.mp4,1,Face2Face,c23
FaceForensics++,FaceForensics++__Face2Face__322_315.mp4,data\raw\FaceForensics++_C23\Face2Face\322_315.mp4,1,Face2Face,c23
FaceForensics++,FaceForensics++__Face2Face__323_302.mp4,data\raw\FaceForensics++_C23\Face2Face\323_302.mp4,1,Face2Face,c23
FaceForensics++,FaceForensics++__Face2Face__325_492.mp4,data\raw\FaceForensics++_C23\Face2Face\325_492.mp4,1,Face2Face,c23
FaceForensics++,FaceForensics++__Face2Face__326_501.mp4,data\raw\FaceForensics++_C23\Face2Face\326_501.mp4,1,Face2Face,c23
FaceForensics++,FaceForensics++__Face2Face__327_329.mp4,data\raw\FaceForensics++_C23\Face2Face\327_329.mp4,1,Face2Face,c23
FaceForensics++,FaceForensics++__Face2Face__328_320.mp4,data\raw\FaceForensics++_C23\Face2Face\328_320.mp4,1,Face2Face,c23
FaceForensics++,FaceForensics++__Face2Face__330_162.mp4,data\raw\FaceForensics++_C23\Face2Face\330_162.mp4,1,Face2Face,c23
FaceForensics++,FaceForensics++__Face2Face__331_260.mp4,data\raw\FaceForensics++_C23\Face2Face\331_260.mp4,1,Face2Face,c23
FaceForensics++,FaceForensics++__Face2Face__332_051.mp4,data\raw\FaceForensics++_C23\Face2Face\332_051.mp4,1,Face2Face,c23
FaceForensics++,FaceForensics++__Face2Face__333_377.mp4,data\raw\FaceForensics++_C23\Face2Face\333_377.mp4,1,Face2Face,c23
FaceForensics++,FaceForensics++__Face2Face__335_277.mp4,data\raw\FaceForensics++_C23\Face2Face\335_277.mp4,1,Face2Face,c23
FaceForensics++,FaceForensics++__Face2Face__337_522.mp4,data\raw\FaceForensics++_C23\Face2Face\337_522.mp4,1,Face2Face,c23
FaceForensics++,FaceForensics++__Face2Face__338_336.mp4,data\raw\FaceForensics++_C23\Face2Face\338_336.mp4,1,Face2Face,c23
FaceForensics++,FaceForensics++__Face2Face__339_392.mp4,data\raw\FaceForensics++_C23\Face2Face\339_392.mp4,1,Face2Face,c23
FaceForensics++,FaceForensics++__Face2Face__341_340.mp4,data\raw\FaceForensics++_C23\Face2Face\341_340.mp4,1,Face2Face,c23
FaceForensics++,FaceForensics++__Face2Face__342_416.mp4,data\raw\FaceForensics++_C23\Face2Face\342_416.mp4,1,Face2Face,c23
FaceForensics++,FaceForensics++__Face2Face__343_363.mp4,data\raw\FaceForensics++_C23\Face2Face\343_363.mp4,1,Face2Face,c23
FaceForensics++,FaceForensics++__Face2Face__345_259.mp4,data\raw\FaceForensics++_C23\Face2Face\345_259.mp4,1,Face2Face,c23
FaceForensics++,FaceForensics++__Face2Face__346_351.mp4,data\raw\FaceForensics++_C23\Face2Face\346_351.mp4,1,Face2Face,c23
FaceForensics++,FaceForensics++__Face2Face__347_314.mp4,data\raw\FaceForensics++_C23\Face2Face\347_314.mp4,1,Face2Face,c23
FaceForensics++,FaceForensics++__Face2Face__348_202.mp4,data\raw\FaceForensics++_C23\Face2Face\348_202.mp4,1,Face2Face,c23
FaceForensics++,FaceForensics++__Face2Face__349_350.mp4,data\raw\FaceForensics++_C23\Face2Face\349_350.mp4,1,Face2Face,c23
FaceForensics++,FaceForensics++__Face2Face__351_346.mp4,data\raw\FaceForensics++_C23\Face2Face\351_346.mp4,1,Face2Face,c23
FaceForensics++,FaceForensics++__Face2Face__352_319.mp4,data\raw\FaceForensics++_C23\Face2Face\352_319.mp4,1,Face2Face,c23
FaceForensics++,FaceForensics++__Face2Face__353_383.mp4,data\raw\FaceForensics++_C23\Face2Face\353_383.mp4,1,Face2Face,c23
FaceForensics++,FaceForensics++__Face2Face__355_748.mp4,data\raw\FaceForensics++_C23\Face2Face\355_748.mp4,1,Face2Face,c23
FaceForensics++,FaceForensics++__Face2Face__357_432.mp4,data\raw\FaceForensics++_C23\Face2Face\357_432.mp4,1,Face2Face,c23
FaceForensics++,FaceForensics++__Face2Face__358_380.mp4,data\raw\FaceForensics++_C23\Face2Face\358_380.mp4,1,Face2Face,c23
FaceForensics++,FaceForensics++__Face2Face__362_354.mp4,data\raw\FaceForensics++_C23\Face2Face\362_354.mp4,1,Face2Face,c23
FaceForensics++,FaceForensics++__Face2Face__363_343.mp4,data\raw\FaceForensics++_C23\Face2Face\363_343.mp4,1,Face2Face,c23
FaceForensics++,FaceForensics++__Face2Face__365_307.mp4,data\raw\FaceForensics++_C23\Face2Face\365_307.mp4,1,Face2Face,c23
FaceForensics++,FaceForensics++__Face2Face__366_473.mp4,data\raw\FaceForensics++_C23\Face2Face\366_473.mp4,1,Face2Face,c23
FaceForensics++,FaceForensics++__Face2Face__367_371.mp4,data\raw\FaceForensics++_C23\Face2Face\367_371.mp4,1,Face2Face,c23
FaceForensics++,FaceForensics++__Face2Face__368_378.mp4,data\raw\FaceForensics++_C23\Face2Face\368_378.mp4,1,Face2Face,c23
FaceForensics++,FaceForensics++__Face2Face__369_316.mp4,data\raw\FaceForensics++_C23\Face2Face\369_316.mp4,1,Face2Face,c23
FaceForensics++,FaceForensics++__Face2Face__371_367.mp4,data\raw\FaceForensics++_C23\Face2Face\371_367.mp4,1,Face2Face,c23
FaceForensics++,FaceForensics++__Face2Face__372_413.mp4,data\raw\FaceForensics++_C23\Face2Face\372_413.mp4,1,Face2Face,c23
FaceForensics++,FaceForensics++__Face2Face__373_394.mp4,data\raw\FaceForensics++_C23\Face2Face\373_394.mp4,1,Face2Face,c23
FaceForensics++,FaceForensics++__Face2Face__374_407.mp4,data\raw\FaceForensics++_C23\Face2Face\374_407.mp4,1,Face2Face,c23
FaceForensics++,FaceForensics++__Face2Face__375_251.mp4,data\raw\FaceForensics++_C23\Face2Face\375_251.mp4,1,Face2Face,c23
FaceForensics++,FaceForensics++__Face2Face__376_381.mp4,data\raw\FaceForensics++_C23\Face2Face\376_381.mp4,1,Face2Face,c23
FaceForensics++,FaceForensics++__Face2Face__377_333.mp4,data\raw\FaceForensics++_C23\Face2Face\377_333.mp4,1,Face2Face,c23
FaceForensics++,FaceForensics++__Face2Face__378_368.mp4,data\raw\FaceForensics++_C23\Face2Face\378_368.mp4,1,Face2Face,c23
FaceForensics++,FaceForensics++__Face2Face__379_158.mp4,data\raw\FaceForensics++_C23\Face2Face\379_158.mp4,1,Face2Face,c23
FaceForensics++,FaceForensics++__Face2Face__380_358.mp4,data\raw\FaceForensics++_C23\Face2Face\380_358.mp4,1,Face2Face,c23
FaceForensics++,FaceForensics++__Face2Face__381_376.mp4,data\raw\FaceForensics++_C23\Face2Face\381_376.mp4,1,Face2Face,c23
FaceForensics++,FaceForensics++__Face2Face__382_409.mp4,data\raw\FaceForensics++_C23\Face2Face\382_409.mp4,1,Face2Face,c23
FaceForensics++,FaceForensics++__Face2Face__383_353.mp4,data\raw\FaceForensics++_C23\Face2Face\383_353.mp4,1,Face2Face,c23
FaceForensics++,FaceForensics++__Face2Face__384_932.mp4,data\raw\FaceForensics++_C23\Face2Face\384_932.mp4,1,Face2Face,c23
FaceForensics++,FaceForensics++__Face2Face__386_154.mp4,data\raw\FaceForensics++_C23\Face2Face\386_154.mp4,1,Face2Face,c23
FaceForensics++,FaceForensics++__Face2Face__387_311.mp4,data\raw\FaceForensics++_C23\Face2Face\387_311.mp4,1,Face2Face,c23
FaceForensics++,FaceForensics++__Face2Face__388_308.mp4,data\raw\FaceForensics++_C23\Face2Face\388_308.mp4,1,Face2Face,c23
FaceForensics++,FaceForensics++__Face2Face__389_480.mp4,data\raw\FaceForensics++_C23\Face2Face\389_480.mp4,1,Face2Face,c23
FaceForensics++,FaceForensics++__Face2Face__391_406.mp4,data\raw\FaceForensics++_C23\Face2Face\391_406.mp4,1,Face2Face,c23
FaceForensics++,FaceForensics++__Face2Face__392_339.mp4,data\raw\FaceForensics++_C23\Face2Face\392_339.mp4,1,Face2Face,c23
FaceForensics++,FaceForensics++__Face2Face__394_373.mp4,data\raw\FaceForensics++_C23\Face2Face\394_373.mp4,1,Face2Face,c23
FaceForensics++,FaceForensics++__Face2Face__395_401.mp4,data\raw\FaceForensics++_C23\Face2Face\395_401.mp4,1,Face2Face,c23
FaceForensics++,FaceForensics++__Face2Face__396_272.mp4,data\raw\FaceForensics++_C23\Face2Face\396_272.mp4,1,Face2Face,c23
FaceForensics++,FaceForensics++__Face2Face__397_602.mp4,data\raw\FaceForensics++_C23\Face2Face\397_602.mp4,1,Face2Face,c23
FaceForensics++,FaceForensics++__Face2Face__398_457.mp4,data\raw\FaceForensics++_C23\Face2Face\398_457.mp4,1,Face2Face,c23
FaceForensics++,FaceForensics++__Face2Face__399_488.mp4,data\raw\FaceForensics++_C23\Face2Face\399_488.mp4,1,Face2Face,c23
FaceForensics++,FaceForensics++__Face2Face__400_476.mp4,data\raw\FaceForensics++_C23\Face2Face\400_476.mp4,1,Face2Face,c23
FaceForensics++,FaceForensics++__Face2Face__402_453.mp4,data\raw\FaceForensics++_C23\Face2Face\402_453.mp4,1,Face2Face,c23
FaceForensics++,FaceForensics++__Face2Face__405_393.mp4,data\raw\FaceForensics++_C23\Face2Face\405_393.mp4,1,Face2Face,c23
FaceForensics++,FaceForensics++__Face2Face__406_391.mp4,data\raw\FaceForensics++_C23\Face2Face\406_391.mp4,1,Face2Face,c23
FaceForensics++,FaceForensics++__Face2Face__407_374.mp4,data\raw\FaceForensics++_C23\Face2Face\407_374.mp4,1,Face2Face,c23
FaceForensics++,FaceForensics++__Face2Face__408_424.mp4,data\raw\FaceForensics++_C23\Face2Face\408_424.mp4,1,Face2Face,c23
FaceForensics++,FaceForensics++__Face2Face__409_382.mp4,data\raw\FaceForensics++_C23\Face2Face\409_382.mp4,1,Face2Face,c23
FaceForensics++,FaceForensics++__Face2Face__411_410.mp4,data\raw\FaceForensics++_C23\Face2Face\411_410.mp4,1,Face2Face,c23
FaceForensics++,FaceForensics++__Face2Face__412_274.mp4,data\raw\FaceForensics++_C23\Face2Face\412_274.mp4,1,Face2Face,c23
FaceForensics++,FaceForensics++__Face2Face__413_372.mp4,data\raw\FaceForensics++_C23\Face2Face\413_372.mp4,1,Face2Face,c23
FaceForensics++,FaceForensics++__Face2Face__414_385.mp4,data\raw\FaceForensics++_C23\Face2Face\414_385.mp4,1,Face2Face,c23
FaceForensics++,FaceForensics++__Face2Face__415_484.mp4,data\raw\FaceForensics++_C23\Face2Face\415_484.mp4,1,Face2Face,c23
FaceForensics++,FaceForensics++__Face2Face__416_342.mp4,data\raw\FaceForensics++_C23\Face2Face\416_342.mp4,1,Face2Face,c23
FaceForensics++,FaceForensics++__Face2Face__417_496.mp4,data\raw\FaceForensics++_C23\Face2Face\417_496.mp4,1,Face2Face,c23
FaceForensics++,FaceForensics++__Face2Face__419_824.mp4,data\raw\FaceForensics++_C23\Face2Face\419_824.mp4,1,Face2Face,c23
FaceForensics++,FaceForensics++__Face2Face__420_257.mp4,data\raw\FaceForensics++_C23\Face2Face\420_257.mp4,1,Face2Face,c23
FaceForensics++,FaceForensics++__Face2Face__421_423.mp4,data\raw\FaceForensics++_C23\Face2Face\421_423.mp4,1,Face2Face,c23
FaceForensics++,FaceForensics++__Face2Face__424_408.mp4,data\raw\FaceForensics++_C23\Face2Face\424_408.mp4,1,Face2Face,c23
FaceForensics++,FaceForensics++__Face2Face__425_485.mp4,data\raw\FaceForensics++_C23\Face2Face\425_485.mp4,1,Face2Face,c23
FaceForensics++,FaceForensics++__Face2Face__427_637.mp4,data\raw\FaceForensics++_C23\Face2Face\427_637.mp4,1,Face2Face,c23
FaceForensics++,FaceForensics++__Face2Face__428_466.mp4,data\raw\FaceForensics++_C23\Face2Face\428_466.mp4,1,Face2Face,c23
FaceForensics++,FaceForensics++__Face2Face__429_404.mp4,data\raw\FaceForensics++_C23\Face2Face\429_404.mp4,1,Face2Face,c23
FaceForensics++,FaceForensics++__Face2Face__431_447.mp4,data\raw\FaceForensics++_C23\Face2Face\431_447.mp4,1,Face2Face,c23
FaceForensics++,FaceForensics++__Face2Face__432_357.mp4,data\raw\FaceForensics++_C23\Face2Face\432_357.mp4,1,Face2Face,c23
FaceForensics++,FaceForensics++__Face2Face__433_498.mp4,data\raw\FaceForensics++_C23\Face2Face\433_498.mp4,1,Face2Face,c23
FaceForensics++,FaceForensics++__Face2Face__434_438.mp4,data\raw\FaceForensics++_C23\Face2Face\434_438.mp4,1,Face2Face,c23
FaceForensics++,FaceForensics++__Face2Face__436_526.mp4,data\raw\FaceForensics++_C23\Face2Face\436_526.mp4,1,Face2Face,c23
FaceForensics++,FaceForensics++__Face2Face__437_360.mp4,data\raw\FaceForensics++_C23\Face2Face\437_360.mp4,1,Face2Face,c23
FaceForensics++,FaceForensics++__Face2Face__438_434.mp4,data\raw\FaceForensics++_C23\Face2Face\438_434.mp4,1,Face2Face,c23
FaceForensics++,FaceForensics++__Face2Face__439_441.mp4,data\raw\FaceForensics++_C23\Face2Face\439_441.mp4,1,Face2Face,c23
FaceForensics++,FaceForensics++__Face2Face__440_364.mp4,data\raw\FaceForensics++_C23\Face2Face\440_364.mp4,1,Face2Face,c23
FaceForensics++,FaceForensics++__Face2Face__441_439.mp4,data\raw\FaceForensics++_C23\Face2Face\441_439.mp4,1,Face2Face,c23
FaceForensics++,FaceForensics++__Face2Face__442_195.mp4,data\raw\FaceForensics++_C23\Face2Face\442_195.mp4,1,Face2Face,c23
FaceForensics++,FaceForensics++__Face2Face__443_514.mp4,data\raw\FaceForensics++_C23\Face2Face\443_514.mp4,1,Face2Face,c23
FaceForensics++,FaceForensics++__Face2Face__447_431.mp4,data\raw\FaceForensics++_C23\Face2Face\447_431.mp4,1,Face2Face,c23
FaceForensics++,FaceForensics++__Face2Face__448_361.mp4,data\raw\FaceForensics++_C23\Face2Face\448_361.mp4,1,Face2Face,c23
FaceForensics++,FaceForensics++__Face2Face__449_451.mp4,data\raw\FaceForensics++_C23\Face2Face\449_451.mp4,1,Face2Face,c23
FaceForensics++,FaceForensics++__Face2Face__451_449.mp4,data\raw\FaceForensics++_C23\Face2Face\451_449.mp4,1,Face2Face,c23
FaceForensics++,FaceForensics++__Face2Face__454_527.mp4,data\raw\FaceForensics++_C23\Face2Face\454_527.mp4,1,Face2Face,c23
FaceForensics++,FaceForensics++__Face2Face__455_471.mp4,data\raw\FaceForensics++_C23\Face2Face\455_471.mp4,1,Face2Face,c23
FaceForensics++,FaceForensics++__Face2Face__456_435.mp4,data\raw\FaceForensics++_C23\Face2Face\456_435.mp4,1,Face2Face,c23
FaceForensics++,FaceForensics++__Face2Face__458_722.mp4,data\raw\FaceForensics++_C23\Face2Face\458_722.mp4,1,Face2Face,c23
FaceForensics++,FaceForensics++__Face2Face__459_430.mp4,data\raw\FaceForensics++_C23\Face2Face\459_430.mp4,1,Face2Face,c23
FaceForensics++,FaceForensics++__Face2Face__461_250.mp4,data\raw\FaceForensics++_C23\Face2Face\461_250.mp4,1,Face2Face,c23
FaceForensics++,FaceForensics++__Face2Face__462_467.mp4,data\raw\FaceForensics++_C23\Face2Face\462_467.mp4,1,Face2Face,c23
FaceForensics++,FaceForensics++__Face2Face__463_464.mp4,data\raw\FaceForensics++_C23\Face2Face\463_464.mp4,1,Face2Face,c23
FaceForensics++,FaceForensics++__Face2Face__464_463.mp4,data\raw\FaceForensics++_C23\Face2Face\464_463.mp4,1,Face2Face,c23
FaceForensics++,FaceForensics++__Face2Face__466_428.mp4,data\raw\FaceForensics++_C23\Face2Face\466_428.mp4,1,Face2Face,c23
FaceForensics++,FaceForensics++__Face2Face__467_462.mp4,data\raw\FaceForensics++_C23\Face2Face\467_462.mp4,1,Face2Face,c23
FaceForensics++,FaceForensics++__Face2Face__468_470.mp4,data\raw\FaceForensics++_C23\Face2Face\468_470.mp4,1,Face2Face,c23
FaceForensics++,FaceForensics++__Face2Face__469_481.mp4,data\raw\FaceForensics++_C23\Face2Face\469_481.mp4,1,Face2Face,c23
FaceForensics++,FaceForensics++__Face2Face__471_455.mp4,data\raw\FaceForensics++_C23\Face2Face\471_455.mp4,1,Face2Face,c23
FaceForensics++,FaceForensics++__Face2Face__472_511.mp4,data\raw\FaceForensics++_C23\Face2Face\472_511.mp4,1,Face2Face,c23
FaceForensics++,FaceForensics++__Face2Face__473_366.mp4,data\raw\FaceForensics++_C23\Face2Face\473_366.mp4,1,Face2Face,c23
FaceForensics++,FaceForensics++__Face2Face__475_265.mp4,data\raw\FaceForensics++_C23\Face2Face\475_265.mp4,1,Face2Face,c23
FaceForensics++,FaceForensics++__Face2Face__477_487.mp4,data\raw\FaceForensics++_C23\Face2Face\477_487.mp4,1,Face2Face,c23
FaceForensics++,FaceForensics++__Face2Face__479_706.mp4,data\raw\FaceForensics++_C23\Face2Face\479_706.mp4,1,Face2Face,c23
FaceForensics++,FaceForensics++__Face2Face__480_389.mp4,data\raw\FaceForensics++_C23\Face2Face\480_389.mp4,1,Face2Face,c23
FaceForensics++,FaceForensics++__Face2Face__481_469.mp4,data\raw\FaceForensics++_C23\Face2Face\481_469.mp4,1,Face2Face,c23
FaceForensics++,FaceForensics++__Face2Face__482_465.mp4,data\raw\FaceForensics++_C23\Face2Face\482_465.mp4,1,Face2Face,c23
FaceForensics++,FaceForensics++__Face2Face__483_370.mp4,data\raw\FaceForensics++_C23\Face2Face\483_370.mp4,1,Face2Face,c23
FaceForensics++,FaceForensics++__Face2Face__484_415.mp4,data\raw\FaceForensics++_C23\Face2Face\484_415.mp4,1,Face2Face,c23
FaceForensics++,FaceForensics++__Face2Face__485_425.mp4,data\raw\FaceForensics++_C23\Face2Face\485_425.mp4,1,Face2Face,c23
FaceForensics++,FaceForensics++__Face2Face__486_680.mp4,data\raw\FaceForensics++_C23\Face2Face\486_680.mp4,1,Face2Face,c23
FaceForensics++,FaceForensics++__Face2Face__487_477.mp4,data\raw\FaceForensics++_C23\Face2Face\487_477.mp4,1,Face2Face,c23
FaceForensics++,FaceForensics++__Face2Face__488_399.mp4,data\raw\FaceForensics++_C23\Face2Face\488_399.mp4,1,Face2Face,c23
FaceForensics++,FaceForensics++__Face2Face__490_534.mp4,data\raw\FaceForensics++_C23\Face2Face\490_534.mp4,1,Face2Face,c23
FaceForensics++,FaceForensics++__Face2Face__492_325.mp4,data\raw\FaceForensics++_C23\Face2Face\492_325.mp4,1,Face2Face,c23
FaceForensics++,FaceForensics++__Face2Face__493_538.mp4,data\raw\FaceForensics++_C23\Face2Face\493_538.mp4,1,Face2Face,c23
FaceForensics++,FaceForensics++__Face2Face__494_445.mp4,data\raw\FaceForensics++_C23\Face2Face\494_445.mp4,1,Face2Face,c23
FaceForensics++,FaceForensics++__Face2Face__495_512.mp4,data\raw\FaceForensics++_C23\Face2Face\495_512.mp4,1,Face2Face,c23
FaceForensics++,FaceForensics++__Face2Face__496_417.mp4,data\raw\FaceForensics++_C23\Face2Face\496_417.mp4,1,Face2Face,c23
FaceForensics++,FaceForensics++__Face2Face__497_403.mp4,data\raw\FaceForensics++_C23\Face2Face\497_403.mp4,1,Face2Face,c23
FaceForensics++,FaceForensics++__Face2Face__498_433.mp4,data\raw\FaceForensics++_C23\Face2Face\498_433.mp4,1,Face2Face,c23
FaceForensics++,FaceForensics++__Face2Face__499_539.mp4,data\raw\FaceForensics++_C23\Face2Face\499_539.mp4,1,Face2Face,c23
FaceForensics++,FaceForensics++__Face2Face__502_504.mp4,data\raw\FaceForensics++_C23\Face2Face\502_504.mp4,1,Face2Face,c23
FaceForensics++,FaceForensics++__Face2Face__503_756.mp4,data\raw\FaceForensics++_C23\Face2Face\503_756.mp4,1,Face2Face,c23
FaceForensics++,FaceForensics++__Face2Face__504_502.mp4,data\raw\FaceForensics++_C23\Face2Face\504_502.mp4,1,Face2Face,c23
FaceForensics++,FaceForensics++__Face2Face__505_600.mp4,data\raw\FaceForensics++_C23\Face2Face\505_600.mp4,1,Face2Face,c23
FaceForensics++,FaceForensics++__Face2Face__506_478.mp4,data\raw\FaceForensics++_C23\Face2Face\506_478.mp4,1,Face2Face,c23
FaceForensics++,FaceForensics++__Face2Face__507_418.mp4,data\raw\FaceForensics++_C23\Face2Face\507_418.mp4,1,Face2Face,c23
FaceForensics++,FaceForensics++__Face2Face__509_525.mp4,data\raw\FaceForensics++_C23\Face2Face\509_525.mp4,1,Face2Face,c23
FaceForensics++,FaceForensics++__Face2Face__510_528.mp4,data\raw\FaceForensics++_C23\Face2Face\510_528.mp4,1,Face2Face,c23
FaceForensics++,FaceForensics++__Face2Face__512_495.mp4,data\raw\FaceForensics++_C23\Face2Face\512_495.mp4,1,Face2Face,c23
FaceForensics++,FaceForensics++__Face2Face__513_305.mp4,data\raw\FaceForensics++_C23\Face2Face\513_305.mp4,1,Face2Face,c23
FaceForensics++,FaceForensics++__Face2Face__514_443.mp4,data\raw\FaceForensics++_C23\Face2Face\514_443.mp4,1,Face2Face,c23
FaceForensics++,FaceForensics++__Face2Face__515_519.mp4,data\raw\FaceForensics++_C23\Face2Face\515_519.mp4,1,Face2Face,c23
FaceForensics++,FaceForensics++__Face2Face__516_555.mp4,data\raw\FaceForensics++_C23\Face2Face\516_555.mp4,1,Face2Face,c23
FaceForensics++,FaceForensics++__Face2Face__517_521.mp4,data\raw\FaceForensics++_C23\Face2Face\517_521.mp4,1,Face2Face,c23
FaceForensics++,FaceForensics++__Face2Face__518_131.mp4,data\raw\FaceForensics++_C23\Face2Face\518_131.mp4,1,Face2Face,c23
FaceForensics++,FaceForensics++__Face2Face__520_542.mp4,data\raw\FaceForensics++_C23\Face2Face\520_542.mp4,1,Face2Face,c23
FaceForensics++,FaceForensics++__Face2Face__521_517.mp4,data\raw\FaceForensics++_C23\Face2Face\521_517.mp4,1,Face2Face,c23
FaceForensics++,FaceForensics++__Face2Face__522_337.mp4,data\raw\FaceForensics++_C23\Face2Face\522_337.mp4,1,Face2Face,c23
FaceForensics++,FaceForensics++__Face2Face__523_541.mp4,data\raw\FaceForensics++_C23\Face2Face\523_541.mp4,1,Face2Face,c23
FaceForensics++,FaceForensics++__Face2Face__524_580.mp4,data\raw\FaceForensics++_C23\Face2Face\524_580.mp4,1,Face2Face,c23
FaceForensics++,FaceForensics++__Face2Face__526_436.mp4,data\raw\FaceForensics++_C23\Face2Face\526_436.mp4,1,Face2Face,c23
FaceForensics++,FaceForensics++__Face2Face__527_454.mp4,data\raw\FaceForensics++_C23\Face2Face\527_454.mp4,1,Face2Face,c23
FaceForensics++,FaceForensics++__Face2Face__528_510.mp4,data\raw\FaceForensics++_C23\Face2Face\528_510.mp4,1,Face2Face,c23
FaceForensics++,FaceForensics++__Face2Face__529_633.mp4,data\raw\FaceForensics++_C23\Face2Face\529_633.mp4,1,Face2Face,c23
FaceForensics++,FaceForensics++__Face2Face__530_594.mp4,data\raw\FaceForensics++_C23\Face2Face\530_594.mp4,1,Face2Face,c23
FaceForensics++,FaceForensics++__Face2Face__531_549.mp4,data\raw\FaceForensics++_C23\Face2Face\531_549.mp4,1,Face2Face,c23
FaceForensics++,FaceForensics++__Face2Face__532_544.mp4,data\raw\FaceForensics++_C23\Face2Face\532_544.mp4,1,Face2Face,c23
FaceForensics++,FaceForensics++__Face2Face__534_490.mp4,data\raw\FaceForensics++_C23\Face2Face\534_490.mp4,1,Face2Face,c23
FaceForensics++,FaceForensics++__Face2Face__535_587.mp4,data\raw\FaceForensics++_C23\Face2Face\535_587.mp4,1,Face2Face,c23
FaceForensics++,FaceForensics++__Face2Face__536_540.mp4,data\raw\FaceForensics++_C23\Face2Face\536_540.mp4,1,Face2Face,c23
FaceForensics++,FaceForensics++__Face2Face__537_563.mp4,data\raw\FaceForensics++_C23\Face2Face\537_563.mp4,1,Face2Face,c23
FaceForensics++,FaceForensics++__Face2Face__538_493.mp4,data\raw\FaceForensics++_C23\Face2Face\538_493.mp4,1,Face2Face,c23
FaceForensics++,FaceForensics++__Face2Face__539_499.mp4,data\raw\FaceForensics++_C23\Face2Face\539_499.mp4,1,Face2Face,c23
FaceForensics++,FaceForensics++__Face2Face__540_536.mp4,data\raw\FaceForensics++_C23\Face2Face\540_536.mp4,1,Face2Face,c23
FaceForensics++,FaceForensics++__Face2Face__541_523.mp4,data\raw\FaceForensics++_C23\Face2Face\541_523.mp4,1,Face2Face,c23
FaceForensics++,FaceForensics++__Face2Face__543_559.mp4,data\raw\FaceForensics++_C23\Face2Face\543_559.mp4,1,Face2Face,c23
FaceForensics++,FaceForensics++__Face2Face__544_532.mp4,data\raw\FaceForensics++_C23\Face2Face\544_532.mp4,1,Face2Face,c23
FaceForensics++,FaceForensics++__Face2Face__546_621.mp4,data\raw\FaceForensics++_C23\Face2Face\546_621.mp4,1,Face2Face,c23
FaceForensics++,FaceForensics++__Face2Face__547_574.mp4,data\raw\FaceForensics++_C23\Face2Face\547_574.mp4,1,Face2Face,c23
FaceForensics++,FaceForensics++__Face2Face__549_531.mp4,data\raw\FaceForensics++_C23\Face2Face\549_531.mp4,1,Face2Face,c23
FaceForensics++,FaceForensics++__Face2Face__550_452.mp4,data\raw\FaceForensics++_C23\Face2Face\550_452.mp4,1,Face2Face,c23
FaceForensics++,FaceForensics++__Face2Face__551_631.mp4,data\raw\FaceForensics++_C23\Face2Face\551_631.mp4,1,Face2Face,c23
FaceForensics++,FaceForensics++__Face2Face__552_851.mp4,data\raw\FaceForensics++_C23\Face2Face\552_851.mp4,1,Face2Face,c23
FaceForensics++,FaceForensics++__Face2Face__554_572.mp4,data\raw\FaceForensics++_C23\Face2Face\554_572.mp4,1,Face2Face,c23
FaceForensics++,FaceForensics++__Face2Face__556_588.mp4,data\raw\FaceForensics++_C23\Face2Face\556_588.mp4,1,Face2Face,c23
FaceForensics++,FaceForensics++__Face2Face__557_560.mp4,data\raw\FaceForensics++_C23\Face2Face\557_560.mp4,1,Face2Face,c23
FaceForensics++,FaceForensics++__Face2Face__558_583.mp4,data\raw\FaceForensics++_C23\Face2Face\558_583.mp4,1,Face2Face,c23
FaceForensics++,FaceForensics++__Face2Face__559_543.mp4,data\raw\FaceForensics++_C23\Face2Face\559_543.mp4,1,Face2Face,c23
FaceForensics++,FaceForensics++__Face2Face__560_557.mp4,data\raw\FaceForensics++_C23\Face2Face\560_557.mp4,1,Face2Face,c23
FaceForensics++,FaceForensics++__Face2Face__561_998.mp4,data\raw\FaceForensics++_C23\Face2Face\561_998.mp4,1,Face2Face,c23
FaceForensics++,FaceForensics++__Face2Face__562_626.mp4,data\raw\FaceForensics++_C23\Face2Face\562_626.mp4,1,Face2Face,c23
FaceForensics++,FaceForensics++__Face2Face__563_537.mp4,data\raw\FaceForensics++_C23\Face2Face\563_537.mp4,1,Face2Face,c23
FaceForensics++,FaceForensics++__Face2Face__564_971.mp4,data\raw\FaceForensics++_C23\Face2Face\564_971.mp4,1,Face2Face,c23
FaceForensics++,FaceForensics++__Face2Face__565_589.mp4,data\raw\FaceForensics++_C23\Face2Face\565_589.mp4,1,Face2Face,c23
FaceForensics++,FaceForensics++__Face2Face__566_617.mp4,data\raw\FaceForensics++_C23\Face2Face\566_617.mp4,1,Face2Face,c23
FaceForensics++,FaceForensics++__Face2Face__567_606.mp4,data\raw\FaceForensics++_C23\Face2Face\567_606.mp4,1,Face2Face,c23
FaceForensics++,FaceForensics++__Face2Face__568_628.mp4,data\raw\FaceForensics++_C23\Face2Face\568_628.mp4,1,Face2Face,c23
FaceForensics++,FaceForensics++__Face2Face__570_624.mp4,data\raw\FaceForensics++_C23\Face2Face\570_624.mp4,1,Face2Face,c23
FaceForensics++,FaceForensics++__Face2Face__572_554.mp4,data\raw\FaceForensics++_C23\Face2Face\572_554.mp4,1,Face2Face,c23
FaceForensics++,FaceForensics++__Face2Face__574_547.mp4,data\raw\FaceForensics++_C23\Face2Face\574_547.mp4,1,Face2Face,c23
FaceForensics++,FaceForensics++__Face2Face__575_603.mp4,data\raw\FaceForensics++_C23\Face2Face\575_603.mp4,1,Face2Face,c23
FaceForensics++,FaceForensics++__Face2Face__578_636.mp4,data\raw\FaceForensics++_C23\Face2Face\578_636.mp4,1,Face2Face,c23
FaceForensics++,FaceForensics++__Face2Face__579_701.mp4,data\raw\FaceForensics++_C23\Face2Face\579_701.mp4,1,Face2Face,c23
FaceForensics++,FaceForensics++__Face2Face__580_524.mp4,data\raw\FaceForensics++_C23\Face2Face\580_524.mp4,1,Face2Face,c23
FaceForensics++,FaceForensics++__Face2Face__581_697.mp4,data\raw\FaceForensics++_C23\Face2Face\581_697.mp4,1,Face2Face,c23
FaceForensics++,FaceForensics++__Face2Face__582_172.mp4,data\raw\FaceForensics++_C23\Face2Face\582_172.mp4,1,Face2Face,c23
FaceForensics++,FaceForensics++__Face2Face__583_558.mp4,data\raw\FaceForensics++_C23\Face2Face\583_558.mp4,1,Face2Face,c23
FaceForensics++,FaceForensics++__Face2Face__585_599.mp4,data\raw\FaceForensics++_C23\Face2Face\585_599.mp4,1,Face2Face,c23
FaceForensics++,FaceForensics++__Face2Face__586_223.mp4,data\raw\FaceForensics++_C23\Face2Face\586_223.mp4,1,Face2Face,c23
FaceForensics++,FaceForensics++__Face2Face__587_535.mp4,data\raw\FaceForensics++_C23\Face2Face\587_535.mp4,1,Face2Face,c23
FaceForensics++,FaceForensics++__Face2Face__588_556.mp4,data\raw\FaceForensics++_C23\Face2Face\588_556.mp4,1,Face2Face,c23
FaceForensics++,FaceForensics++__Face2Face__589_565.mp4,data\raw\FaceForensics++_C23\Face2Face\589_565.mp4,1,Face2Face,c23
FaceForensics++,FaceForensics++__Face2Face__592_500.mp4,data\raw\FaceForensics++_C23\Face2Face\592_500.mp4,1,Face2Face,c23
FaceForensics++,FaceForensics++__Face2Face__593_577.mp4,data\raw\FaceForensics++_C23\Face2Face\593_577.mp4,1,Face2Face,c23
FaceForensics++,FaceForensics++__Face2Face__595_597.mp4,data\raw\FaceForensics++_C23\Face2Face\595_597.mp4,1,Face2Face,c23
FaceForensics++,FaceForensics++__Face2Face__596_609.mp4,data\raw\FaceForensics++_C23\Face2Face\596_609.mp4,1,Face2Face,c23
FaceForensics++,FaceForensics++__Face2Face__597_595.mp4,data\raw\FaceForensics++_C23\Face2Face\597_595.mp4,1,Face2Face,c23
FaceForensics++,FaceForensics++__Face2Face__598_178.mp4,data\raw\FaceForensics++_C23\Face2Face\598_178.mp4,1,Face2Face,c23
FaceForensics++,FaceForensics++__Face2Face__600_505.mp4,data\raw\FaceForensics++_C23\Face2Face\600_505.mp4,1,Face2Face,c23
FaceForensics++,FaceForensics++__Face2Face__601_653.mp4,data\raw\FaceForensics++_C23\Face2Face\601_653.mp4,1,Face2Face,c23
FaceForensics++,FaceForensics++__Face2Face__602_397.mp4,data\raw\FaceForensics++_C23\Face2Face\602_397.mp4,1,Face2Face,c23
FaceForensics++,FaceForensics++__Face2Face__603_575.mp4,data\raw\FaceForensics++_C23\Face2Face\603_575.mp4,1,Face2Face,c23
FaceForensics++,FaceForensics++__Face2Face__604_703.mp4,data\raw\FaceForensics++_C23\Face2Face\604_703.mp4,1,Face2Face,c23
FaceForensics++,FaceForensics++__Face2Face__605_591.mp4,data\raw\FaceForensics++_C23\Face2Face\605_591.mp4,1,Face2Face,c23
FaceForensics++,FaceForensics++__Face2Face__607_683.mp4,data\raw\FaceForensics++_C23\Face2Face\607_683.mp4,1,Face2Face,c23
FaceForensics++,FaceForensics++__Face2Face__608_675.mp4,data\raw\FaceForensics++_C23\Face2Face\608_675.mp4,1,Face2Face,c23
FaceForensics++,FaceForensics++__Face2Face__609_596.mp4,data\raw\FaceForensics++_C23\Face2Face\609_596.mp4,1,Face2Face,c23
FaceForensics++,FaceForensics++__Face2Face__610_692.mp4,data\raw\FaceForensics++_C23\Face2Face\610_692.mp4,1,Face2Face,c23
FaceForensics++,FaceForensics++__Face2Face__611_760.mp4,data\raw\FaceForensics++_C23\Face2Face\611_760.mp4,1,Face2Face,c23
FaceForensics++,FaceForensics++__Face2Face__612_702.mp4,data\raw\FaceForensics++_C23\Face2Face\612_702.mp4,1,Face2Face,c23
FaceForensics++,FaceForensics++__Face2Face__613_685.mp4,data\raw\FaceForensics++_C23\Face2Face\613_685.mp4,1,Face2Face,c23
FaceForensics++,FaceForensics++__Face2Face__614_616.mp4,data\raw\FaceForensics++_C23\Face2Face\614_616.mp4,1,Face2Face,c23
FaceForensics++,FaceForensics++__Face2Face__615_687.mp4,data\raw\FaceForensics++_C23\Face2Face\615_687.mp4,1,Face2Face,c23
FaceForensics++,FaceForensics++__Face2Face__616_614.mp4,data\raw\FaceForensics++_C23\Face2Face\616_614.mp4,1,Face2Face,c23
FaceForensics++,FaceForensics++__Face2Face__617_566.mp4,data\raw\FaceForensics++_C23\Face2Face\617_566.mp4,1,Face2Face,c23
FaceForensics++,FaceForensics++__Face2Face__618_629.mp4,data\raw\FaceForensics++_C23\Face2Face\618_629.mp4,1,Face2Face,c23
FaceForensics++,FaceForensics++__Face2Face__620_619.mp4,data\raw\FaceForensics++_C23\Face2Face\620_619.mp4,1,Face2Face,c23
FaceForensics++,FaceForensics++__Face2Face__621_546.mp4,data\raw\FaceForensics++_C23\Face2Face\621_546.mp4,1,Face2Face,c23
FaceForensics++,FaceForensics++__Face2Face__622_647.mp4,data\raw\FaceForensics++_C23\Face2Face\622_647.mp4,1,Face2Face,c23
FaceForensics++,FaceForensics++__Face2Face__623_630.mp4,data\raw\FaceForensics++_C23\Face2Face\623_630.mp4,1,Face2Face,c23
FaceForensics++,FaceForensics++__Face2Face__624_570.mp4,data\raw\FaceForensics++_C23\Face2Face\624_570.mp4,1,Face2Face,c23
FaceForensics++,FaceForensics++__Face2Face__625_650.mp4,data\raw\FaceForensics++_C23\Face2Face\625_650.mp4,1,Face2Face,c23
FaceForensics++,FaceForensics++__Face2Face__626_562.mp4,data\raw\FaceForensics++_C23\Face2Face\626_562.mp4,1,Face2Face,c23
FaceForensics++,FaceForensics++__Face2Face__627_658.mp4,data\raw\FaceForensics++_C23\Face2Face\627_658.mp4,1,Face2Face,c23
FaceForensics++,FaceForensics++__Face2Face__628_568.mp4,data\raw\FaceForensics++_C23\Face2Face\628_568.mp4,1,Face2Face,c23
FaceForensics++,FaceForensics++__Face2Face__629_618.mp4,data\raw\FaceForensics++_C23\Face2Face\629_618.mp4,1,Face2Face,c23
FaceForensics++,FaceForensics++__Face2Face__631_551.mp4,data\raw\FaceForensics++_C23\Face2Face\631_551.mp4,1,Face2Face,c23
FaceForensics++,FaceForensics++__Face2Face__632_548.mp4,data\raw\FaceForensics++_C23\Face2Face\632_548.mp4,1,Face2Face,c23
FaceForensics++,FaceForensics++__Face2Face__633_529.mp4,data\raw\FaceForensics++_C23\Face2Face\633_529.mp4,1,Face2Face,c23
FaceForensics++,FaceForensics++__Face2Face__634_660.mp4,data\raw\FaceForensics++_C23\Face2Face\634_660.mp4,1,Face2Face,c23
FaceForensics++,FaceForensics++__Face2Face__635_642.mp4,data\raw\FaceForensics++_C23\Face2Face\635_642.mp4,1,Face2Face,c23
FaceForensics++,FaceForensics++__Face2Face__637_427.mp4,data\raw\FaceForensics++_C23\Face2Face\637_427.mp4,1,Face2Face,c23
FaceForensics++,FaceForensics++__Face2Face__638_640.mp4,data\raw\FaceForensics++_C23\Face2Face\638_640.mp4,1,Face2Face,c23
FaceForensics++,FaceForensics++__Face2Face__641_662.mp4,data\raw\FaceForensics++_C23\Face2Face\641_662.mp4,1,Face2Face,c23
FaceForensics++,FaceForensics++__Face2Face__642_635.mp4,data\raw\FaceForensics++_C23\Face2Face\642_635.mp4,1,Face2Face,c23
FaceForensics++,FaceForensics++__Face2Face__643_646.mp4,data\raw\FaceForensics++_C23\Face2Face\643_646.mp4,1,Face2Face,c23
FaceForensics++,FaceForensics++__Face2Face__644_657.mp4,data\raw\FaceForensics++_C23\Face2Face\644_657.mp4,1,Face2Face,c23
FaceForensics++,FaceForensics++__Face2Face__645_688.mp4,data\raw\FaceForensics++_C23\Face2Face\645_688.mp4,1,Face2Face,c23
FaceForensics++,FaceForensics++__Face2Face__646_643.mp4,data\raw\FaceForensics++_C23\Face2Face\646_643.mp4,1,Face2Face,c23
FaceForensics++,FaceForensics++__Face2Face__647_622.mp4,data\raw\FaceForensics++_C23\Face2Face\647_622.mp4,1,Face2Face,c23
FaceForensics++,FaceForensics++__Face2Face__649_816.mp4,data\raw\FaceForensics++_C23\Face2Face\649_816.mp4,1,Face2Face,c23
FaceForensics++,FaceForensics++__Face2Face__650_625.mp4,data\raw\FaceForensics++_C23\Face2Face\650_625.mp4,1,Face2Face,c23
FaceForensics++,FaceForensics++__Face2Face__651_835.mp4,data\raw\FaceForensics++_C23\Face2Face\651_835.mp4,1,Face2Face,c23
FaceForensics++,FaceForensics++__Face2Face__652_773.mp4,data\raw\FaceForensics++_C23\Face2Face\652_773.mp4,1,Face2Face,c23
FaceForensics++,FaceForensics++__Face2Face__653_601.mp4,data\raw\FaceForensics++_C23\Face2Face\653_601.mp4,1,Face2Face,c23
FaceForensics++,FaceForensics++__Face2Face__654_648.mp4,data\raw\FaceForensics++_C23\Face2Face\654_648.mp4,1,Face2Face,c23
FaceForensics++,FaceForensics++__Face2Face__658_627.mp4,data\raw\FaceForensics++_C23\Face2Face\658_627.mp4,1,Face2Face,c23
FaceForensics++,FaceForensics++__Face2Face__659_749.mp4,data\raw\FaceForensics++_C23\Face2Face\659_749.mp4,1,Face2Face,c23
FaceForensics++,FaceForensics++__Face2Face__660_634.mp4,data\raw\FaceForensics++_C23\Face2Face\660_634.mp4,1,Face2Face,c23
FaceForensics++,FaceForensics++__Face2Face__661_670.mp4,data\raw\FaceForensics++_C23\Face2Face\661_670.mp4,1,Face2Face,c23
FaceForensics++,FaceForensics++__Face2Face__663_231.mp4,data\raw\FaceForensics++_C23\Face2Face\663_231.mp4,1,Face2Face,c23
FaceForensics++,FaceForensics++__Face2Face__664_668.mp4,data\raw\FaceForensics++_C23\Face2Face\664_668.mp4,1,Face2Face,c23
FaceForensics++,FaceForensics++__Face2Face__665_679.mp4,data\raw\FaceForensics++_C23\Face2Face\665_679.mp4,1,Face2Face,c23
FaceForensics++,FaceForensics++__Face2Face__666_656.mp4,data\raw\FaceForensics++_C23\Face2Face\666_656.mp4,1,Face2Face,c23
FaceForensics++,FaceForensics++__Face2Face__667_446.mp4,data\raw\FaceForensics++_C23\Face2Face\667_446.mp4,1,Face2Face,c23
FaceForensics++,FaceForensics++__Face2Face__668_664.mp4,data\raw\FaceForensics++_C23\Face2Face\668_664.mp4,1,Face2Face,c23
FaceForensics++,FaceForensics++__Face2Face__669_682.mp4,data\raw\FaceForensics++_C23\Face2Face\669_682.mp4,1,Face2Face,c23
FaceForensics++,FaceForensics++__Face2Face__670_661.mp4,data\raw\FaceForensics++_C23\Face2Face\670_661.mp4,1,Face2Face,c23
FaceForensics++,FaceForensics++__Face2Face__671_677.mp4,data\raw\FaceForensics++_C23\Face2Face\671_677.mp4,1,Face2Face,c23
FaceForensics++,FaceForensics++__Face2Face__673_728.mp4,data\raw\FaceForensics++_C23\Face2Face\673_728.mp4,1,Face2Face,c23
FaceForensics++,FaceForensics++__Face2Face__674_744.mp4,data\raw\FaceForensics++_C23\Face2Face\674_744.mp4,1,Face2Face,c23
FaceForensics++,FaceForensics++__Face2Face__675_608.mp4,data\raw\FaceForensics++_C23\Face2Face\675_608.mp4,1,Face2Face,c23
FaceForensics++,FaceForensics++__Face2Face__676_776.mp4,data\raw\FaceForensics++_C23\Face2Face\676_776.mp4,1,Face2Face,c23
FaceForensics++,FaceForensics++__Face2Face__678_460.mp4,data\raw\FaceForensics++_C23\Face2Face\678_460.mp4,1,Face2Face,c23
FaceForensics++,FaceForensics++__Face2Face__679_665.mp4,data\raw\FaceForensics++_C23\Face2Face\679_665.mp4,1,Face2Face,c23
FaceForensics++,FaceForensics++__Face2Face__680_486.mp4,data\raw\FaceForensics++_C23\Face2Face\680_486.mp4,1,Face2Face,c23
FaceForensics++,FaceForensics++__Face2Face__682_669.mp4,data\raw\FaceForensics++_C23\Face2Face\682_669.mp4,1,Face2Face,c23
FaceForensics++,FaceForensics++__Face2Face__683_607.mp4,data\raw\FaceForensics++_C23\Face2Face\683_607.mp4,1,Face2Face,c23
FaceForensics++,FaceForensics++__Face2Face__684_717.mp4,data\raw\FaceForensics++_C23\Face2Face\684_717.mp4,1,Face2Face,c23
FaceForensics++,FaceForensics++__Face2Face__685_613.mp4,data\raw\FaceForensics++_C23\Face2Face\685_613.mp4,1,Face2Face,c23
FaceForensics++,FaceForensics++__Face2Face__686_696.mp4,data\raw\FaceForensics++_C23\Face2Face\686_696.mp4,1,Face2Face,c23
FaceForensics++,FaceForensics++__Face2Face__687_615.mp4,data\raw\FaceForensics++_C23\Face2Face\687_615.mp4,1,Face2Face,c23
FaceForensics++,FaceForensics++__Face2Face__688_645.mp4,data\raw\FaceForensics++_C23\Face2Face\688_645.mp4,1,Face2Face,c23
FaceForensics++,FaceForensics++__Face2Face__690_689.mp4,data\raw\FaceForensics++_C23\Face2Face\690_689.mp4,1,Face2Face,c23
FaceForensics++,FaceForensics++__Face2Face__692_610.mp4,data\raw\FaceForensics++_C23\Face2Face\692_610.mp4,1,Face2Face,c23
FaceForensics++,FaceForensics++__Face2Face__693_698.mp4,data\raw\FaceForensics++_C23\Face2Face\693_698.mp4,1,Face2Face,c23
FaceForensics++,FaceForensics++__Face2Face__694_767.mp4,data\raw\FaceForensics++_C23\Face2Face\694_767.mp4,1,Face2Face,c23
FaceForensics++,FaceForensics++__Face2Face__695_422.mp4,data\raw\FaceForensics++_C23\Face2Face\695_422.mp4,1,Face2Face,c23
FaceForensics++,FaceForensics++__Face2Face__696_686.mp4,data\raw\FaceForensics++_C23\Face2Face\696_686.mp4,1,Face2Face,c23
FaceForensics++,FaceForensics++__Face2Face__697_581.mp4,data\raw\FaceForensics++_C23\Face2Face\697_581.mp4,1,Face2Face,c23
FaceForensics++,FaceForensics++__Face2Face__698_693.mp4,data\raw\FaceForensics++_C23\Face2Face\698_693.mp4,1,Face2Face,c23
FaceForensics++,FaceForensics++__Face2Face__699_734.mp4,data\raw\FaceForensics++_C23\Face2Face\699_734.mp4,1,Face2Face,c23
FaceForensics++,FaceForensics++__Face2Face__700_813.mp4,data\raw\FaceForensics++_C23\Face2Face\700_813.mp4,1,Face2Face,c23
FaceForensics++,FaceForensics++__Face2Face__702_612.mp4,data\raw\FaceForensics++_C23\Face2Face\702_612.mp4,1,Face2Face,c23
FaceForensics++,FaceForensics++__Face2Face__703_604.mp4,data\raw\FaceForensics++_C23\Face2Face\703_604.mp4,1,Face2Face,c23
FaceForensics++,FaceForensics++__Face2Face__705_707.mp4,data\raw\FaceForensics++_C23\Face2Face\705_707.mp4,1,Face2Face,c23
FaceForensics++,FaceForensics++__Face2Face__707_705.mp4,data\raw\FaceForensics++_C23\Face2Face\707_705.mp4,1,Face2Face,c23
FaceForensics++,FaceForensics++__Face2Face__708_772.mp4,data\raw\FaceForensics++_C23\Face2Face\708_772.mp4,1,Face2Face,c23
FaceForensics++,FaceForensics++__Face2Face__711_681.mp4,data\raw\FaceForensics++_C23\Face2Face\711_681.mp4,1,Face2Face,c23
FaceForensics++,FaceForensics++__Face2Face__713_726.mp4,data\raw\FaceForensics++_C23\Face2Face\713_726.mp4,1,Face2Face,c23
FaceForensics++,FaceForensics++__Face2Face__714_842.mp4,data\raw\FaceForensics++_C23\Face2Face\714_842.mp4,1,Face2Face,c23
FaceForensics++,FaceForensics++__Face2Face__715_721.mp4,data\raw\FaceForensics++_C23\Face2Face\715_721.mp4,1,Face2Face,c23
FaceForensics++,FaceForensics++__Face2Face__716_712.mp4,data\raw\FaceForensics++_C23\Face2Face\716_712.mp4,1,Face2Face,c23
FaceForensics++,FaceForensics++__Face2Face__717_684.mp4,data\raw\FaceForensics++_C23\Face2Face\717_684.mp4,1,Face2Face,c23
FaceForensics++,FaceForensics++__Face2Face__718_972.mp4,data\raw\FaceForensics++_C23\Face2Face\718_972.mp4,1,Face2Face,c23
FaceForensics++,FaceForensics++__Face2Face__720_672.mp4,data\raw\FaceForensics++_C23\Face2Face\720_672.mp4,1,Face2Face,c23
FaceForensics++,FaceForensics++__Face2Face__722_458.mp4,data\raw\FaceForensics++_C23\Face2Face\722_458.mp4,1,Face2Face,c23
FaceForensics++,FaceForensics++__Face2Face__724_725.mp4,data\raw\FaceForensics++_C23\Face2Face\724_725.mp4,1,Face2Face,c23
FaceForensics++,FaceForensics++__Face2Face__725_724.mp4,data\raw\FaceForensics++_C23\Face2Face\725_724.mp4,1,Face2Face,c23
FaceForensics++,FaceForensics++__Face2Face__726_713.mp4,data\raw\FaceForensics++_C23\Face2Face\726_713.mp4,1,Face2Face,c23
FaceForensics++,FaceForensics++__Face2Face__727_729.mp4,data\raw\FaceForensics++_C23\Face2Face\727_729.mp4,1,Face2Face,c23
FaceForensics++,FaceForensics++__Face2Face__728_673.mp4,data\raw\FaceForensics++_C23\Face2Face\728_673.mp4,1,Face2Face,c23
FaceForensics++,FaceForensics++__Face2Face__729_727.mp4,data\raw\FaceForensics++_C23\Face2Face\729_727.mp4,1,Face2Face,c23
FaceForensics++,FaceForensics++__Face2Face__731_741.mp4,data\raw\FaceForensics++_C23\Face2Face\731_741.mp4,1,Face2Face,c23
FaceForensics++,FaceForensics++__Face2Face__733_935.mp4,data\raw\FaceForensics++_C23\Face2Face\733_935.mp4,1,Face2Face,c23
FaceForensics++,FaceForensics++__Face2Face__734_699.mp4,data\raw\FaceForensics++_C23\Face2Face\734_699.mp4,1,Face2Face,c23
FaceForensics++,FaceForensics++__Face2Face__735_774.mp4,data\raw\FaceForensics++_C23\Face2Face\735_774.mp4,1,Face2Face,c23
FaceForensics++,FaceForensics++__Face2Face__736_785.mp4,data\raw\FaceForensics++_C23\Face2Face\736_785.mp4,1,Face2Face,c23
FaceForensics++,FaceForensics++__Face2Face__737_719.mp4,data\raw\FaceForensics++_C23\Face2Face\737_719.mp4,1,Face2Face,c23
FaceForensics++,FaceForensics++__Face2Face__738_804.mp4,data\raw\FaceForensics++_C23\Face2Face\738_804.mp4,1,Face2Face,c23
FaceForensics++,FaceForensics++__Face2Face__739_865.mp4,data\raw\FaceForensics++_C23\Face2Face\739_865.mp4,1,Face2Face,c23
FaceForensics++,FaceForensics++__Face2Face__740_796.mp4,data\raw\FaceForensics++_C23\Face2Face\740_796.mp4,1,Face2Face,c23
FaceForensics++,FaceForensics++__Face2Face__741_731.mp4,data\raw\FaceForensics++_C23\Face2Face\741_731.mp4,1,Face2Face,c23
FaceForensics++,FaceForensics++__Face2Face__742_775.mp4,data\raw\FaceForensics++_C23\Face2Face\742_775.mp4,1,Face2Face,c23
FaceForensics++,FaceForensics++__Face2Face__743_750.mp4,data\raw\FaceForensics++_C23\Face2Face\743_750.mp4,1,Face2Face,c23
FaceForensics++,FaceForensics++__Face2Face__744_674.mp4,data\raw\FaceForensics++_C23\Face2Face\744_674.mp4,1,Face2Face,c23
FaceForensics++,FaceForensics++__Face2Face__746_571.mp4,data\raw\FaceForensics++_C23\Face2Face\746_571.mp4,1,Face2Face,c23
FaceForensics++,FaceForensics++__Face2Face__747_854.mp4,data\raw\FaceForensics++_C23\Face2Face\747_854.mp4,1,Face2Face,c23
FaceForensics++,FaceForensics++__Face2Face__748_355.mp4,data\raw\FaceForensics++_C23\Face2Face\748_355.mp4,1,Face2Face,c23
FaceForensics++,FaceForensics++__Face2Face__749_659.mp4,data\raw\FaceForensics++_C23\Face2Face\749_659.mp4,1,Face2Face,c23
FaceForensics++,FaceForensics++__Face2Face__750_743.mp4,data\raw\FaceForensics++_C23\Face2Face\750_743.mp4,1,Face2Face,c23
FaceForensics++,FaceForensics++__Face2Face__752_751.mp4,data\raw\FaceForensics++_C23\Face2Face\752_751.mp4,1,Face2Face,c23
FaceForensics++,FaceForensics++__Face2Face__754_758.mp4,data\raw\FaceForensics++_C23\Face2Face\754_758.mp4,1,Face2Face,c23
FaceForensics++,FaceForensics++__Face2Face__756_503.mp4,data\raw\FaceForensics++_C23\Face2Face\756_503.mp4,1,Face2Face,c23
FaceForensics++,FaceForensics++__Face2Face__758_754.mp4,data\raw\FaceForensics++_C23\Face2Face\758_754.mp4,1,Face2Face,c23
FaceForensics++,FaceForensics++__Face2Face__759_755.mp4,data\raw\FaceForensics++_C23\Face2Face\759_755.mp4,1,Face2Face,c23
FaceForensics++,FaceForensics++__Face2Face__760_611.mp4,data\raw\FaceForensics++_C23\Face2Face\760_611.mp4,1,Face2Face,c23
FaceForensics++,FaceForensics++__Face2Face__761_766.mp4,data\raw\FaceForensics++_C23\Face2Face\761_766.mp4,1,Face2Face,c23
FaceForensics++,FaceForensics++__Face2Face__762_832.mp4,data\raw\FaceForensics++_C23\Face2Face\762_832.mp4,1,Face2Face,c23
FaceForensics++,FaceForensics++__Face2Face__763_930.mp4,data\raw\FaceForensics++_C23\Face2Face\763_930.mp4,1,Face2Face,c23
FaceForensics++,FaceForensics++__Face2Face__765_867.mp4,data\raw\FaceForensics++_C23\Face2Face\765_867.mp4,1,Face2Face,c23
FaceForensics++,FaceForensics++__Face2Face__766_761.mp4,data\raw\FaceForensics++_C23\Face2Face\766_761.mp4,1,Face2Face,c23
FaceForensics++,FaceForensics++__Face2Face__767_694.mp4,data\raw\FaceForensics++_C23\Face2Face\767_694.mp4,1,Face2Face,c23
FaceForensics++,FaceForensics++__Face2Face__768_793.mp4,data\raw\FaceForensics++_C23\Face2Face\768_793.mp4,1,Face2Face,c23
FaceForensics++,FaceForensics++__Face2Face__770_791.mp4,data\raw\FaceForensics++_C23\Face2Face\770_791.mp4,1,Face2Face,c23
FaceForensics++,FaceForensics++__Face2Face__771_849.mp4,data\raw\FaceForensics++_C23\Face2Face\771_849.mp4,1,Face2Face,c23
FaceForensics++,FaceForensics++__Face2Face__772_708.mp4,data\raw\FaceForensics++_C23\Face2Face\772_708.mp4,1,Face2Face,c23
FaceForensics++,FaceForensics++__Face2Face__774_735.mp4,data\raw\FaceForensics++_C23\Face2Face\774_735.mp4,1,Face2Face,c23
FaceForensics++,FaceForensics++__Face2Face__775_742.mp4,data\raw\FaceForensics++_C23\Face2Face\775_742.mp4,1,Face2Face,c23
FaceForensics++,FaceForensics++__Face2Face__776_676.mp4,data\raw\FaceForensics++_C23\Face2Face\776_676.mp4,1,Face2Face,c23
FaceForensics++,FaceForensics++__Face2Face__777_745.mp4,data\raw\FaceForensics++_C23\Face2Face\777_745.mp4,1,Face2Face,c23
FaceForensics++,FaceForensics++__Face2Face__778_798.mp4,data\raw\FaceForensics++_C23\Face2Face\778_798.mp4,1,Face2Face,c23
FaceForensics++,FaceForensics++__Face2Face__780_869.mp4,data\raw\FaceForensics++_C23\Face2Face\780_869.mp4,1,Face2Face,c23
FaceForensics++,FaceForensics++__Face2Face__781_806.mp4,data\raw\FaceForensics++_C23\Face2Face\781_806.mp4,1,Face2Face,c23
FaceForensics++,FaceForensics++__Face2Face__782_787.mp4,data\raw\FaceForensics++_C23\Face2Face\782_787.mp4,1,Face2Face,c23
FaceForensics++,FaceForensics++__Face2Face__783_916.mp4,data\raw\FaceForensics++_C23\Face2Face\783_916.mp4,1,Face2Face,c23
FaceForensics++,FaceForensics++__Face2Face__785_736.mp4,data\raw\FaceForensics++_C23\Face2Face\785_736.mp4,1,Face2Face,c23
FaceForensics++,FaceForensics++__Face2Face__789_753.mp4,data\raw\FaceForensics++_C23\Face2Face\789_753.mp4,1,Face2Face,c23
FaceForensics++,FaceForensics++__Face2Face__790_014.mp4,data\raw\FaceForensics++_C23\Face2Face\790_014.mp4,1,Face2Face,c23
FaceForensics++,FaceForensics++__Face2Face__792_903.mp4,data\raw\FaceForensics++_C23\Face2Face\792_903.mp4,1,Face2Face,c23
FaceForensics++,FaceForensics++__Face2Face__793_768.mp4,data\raw\FaceForensics++_C23\Face2Face\793_768.mp4,1,Face2Face,c23
FaceForensics++,FaceForensics++__Face2Face__794_779.mp4,data\raw\FaceForensics++_C23\Face2Face\794_779.mp4,1,Face2Face,c23
FaceForensics++,FaceForensics++__Face2Face__796_740.mp4,data\raw\FaceForensics++_C23\Face2Face\796_740.mp4,1,Face2Face,c23
FaceForensics++,FaceForensics++__Face2Face__797_844.mp4,data\raw\FaceForensics++_C23\Face2Face\797_844.mp4,1,Face2Face,c23
FaceForensics++,FaceForensics++__Face2Face__798_778.mp4,data\raw\FaceForensics++_C23\Face2Face\798_778.mp4,1,Face2Face,c23
FaceForensics++,FaceForensics++__Face2Face__799_809.mp4,data\raw\FaceForensics++_C23\Face2Face\799_809.mp4,1,Face2Face,c23
FaceForensics++,FaceForensics++__Face2Face__800_840.mp4,data\raw\FaceForensics++_C23\Face2Face\800_840.mp4,1,Face2Face,c23
FaceForensics++,FaceForensics++__Face2Face__801_855.mp4,data\raw\FaceForensics++_C23\Face2Face\801_855.mp4,1,Face2Face,c23
FaceForensics++,FaceForensics++__Face2Face__802_885.mp4,data\raw\FaceForensics++_C23\Face2Face\802_885.mp4,1,Face2Face,c23
FaceForensics++,FaceForensics++__Face2Face__803_017.mp4,data\raw\FaceForensics++_C23\Face2Face\803_017.mp4,1,Face2Face,c23
FaceForensics++,FaceForensics++__Face2Face__804_738.mp4,data\raw\FaceForensics++_C23\Face2Face\804_738.mp4,1,Face2Face,c23
FaceForensics++,FaceForensics++__Face2Face__805_011.mp4,data\raw\FaceForensics++_C23\Face2Face\805_011.mp4,1,Face2Face,c23
FaceForensics++,FaceForensics++__Face2Face__806_781.mp4,data\raw\FaceForensics++_C23\Face2Face\806_781.mp4,1,Face2Face,c23
FaceForensics++,FaceForensics++__Face2Face__807_273.mp4,data\raw\FaceForensics++_C23\Face2Face\807_273.mp4,1,Face2Face,c23
FaceForensics++,FaceForensics++__Face2Face__809_799.mp4,data\raw\FaceForensics++_C23\Face2Face\809_799.mp4,1,Face2Face,c23
FaceForensics++,FaceForensics++__Face2Face__810_838.mp4,data\raw\FaceForensics++_C23\Face2Face\810_838.mp4,1,Face2Face,c23
FaceForensics++,FaceForensics++__Face2Face__811_920.mp4,data\raw\FaceForensics++_C23\Face2Face\811_920.mp4,1,Face2Face,c23
FaceForensics++,FaceForensics++__Face2Face__812_821.mp4,data\raw\FaceForensics++_C23\Face2Face\812_821.mp4,1,Face2Face,c23
FaceForensics++,FaceForensics++__Face2Face__813_700.mp4,data\raw\FaceForensics++_C23\Face2Face\813_700.mp4,1,Face2Face,c23
FaceForensics++,FaceForensics++__Face2Face__814_871.mp4,data\raw\FaceForensics++_C23\Face2Face\814_871.mp4,1,Face2Face,c23
FaceForensics++,FaceForensics++__Face2Face__815_730.mp4,data\raw\FaceForensics++_C23\Face2Face\815_730.mp4,1,Face2Face,c23
FaceForensics++,FaceForensics++__Face2Face__818_820.mp4,data\raw\FaceForensics++_C23\Face2Face\818_820.mp4,1,Face2Face,c23
FaceForensics++,FaceForensics++__Face2Face__819_786.mp4,data\raw\FaceForensics++_C23\Face2Face\819_786.mp4,1,Face2Face,c23
FaceForensics++,FaceForensics++__Face2Face__820_818.mp4,data\raw\FaceForensics++_C23\Face2Face\820_818.mp4,1,Face2Face,c23
FaceForensics++,FaceForensics++__Face2Face__821_812.mp4,data\raw\FaceForensics++_C23\Face2Face\821_812.mp4,1,Face2Face,c23
FaceForensics++,FaceForensics++__Face2Face__822_244.mp4,data\raw\FaceForensics++_C23\Face2Face\822_244.mp4,1,Face2Face,c23
FaceForensics++,FaceForensics++__Face2Face__823_584.mp4,data\raw\FaceForensics++_C23\Face2Face\823_584.mp4,1,Face2Face,c23
FaceForensics++,FaceForensics++__Face2Face__824_419.mp4,data\raw\FaceForensics++_C23\Face2Face\824_419.mp4,1,Face2Face,c23
FaceForensics++,FaceForensics++__Face2Face__825_074.mp4,data\raw\FaceForensics++_C23\Face2Face\825_074.mp4,1,Face2Face,c23
FaceForensics++,FaceForensics++__Face2Face__826_833.mp4,data\raw\FaceForensics++_C23\Face2Face\826_833.mp4,1,Face2Face,c23
FaceForensics++,FaceForensics++__Face2Face__828_830.mp4,data\raw\FaceForensics++_C23\Face2Face\828_830.mp4,1,Face2Face,c23
FaceForensics++,FaceForensics++__Face2Face__829_808.mp4,data\raw\FaceForensics++_C23\Face2Face\829_808.mp4,1,Face2Face,c23
FaceForensics++,FaceForensics++__Face2Face__832_762.mp4,data\raw\FaceForensics++_C23\Face2Face\832_762.mp4,1,Face2Face,c23
FaceForensics++,FaceForensics++__Face2Face__833_826.mp4,data\raw\FaceForensics++_C23\Face2Face\833_826.mp4,1,Face2Face,c23
FaceForensics++,FaceForensics++__Face2Face__834_852.mp4,data\raw\FaceForensics++_C23\Face2Face\834_852.mp4,1,Face2Face,c23
FaceForensics++,FaceForensics++__Face2Face__835_651.mp4,data\raw\FaceForensics++_C23\Face2Face\835_651.mp4,1,Face2Face,c23
FaceForensics++,FaceForensics++__Face2Face__836_950.mp4,data\raw\FaceForensics++_C23\Face2Face\836_950.mp4,1,Face2Face,c23
FaceForensics++,FaceForensics++__Face2Face__837_890.mp4,data\raw\FaceForensics++_C23\Face2Face\837_890.mp4,1,Face2Face,c23
FaceForensics++,FaceForensics++__Face2Face__838_810.mp4,data\raw\FaceForensics++_C23\Face2Face\838_810.mp4,1,Face2Face,c23
FaceForensics++,FaceForensics++__Face2Face__839_864.mp4,data\raw\FaceForensics++_C23\Face2Face\839_864.mp4,1,Face2Face,c23
FaceForensics++,FaceForensics++__Face2Face__840_800.mp4,data\raw\FaceForensics++_C23\Face2Face\840_800.mp4,1,Face2Face,c23
FaceForensics++,FaceForensics++__Face2Face__841_639.mp4,data\raw\FaceForensics++_C23\Face2Face\841_639.mp4,1,Face2Face,c23
FaceForensics++,FaceForensics++__Face2Face__842_714.mp4,data\raw\FaceForensics++_C23\Face2Face\842_714.mp4,1,Face2Face,c23
FaceForensics++,FaceForensics++__Face2Face__843_859.mp4,data\raw\FaceForensics++_C23\Face2Face\843_859.mp4,1,Face2Face,c23
FaceForensics++,FaceForensics++__Face2Face__845_846.mp4,data\raw\FaceForensics++_C23\Face2Face\845_846.mp4,1,Face2Face,c23
FaceForensics++,FaceForensics++__Face2Face__846_845.mp4,data\raw\FaceForensics++_C23\Face2Face\846_845.mp4,1,Face2Face,c23
FaceForensics++,FaceForensics++__Face2Face__847_906.mp4,data\raw\FaceForensics++_C23\Face2Face\847_906.mp4,1,Face2Face,c23
FaceForensics++,FaceForensics++__Face2Face__848_894.mp4,data\raw\FaceForensics++_C23\Face2Face\848_894.mp4,1,Face2Face,c23
FaceForensics++,FaceForensics++__Face2Face__849_771.mp4,data\raw\FaceForensics++_C23\Face2Face\849_771.mp4,1,Face2Face,c23
FaceForensics++,FaceForensics++__Face2Face__851_552.mp4,data\raw\FaceForensics++_C23\Face2Face\851_552.mp4,1,Face2Face,c23
FaceForensics++,FaceForensics++__Face2Face__852_834.mp4,data\raw\FaceForensics++_C23\Face2Face\852_834.mp4,1,Face2Face,c23
FaceForensics++,FaceForensics++__Face2Face__853_863.mp4,data\raw\FaceForensics++_C23\Face2Face\853_863.mp4,1,Face2Face,c23
FaceForensics++,FaceForensics++__Face2Face__854_747.mp4,data\raw\FaceForensics++_C23\Face2Face\854_747.mp4,1,Face2Face,c23
FaceForensics++,FaceForensics++__Face2Face__855_801.mp4,data\raw\FaceForensics++_C23\Face2Face\855_801.mp4,1,Face2Face,c23
FaceForensics++,FaceForensics++__Face2Face__856_881.mp4,data\raw\FaceForensics++_C23\Face2Face\856_881.mp4,1,Face2Face,c23
FaceForensics++,FaceForensics++__Face2Face__857_909.mp4,data\raw\FaceForensics++_C23\Face2Face\857_909.mp4,1,Face2Face,c23
FaceForensics++,FaceForensics++__Face2Face__858_861.mp4,data\raw\FaceForensics++_C23\Face2Face\858_861.mp4,1,Face2Face,c23
FaceForensics++,FaceForensics++__Face2Face__860_905.mp4,data\raw\FaceForensics++_C23\Face2Face\860_905.mp4,1,Face2Face,c23
FaceForensics++,FaceForensics++__Face2Face__861_858.mp4,data\raw\FaceForensics++_C23\Face2Face\861_858.mp4,1,Face2Face,c23
FaceForensics++,FaceForensics++__Face2Face__862_047.mp4,data\raw\FaceForensics++_C23\Face2Face\862_047.mp4,1,Face2Face,c23
FaceForensics++,FaceForensics++__Face2Face__863_853.mp4,data\raw\FaceForensics++_C23\Face2Face\863_853.mp4,1,Face2Face,c23
FaceForensics++,FaceForensics++__Face2Face__865_739.mp4,data\raw\FaceForensics++_C23\Face2Face\865_739.mp4,1,Face2Face,c23
FaceForensics++,FaceForensics++__Face2Face__867_765.mp4,data\raw\FaceForensics++_C23\Face2Face\867_765.mp4,1,Face2Face,c23
FaceForensics++,FaceForensics++__Face2Face__868_949.mp4,data\raw\FaceForensics++_C23\Face2Face\868_949.mp4,1,Face2Face,c23
FaceForensics++,FaceForensics++__Face2Face__869_780.mp4,data\raw\FaceForensics++_C23\Face2Face\869_780.mp4,1,Face2Face,c23
FaceForensics++,FaceForensics++__Face2Face__870_001.mp4,data\raw\FaceForensics++_C23\Face2Face\870_001.mp4,1,Face2Face,c23
FaceForensics++,FaceForensics++__Face2Face__871_814.mp4,data\raw\FaceForensics++_C23\Face2Face\871_814.mp4,1,Face2Face,c23
FaceForensics++,FaceForensics++__Face2Face__872_873.mp4,data\raw\FaceForensics++_C23\Face2Face\872_873.mp4,1,Face2Face,c23
FaceForensics++,FaceForensics++__Face2Face__873_872.mp4,data\raw\FaceForensics++_C23\Face2Face\873_872.mp4,1,Face2Face,c23
FaceForensics++,FaceForensics++__Face2Face__874_291.mp4,data\raw\FaceForensics++_C23\Face2Face\874_291.mp4,1,Face2Face,c23
FaceForensics++,FaceForensics++__Face2Face__875_979.mp4,data\raw\FaceForensics++_C23\Face2Face\875_979.mp4,1,Face2Face,c23
FaceForensics++,FaceForensics++__Face2Face__877_886.mp4,data\raw\FaceForensics++_C23\Face2Face\877_886.mp4,1,Face2Face,c23
FaceForensics++,FaceForensics++__Face2Face__878_866.mp4,data\raw\FaceForensics++_C23\Face2Face\878_866.mp4,1,Face2Face,c23
FaceForensics++,FaceForensics++__Face2Face__879_963.mp4,data\raw\FaceForensics++_C23\Face2Face\879_963.mp4,1,Face2Face,c23
FaceForensics++,FaceForensics++__Face2Face__880_135.mp4,data\raw\FaceForensics++_C23\Face2Face\880_135.mp4,1,Face2Face,c23
FaceForensics++,FaceForensics++__Face2Face__883_013.mp4,data\raw\FaceForensics++_C23\Face2Face\883_013.mp4,1,Face2Face,c23
FaceForensics++,FaceForensics++__Face2Face__884_968.mp4,data\raw\FaceForensics++_C23\Face2Face\884_968.mp4,1,Face2Face,c23
FaceForensics++,FaceForensics++__Face2Face__885_802.mp4,data\raw\FaceForensics++_C23\Face2Face\885_802.mp4,1,Face2Face,c23
FaceForensics++,FaceForensics++__Face2Face__887_275.mp4,data\raw\FaceForensics++_C23\Face2Face\887_275.mp4,1,Face2Face,c23
FaceForensics++,FaceForensics++__Face2Face__888_937.mp4,data\raw\FaceForensics++_C23\Face2Face\888_937.mp4,1,Face2Face,c23
FaceForensics++,FaceForensics++__Face2Face__889_045.mp4,data\raw\FaceForensics++_C23\Face2Face\889_045.mp4,1,Face2Face,c23
FaceForensics++,FaceForensics++__Face2Face__890_837.mp4,data\raw\FaceForensics++_C23\Face2Face\890_837.mp4,1,Face2Face,c23
FaceForensics++,FaceForensics++__Face2Face__891_876.mp4,data\raw\FaceForensics++_C23\Face2Face\891_876.mp4,1,Face2Face,c23
FaceForensics++,FaceForensics++__Face2Face__892_112.mp4,data\raw\FaceForensics++_C23\Face2Face\892_112.mp4,1,Face2Face,c23
FaceForensics++,FaceForensics++__Face2Face__893_913.mp4,data\raw\FaceForensics++_C23\Face2Face\893_913.mp4,1,Face2Face,c23
FaceForensics++,FaceForensics++__Face2Face__894_848.mp4,data\raw\FaceForensics++_C23\Face2Face\894_848.mp4,1,Face2Face,c23
FaceForensics++,FaceForensics++__Face2Face__895_915.mp4,data\raw\FaceForensics++_C23\Face2Face\895_915.mp4,1,Face2Face,c23
FaceForensics++,FaceForensics++__Face2Face__896_128.mp4,data\raw\FaceForensics++_C23\Face2Face\896_128.mp4,1,Face2Face,c23
FaceForensics++,FaceForensics++__Face2Face__898_922.mp4,data\raw\FaceForensics++_C23\Face2Face\898_922.mp4,1,Face2Face,c23
FaceForensics++,FaceForensics++__Face2Face__899_914.mp4,data\raw\FaceForensics++_C23\Face2Face\899_914.mp4,1,Face2Face,c23
FaceForensics++,FaceForensics++__Face2Face__900_926.mp4,data\raw\FaceForensics++_C23\Face2Face\900_926.mp4,1,Face2Face,c23
FaceForensics++,FaceForensics++__Face2Face__901_902.mp4,data\raw\FaceForensics++_C23\Face2Face\901_902.mp4,1,Face2Face,c23
FaceForensics++,FaceForensics++__Face2Face__903_792.mp4,data\raw\FaceForensics++_C23\Face2Face\903_792.mp4,1,Face2Face,c23
FaceForensics++,FaceForensics++__Face2Face__904_046.mp4,data\raw\FaceForensics++_C23\Face2Face\904_046.mp4,1,Face2Face,c23
FaceForensics++,FaceForensics++__Face2Face__905_860.mp4,data\raw\FaceForensics++_C23\Face2Face\905_860.mp4,1,Face2Face,c23
FaceForensics++,FaceForensics++__Face2Face__907_795.mp4,data\raw\FaceForensics++_C23\Face2Face\907_795.mp4,1,Face2Face,c23
FaceForensics++,FaceForensics++__Face2Face__908_207.mp4,data\raw\FaceForensics++_C23\Face2Face\908_207.mp4,1,Face2Face,c23
FaceForensics++,FaceForensics++__Face2Face__909_857.mp4,data\raw\FaceForensics++_C23\Face2Face\909_857.mp4,1,Face2Face,c23
FaceForensics++,FaceForensics++__Face2Face__911_910.mp4,data\raw\FaceForensics++_C23\Face2Face\911_910.mp4,1,Face2Face,c23
FaceForensics++,FaceForensics++__Face2Face__912_927.mp4,data\raw\FaceForensics++_C23\Face2Face\912_927.mp4,1,Face2Face,c23
FaceForensics++,FaceForensics++__Face2Face__913_893.mp4,data\raw\FaceForensics++_C23\Face2Face\913_893.mp4,1,Face2Face,c23
FaceForensics++,FaceForensics++__Face2Face__914_899.mp4,data\raw\FaceForensics++_C23\Face2Face\914_899.mp4,1,Face2Face,c23
FaceForensics++,FaceForensics++__Face2Face__915_895.mp4,data\raw\FaceForensics++_C23\Face2Face\915_895.mp4,1,Face2Face,c23
FaceForensics++,FaceForensics++__Face2Face__916_783.mp4,data\raw\FaceForensics++_C23\Face2Face\916_783.mp4,1,Face2Face,c23
FaceForensics++,FaceForensics++__Face2Face__917_924.mp4,data\raw\FaceForensics++_C23\Face2Face\917_924.mp4,1,Face2Face,c23
FaceForensics++,FaceForensics++__Face2Face__918_934.mp4,data\raw\FaceForensics++_C23\Face2Face\918_934.mp4,1,Face2Face,c23
FaceForensics++,FaceForensics++__Face2Face__919_015.mp4,data\raw\FaceForensics++_C23\Face2Face\919_015.mp4,1,Face2Face,c23
FaceForensics++,FaceForensics++__Face2Face__920_811.mp4,data\raw\FaceForensics++_C23\Face2Face\920_811.mp4,1,Face2Face,c23
FaceForensics++,FaceForensics++__Face2Face__921_569.mp4,data\raw\FaceForensics++_C23\Face2Face\921_569.mp4,1,Face2Face,c23
FaceForensics++,FaceForensics++__Face2Face__922_898.mp4,data\raw\FaceForensics++_C23\Face2Face\922_898.mp4,1,Face2Face,c23
FaceForensics++,FaceForensics++__Face2Face__923_023.mp4,data\raw\FaceForensics++_C23\Face2Face\923_023.mp4,1,Face2Face,c23
FaceForensics++,FaceForensics++__Face2Face__924_917.mp4,data\raw\FaceForensics++_C23\Face2Face\924_917.mp4,1,Face2Face,c23
FaceForensics++,FaceForensics++__Face2Face__925_933.mp4,data\raw\FaceForensics++_C23\Face2Face\925_933.mp4,1,Face2Face,c23
FaceForensics++,FaceForensics++__Face2Face__926_900.mp4,data\raw\FaceForensics++_C23\Face2Face\926_900.mp4,1,Face2Face,c23
FaceForensics++,FaceForensics++__Face2Face__927_912.mp4,data\raw\FaceForensics++_C23\Face2Face\927_912.mp4,1,Face2Face,c23
FaceForensics++,FaceForensics++__Face2Face__928_160.mp4,data\raw\FaceForensics++_C23\Face2Face\928_160.mp4,1,Face2Face,c23
FaceForensics++,FaceForensics++__Face2Face__929_962.mp4,data\raw\FaceForensics++_C23\Face2Face\929_962.mp4,1,Face2Face,c23
FaceForensics++,FaceForensics++__Face2Face__930_763.mp4,data\raw\FaceForensics++_C23\Face2Face\930_763.mp4,1,Face2Face,c23
FaceForensics++,FaceForensics++__Face2Face__932_384.mp4,data\raw\FaceForensics++_C23\Face2Face\932_384.mp4,1,Face2Face,c23
FaceForensics++,FaceForensics++__Face2Face__933_925.mp4,data\raw\FaceForensics++_C23\Face2Face\933_925.mp4,1,Face2Face,c23
FaceForensics++,FaceForensics++__Face2Face__934_918.mp4,data\raw\FaceForensics++_C23\Face2Face\934_918.mp4,1,Face2Face,c23
FaceForensics++,FaceForensics++__Face2Face__935_733.mp4,data\raw\FaceForensics++_C23\Face2Face\935_733.mp4,1,Face2Face,c23
FaceForensics++,FaceForensics++__Face2Face__937_888.mp4,data\raw\FaceForensics++_C23\Face2Face\937_888.mp4,1,Face2Face,c23
FaceForensics++,FaceForensics++__Face2Face__938_987.mp4,data\raw\FaceForensics++_C23\Face2Face\938_987.mp4,1,Face2Face,c23
FaceForensics++,FaceForensics++__Face2Face__939_115.mp4,data\raw\FaceForensics++_C23\Face2Face\939_115.mp4,1,Face2Face,c23
FaceForensics++,FaceForensics++__Face2Face__941_940.mp4,data\raw\FaceForensics++_C23\Face2Face\941_940.mp4,1,Face2Face,c23
FaceForensics++,FaceForensics++__Face2Face__942_943.mp4,data\raw\FaceForensics++_C23\Face2Face\942_943.mp4,1,Face2Face,c23
FaceForensics++,FaceForensics++__Face2Face__943_942.mp4,data\raw\FaceForensics++_C23\Face2Face\943_942.mp4,1,Face2Face,c23
FaceForensics++,FaceForensics++__Face2Face__944_032.mp4,data\raw\FaceForensics++_C23\Face2Face\944_032.mp4,1,Face2Face,c23
FaceForensics++,FaceForensics++__Face2Face__945_044.mp4,data\raw\FaceForensics++_C23\Face2Face\945_044.mp4,1,Face2Face,c23
FaceForensics++,FaceForensics++__Face2Face__946_049.mp4,data\raw\FaceForensics++_C23\Face2Face\946_049.mp4,1,Face2Face,c23
FaceForensics++,FaceForensics++__Face2Face__947_951.mp4,data\raw\FaceForensics++_C23\Face2Face\947_951.mp4,1,Face2Face,c23
FaceForensics++,FaceForensics++__Face2Face__948_965.mp4,data\raw\FaceForensics++_C23\Face2Face\948_965.mp4,1,Face2Face,c23
FaceForensics++,FaceForensics++__Face2Face__949_868.mp4,data\raw\FaceForensics++_C23\Face2Face\949_868.mp4,1,Face2Face,c23
FaceForensics++,FaceForensics++__Face2Face__950_836.mp4,data\raw\FaceForensics++_C23\Face2Face\950_836.mp4,1,Face2Face,c23
FaceForensics++,FaceForensics++__Face2Face__951_947.mp4,data\raw\FaceForensics++_C23\Face2Face\951_947.mp4,1,Face2Face,c23
FaceForensics++,FaceForensics++__Face2Face__952_882.mp4,data\raw\FaceForensics++_C23\Face2Face\952_882.mp4,1,Face2Face,c23
FaceForensics++,FaceForensics++__Face2Face__953_974.mp4,data\raw\FaceForensics++_C23\Face2Face\953_974.mp4,1,Face2Face,c23
FaceForensics++,FaceForensics++__Face2Face__954_976.mp4,data\raw\FaceForensics++_C23\Face2Face\954_976.mp4,1,Face2Face,c23
FaceForensics++,FaceForensics++__Face2Face__955_078.mp4,data\raw\FaceForensics++_C23\Face2Face\955_078.mp4,1,Face2Face,c23
FaceForensics++,FaceForensics++__Face2Face__957_959.mp4,data\raw\FaceForensics++_C23\Face2Face\957_959.mp4,1,Face2Face,c23
FaceForensics++,FaceForensics++__Face2Face__958_956.mp4,data\raw\FaceForensics++_C23\Face2Face\958_956.mp4,1,Face2Face,c23
FaceForensics++,FaceForensics++__Face2Face__959_957.mp4,data\raw\FaceForensics++_C23\Face2Face\959_957.mp4,1,Face2Face,c23
FaceForensics++,FaceForensics++__Face2Face__960_999.mp4,data\raw\FaceForensics++_C23\Face2Face\960_999.mp4,1,Face2Face,c23
FaceForensics++,FaceForensics++__Face2Face__961_069.mp4,data\raw\FaceForensics++_C23\Face2Face\961_069.mp4,1,Face2Face,c23
FaceForensics++,FaceForensics++__Face2Face__964_174.mp4,data\raw\FaceForensics++_C23\Face2Face\964_174.mp4,1,Face2Face,c23
FaceForensics++,FaceForensics++__Face2Face__966_988.mp4,data\raw\FaceForensics++_C23\Face2Face\966_988.mp4,1,Face2Face,c23
FaceForensics++,FaceForensics++__Face2Face__968_884.mp4,data\raw\FaceForensics++_C23\Face2Face\968_884.mp4,1,Face2Face,c23
FaceForensics++,FaceForensics++__Face2Face__969_897.mp4,data\raw\FaceForensics++_C23\Face2Face\969_897.mp4,1,Face2Face,c23
FaceForensics++,FaceForensics++__Face2Face__970_973.mp4,data\raw\FaceForensics++_C23\Face2Face\970_973.mp4,1,Face2Face,c23
FaceForensics++,FaceForensics++__Face2Face__971_564.mp4,data\raw\FaceForensics++_C23\Face2Face\971_564.mp4,1,Face2Face,c23
FaceForensics++,FaceForensics++__Face2Face__972_718.mp4,data\raw\FaceForensics++_C23\Face2Face\972_718.mp4,1,Face2Face,c23
FaceForensics++,FaceForensics++__Face2Face__974_953.mp4,data\raw\FaceForensics++_C23\Face2Face\974_953.mp4,1,Face2Face,c23
FaceForensics++,FaceForensics++__Face2Face__975_978.mp4,data\raw\FaceForensics++_C23\Face2Face\975_978.mp4,1,Face2Face,c23
FaceForensics++,FaceForensics++__Face2Face__976_954.mp4,data\raw\FaceForensics++_C23\Face2Face\976_954.mp4,1,Face2Face,c23
FaceForensics++,FaceForensics++__Face2Face__977_075.mp4,data\raw\FaceForensics++_C23\Face2Face\977_075.mp4,1,Face2Face,c23
FaceForensics++,FaceForensics++__Face2Face__978_975.mp4,data\raw\FaceForensics++_C23\Face2Face\978_975.mp4,1,Face2Face,c23
FaceForensics++,FaceForensics++__Face2Face__979_875.mp4,data\raw\FaceForensics++_C23\Face2Face\979_875.mp4,1,Face2Face,c23
FaceForensics++,FaceForensics++__Face2Face__980_992.mp4,data\raw\FaceForensics++_C23\Face2Face\980_992.mp4,1,Face2Face,c23
FaceForensics++,FaceForensics++__Face2Face__981_985.mp4,data\raw\FaceForensics++_C23\Face2Face\981_985.mp4,1,Face2Face,c23
FaceForensics++,FaceForensics++__Face2Face__982_004.mp4,data\raw\FaceForensics++_C23\Face2Face\982_004.mp4,1,Face2Face,c23
FaceForensics++,FaceForensics++__Face2Face__984_967.mp4,data\raw\FaceForensics++_C23\Face2Face\984_967.mp4,1,Face2Face,c23
FaceForensics++,FaceForensics++__Face2Face__985_981.mp4,data\raw\FaceForensics++_C23\Face2Face\985_981.mp4,1,Face2Face,c23
FaceForensics++,FaceForensics++__Face2Face__986_994.mp4,data\raw\FaceForensics++_C23\Face2Face\986_994.mp4,1,Face2Face,c23
FaceForensics++,FaceForensics++__Face2Face__989_993.mp4,data\raw\FaceForensics++_C23\Face2Face\989_993.mp4,1,Face2Face,c23
FaceForensics++,FaceForensics++__Face2Face__990_008.mp4,data\raw\FaceForensics++_C23\Face2Face\990_008.mp4,1,Face2Face,c23
FaceForensics++,FaceForensics++__Face2Face__991_064.mp4,data\raw\FaceForensics++_C23\Face2Face\991_064.mp4,1,Face2Face,c23
FaceForensics++,FaceForensics++__Face2Face__992_980.mp4,data\raw\FaceForensics++_C23\Face2Face\992_980.mp4,1,Face2Face,c23
FaceForensics++,FaceForensics++__Face2Face__993_989.mp4,data\raw\FaceForensics++_C23\Face2Face\993_989.mp4,1,Face2Face,c23
FaceForensics++,FaceForensics++__Face2Face__994_986.mp4,data\raw\FaceForensics++_C23\Face2Face\994_986.mp4,1,Face2Face,c23
FaceForensics++,FaceForensics++__Face2Face__995_233.mp4,data\raw\FaceForensics++_C23\Face2Face\995_233.mp4,1,Face2Face,c23
FaceForensics++,FaceForensics++__Face2Face__996_056.mp4,data\raw\FaceForensics++_C23\Face2Face\996_056.mp4,1,Face2Face,c23
FaceForensics++,FaceForensics++__Face2Face__997_040.mp4,data\raw\FaceForensics++_C23\Face2Face\997_040.mp4,1,Face2Face,c23
FaceForensics++,FaceForensics++__Face2Face__998_561.mp4,data\raw\FaceForensics++_C23\Face2Face\998_561.mp4,1,Face2Face,c23
FaceForensics++,FaceForensics++__Face2Face__999_960.mp4,data\raw\FaceForensics++_C23\Face2Face\999_960.mp4,1,Face2Face,c23
FaceForensics++,FaceForensics++__FaceSwap__000_003.mp4,data\raw\FaceForensics++_C23\FaceSwap\000_003.mp4,1,FaceSwap,c23
FaceForensics++,FaceForensics++__FaceSwap__001_870.mp4,data\raw\FaceForensics++_C23\FaceSwap\001_870.mp4,1,FaceSwap,c23
FaceForensics++,FaceForensics++__FaceSwap__002_006.mp4,data\raw\FaceForensics++_C23\FaceSwap\002_006.mp4,1,FaceSwap,c23
FaceForensics++,FaceForensics++__FaceSwap__003_000.mp4,data\raw\FaceForensics++_C23\FaceSwap\003_000.mp4,1,FaceSwap,c23
FaceForensics++,FaceForensics++__FaceSwap__004_982.mp4,data\raw\FaceForensics++_C23\FaceSwap\004_982.mp4,1,FaceSwap,c23
FaceForensics++,FaceForensics++__FaceSwap__005_010.mp4,data\raw\FaceForensics++_C23\FaceSwap\005_010.mp4,1,FaceSwap,c23
FaceForensics++,FaceForensics++__FaceSwap__006_002.mp4,data\raw\FaceForensics++_C23\FaceSwap\006_002.mp4,1,FaceSwap,c23
FaceForensics++,FaceForensics++__FaceSwap__007_132.mp4,data\raw\FaceForensics++_C23\FaceSwap\007_132.mp4,1,FaceSwap,c23
FaceForensics++,FaceForensics++__FaceSwap__008_990.mp4,data\raw\FaceForensics++_C23\FaceSwap\008_990.mp4,1,FaceSwap,c23
FaceForensics++,FaceForensics++__FaceSwap__009_027.mp4,data\raw\FaceForensics++_C23\FaceSwap\009_027.mp4,1,FaceSwap,c23
FaceForensics++,FaceForensics++__FaceSwap__010_005.mp4,data\raw\FaceForensics++_C23\FaceSwap\010_005.mp4,1,FaceSwap,c23
FaceForensics++,FaceForensics++__FaceSwap__011_805.mp4,data\raw\FaceForensics++_C23\FaceSwap\011_805.mp4,1,FaceSwap,c23
FaceForensics++,FaceForensics++__FaceSwap__012_026.mp4,data\raw\FaceForensics++_C23\FaceSwap\012_026.mp4,1,FaceSwap,c23
FaceForensics++,FaceForensics++__FaceSwap__013_883.mp4,data\raw\FaceForensics++_C23\FaceSwap\013_883.mp4,1,FaceSwap,c23
FaceForensics++,FaceForensics++__FaceSwap__014_790.mp4,data\raw\FaceForensics++_C23\FaceSwap\014_790.mp4,1,FaceSwap,c23
FaceForensics++,FaceForensics++__FaceSwap__015_919.mp4,data\raw\FaceForensics++_C23\FaceSwap\015_919.mp4,1,FaceSwap,c23
FaceForensics++,FaceForensics++__FaceSwap__016_209.mp4,data\raw\FaceForensics++_C23\FaceSwap\016_209.mp4,1,FaceSwap,c23
FaceForensics++,FaceForensics++__FaceSwap__017_803.mp4,data\raw\FaceForensics++_C23\FaceSwap\017_803.mp4,1,FaceSwap,c23
FaceForensics++,FaceForensics++__FaceSwap__018_019.mp4,data\raw\FaceForensics++_C23\FaceSwap\018_019.mp4,1,FaceSwap,c23
FaceForensics++,FaceForensics++__FaceSwap__019_018.mp4,data\raw\FaceForensics++_C23\FaceSwap\019_018.mp4,1,FaceSwap,c23
FaceForensics++,FaceForensics++__FaceSwap__020_344.mp4,data\raw\FaceForensics++_C23\FaceSwap\020_344.mp4,1,FaceSwap,c23
FaceForensics++,FaceForensics++__FaceSwap__022_489.mp4,data\raw\FaceForensics++_C23\FaceSwap\022_489.mp4,1,FaceSwap,c23
FaceForensics++,FaceForensics++__FaceSwap__025_067.mp4,data\raw\FaceForensics++_C23\FaceSwap\025_067.mp4,1,FaceSwap,c23
FaceForensics++,FaceForensics++__FaceSwap__026_012.mp4,data\raw\FaceForensics++_C23\FaceSwap\026_012.mp4,1,FaceSwap,c23
FaceForensics++,FaceForensics++__FaceSwap__028_068.mp4,data\raw\FaceForensics++_C23\FaceSwap\028_068.mp4,1,FaceSwap,c23
FaceForensics++,FaceForensics++__FaceSwap__029_048.mp4,data\raw\FaceForensics++_C23\FaceSwap\029_048.mp4,1,FaceSwap,c23
FaceForensics++,FaceForensics++__FaceSwap__030_193.mp4,data\raw\FaceForensics++_C23\FaceSwap\030_193.mp4,1,FaceSwap,c23
FaceForensics++,FaceForensics++__FaceSwap__031_163.mp4,data\raw\FaceForensics++_C23\FaceSwap\031_163.mp4,1,FaceSwap,c23
FaceForensics++,FaceForensics++__FaceSwap__033_097.mp4,data\raw\FaceForensics++_C23\FaceSwap\033_097.mp4,1,FaceSwap,c23
FaceForensics++,FaceForensics++__FaceSwap__034_590.mp4,data\raw\FaceForensics++_C23\FaceSwap\034_590.mp4,1,FaceSwap,c23
FaceForensics++,FaceForensics++__FaceSwap__036_035.mp4,data\raw\FaceForensics++_C23\FaceSwap\036_035.mp4,1,FaceSwap,c23
FaceForensics++,FaceForensics++__FaceSwap__037_072.mp4,data\raw\FaceForensics++_C23\FaceSwap\037_072.mp4,1,FaceSwap,c23
FaceForensics++,FaceForensics++__FaceSwap__038_125.mp4,data\raw\FaceForensics++_C23\FaceSwap\038_125.mp4,1,FaceSwap,c23
FaceForensics++,FaceForensics++__FaceSwap__039_058.mp4,data\raw\FaceForensics++_C23\FaceSwap\039_058.mp4,1,FaceSwap,c23
FaceForensics++,FaceForensics++__FaceSwap__040_997.mp4,data\raw\FaceForensics++_C23\FaceSwap\040_997.mp4,1,FaceSwap,c23
FaceForensics++,FaceForensics++__FaceSwap__041_063.mp4,data\raw\FaceForensics++_C23\FaceSwap\041_063.mp4,1,FaceSwap,c23
FaceForensics++,FaceForensics++__FaceSwap__042_084.mp4,data\raw\FaceForensics++_C23\FaceSwap\042_084.mp4,1,FaceSwap,c23
FaceForensics++,FaceForensics++__FaceSwap__043_110.mp4,data\raw\FaceForensics++_C23\FaceSwap\043_110.mp4,1,FaceSwap,c23
FaceForensics++,FaceForensics++__FaceSwap__044_945.mp4,data\raw\FaceForensics++_C23\FaceSwap\044_945.mp4,1,FaceSwap,c23
FaceForensics++,FaceForensics++__FaceSwap__045_889.mp4,data\raw\FaceForensics++_C23\FaceSwap\045_889.mp4,1,FaceSwap,c23
FaceForensics++,FaceForensics++__FaceSwap__046_904.mp4,data\raw\FaceForensics++_C23\FaceSwap\046_904.mp4,1,FaceSwap,c23
FaceForensics++,FaceForensics++__FaceSwap__047_862.mp4,data\raw\FaceForensics++_C23\FaceSwap\047_862.mp4,1,FaceSwap,c23
FaceForensics++,FaceForensics++__FaceSwap__048_029.mp4,data\raw\FaceForensics++_C23\FaceSwap\048_029.mp4,1,FaceSwap,c23
FaceForensics++,FaceForensics++__FaceSwap__049_946.mp4,data\raw\FaceForensics++_C23\FaceSwap\049_946.mp4,1,FaceSwap,c23
FaceForensics++,FaceForensics++__FaceSwap__050_059.mp4,data\raw\FaceForensics++_C23\FaceSwap\050_059.mp4,1,FaceSwap,c23
FaceForensics++,FaceForensics++__FaceSwap__051_332.mp4,data\raw\FaceForensics++_C23\FaceSwap\051_332.mp4,1,FaceSwap,c23
FaceForensics++,FaceForensics++__FaceSwap__052_108.mp4,data\raw\FaceForensics++_C23\FaceSwap\052_108.mp4,1,FaceSwap,c23
FaceForensics++,FaceForensics++__FaceSwap__053_095.mp4,data\raw\FaceForensics++_C23\FaceSwap\053_095.mp4,1,FaceSwap,c23
FaceForensics++,FaceForensics++__FaceSwap__054_071.mp4,data\raw\FaceForensics++_C23\FaceSwap\054_071.mp4,1,FaceSwap,c23
FaceForensics++,FaceForensics++__FaceSwap__055_147.mp4,data\raw\FaceForensics++_C23\FaceSwap\055_147.mp4,1,FaceSwap,c23
FaceForensics++,FaceForensics++__FaceSwap__056_996.mp4,data\raw\FaceForensics++_C23\FaceSwap\056_996.mp4,1,FaceSwap,c23
FaceForensics++,FaceForensics++__FaceSwap__057_070.mp4,data\raw\FaceForensics++_C23\FaceSwap\057_070.mp4,1,FaceSwap,c23
FaceForensics++,FaceForensics++__FaceSwap__058_039.mp4,data\raw\FaceForensics++_C23\FaceSwap\058_039.mp4,1,FaceSwap,c23
FaceForensics++,FaceForensics++__FaceSwap__060_088.mp4,data\raw\FaceForensics++_C23\FaceSwap\060_088.mp4,1,FaceSwap,c23
FaceForensics++,FaceForensics++__FaceSwap__061_080.mp4,data\raw\FaceForensics++_C23\FaceSwap\061_080.mp4,1,FaceSwap,c23
FaceForensics++,FaceForensics++__FaceSwap__062_066.mp4,data\raw\FaceForensics++_C23\FaceSwap\062_066.mp4,1,FaceSwap,c23
FaceForensics++,FaceForensics++__FaceSwap__064_991.mp4,data\raw\FaceForensics++_C23\FaceSwap\064_991.mp4,1,FaceSwap,c23
FaceForensics++,FaceForensics++__FaceSwap__065_089.mp4,data\raw\FaceForensics++_C23\FaceSwap\065_089.mp4,1,FaceSwap,c23
FaceForensics++,FaceForensics++__FaceSwap__066_062.mp4,data\raw\FaceForensics++_C23\FaceSwap\066_062.mp4,1,FaceSwap,c23
FaceForensics++,FaceForensics++__FaceSwap__067_025.mp4,data\raw\FaceForensics++_C23\FaceSwap\067_025.mp4,1,FaceSwap,c23
FaceForensics++,FaceForensics++__FaceSwap__068_028.mp4,data\raw\FaceForensics++_C23\FaceSwap\068_028.mp4,1,FaceSwap,c23
FaceForensics++,FaceForensics++__FaceSwap__069_961.mp4,data\raw\FaceForensics++_C23\FaceSwap\069_961.mp4,1,FaceSwap,c23
FaceForensics++,FaceForensics++__FaceSwap__071_054.mp4,data\raw\FaceForensics++_C23\FaceSwap\071_054.mp4,1,FaceSwap,c23
FaceForensics++,FaceForensics++__FaceSwap__072_037.mp4,data\raw\FaceForensics++_C23\FaceSwap\072_037.mp4,1,FaceSwap,c23
FaceForensics++,FaceForensics++__FaceSwap__073_024.mp4,data\raw\FaceForensics++_C23\FaceSwap\073_024.mp4,1,FaceSwap,c23
FaceForensics++,FaceForensics++__FaceSwap__075_977.mp4,data\raw\FaceForensics++_C23\FaceSwap\075_977.mp4,1,FaceSwap,c23
FaceForensics++,FaceForensics++__FaceSwap__076_079.mp4,data\raw\FaceForensics++_C23\FaceSwap\076_079.mp4,1,FaceSwap,c23
FaceForensics++,FaceForensics++__FaceSwap__077_100.mp4,data\raw\FaceForensics++_C23\FaceSwap\077_100.mp4,1,FaceSwap,c23
FaceForensics++,FaceForensics++__FaceSwap__078_955.mp4,data\raw\FaceForensics++_C23\FaceSwap\078_955.mp4,1,FaceSwap,c23
FaceForensics++,FaceForensics++__FaceSwap__079_076.mp4,data\raw\FaceForensics++_C23\FaceSwap\079_076.mp4,1,FaceSwap,c23
FaceForensics++,FaceForensics++__FaceSwap__080_061.mp4,data\raw\FaceForensics++_C23\FaceSwap\080_061.mp4,1,FaceSwap,c23
FaceForensics++,FaceForensics++__FaceSwap__081_087.mp4,data\raw\FaceForensics++_C23\FaceSwap\081_087.mp4,1,FaceSwap,c23
FaceForensics++,FaceForensics++__FaceSwap__082_103.mp4,data\raw\FaceForensics++_C23\FaceSwap\082_103.mp4,1,FaceSwap,c23
FaceForensics++,FaceForensics++__FaceSwap__083_213.mp4,data\raw\FaceForensics++_C23\FaceSwap\083_213.mp4,1,FaceSwap,c23
FaceForensics++,FaceForensics++__FaceSwap__084_042.mp4,data\raw\FaceForensics++_C23\FaceSwap\084_042.mp4,1,FaceSwap,c23
FaceForensics++,FaceForensics++__FaceSwap__085_124.mp4,data\raw\FaceForensics++_C23\FaceSwap\085_124.mp4,1,FaceSwap,c23
FaceForensics++,FaceForensics++__FaceSwap__086_090.mp4,data\raw\FaceForensics++_C23\FaceSwap\086_090.mp4,1,FaceSwap,c23
FaceForensics++,FaceForensics++__FaceSwap__087_081.mp4,data\raw\FaceForensics++_C23\FaceSwap\087_081.mp4,1,FaceSwap,c23
FaceForensics++,FaceForensics++__FaceSwap__088_060.mp4,data\raw\FaceForensics++_C23\FaceSwap\088_060.mp4,1,FaceSwap,c23
FaceForensics++,FaceForensics++__FaceSwap__089_065.mp4,data\raw\FaceForensics++_C23\FaceSwap\089_065.mp4,1,FaceSwap,c23
FaceForensics++,FaceForensics++__FaceSwap__091_116.mp4,data\raw\FaceForensics++_C23\FaceSwap\091_116.mp4,1,FaceSwap,c23
FaceForensics++,FaceForensics++__FaceSwap__092_098.mp4,data\raw\FaceForensics++_C23\FaceSwap\092_098.mp4,1,FaceSwap,c23
FaceForensics++,FaceForensics++__FaceSwap__093_121.mp4,data\raw\FaceForensics++_C23\FaceSwap\093_121.mp4,1,FaceSwap,c23
FaceForensics++,FaceForensics++__FaceSwap__094_111.mp4,data\raw\FaceForensics++_C23\FaceSwap\094_111.mp4,1,FaceSwap,c23
FaceForensics++,FaceForensics++__FaceSwap__095_053.mp4,data\raw\FaceForensics++_C23\FaceSwap\095_053.mp4,1,FaceSwap,c23
FaceForensics++,FaceForensics++__FaceSwap__096_101.mp4,data\raw\FaceForensics++_C23\FaceSwap\096_101.mp4,1,FaceSwap,c23
FaceForensics++,FaceForensics++__FaceSwap__097_033.mp4,data\raw\FaceForensics++_C23\FaceSwap\097_033.mp4,1,FaceSwap,c23
FaceForensics++,FaceForensics++__FaceSwap__098_092.mp4,data\raw\FaceForensics++_C23\FaceSwap\098_092.mp4,1,FaceSwap,c23
FaceForensics++,FaceForensics++__FaceSwap__099_295.mp4,data\raw\FaceForensics++_C23\FaceSwap\099_295.mp4,1,FaceSwap,c23
FaceForensics++,FaceForensics++__FaceSwap__101_096.mp4,data\raw\FaceForensics++_C23\FaceSwap\101_096.mp4,1,FaceSwap,c23
FaceForensics++,FaceForensics++__FaceSwap__102_114.mp4,data\raw\FaceForensics++_C23\FaceSwap\102_114.mp4,1,FaceSwap,c23
FaceForensics++,FaceForensics++__FaceSwap__103_082.mp4,data\raw\FaceForensics++_C23\FaceSwap\103_082.mp4,1,FaceSwap,c23
FaceForensics++,FaceForensics++__FaceSwap__106_198.mp4,data\raw\FaceForensics++_C23\FaceSwap\106_198.mp4,1,FaceSwap,c23
FaceForensics++,FaceForensics++__FaceSwap__107_109.mp4,data\raw\FaceForensics++_C23\FaceSwap\107_109.mp4,1,FaceSwap,c23
FaceForensics++,FaceForensics++__FaceSwap__109_107.mp4,data\raw\FaceForensics++_C23\FaceSwap\109_107.mp4,1,FaceSwap,c23
FaceForensics++,FaceForensics++__FaceSwap__110_043.mp4,data\raw\FaceForensics++_C23\FaceSwap\110_043.mp4,1,FaceSwap,c23
FaceForensics++,FaceForensics++__FaceSwap__111_094.mp4,data\raw\FaceForensics++_C23\FaceSwap\111_094.mp4,1,FaceSwap,c23
FaceForensics++,FaceForensics++__FaceSwap__114_102.mp4,data\raw\FaceForensics++_C23\FaceSwap\114_102.mp4,1,FaceSwap,c23
FaceForensics++,FaceForensics++__FaceSwap__115_939.mp4,data\raw\FaceForensics++_C23\FaceSwap\115_939.mp4,1,FaceSwap,c23
FaceForensics++,FaceForensics++__FaceSwap__117_217.mp4,data\raw\FaceForensics++_C23\FaceSwap\117_217.mp4,1,FaceSwap,c23
FaceForensics++,FaceForensics++__FaceSwap__118_120.mp4,data\raw\FaceForensics++_C23\FaceSwap\118_120.mp4,1,FaceSwap,c23
FaceForensics++,FaceForensics++__FaceSwap__119_123.mp4,data\raw\FaceForensics++_C23\FaceSwap\119_123.mp4,1,FaceSwap,c23
FaceForensics++,FaceForensics++__FaceSwap__120_118.mp4,data\raw\FaceForensics++_C23\FaceSwap\120_118.mp4,1,FaceSwap,c23
FaceForensics++,FaceForensics++__FaceSwap__121_093.mp4,data\raw\FaceForensics++_C23\FaceSwap\121_093.mp4,1,FaceSwap,c23
FaceForensics++,FaceForensics++__FaceSwap__122_144.mp4,data\raw\FaceForensics++_C23\FaceSwap\122_144.mp4,1,FaceSwap,c23
FaceForensics++,FaceForensics++__FaceSwap__125_038.mp4,data\raw\FaceForensics++_C23\FaceSwap\125_038.mp4,1,FaceSwap,c23
FaceForensics++,FaceForensics++__FaceSwap__127_129.mp4,data\raw\FaceForensics++_C23\FaceSwap\127_129.mp4,1,FaceSwap,c23
FaceForensics++,FaceForensics++__FaceSwap__128_896.mp4,data\raw\FaceForensics++_C23\FaceSwap\128_896.mp4,1,FaceSwap,c23
FaceForensics++,FaceForensics++__FaceSwap__129_127.mp4,data\raw\FaceForensics++_C23\FaceSwap\129_127.mp4,1,FaceSwap,c23
FaceForensics++,FaceForensics++__FaceSwap__130_139.mp4,data\raw\FaceForensics++_C23\FaceSwap\130_139.mp4,1,FaceSwap,c23
FaceForensics++,FaceForensics++__FaceSwap__131_518.mp4,data\raw\FaceForensics++_C23\FaceSwap\131_518.mp4,1,FaceSwap,c23
FaceForensics++,FaceForensics++__FaceSwap__132_007.mp4,data\raw\FaceForensics++_C23\FaceSwap\132_007.mp4,1,FaceSwap,c23
FaceForensics++,FaceForensics++__FaceSwap__134_192.mp4,data\raw\FaceForensics++_C23\FaceSwap\134_192.mp4,1,FaceSwap,c23
FaceForensics++,FaceForensics++__FaceSwap__135_880.mp4,data\raw\FaceForensics++_C23\FaceSwap\135_880.mp4,1,FaceSwap,c23
FaceForensics++,FaceForensics++__FaceSwap__136_285.mp4,data\raw\FaceForensics++_C23\FaceSwap\136_285.mp4,1,FaceSwap,c23
FaceForensics++,FaceForensics++__FaceSwap__138_142.mp4,data\raw\FaceForensics++_C23\FaceSwap\138_142.mp4,1,FaceSwap,c23
FaceForensics++,FaceForensics++__FaceSwap__139_130.mp4,data\raw\FaceForensics++_C23\FaceSwap\139_130.mp4,1,FaceSwap,c23
FaceForensics++,FaceForensics++__FaceSwap__140_143.mp4,data\raw\FaceForensics++_C23\FaceSwap\140_143.mp4,1,FaceSwap,c23
FaceForensics++,FaceForensics++__FaceSwap__141_161.mp4,data\raw\FaceForensics++_C23\FaceSwap\141_161.mp4,1,FaceSwap,c23
FaceForensics++,FaceForensics++__FaceSwap__143_140.mp4,data\raw\FaceForensics++_C23\FaceSwap\143_140.mp4,1,FaceSwap,c23
FaceForensics++,FaceForensics++__FaceSwap__144_122.mp4,data\raw\FaceForensics++_C23\FaceSwap\144_122.mp4,1,FaceSwap,c23
FaceForensics++,FaceForensics++__FaceSwap__146_256.mp4,data\raw\FaceForensics++_C23\FaceSwap\146_256.mp4,1,FaceSwap,c23
FaceForensics++,FaceForensics++__FaceSwap__147_055.mp4,data\raw\FaceForensics++_C23\FaceSwap\147_055.mp4,1,FaceSwap,c23
FaceForensics++,FaceForensics++__FaceSwap__148_133.mp4,data\raw\FaceForensics++_C23\FaceSwap\148_133.mp4,1,FaceSwap,c23
FaceForensics++,FaceForensics++__FaceSwap__149_152.mp4,data\raw\FaceForensics++_C23\FaceSwap\149_152.mp4,1,FaceSwap,c23
FaceForensics++,FaceForensics++__FaceSwap__150_153.mp4,data\raw\FaceForensics++_C23\FaceSwap\150_153.mp4,1,FaceSwap,c23
FaceForensics++,FaceForensics++__FaceSwap__153_150.mp4,data\raw\FaceForensics++_C23\FaceSwap\153_150.mp4,1,FaceSwap,c23
FaceForensics++,FaceForensics++__FaceSwap__154_386.mp4,data\raw\FaceForensics++_C23\FaceSwap\154_386.mp4,1,FaceSwap,c23
FaceForensics++,FaceForensics++__FaceSwap__156_243.mp4,data\raw\FaceForensics++_C23\FaceSwap\156_243.mp4,1,FaceSwap,c23
FaceForensics++,FaceForensics++__FaceSwap__157_245.mp4,data\raw\FaceForensics++_C23\FaceSwap\157_245.mp4,1,FaceSwap,c23
FaceForensics++,FaceForensics++__FaceSwap__158_379.mp4,data\raw\FaceForensics++_C23\FaceSwap\158_379.mp4,1,FaceSwap,c23
FaceForensics++,FaceForensics++__FaceSwap__159_175.mp4,data\raw\FaceForensics++_C23\FaceSwap\159_175.mp4,1,FaceSwap,c23
FaceForensics++,FaceForensics++__FaceSwap__160_928.mp4,data\raw\FaceForensics++_C23\FaceSwap\160_928.mp4,1,FaceSwap,c23
FaceForensics++,FaceForensics++__FaceSwap__161_141.mp4,data\raw\FaceForensics++_C23\FaceSwap\161_141.mp4,1,FaceSwap,c23
FaceForensics++,FaceForensics++__FaceSwap__163_031.mp4,data\raw\FaceForensics++_C23\FaceSwap\163_031.mp4,1,FaceSwap,c23
FaceForensics++,FaceForensics++__FaceSwap__164_216.mp4,data\raw\FaceForensics++_C23\FaceSwap\164_216.mp4,1,FaceSwap,c23
FaceForensics++,FaceForensics++__FaceSwap__165_137.mp4,data\raw\FaceForensics++_C23\FaceSwap\165_137.mp4,1,FaceSwap,c23
FaceForensics++,FaceForensics++__FaceSwap__166_167.mp4,data\raw\FaceForensics++_C23\FaceSwap\166_167.mp4,1,FaceSwap,c23
FaceForensics++,FaceForensics++__FaceSwap__167_166.mp4,data\raw\FaceForensics++_C23\FaceSwap\167_166.mp4,1,FaceSwap,c23
FaceForensics++,FaceForensics++__FaceSwap__168_222.mp4,data\raw\FaceForensics++_C23\FaceSwap\168_222.mp4,1,FaceSwap,c23
FaceForensics++,FaceForensics++__FaceSwap__169_227.mp4,data\raw\FaceForensics++_C23\FaceSwap\169_227.mp4,1,FaceSwap,c23
FaceForensics++,FaceForensics++__FaceSwap__170_186.mp4,data\raw\FaceForensics++_C23\FaceSwap\170_186.mp4,1,FaceSwap,c23
FaceForensics++,FaceForensics++__FaceSwap__171_173.mp4,data\raw\FaceForensics++_C23\FaceSwap\171_173.mp4,1,FaceSwap,c23
FaceForensics++,FaceForensics++__FaceSwap__172_582.mp4,data\raw\FaceForensics++_C23\FaceSwap\172_582.mp4,1,FaceSwap,c23
FaceForensics++,FaceForensics++__FaceSwap__173_171.mp4,data\raw\FaceForensics++_C23\FaceSwap\173_171.mp4,1,FaceSwap,c23
FaceForensics++,FaceForensics++__FaceSwap__174_964.mp4,data\raw\FaceForensics++_C23\FaceSwap\174_964.mp4,1,FaceSwap,c23
FaceForensics++,FaceForensics++__FaceSwap__175_159.mp4,data\raw\FaceForensics++_C23\FaceSwap\175_159.mp4,1,FaceSwap,c23
FaceForensics++,FaceForensics++__FaceSwap__176_190.mp4,data\raw\FaceForensics++_C23\FaceSwap\176_190.mp4,1,FaceSwap,c23
FaceForensics++,FaceForensics++__FaceSwap__177_211.mp4,data\raw\FaceForensics++_C23\FaceSwap\177_211.mp4,1,FaceSwap,c23
FaceForensics++,FaceForensics++__FaceSwap__178_598.mp4,data\raw\FaceForensics++_C23\FaceSwap\178_598.mp4,1,FaceSwap,c23
FaceForensics++,FaceForensics++__FaceSwap__179_212.mp4,data\raw\FaceForensics++_C23\FaceSwap\179_212.mp4,1,FaceSwap,c23
FaceForensics++,FaceForensics++__FaceSwap__180_105.mp4,data\raw\FaceForensics++_C23\FaceSwap\180_105.mp4,1,FaceSwap,c23
FaceForensics++,FaceForensics++__FaceSwap__181_199.mp4,data\raw\FaceForensics++_C23\FaceSwap\181_199.mp4,1,FaceSwap,c23
FaceForensics++,FaceForensics++__FaceSwap__182_242.mp4,data\raw\FaceForensics++_C23\FaceSwap\182_242.mp4,1,FaceSwap,c23
FaceForensics++,FaceForensics++__FaceSwap__183_253.mp4,data\raw\FaceForensics++_C23\FaceSwap\183_253.mp4,1,FaceSwap,c23
FaceForensics++,FaceForensics++__FaceSwap__184_205.mp4,data\raw\FaceForensics++_C23\FaceSwap\184_205.mp4,1,FaceSwap,c23
FaceForensics++,FaceForensics++__FaceSwap__186_170.mp4,data\raw\FaceForensics++_C23\FaceSwap\186_170.mp4,1,FaceSwap,c23
FaceForensics++,FaceForensics++__FaceSwap__187_234.mp4,data\raw\FaceForensics++_C23\FaceSwap\187_234.mp4,1,FaceSwap,c23
FaceForensics++,FaceForensics++__FaceSwap__188_191.mp4,data\raw\FaceForensics++_C23\FaceSwap\188_191.mp4,1,FaceSwap,c23
FaceForensics++,FaceForensics++__FaceSwap__189_200.mp4,data\raw\FaceForensics++_C23\FaceSwap\189_200.mp4,1,FaceSwap,c23
FaceForensics++,FaceForensics++__FaceSwap__191_188.mp4,data\raw\FaceForensics++_C23\FaceSwap\191_188.mp4,1,FaceSwap,c23
FaceForensics++,FaceForensics++__FaceSwap__192_134.mp4,data\raw\FaceForensics++_C23\FaceSwap\192_134.mp4,1,FaceSwap,c23
FaceForensics++,FaceForensics++__FaceSwap__193_030.mp4,data\raw\FaceForensics++_C23\FaceSwap\193_030.mp4,1,FaceSwap,c23
FaceForensics++,FaceForensics++__FaceSwap__195_442.mp4,data\raw\FaceForensics++_C23\FaceSwap\195_442.mp4,1,FaceSwap,c23
FaceForensics++,FaceForensics++__FaceSwap__196_310.mp4,data\raw\FaceForensics++_C23\FaceSwap\196_310.mp4,1,FaceSwap,c23
FaceForensics++,FaceForensics++__FaceSwap__197_224.mp4,data\raw\FaceForensics++_C23\FaceSwap\197_224.mp4,1,FaceSwap,c23
FaceForensics++,FaceForensics++__FaceSwap__199_181.mp4,data\raw\FaceForensics++_C23\FaceSwap\199_181.mp4,1,FaceSwap,c23
FaceForensics++,FaceForensics++__FaceSwap__200_189.mp4,data\raw\FaceForensics++_C23\FaceSwap\200_189.mp4,1,FaceSwap,c23
FaceForensics++,FaceForensics++__FaceSwap__201_203.mp4,data\raw\FaceForensics++_C23\FaceSwap\201_203.mp4,1,FaceSwap,c23
FaceForensics++,FaceForensics++__FaceSwap__202_348.mp4,data\raw\FaceForensics++_C23\FaceSwap\202_348.mp4,1,FaceSwap,c23
FaceForensics++,FaceForensics++__FaceSwap__203_201.mp4,data\raw\FaceForensics++_C23\FaceSwap\203_201.mp4,1,FaceSwap,c23
FaceForensics++,FaceForensics++__FaceSwap__204_230.mp4,data\raw\FaceForensics++_C23\FaceSwap\204_230.mp4,1,FaceSwap,c23
FaceForensics++,FaceForensics++__FaceSwap__205_184.mp4,data\raw\FaceForensics++_C23\FaceSwap\205_184.mp4,1,FaceSwap,c23
FaceForensics++,FaceForensics++__FaceSwap__206_221.mp4,data\raw\FaceForensics++_C23\FaceSwap\206_221.mp4,1,FaceSwap,c23
FaceForensics++,FaceForensics++__FaceSwap__207_908.mp4,data\raw\FaceForensics++_C23\FaceSwap\207_908.mp4,1,FaceSwap,c23
FaceForensics++,FaceForensics++__FaceSwap__208_215.mp4,data\raw\FaceForensics++_C23\FaceSwap\208_215.mp4,1,FaceSwap,c23
FaceForensics++,FaceForensics++__FaceSwap__209_016.mp4,data\raw\FaceForensics++_C23\FaceSwap\209_016.mp4,1,FaceSwap,c23
FaceForensics++,FaceForensics++__FaceSwap__210_241.mp4,data\raw\FaceForensics++_C23\FaceSwap\210_241.mp4,1,FaceSwap,c23
FaceForensics++,FaceForensics++__FaceSwap__211_177.mp4,data\raw\FaceForensics++_C23\FaceSwap\211_177.mp4,1,FaceSwap,c23
FaceForensics++,FaceForensics++__FaceSwap__212_179.mp4,data\raw\FaceForensics++_C23\FaceSwap\212_179.mp4,1,FaceSwap,c23
FaceForensics++,FaceForensics++__FaceSwap__213_083.mp4,data\raw\FaceForensics++_C23\FaceSwap\213_083.mp4,1,FaceSwap,c23
FaceForensics++,FaceForensics++__FaceSwap__214_255.mp4,data\raw\FaceForensics++_C23\FaceSwap\214_255.mp4,1,FaceSwap,c23
FaceForensics++,FaceForensics++__FaceSwap__215_208.mp4,data\raw\FaceForensics++_C23\FaceSwap\215_208.mp4,1,FaceSwap,c23
FaceForensics++,FaceForensics++__FaceSwap__216_164.mp4,data\raw\FaceForensics++_C23\FaceSwap\216_164.mp4,1,FaceSwap,c23
FaceForensics++,FaceForensics++__FaceSwap__217_117.mp4,data\raw\FaceForensics++_C23\FaceSwap\217_117.mp4,1,FaceSwap,c23
FaceForensics++,FaceForensics++__FaceSwap__218_239.mp4,data\raw\FaceForensics++_C23\FaceSwap\218_239.mp4,1,FaceSwap,c23
FaceForensics++,FaceForensics++__FaceSwap__219_220.mp4,data\raw\FaceForensics++_C23\FaceSwap\219_220.mp4,1,FaceSwap,c23
FaceForensics++,FaceForensics++__FaceSwap__220_219.mp4,data\raw\FaceForensics++_C23\FaceSwap\220_219.mp4,1,FaceSwap,c23
FaceForensics++,FaceForensics++__FaceSwap__221_206.mp4,data\raw\FaceForensics++_C23\FaceSwap\221_206.mp4,1,FaceSwap,c23
FaceForensics++,FaceForensics++__FaceSwap__222_168.mp4,data\raw\FaceForensics++_C23\FaceSwap\222_168.mp4,1,FaceSwap,c23
FaceForensics++,FaceForensics++__FaceSwap__223_586.mp4,data\raw\FaceForensics++_C23\FaceSwap\223_586.mp4,1,FaceSwap,c23
FaceForensics++,FaceForensics++__FaceSwap__224_197.mp4,data\raw\FaceForensics++_C23\FaceSwap\224_197.mp4,1,FaceSwap,c23
FaceForensics++,FaceForensics++__FaceSwap__225_151.mp4,data\raw\FaceForensics++_C23\FaceSwap\225_151.mp4,1,FaceSwap,c23
FaceForensics++,FaceForensics++__FaceSwap__226_491.mp4,data\raw\FaceForensics++_C23\FaceSwap\226_491.mp4,1,FaceSwap,c23
FaceForensics++,FaceForensics++__FaceSwap__228_289.mp4,data\raw\FaceForensics++_C23\FaceSwap\228_289.mp4,1,FaceSwap,c23
FaceForensics++,FaceForensics++__FaceSwap__229_247.mp4,data\raw\FaceForensics++_C23\FaceSwap\229_247.mp4,1,FaceSwap,c23
FaceForensics++,FaceForensics++__FaceSwap__230_204.mp4,data\raw\FaceForensics++_C23\FaceSwap\230_204.mp4,1,FaceSwap,c23
FaceForensics++,FaceForensics++__FaceSwap__231_663.mp4,data\raw\FaceForensics++_C23\FaceSwap\231_663.mp4,1,FaceSwap,c23
FaceForensics++,FaceForensics++__FaceSwap__232_248.mp4,data\raw\FaceForensics++_C23\FaceSwap\232_248.mp4,1,FaceSwap,c23
FaceForensics++,FaceForensics++__FaceSwap__233_995.mp4,data\raw\FaceForensics++_C23\FaceSwap\233_995.mp4,1,FaceSwap,c23
FaceForensics++,FaceForensics++__FaceSwap__234_187.mp4,data\raw\FaceForensics++_C23\FaceSwap\234_187.mp4,1,FaceSwap,c23
FaceForensics++,FaceForensics++__FaceSwap__235_194.mp4,data\raw\FaceForensics++_C23\FaceSwap\235_194.mp4,1,FaceSwap,c23
FaceForensics++,FaceForensics++__FaceSwap__236_237.mp4,data\raw\FaceForensics++_C23\FaceSwap\236_237.mp4,1,FaceSwap,c23
FaceForensics++,FaceForensics++__FaceSwap__237_236.mp4,data\raw\FaceForensics++_C23\FaceSwap\237_236.mp4,1,FaceSwap,c23
FaceForensics++,FaceForensics++__FaceSwap__238_282.mp4,data\raw\FaceForensics++_C23\FaceSwap\238_282.mp4,1,FaceSwap,c23
FaceForensics++,FaceForensics++__FaceSwap__239_218.mp4,data\raw\FaceForensics++_C23\FaceSwap\239_218.mp4,1,FaceSwap,c23
FaceForensics++,FaceForensics++__FaceSwap__240_290.mp4,data\raw\FaceForensics++_C23\FaceSwap\240_290.mp4,1,FaceSwap,c23
FaceForensics++,FaceForensics++__FaceSwap__243_156.mp4,data\raw\FaceForensics++_C23\FaceSwap\243_156.mp4,1,FaceSwap,c23
FaceForensics++,FaceForensics++__FaceSwap__244_822.mp4,data\raw\FaceForensics++_C23\FaceSwap\244_822.mp4,1,FaceSwap,c23
FaceForensics++,FaceForensics++__FaceSwap__245_157.mp4,data\raw\FaceForensics++_C23\FaceSwap\245_157.mp4,1,FaceSwap,c23
FaceForensics++,FaceForensics++__FaceSwap__246_258.mp4,data\raw\FaceForensics++_C23\FaceSwap\246_258.mp4,1,FaceSwap,c23
FaceForensics++,FaceForensics++__FaceSwap__247_229.mp4,data\raw\FaceForensics++_C23\FaceSwap\247_229.mp4,1,FaceSwap,c23
FaceForensics++,FaceForensics++__FaceSwap__248_232.mp4,data\raw\FaceForensics++_C23\FaceSwap\248_232.mp4,1,FaceSwap,c23
FaceForensics++,FaceForensics++__FaceSwap__250_461.mp4,data\raw\FaceForensics++_C23\FaceSwap\250_461.mp4,1,FaceSwap,c23
FaceForensics++,FaceForensics++__FaceSwap__251_375.mp4,data\raw\FaceForensics++_C23\FaceSwap\251_375.mp4,1,FaceSwap,c23
FaceForensics++,FaceForensics++__FaceSwap__252_266.mp4,data\raw\FaceForensics++_C23\FaceSwap\252_266.mp4,1,FaceSwap,c23
FaceForensics++,FaceForensics++__FaceSwap__253_183.mp4,data\raw\FaceForensics++_C23\FaceSwap\253_183.mp4,1,FaceSwap,c23
FaceForensics++,FaceForensics++__FaceSwap__254_261.mp4,data\raw\FaceForensics++_C23\FaceSwap\254_261.mp4,1,FaceSwap,c23
FaceForensics++,FaceForensics++__FaceSwap__255_214.mp4,data\raw\FaceForensics++_C23\FaceSwap\255_214.mp4,1,FaceSwap,c23
FaceForensics++,FaceForensics++__FaceSwap__257_420.mp4,data\raw\FaceForensics++_C23\FaceSwap\257_420.mp4,1,FaceSwap,c23
FaceForensics++,FaceForensics++__FaceSwap__258_246.mp4,data\raw\FaceForensics++_C23\FaceSwap\258_246.mp4,1,FaceSwap,c23
FaceForensics++,FaceForensics++__FaceSwap__259_345.mp4,data\raw\FaceForensics++_C23\FaceSwap\259_345.mp4,1,FaceSwap,c23
FaceForensics++,FaceForensics++__FaceSwap__260_331.mp4,data\raw\FaceForensics++_C23\FaceSwap\260_331.mp4,1,FaceSwap,c23
FaceForensics++,FaceForensics++__FaceSwap__261_254.mp4,data\raw\FaceForensics++_C23\FaceSwap\261_254.mp4,1,FaceSwap,c23
FaceForensics++,FaceForensics++__FaceSwap__262_301.mp4,data\raw\FaceForensics++_C23\FaceSwap\262_301.mp4,1,FaceSwap,c23
FaceForensics++,FaceForensics++__FaceSwap__263_284.mp4,data\raw\FaceForensics++_C23\FaceSwap\263_284.mp4,1,FaceSwap,c23
FaceForensics++,FaceForensics++__FaceSwap__265_475.mp4,data\raw\FaceForensics++_C23\FaceSwap\265_475.mp4,1,FaceSwap,c23
FaceForensics++,FaceForensics++__FaceSwap__266_252.mp4,data\raw\FaceForensics++_C23\FaceSwap\266_252.mp4,1,FaceSwap,c23
FaceForensics++,FaceForensics++__FaceSwap__267_286.mp4,data\raw\FaceForensics++_C23\FaceSwap\267_286.mp4,1,FaceSwap,c23
FaceForensics++,FaceForensics++__FaceSwap__269_268.mp4,data\raw\FaceForensics++_C23\FaceSwap\269_268.mp4,1,FaceSwap,c23
FaceForensics++,FaceForensics++__FaceSwap__270_297.mp4,data\raw\FaceForensics++_C23\FaceSwap\270_297.mp4,1,FaceSwap,c23
FaceForensics++,FaceForensics++__FaceSwap__272_396.mp4,data\raw\FaceForensics++_C23\FaceSwap\272_396.mp4,1,FaceSwap,c23
FaceForensics++,FaceForensics++__FaceSwap__275_887.mp4,data\raw\FaceForensics++_C23\FaceSwap\275_887.mp4,1,FaceSwap,c23
FaceForensics++,FaceForensics++__FaceSwap__276_185.mp4,data\raw\FaceForensics++_C23\FaceSwap\276_185.mp4,1,FaceSwap,c23
FaceForensics++,FaceForensics++__FaceSwap__277_335.mp4,data\raw\FaceForensics++_C23\FaceSwap\277_335.mp4,1,FaceSwap,c23
FaceForensics++,FaceForensics++__FaceSwap__278_306.mp4,data\raw\FaceForensics++_C23\FaceSwap\278_306.mp4,1,FaceSwap,c23
FaceForensics++,FaceForensics++__FaceSwap__279_298.mp4,data\raw\FaceForensics++_C23\FaceSwap\279_298.mp4,1,FaceSwap,c23
FaceForensics++,FaceForensics++__FaceSwap__281_474.mp4,data\raw\FaceForensics++_C23\FaceSwap\281_474.mp4,1,FaceSwap,c23
FaceForensics++,FaceForensics++__FaceSwap__283_313.mp4,data\raw\FaceForensics++_C23\FaceSwap\283_313.mp4,1,FaceSwap,c23
FaceForensics++,FaceForensics++__FaceSwap__284_263.mp4,data\raw\FaceForensics++_C23\FaceSwap\284_263.mp4,1,FaceSwap,c23
FaceForensics++,FaceForensics++__FaceSwap__287_426.mp4,data\raw\FaceForensics++_C23\FaceSwap\287_426.mp4,1,FaceSwap,c23
FaceForensics++,FaceForensics++__FaceSwap__288_321.mp4,data\raw\FaceForensics++_C23\FaceSwap\288_321.mp4,1,FaceSwap,c23
FaceForensics++,FaceForensics++__FaceSwap__289_228.mp4,data\raw\FaceForensics++_C23\FaceSwap\289_228.mp4,1,FaceSwap,c23
FaceForensics++,FaceForensics++__FaceSwap__290_240.mp4,data\raw\FaceForensics++_C23\FaceSwap\290_240.mp4,1,FaceSwap,c23
FaceForensics++,FaceForensics++__FaceSwap__291_874.mp4,data\raw\FaceForensics++_C23\FaceSwap\291_874.mp4,1,FaceSwap,c23
FaceForensics++,FaceForensics++__FaceSwap__292_294.mp4,data\raw\FaceForensics++_C23\FaceSwap\292_294.mp4,1,FaceSwap,c23
FaceForensics++,FaceForensics++__FaceSwap__293_296.mp4,data\raw\FaceForensics++_C23\FaceSwap\293_296.mp4,1,FaceSwap,c23
FaceForensics++,FaceForensics++__FaceSwap__294_292.mp4,data\raw\FaceForensics++_C23\FaceSwap\294_292.mp4,1,FaceSwap,c23
FaceForensics++,FaceForensics++__FaceSwap__295_099.mp4,data\raw\FaceForensics++_C23\FaceSwap\295_099.mp4,1,FaceSwap,c23
FaceForensics++,FaceForensics++__FaceSwap__299_145.mp4,data\raw\FaceForensics++_C23\FaceSwap\299_145.mp4,1,FaceSwap,c23
FaceForensics++,FaceForensics++__FaceSwap__300_304.mp4,data\raw\FaceForensics++_C23\FaceSwap\300_304.mp4,1,FaceSwap,c23
FaceForensics++,FaceForensics++__FaceSwap__301_262.mp4,data\raw\FaceForensics++_C23\FaceSwap\301_262.mp4,1,FaceSwap,c23
FaceForensics++,FaceForensics++__FaceSwap__302_323.mp4,data\raw\FaceForensics++_C23\FaceSwap\302_323.mp4,1,FaceSwap,c23
FaceForensics++,FaceForensics++__FaceSwap__303_309.mp4,data\raw\FaceForensics++_C23\FaceSwap\303_309.mp4,1,FaceSwap,c23
FaceForensics++,FaceForensics++__FaceSwap__304_300.mp4,data\raw\FaceForensics++_C23\FaceSwap\304_300.mp4,1,FaceSwap,c23
FaceForensics++,FaceForensics++__FaceSwap__305_513.mp4,data\raw\FaceForensics++_C23\FaceSwap\305_513.mp4,1,FaceSwap,c23
FaceForensics++,FaceForensics++__FaceSwap__306_278.mp4,data\raw\FaceForensics++_C23\FaceSwap\306_278.mp4,1,FaceSwap,c23
FaceForensics++,FaceForensics++__FaceSwap__308_388.mp4,data\raw\FaceForensics++_C23\FaceSwap\308_388.mp4,1,FaceSwap,c23
FaceForensics++,FaceForensics++__FaceSwap__309_303.mp4,data\raw\FaceForensics++_C23\FaceSwap\309_303.mp4,1,FaceSwap,c23
FaceForensics++,FaceForensics++__FaceSwap__310_196.mp4,data\raw\FaceForensics++_C23\FaceSwap\310_196.mp4,1,FaceSwap,c23
FaceForensics++,FaceForensics++__FaceSwap__313_283.mp4,data\raw\FaceForensics++_C23\FaceSwap\313_283.mp4,1,FaceSwap,c23
FaceForensics++,FaceForensics++__FaceSwap__314_347.mp4,data\raw\FaceForensics++_C23\FaceSwap\314_347.mp4,1,FaceSwap,c23
FaceForensics++,FaceForensics++__FaceSwap__315_322.mp4,data\raw\FaceForensics++_C23\FaceSwap\315_322.mp4,1,FaceSwap,c23
FaceForensics++,FaceForensics++__FaceSwap__316_369.mp4,data\raw\FaceForensics++_C23\FaceSwap\316_369.mp4,1,FaceSwap,c23
FaceForensics++,FaceForensics++__FaceSwap__317_359.mp4,data\raw\FaceForensics++_C23\FaceSwap\317_359.mp4,1,FaceSwap,c23
FaceForensics++,FaceForensics++__FaceSwap__318_334.mp4,data\raw\FaceForensics++_C23\FaceSwap\318_334.mp4,1,FaceSwap,c23
FaceForensics++,FaceForensics++__FaceSwap__319_352.mp4,data\raw\FaceForensics++_C23\FaceSwap\319_352.mp4,1,FaceSwap,c23
FaceForensics++,FaceForensics++__FaceSwap__320_328.mp4,data\raw\FaceForensics++_C23\FaceSwap\320_328.mp4,1,FaceSwap,c23
FaceForensics++,FaceForensics++__FaceSwap__321_288.mp4,data\raw\FaceForensics++_C23\FaceSwap\321_288.mp4,1,FaceSwap,c23
FaceForensics++,FaceForensics++__FaceSwap__322_315.mp4,data\raw\FaceForensics++_C23\FaceSwap\322_315.mp4,1,FaceSwap,c23
FaceForensics++,FaceForensics++__FaceSwap__323_302.mp4,data\raw\FaceForensics++_C23\FaceSwap\323_302.mp4,1,FaceSwap,c23
FaceForensics++,FaceForensics++__FaceSwap__324_356.mp4,data\raw\FaceForensics++_C23\FaceSwap\324_356.mp4,1,FaceSwap,c23
FaceForensics++,FaceForensics++__FaceSwap__325_492.mp4,data\raw\FaceForensics++_C23\FaceSwap\325_492.mp4,1,FaceSwap,c23
FaceForensics++,FaceForensics++__FaceSwap__327_329.mp4,data\raw\FaceForensics++_C23\FaceSwap\327_329.mp4,1,FaceSwap,c23
FaceForensics++,FaceForensics++__FaceSwap__328_320.mp4,data\raw\FaceForensics++_C23\FaceSwap\328_320.mp4,1,FaceSwap,c23
FaceForensics++,FaceForensics++__FaceSwap__330_162.mp4,data\raw\FaceForensics++_C23\FaceSwap\330_162.mp4,1,FaceSwap,c23
FaceForensics++,FaceForensics++__FaceSwap__331_260.mp4,data\raw\FaceForensics++_C23\FaceSwap\331_260.mp4,1,FaceSwap,c23
FaceForensics++,FaceForensics++__FaceSwap__332_051.mp4,data\raw\FaceForensics++_C23\FaceSwap\332_051.mp4,1,FaceSwap,c23
FaceForensics++,FaceForensics++__FaceSwap__333_377.mp4,data\raw\FaceForensics++_C23\FaceSwap\333_377.mp4,1,FaceSwap,c23
FaceForensics++,FaceForensics++__FaceSwap__335_277.mp4,data\raw\FaceForensics++_C23\FaceSwap\335_277.mp4,1,FaceSwap,c23
FaceForensics++,FaceForensics++__FaceSwap__336_338.mp4,data\raw\FaceForensics++_C23\FaceSwap\336_338.mp4,1,FaceSwap,c23
FaceForensics++,FaceForensics++__FaceSwap__337_522.mp4,data\raw\FaceForensics++_C23\FaceSwap\337_522.mp4,1,FaceSwap,c23
FaceForensics++,FaceForensics++__FaceSwap__338_336.mp4,data\raw\FaceForensics++_C23\FaceSwap\338_336.mp4,1,FaceSwap,c23
FaceForensics++,FaceForensics++__FaceSwap__340_341.mp4,data\raw\FaceForensics++_C23\FaceSwap\340_341.mp4,1,FaceSwap,c23
FaceForensics++,FaceForensics++__FaceSwap__341_340.mp4,data\raw\FaceForensics++_C23\FaceSwap\341_340.mp4,1,FaceSwap,c23
FaceForensics++,FaceForensics++__FaceSwap__343_363.mp4,data\raw\FaceForensics++_C23\FaceSwap\343_363.mp4,1,FaceSwap,c23
FaceForensics++,FaceForensics++__FaceSwap__344_020.mp4,data\raw\FaceForensics++_C23\FaceSwap\344_020.mp4,1,FaceSwap,c23
FaceForensics++,FaceForensics++__FaceSwap__347_314.mp4,data\raw\FaceForensics++_C23\FaceSwap\347_314.mp4,1,FaceSwap,c23
FaceForensics++,FaceForensics++__FaceSwap__348_202.mp4,data\raw\FaceForensics++_C23\FaceSwap\348_202.mp4,1,FaceSwap,c23
FaceForensics++,FaceForensics++__FaceSwap__349_350.mp4,data\raw\FaceForensics++_C23\FaceSwap\349_350.mp4,1,FaceSwap,c23
FaceForensics++,FaceForensics++__FaceSwap__350_349.mp4,data\raw\FaceForensics++_C23\FaceSwap\350_349.mp4,1,FaceSwap,c23
FaceForensics++,FaceForensics++__FaceSwap__351_346.mp4,data\raw\FaceForensics++_C23\FaceSwap\351_346.mp4,1,FaceSwap,c23
FaceForensics++,FaceForensics++__FaceSwap__352_319.mp4,data\raw\FaceForensics++_C23\FaceSwap\352_319.mp4,1,FaceSwap,c23
FaceForensics++,FaceForensics++__FaceSwap__353_383.mp4,data\raw\FaceForensics++_C23\FaceSwap\353_383.mp4,1,FaceSwap,c23
FaceForensics++,FaceForensics++__FaceSwap__354_362.mp4,data\raw\FaceForensics++_C23\FaceSwap\354_362.mp4,1,FaceSwap,c23
FaceForensics++,FaceForensics++__FaceSwap__355_748.mp4,data\raw\FaceForensics++_C23\FaceSwap\355_748.mp4,1,FaceSwap,c23
FaceForensics++,FaceForensics++__FaceSwap__356_324.mp4,data\raw\FaceForensics++_C23\FaceSwap\356_324.mp4,1,FaceSwap,c23
FaceForensics++,FaceForensics++__FaceSwap__357_432.mp4,data\raw\FaceForensics++_C23\FaceSwap\357_432.mp4,1,FaceSwap,c23
FaceForensics++,FaceForensics++__FaceSwap__359_317.mp4,data\raw\FaceForensics++_C23\FaceSwap\359_317.mp4,1,FaceSwap,c23
FaceForensics++,FaceForensics++__FaceSwap__360_437.mp4,data\raw\FaceForensics++_C23\FaceSwap\360_437.mp4,1,FaceSwap,c23
FaceForensics++,FaceForensics++__FaceSwap__361_448.mp4,data\raw\FaceForensics++_C23\FaceSwap\361_448.mp4,1,FaceSwap,c23
FaceForensics++,FaceForensics++__FaceSwap__362_354.mp4,data\raw\FaceForensics++_C23\FaceSwap\362_354.mp4,1,FaceSwap,c23
FaceForensics++,FaceForensics++__FaceSwap__363_343.mp4,data\raw\FaceForensics++_C23\FaceSwap\363_343.mp4,1,FaceSwap,c23
FaceForensics++,FaceForensics++__FaceSwap__364_440.mp4,data\raw\FaceForensics++_C23\FaceSwap\364_440.mp4,1,FaceSwap,c23
FaceForensics++,FaceForensics++__FaceSwap__366_473.mp4,data\raw\FaceForensics++_C23\FaceSwap\366_473.mp4,1,FaceSwap,c23
FaceForensics++,FaceForensics++__FaceSwap__368_378.mp4,data\raw\FaceForensics++_C23\FaceSwap\368_378.mp4,1,FaceSwap,c23
FaceForensics++,FaceForensics++__FaceSwap__369_316.mp4,data\raw\FaceForensics++_C23\FaceSwap\369_316.mp4,1,FaceSwap,c23
FaceForensics++,FaceForensics++__FaceSwap__370_483.mp4,data\raw\FaceForensics++_C23\FaceSwap\370_483.mp4,1,FaceSwap,c23
FaceForensics++,FaceForensics++__FaceSwap__371_367.mp4,data\raw\FaceForensics++_C23\FaceSwap\371_367.mp4,1,FaceSwap,c23
FaceForensics++,FaceForensics++__FaceSwap__373_394.mp4,data\raw\FaceForensics++_C23\FaceSwap\373_394.mp4,1,FaceSwap,c23
FaceForensics++,FaceForensics++__FaceSwap__374_407.mp4,data\raw\FaceForensics++_C23\FaceSwap\374_407.mp4,1,FaceSwap,c23
FaceForensics++,FaceForensics++__FaceSwap__376_381.mp4,data\raw\FaceForensics++_C23\FaceSwap\376_381.mp4,1,FaceSwap,c23
FaceForensics++,FaceForensics++__FaceSwap__378_368.mp4,data\raw\FaceForensics++_C23\FaceSwap\378_368.mp4,1,FaceSwap,c23
FaceForensics++,FaceForensics++__FaceSwap__379_158.mp4,data\raw\FaceForensics++_C23\FaceSwap\379_158.mp4,1,FaceSwap,c23
FaceForensics++,FaceForensics++__FaceSwap__380_358.mp4,data\raw\FaceForensics++_C23\FaceSwap\380_358.mp4,1,FaceSwap,c23
FaceForensics++,FaceForensics++__FaceSwap__381_376.mp4,data\raw\FaceForensics++_C23\FaceSwap\381_376.mp4,1,FaceSwap,c23
FaceForensics++,FaceForensics++__FaceSwap__382_409.mp4,data\raw\FaceForensics++_C23\FaceSwap\382_409.mp4,1,FaceSwap,c23
FaceForensics++,FaceForensics++__FaceSwap__383_353.mp4,data\raw\FaceForensics++_C23\FaceSwap\383_353.mp4,1,FaceSwap,c23
FaceForensics++,FaceForensics++__FaceSwap__384_932.mp4,data\raw\FaceForensics++_C23\FaceSwap\384_932.mp4,1,FaceSwap,c23
FaceForensics++,FaceForensics++__FaceSwap__386_154.mp4,data\raw\FaceForensics++_C23\FaceSwap\386_154.mp4,1,FaceSwap,c23
FaceForensics++,FaceForensics++__FaceSwap__387_311.mp4,data\raw\FaceForensics++_C23\FaceSwap\387_311.mp4,1,FaceSwap,c23
FaceForensics++,FaceForensics++__FaceSwap__388_308.mp4,data\raw\FaceForensics++_C23\FaceSwap\388_308.mp4,1,FaceSwap,c23
FaceForensics++,FaceForensics++__FaceSwap__389_480.mp4,data\raw\FaceForensics++_C23\FaceSwap\389_480.mp4,1,FaceSwap,c23
FaceForensics++,FaceForensics++__FaceSwap__390_709.mp4,data\raw\FaceForensics++_C23\FaceSwap\390_709.mp4,1,FaceSwap,c23
FaceForensics++,FaceForensics++__FaceSwap__391_406.mp4,data\raw\FaceForensics++_C23\FaceSwap\391_406.mp4,1,FaceSwap,c23
FaceForensics++,FaceForensics++__FaceSwap__392_339.mp4,data\raw\FaceForensics++_C23\FaceSwap\392_339.mp4,1,FaceSwap,c23
FaceForensics++,FaceForensics++__FaceSwap__393_405.mp4,data\raw\FaceForensics++_C23\FaceSwap\393_405.mp4,1,FaceSwap,c23
FaceForensics++,FaceForensics++__FaceSwap__394_373.mp4,data\raw\FaceForensics++_C23\FaceSwap\394_373.mp4,1,FaceSwap,c23
FaceForensics++,FaceForensics++__FaceSwap__396_272.mp4,data\raw\FaceForensics++_C23\FaceSwap\396_272.mp4,1,FaceSwap,c23
FaceForensics++,FaceForensics++__FaceSwap__397_602.mp4,data\raw\FaceForensics++_C23\FaceSwap\397_602.mp4,1,FaceSwap,c23
FaceForensics++,FaceForensics++__FaceSwap__400_476.mp4,data\raw\FaceForensics++_C23\FaceSwap\400_476.mp4,1,FaceSwap,c23
FaceForensics++,FaceForensics++__FaceSwap__401_395.mp4,data\raw\FaceForensics++_C23\FaceSwap\401_395.mp4,1,FaceSwap,c23
FaceForensics++,FaceForensics++__FaceSwap__402_453.mp4,data\raw\FaceForensics++_C23\FaceSwap\402_453.mp4,1,FaceSwap,c23
FaceForensics++,FaceForensics++__FaceSwap__404_429.mp4,data\raw\FaceForensics++_C23\FaceSwap\404_429.mp4,1,FaceSwap,c23
FaceForensics++,FaceForensics++__FaceSwap__405_393.mp4,data\raw\FaceForensics++_C23\FaceSwap\405_393.mp4,1,FaceSwap,c23
FaceForensics++,FaceForensics++__FaceSwap__407_374.mp4,data\raw\FaceForensics++_C23\FaceSwap\407_374.mp4,1,FaceSwap,c23
FaceForensics++,FaceForensics++__FaceSwap__408_424.mp4,data\raw\FaceForensics++_C23\FaceSwap\408_424.mp4,1,FaceSwap,c23
FaceForensics++,FaceForensics++__FaceSwap__410_411.mp4,data\raw\FaceForensics++_C23\FaceSwap\410_411.mp4,1,FaceSwap,c23
FaceForensics++,FaceForensics++__FaceSwap__411_410.mp4,data\raw\FaceForensics++_C23\FaceSwap\411_410.mp4,1,FaceSwap,c23
FaceForensics++,FaceForensics++__FaceSwap__412_274.mp4,data\raw\FaceForensics++_C23\FaceSwap\412_274.mp4,1,FaceSwap,c23
FaceForensics++,FaceForensics++__FaceSwap__413_372.mp4,data\raw\FaceForensics++_C23\FaceSwap\413_372.mp4,1,FaceSwap,c23
FaceForensics++,FaceForensics++__FaceSwap__414_385.mp4,data\raw\FaceForensics++_C23\FaceSwap\414_385.mp4,1,FaceSwap,c23
FaceForensics++,FaceForensics++__FaceSwap__415_484.mp4,data\raw\FaceForensics++_C23\FaceSwap\415_484.mp4,1,FaceSwap,c23
FaceForensics++,FaceForensics++__FaceSwap__416_342.mp4,data\raw\FaceForensics++_C23\FaceSwap\416_342.mp4,1,FaceSwap,c23
FaceForensics++,FaceForensics++__FaceSwap__417_496.mp4,data\raw\FaceForensics++_C23\FaceSwap\417_496.mp4,1,FaceSwap,c23
FaceForensics++,FaceForensics++__FaceSwap__418_507.mp4,data\raw\FaceForensics++_C23\FaceSwap\418_507.mp4,1,FaceSwap,c23
FaceForensics++,FaceForensics++__FaceSwap__419_824.mp4,data\raw\FaceForensics++_C23\FaceSwap\419_824.mp4,1,FaceSwap,c23
FaceForensics++,FaceForensics++__FaceSwap__420_257.mp4,data\raw\FaceForensics++_C23\FaceSwap\420_257.mp4,1,FaceSwap,c23
FaceForensics++,FaceForensics++__FaceSwap__421_423.mp4,data\raw\FaceForensics++_C23\FaceSwap\421_423.mp4,1,FaceSwap,c23
FaceForensics++,FaceForensics++__FaceSwap__422_695.mp4,data\raw\FaceForensics++_C23\FaceSwap\422_695.mp4,1,FaceSwap,c23
FaceForensics++,FaceForensics++__FaceSwap__423_421.mp4,data\raw\FaceForensics++_C23\FaceSwap\423_421.mp4,1,FaceSwap,c23
FaceForensics++,FaceForensics++__FaceSwap__424_408.mp4,data\raw\FaceForensics++_C23\FaceSwap\424_408.mp4,1,FaceSwap,c23
FaceForensics++,FaceForensics++__FaceSwap__425_485.mp4,data\raw\FaceForensics++_C23\FaceSwap\425_485.mp4,1,FaceSwap,c23
FaceForensics++,FaceForensics++__FaceSwap__426_287.mp4,data\raw\FaceForensics++_C23\FaceSwap\426_287.mp4,1,FaceSwap,c23
FaceForensics++,FaceForensics++__FaceSwap__427_637.mp4,data\raw\FaceForensics++_C23\FaceSwap\427_637.mp4,1,FaceSwap,c23
FaceForensics++,FaceForensics++__FaceSwap__428_466.mp4,data\raw\FaceForensics++_C23\FaceSwap\428_466.mp4,1,FaceSwap,c23
FaceForensics++,FaceForensics++__FaceSwap__429_404.mp4,data\raw\FaceForensics++_C23\FaceSwap\429_404.mp4,1,FaceSwap,c23
FaceForensics++,FaceForensics++__FaceSwap__430_459.mp4,data\raw\FaceForensics++_C23\FaceSwap\430_459.mp4,1,FaceSwap,c23
FaceForensics++,FaceForensics++__FaceSwap__431_447.mp4,data\raw\FaceForensics++_C23\FaceSwap\431_447.mp4,1,FaceSwap,c23
FaceForensics++,FaceForensics++__FaceSwap__433_498.mp4,data\raw\FaceForensics++_C23\FaceSwap\433_498.mp4,1,FaceSwap,c23
FaceForensics++,FaceForensics++__FaceSwap__435_456.mp4,data\raw\FaceForensics++_C23\FaceSwap\435_456.mp4,1,FaceSwap,c23
FaceForensics++,FaceForensics++__FaceSwap__437_360.mp4,data\raw\FaceForensics++_C23\FaceSwap\437_360.mp4,1,FaceSwap,c23
FaceForensics++,FaceForensics++__FaceSwap__438_434.mp4,data\raw\FaceForensics++_C23\FaceSwap\438_434.mp4,1,FaceSwap,c23
FaceForensics++,FaceForensics++__FaceSwap__439_441.mp4,data\raw\FaceForensics++_C23\FaceSwap\439_441.mp4,1,FaceSwap,c23
FaceForensics++,FaceForensics++__FaceSwap__440_364.mp4,data\raw\FaceForensics++_C23\FaceSwap\440_364.mp4,1,FaceSwap,c23
FaceForensics++,FaceForensics++__FaceSwap__442_195.mp4,data\raw\FaceForensics++_C23\FaceSwap\442_195.mp4,1,FaceSwap,c23
FaceForensics++,FaceForensics++__FaceSwap__443_514.mp4,data\raw\FaceForensics++_C23\FaceSwap\443_514.mp4,1,FaceSwap,c23
FaceForensics++,FaceForensics++__FaceSwap__445_494.mp4,data\raw\FaceForensics++_C23\FaceSwap\445_494.mp4,1,FaceSwap,c23
FaceForensics++,FaceForensics++__FaceSwap__446_667.mp4,data\raw\FaceForensics++_C23\FaceSwap\446_667.mp4,1,FaceSwap,c23
FaceForensics++,FaceForensics++__FaceSwap__447_431.mp4,data\raw\FaceForensics++_C23\FaceSwap\447_431.mp4,1,FaceSwap,c23
FaceForensics++,FaceForensics++__FaceSwap__448_361.mp4,data\raw\FaceForensics++_C23\FaceSwap\448_361.mp4,1,FaceSwap,c23
FaceForensics++,FaceForensics++__FaceSwap__449_451.mp4,data\raw\FaceForensics++_C23\FaceSwap\449_451.mp4,1,FaceSwap,c23
FaceForensics++,FaceForensics++__FaceSwap__450_533.mp4,data\raw\FaceForensics++_C23\FaceSwap\450_533.mp4,1,FaceSwap,c23
FaceForensics++,FaceForensics++__FaceSwap__451_449.mp4,data\raw\FaceForensics++_C23\FaceSwap\451_449.mp4,1,FaceSwap,c23
FaceForensics++,FaceForensics++__FaceSwap__452_550.mp4,data\raw\FaceForensics++_C23\FaceSwap\452_550.mp4,1,FaceSwap,c23
FaceForensics++,FaceForensics++__FaceSwap__454_527.mp4,data\raw\FaceForensics++_C23\FaceSwap\454_527.mp4,1,FaceSwap,c23
FaceForensics++,FaceForensics++__FaceSwap__455_471.mp4,data\raw\FaceForensics++_C23\FaceSwap\455_471.mp4,1,FaceSwap,c23
FaceForensics++,FaceForensics++__FaceSwap__457_398.mp4,data\raw\FaceForensics++_C23\FaceSwap\457_398.mp4,1,FaceSwap,c23
FaceForensics++,FaceForensics++__FaceSwap__459_430.mp4,data\raw\FaceForensics++_C23\FaceSwap\459_430.mp4,1,FaceSwap,c23
FaceForensics++,FaceForensics++__FaceSwap__460_678.mp4,data\raw\FaceForensics++_C23\FaceSwap\460_678.mp4,1,FaceSwap,c23
FaceForensics++,FaceForensics++__FaceSwap__461_250.mp4,data\raw\FaceForensics++_C23\FaceSwap\461_250.mp4,1,FaceSwap,c23
FaceForensics++,FaceForensics++__FaceSwap__463_464.mp4,data\raw\FaceForensics++_C23\FaceSwap\463_464.mp4,1,FaceSwap,c23
FaceForensics++,FaceForensics++__FaceSwap__464_463.mp4,data\raw\FaceForensics++_C23\FaceSwap\464_463.mp4,1,FaceSwap,c23
FaceForensics++,FaceForensics++__FaceSwap__467_462.mp4,data\raw\FaceForensics++_C23\FaceSwap\467_462.mp4,1,FaceSwap,c23
FaceForensics++,FaceForensics++__FaceSwap__468_470.mp4,data\raw\FaceForensics++_C23\FaceSwap\468_470.mp4,1,FaceSwap,c23
FaceForensics++,FaceForensics++__FaceSwap__470_468.mp4,data\raw\FaceForensics++_C23\FaceSwap\470_468.mp4,1,FaceSwap,c23
FaceForensics++,FaceForensics++__FaceSwap__471_455.mp4,data\raw\FaceForensics++_C23\FaceSwap\471_455.mp4,1,FaceSwap,c23
FaceForensics++,FaceForensics++__FaceSwap__472_511.mp4,data\raw\FaceForensics++_C23\FaceSwap\472_511.mp4,1,FaceSwap,c23
FaceForensics++,FaceForensics++__FaceSwap__473_366.mp4,data\raw\FaceForensics++_C23\FaceSwap\473_366.mp4,1,FaceSwap,c23
FaceForensics++,FaceForensics++__FaceSwap__474_281.mp4,data\raw\FaceForensics++_C23\FaceSwap\474_281.mp4,1,FaceSwap,c23
FaceForensics++,FaceForensics++__FaceSwap__476_400.mp4,data\raw\FaceForensics++_C23\FaceSwap\476_400.mp4,1,FaceSwap,c23
FaceForensics++,FaceForensics++__FaceSwap__477_487.mp4,data\raw\FaceForensics++_C23\FaceSwap\477_487.mp4,1,FaceSwap,c23
FaceForensics++,FaceForensics++__FaceSwap__478_506.mp4,data\raw\FaceForensics++_C23\FaceSwap\478_506.mp4,1,FaceSwap,c23
FaceForensics++,FaceForensics++__FaceSwap__479_706.mp4,data\raw\FaceForensics++_C23\FaceSwap\479_706.mp4,1,FaceSwap,c23
FaceForensics++,FaceForensics++__FaceSwap__480_389.mp4,data\raw\FaceForensics++_C23\FaceSwap\480_389.mp4,1,FaceSwap,c23
FaceForensics++,FaceForensics++__FaceSwap__481_469.mp4,data\raw\FaceForensics++_C23\FaceSwap\481_469.mp4,1,FaceSwap,c23
FaceForensics++,FaceForensics++__FaceSwap__483_370.mp4,data\raw\FaceForensics++_C23\FaceSwap\483_370.mp4,1,FaceSwap,c23
FaceForensics++,FaceForensics++__FaceSwap__484_415.mp4,data\raw\FaceForensics++_C23\FaceSwap\484_415.mp4,1,FaceSwap,c23
FaceForensics++,FaceForensics++__FaceSwap__486_680.mp4,data\raw\FaceForensics++_C23\FaceSwap\486_680.mp4,1,FaceSwap,c23
FaceForensics++,FaceForensics++__FaceSwap__487_477.mp4,data\raw\FaceForensics++_C23\FaceSwap\487_477.mp4,1,FaceSwap,c23
FaceForensics++,FaceForensics++__FaceSwap__488_399.mp4,data\raw\FaceForensics++_C23\FaceSwap\488_399.mp4,1,FaceSwap,c23
FaceForensics++,FaceForensics++__FaceSwap__489_022.mp4,data\raw\FaceForensics++_C23\FaceSwap\489_022.mp4,1,FaceSwap,c23
FaceForensics++,FaceForensics++__FaceSwap__490_534.mp4,data\raw\FaceForensics++_C23\FaceSwap\490_534.mp4,1,FaceSwap,c23
FaceForensics++,FaceForensics++__FaceSwap__491_226.mp4,data\raw\FaceForensics++_C23\FaceSwap\491_226.mp4,1,FaceSwap,c23
FaceForensics++,FaceForensics++__FaceSwap__492_325.mp4,data\raw\FaceForensics++_C23\FaceSwap\492_325.mp4,1,FaceSwap,c23
FaceForensics++,FaceForensics++__FaceSwap__493_538.mp4,data\raw\FaceForensics++_C23\FaceSwap\493_538.mp4,1,FaceSwap,c23
FaceForensics++,FaceForensics++__FaceSwap__494_445.mp4,data\raw\FaceForensics++_C23\FaceSwap\494_445.mp4,1,FaceSwap,c23
FaceForensics++,FaceForensics++__FaceSwap__496_417.mp4,data\raw\FaceForensics++_C23\FaceSwap\496_417.mp4,1,FaceSwap,c23
FaceForensics++,FaceForensics++__FaceSwap__497_403.mp4,data\raw\FaceForensics++_C23\FaceSwap\497_403.mp4,1,FaceSwap,c23
FaceForensics++,FaceForensics++__FaceSwap__498_433.mp4,data\raw\FaceForensics++_C23\FaceSwap\498_433.mp4,1,FaceSwap,c23
FaceForensics++,FaceForensics++__FaceSwap__499_539.mp4,data\raw\FaceForensics++_C23\FaceSwap\499_539.mp4,1,FaceSwap,c23
FaceForensics++,FaceForensics++__FaceSwap__500_592.mp4,data\raw\FaceForensics++_C23\FaceSwap\500_592.mp4,1,FaceSwap,c23
FaceForensics++,FaceForensics++__FaceSwap__501_326.mp4,data\raw\FaceForensics++_C23\FaceSwap\501_326.mp4,1,FaceSwap,c23
FaceForensics++,FaceForensics++__FaceSwap__502_504.mp4,data\raw\FaceForensics++_C23\FaceSwap\502_504.mp4,1,FaceSwap,c23
FaceForensics++,FaceForensics++__FaceSwap__504_502.mp4,data\raw\FaceForensics++_C23\FaceSwap\504_502.mp4,1,FaceSwap,c23
FaceForensics++,FaceForensics++__FaceSwap__505_600.mp4,data\raw\FaceForensics++_C23\FaceSwap\505_600.mp4,1,FaceSwap,c23
FaceForensics++,FaceForensics++__FaceSwap__506_478.mp4,data\raw\FaceForensics++_C23\FaceSwap\506_478.mp4,1,FaceSwap,c23
FaceForensics++,FaceForensics++__FaceSwap__507_418.mp4,data\raw\FaceForensics++_C23\FaceSwap\507_418.mp4,1,FaceSwap,c23
FaceForensics++,FaceForensics++__FaceSwap__508_831.mp4,data\raw\FaceForensics++_C23\FaceSwap\508_831.mp4,1,FaceSwap,c23
FaceForensics++,FaceForensics++__FaceSwap__510_528.mp4,data\raw\FaceForensics++_C23\FaceSwap\510_528.mp4,1,FaceSwap,c23
FaceForensics++,FaceForensics++__FaceSwap__513_305.mp4,data\raw\FaceForensics++_C23\FaceSwap\513_305.mp4,1,FaceSwap,c23
FaceForensics++,FaceForensics++__FaceSwap__514_443.mp4,data\raw\FaceForensics++_C23\FaceSwap\514_443.mp4,1,FaceSwap,c23
FaceForensics++,FaceForensics++__FaceSwap__515_519.mp4,data\raw\FaceForensics++_C23\FaceSwap\515_519.mp4,1,FaceSwap,c23
FaceForensics++,FaceForensics++__FaceSwap__516_555.mp4,data\raw\FaceForensics++_C23\FaceSwap\516_555.mp4,1,FaceSwap,c23
FaceForensics++,FaceForensics++__FaceSwap__517_521.mp4,data\raw\FaceForensics++_C23\FaceSwap\517_521.mp4,1,FaceSwap,c23
FaceForensics++,FaceForensics++__FaceSwap__518_131.mp4,data\raw\FaceForensics++_C23\FaceSwap\518_131.mp4,1,FaceSwap,c23
FaceForensics++,FaceForensics++__FaceSwap__519_515.mp4,data\raw\FaceForensics++_C23\FaceSwap\519_515.mp4,1,FaceSwap,c23
FaceForensics++,FaceForensics++__FaceSwap__522_337.mp4,data\raw\FaceForensics++_C23\FaceSwap\522_337.mp4,1,FaceSwap,c23
FaceForensics++,FaceForensics++__FaceSwap__523_541.mp4,data\raw\FaceForensics++_C23\FaceSwap\523_541.mp4,1,FaceSwap,c23
FaceForensics++,FaceForensics++__FaceSwap__524_580.mp4,data\raw\FaceForensics++_C23\FaceSwap\524_580.mp4,1,FaceSwap,c23
FaceForensics++,FaceForensics++__FaceSwap__525_509.mp4,data\raw\FaceForensics++_C23\FaceSwap\525_509.mp4,1,FaceSwap,c23
FaceForensics++,FaceForensics++__FaceSwap__526_436.mp4,data\raw\FaceForensics++_C23\FaceSwap\526_436.mp4,1,FaceSwap,c23
FaceForensics++,FaceForensics++__FaceSwap__527_454.mp4,data\raw\FaceForensics++_C23\FaceSwap\527_454.mp4,1,FaceSwap,c23
FaceForensics++,FaceForensics++__FaceSwap__529_633.mp4,data\raw\FaceForensics++_C23\FaceSwap\529_633.mp4,1,FaceSwap,c23
FaceForensics++,FaceForensics++__FaceSwap__530_594.mp4,data\raw\FaceForensics++_C23\FaceSwap\530_594.mp4,1,FaceSwap,c23
FaceForensics++,FaceForensics++__FaceSwap__532_544.mp4,data\raw\FaceForensics++_C23\FaceSwap\532_544.mp4,1,FaceSwap,c23
FaceForensics++,FaceForensics++__FaceSwap__534_490.mp4,data\raw\FaceForensics++_C23\FaceSwap\534_490.mp4,1,FaceSwap,c23
FaceForensics++,FaceForensics++__FaceSwap__535_587.mp4,data\raw\FaceForensics++_C23\FaceSwap\535_587.mp4,1,FaceSwap,c23
FaceForensics++,FaceForensics++__FaceSwap__536_540.mp4,data\raw\FaceForensics++_C23\FaceSwap\536_540.mp4,1,FaceSwap,c23
FaceForensics++,FaceForensics++__FaceSwap__537_563.mp4,data\raw\FaceForensics++_C23\FaceSwap\537_563.mp4,1,FaceSwap,c23
FaceForensics++,FaceForensics++__FaceSwap__538_493.mp4,data\raw\FaceForensics++_C23\FaceSwap\538_493.mp4,1,FaceSwap,c23
FaceForensics++,FaceForensics++__FaceSwap__540_536.mp4,data\raw\FaceForensics++_C23\FaceSwap\540_536.mp4,1,FaceSwap,c23
FaceForensics++,FaceForensics++__FaceSwap__541_523.mp4,data\raw\FaceForensics++_C23\FaceSwap\541_523.mp4,1,FaceSwap,c23
FaceForensics++,FaceForensics++__FaceSwap__542_520.mp4,data\raw\FaceForensics++_C23\FaceSwap\542_520.mp4,1,FaceSwap,c23
FaceForensics++,FaceForensics++__FaceSwap__543_559.mp4,data\raw\FaceForensics++_C23\FaceSwap\543_559.mp4,1,FaceSwap,c23
FaceForensics++,FaceForensics++__FaceSwap__544_532.mp4,data\raw\FaceForensics++_C23\FaceSwap\544_532.mp4,1,FaceSwap,c23
FaceForensics++,FaceForensics++__FaceSwap__545_553.mp4,data\raw\FaceForensics++_C23\FaceSwap\545_553.mp4,1,FaceSwap,c23
FaceForensics++,FaceForensics++__FaceSwap__546_621.mp4,data\raw\FaceForensics++_C23\FaceSwap\546_621.mp4,1,FaceSwap,c23
FaceForensics++,FaceForensics++__FaceSwap__547_574.mp4,data\raw\FaceForensics++_C23\FaceSwap\547_574.mp4,1,FaceSwap,c23
FaceForensics++,FaceForensics++__FaceSwap__548_632.mp4,data\raw\FaceForensics++_C23\FaceSwap\548_632.mp4,1,FaceSwap,c23
FaceForensics++,FaceForensics++__FaceSwap__549_531.mp4,data\raw\FaceForensics++_C23\FaceSwap\549_531.mp4,1,FaceSwap,c23
FaceForensics++,FaceForensics++__FaceSwap__550_452.mp4,data\raw\FaceForensics++_C23\FaceSwap\550_452.mp4,1,FaceSwap,c23
FaceForensics++,FaceForensics++__FaceSwap__552_851.mp4,data\raw\FaceForensics++_C23\FaceSwap\552_851.mp4,1,FaceSwap,c23
FaceForensics++,FaceForensics++__FaceSwap__553_545.mp4,data\raw\FaceForensics++_C23\FaceSwap\553_545.mp4,1,FaceSwap,c23
FaceForensics++,FaceForensics++__FaceSwap__554_572.mp4,data\raw\FaceForensics++_C23\FaceSwap\554_572.mp4,1,FaceSwap,c23
FaceForensics++,FaceForensics++__FaceSwap__556_588.mp4,data\raw\FaceForensics++_C23\FaceSwap\556_588.mp4,1,FaceSwap,c23
FaceForensics++,FaceForensics++__FaceSwap__557_560.mp4,data\raw\FaceForensics++_C23\FaceSwap\557_560.mp4,1,FaceSwap,c23
FaceForensics++,FaceForensics++__FaceSwap__558_583.mp4,data\raw\FaceForensics++_C23\FaceSwap\558_583.mp4,1,FaceSwap,c23
FaceForensics++,FaceForensics++__FaceSwap__560_557.mp4,data\raw\FaceForensics++_C23\FaceSwap\560_557.mp4,1,FaceSwap,c23
FaceForensics++,FaceForensics++__FaceSwap__562_626.mp4,data\raw\FaceForensics++_C23\FaceSwap\562_626.mp4,1,FaceSwap,c23
FaceForensics++,FaceForensics++__FaceSwap__563_537.mp4,data\raw\FaceForensics++_C23\FaceSwap\563_537.mp4,1,FaceSwap,c23
FaceForensics++,FaceForensics++__FaceSwap__564_971.mp4,data\raw\FaceForensics++_C23\FaceSwap\564_971.mp4,1,FaceSwap,c23
FaceForensics++,FaceForensics++__FaceSwap__565_589.mp4,data\raw\FaceForensics++_C23\FaceSwap\565_589.mp4,1,FaceSwap,c23
FaceForensics++,FaceForensics++__FaceSwap__566_617.mp4,data\raw\FaceForensics++_C23\FaceSwap\566_617.mp4,1,FaceSwap,c23
FaceForensics++,FaceForensics++__FaceSwap__569_921.mp4,data\raw\FaceForensics++_C23\FaceSwap\569_921.mp4,1,FaceSwap,c23
FaceForensics++,FaceForensics++__FaceSwap__571_746.mp4,data\raw\FaceForensics++_C23\FaceSwap\571_746.mp4,1,FaceSwap,c23
FaceForensics++,FaceForensics++__FaceSwap__573_757.mp4,data\raw\FaceForensics++_C23\FaceSwap\573_757.mp4,1,FaceSwap,c23
FaceForensics++,FaceForensics++__FaceSwap__575_603.mp4,data\raw\FaceForensics++_C23\FaceSwap\575_603.mp4,1,FaceSwap,c23
FaceForensics++,FaceForensics++__FaceSwap__576_155.mp4,data\raw\FaceForensics++_C23\FaceSwap\576_155.mp4,1,FaceSwap,c23
FaceForensics++,FaceForensics++__FaceSwap__577_593.mp4,data\raw\FaceForensics++_C23\FaceSwap\577_593.mp4,1,FaceSwap,c23
FaceForensics++,FaceForensics++__FaceSwap__578_636.mp4,data\raw\FaceForensics++_C23\FaceSwap\578_636.mp4,1,FaceSwap,c23
FaceForensics++,FaceForensics++__FaceSwap__579_701.mp4,data\raw\FaceForensics++_C23\FaceSwap\579_701.mp4,1,FaceSwap,c23
FaceForensics++,FaceForensics++__FaceSwap__580_524.mp4,data\raw\FaceForensics++_C23\FaceSwap\580_524.mp4,1,FaceSwap,c23
FaceForensics++,FaceForensics++__FaceSwap__581_697.mp4,data\raw\FaceForensics++_C23\FaceSwap\581_697.mp4,1,FaceSwap,c23
FaceForensics++,FaceForensics++__FaceSwap__582_172.mp4,data\raw\FaceForensics++_C23\FaceSwap\582_172.mp4,1,FaceSwap,c23
FaceForensics++,FaceForensics++__FaceSwap__583_558.mp4,data\raw\FaceForensics++_C23\FaceSwap\583_558.mp4,1,FaceSwap,c23
FaceForensics++,FaceForensics++__FaceSwap__584_823.mp4,data\raw\FaceForensics++_C23\FaceSwap\584_823.mp4,1,FaceSwap,c23
FaceForensics++,FaceForensics++__FaceSwap__585_599.mp4,data\raw\FaceForensics++_C23\FaceSwap\585_599.mp4,1,FaceSwap,c23
FaceForensics++,FaceForensics++__FaceSwap__587_535.mp4,data\raw\FaceForensics++_C23\FaceSwap\587_535.mp4,1,FaceSwap,c23
FaceForensics++,FaceForensics++__FaceSwap__590_034.mp4,data\raw\FaceForensics++_C23\FaceSwap\590_034.mp4,1,FaceSwap,c23
FaceForensics++,FaceForensics++__FaceSwap__591_605.mp4,data\raw\FaceForensics++_C23\FaceSwap\591_605.mp4,1,FaceSwap,c23
FaceForensics++,FaceForensics++__FaceSwap__592_500.mp4,data\raw\FaceForensics++_C23\FaceSwap\592_500.mp4,1,FaceSwap,c23
FaceForensics++,FaceForensics++__FaceSwap__593_577.mp4,data\raw\FaceForensics++_C23\FaceSwap\593_577.mp4,1,FaceSwap,c23
FaceForensics++,FaceForensics++__FaceSwap__594_530.mp4,data\raw\FaceForensics++_C23\FaceSwap\594_530.mp4,1,FaceSwap,c23
FaceForensics++,FaceForensics++__FaceSwap__595_597.mp4,data\raw\FaceForensics++_C23\FaceSwap\595_597.mp4,1,FaceSwap,c23
FaceForensics++,FaceForensics++__FaceSwap__596_609.mp4,data\raw\FaceForensics++_C23\FaceSwap\596_609.mp4,1,FaceSwap,c23
FaceForensics++,FaceForensics++__FaceSwap__598_178.mp4,data\raw\FaceForensics++_C23\FaceSwap\598_178.mp4,1,FaceSwap,c23
FaceForensics++,FaceForensics++__FaceSwap__599_585.mp4,data\raw\FaceForensics++_C23\FaceSwap\599_585.mp4,1,FaceSwap,c23
FaceForensics++,FaceForensics++__FaceSwap__600_505.mp4,data\raw\FaceForensics++_C23\FaceSwap\600_505.mp4,1,FaceSwap,c23
FaceForensics++,FaceForensics++__FaceSwap__601_653.mp4,data\raw\FaceForensics++_C23\FaceSwap\601_653.mp4,1,FaceSwap,c23
FaceForensics++,FaceForensics++__FaceSwap__602_397.mp4,data\raw\FaceForensics++_C23\FaceSwap\602_397.mp4,1,FaceSwap,c23
FaceForensics++,FaceForensics++__FaceSwap__604_703.mp4,data\raw\FaceForensics++_C23\FaceSwap\604_703.mp4,1,FaceSwap,c23
FaceForensics++,FaceForensics++__FaceSwap__605_591.mp4,data\raw\FaceForensics++_C23\FaceSwap\605_591.mp4,1,FaceSwap,c23
FaceForensics++,FaceForensics++__FaceSwap__607_683.mp4,data\raw\FaceForensics++_C23\FaceSwap\607_683.mp4,1,FaceSwap,c23
FaceForensics++,FaceForensics++__FaceSwap__609_596.mp4,data\raw\FaceForensics++_C23\FaceSwap\609_596.mp4,1,FaceSwap,c23
FaceForensics++,FaceForensics++__FaceSwap__610_692.mp4,data\raw\FaceForensics++_C23\FaceSwap\610_692.mp4,1,FaceSwap,c23
FaceForensics++,FaceForensics++__FaceSwap__611_760.mp4,data\raw\FaceForensics++_C23\FaceSwap\611_760.mp4,1,FaceSwap,c23
FaceForensics++,FaceForensics++__FaceSwap__612_702.mp4,data\raw\FaceForensics++_C23\FaceSwap\612_702.mp4,1,FaceSwap,c23
FaceForensics++,FaceForensics++__FaceSwap__613_685.mp4,data\raw\FaceForensics++_C23\FaceSwap\613_685.mp4,1,FaceSwap,c23
FaceForensics++,FaceForensics++__FaceSwap__614_616.mp4,data\raw\FaceForensics++_C23\FaceSwap\614_616.mp4,1,FaceSwap,c23
FaceForensics++,FaceForensics++__FaceSwap__615_687.mp4,data\raw\FaceForensics++_C23\FaceSwap\615_687.mp4,1,FaceSwap,c23
FaceForensics++,FaceForensics++__FaceSwap__616_614.mp4,data\raw\FaceForensics++_C23\FaceSwap\616_614.mp4,1,FaceSwap,c23
FaceForensics++,FaceForensics++__FaceSwap__617_566.mp4,data\raw\FaceForensics++_C23\FaceSwap\617_566.mp4,1,FaceSwap,c23
FaceForensics++,FaceForensics++__FaceSwap__620_619.mp4,data\raw\FaceForensics++_C23\FaceSwap\620_619.mp4,1,FaceSwap,c23
FaceForensics++,FaceForensics++__FaceSwap__623_630.mp4,data\raw\FaceForensics++_C23\FaceSwap\623_630.mp4,1,FaceSwap,c23
FaceForensics++,FaceForensics++__FaceSwap__624_570.mp4,data\raw\FaceForensics++_C23\FaceSwap\624_570.mp4,1,FaceSwap,c23
FaceForensics++,FaceForensics++__FaceSwap__627_658.mp4,data\raw\FaceForensics++_C23\FaceSwap\627_658.mp4,1,FaceSwap,c23
FaceForensics++,FaceForensics++__FaceSwap__628_568.mp4,data\raw\FaceForensics++_C23\FaceSwap\628_568.mp4,1,FaceSwap,c23
FaceForensics++,FaceForensics++__FaceSwap__629_618.mp4,data\raw\FaceForensics++_C23\FaceSwap\629_618.mp4,1,FaceSwap,c23
FaceForensics++,FaceForensics++__FaceSwap__631_551.mp4,data\raw\FaceForensics++_C23\FaceSwap\631_551.mp4,1,FaceSwap,c23
FaceForensics++,FaceForensics++__FaceSwap__632_548.mp4,data\raw\FaceForensics++_C23\FaceSwap\632_548.mp4,1,FaceSwap,c23
FaceForensics++,FaceForensics++__FaceSwap__633_529.mp4,data\raw\FaceForensics++_C23\FaceSwap\633_529.mp4,1,FaceSwap,c23
FaceForensics++,FaceForensics++__FaceSwap__635_642.mp4,data\raw\FaceForensics++_C23\FaceSwap\635_642.mp4,1,FaceSwap,c23
FaceForensics++,FaceForensics++__FaceSwap__636_578.mp4,data\raw\FaceForensics++_C23\FaceSwap\636_578.mp4,1,FaceSwap,c23
FaceForensics++,FaceForensics++__FaceSwap__637_427.mp4,data\raw\FaceForensics++_C23\FaceSwap\637_427.mp4,1,FaceSwap,c23
FaceForensics++,FaceForensics++__FaceSwap__638_640.mp4,data\raw\FaceForensics++_C23\FaceSwap\638_640.mp4,1,FaceSwap,c23
FaceForensics++,FaceForensics++__FaceSwap__639_841.mp4,data\raw\FaceForensics++_C23\FaceSwap\639_841.mp4,1,FaceSwap,c23
FaceForensics++,FaceForensics++__FaceSwap__640_638.mp4,data\raw\FaceForensics++_C23\FaceSwap\640_638.mp4,1,FaceSwap,c23
FaceForensics++,FaceForensics++__FaceSwap__641_662.mp4,data\raw\FaceForensics++_C23\FaceSwap\641_662.mp4,1,FaceSwap,c23
FaceForensics++,FaceForensics++__FaceSwap__642_635.mp4,data\raw\FaceForensics++_C23\FaceSwap\642_635.mp4,1,FaceSwap,c23
FaceForensics++,FaceForensics++__FaceSwap__643_646.mp4,data\raw\FaceForensics++_C23\FaceSwap\643_646.mp4,1,FaceSwap,c23
FaceForensics++,FaceForensics++__FaceSwap__644_657.mp4,data\raw\FaceForensics++_C23\FaceSwap\644_657.mp4,1,FaceSwap,c23
FaceForensics++,FaceForensics++__FaceSwap__645_688.mp4,data\raw\FaceForensics++_C23\FaceSwap\645_688.mp4,1,FaceSwap,c23
FaceForensics++,FaceForensics++__FaceSwap__646_643.mp4,data\raw\FaceForensics++_C23\FaceSwap\646_643.mp4,1,FaceSwap,c23
FaceForensics++,FaceForensics++__FaceSwap__647_622.mp4,data\raw\FaceForensics++_C23\FaceSwap\647_622.mp4,1,FaceSwap,c23
FaceForensics++,FaceForensics++__FaceSwap__648_654.mp4,data\raw\FaceForensics++_C23\FaceSwap\648_654.mp4,1,FaceSwap,c23
FaceForensics++,FaceForensics++__FaceSwap__649_816.mp4,data\raw\FaceForensics++_C23\FaceSwap\649_816.mp4,1,FaceSwap,c23
FaceForensics++,FaceForensics++__FaceSwap__650_625.mp4,data\raw\FaceForensics++_C23\FaceSwap\650_625.mp4,1,FaceSwap,c23
FaceForensics++,FaceForensics++__FaceSwap__651_835.mp4,data\raw\FaceForensics++_C23\FaceSwap\651_835.mp4,1,FaceSwap,c23
FaceForensics++,FaceForensics++__FaceSwap__653_601.mp4,data\raw\FaceForensics++_C23\FaceSwap\653_601.mp4,1,FaceSwap,c23
FaceForensics++,FaceForensics++__FaceSwap__654_648.mp4,data\raw\FaceForensics++_C23\FaceSwap\654_648.mp4,1,FaceSwap,c23
FaceForensics++,FaceForensics++__FaceSwap__655_444.mp4,data\raw\FaceForensics++_C23\FaceSwap\655_444.mp4,1,FaceSwap,c23
FaceForensics++,FaceForensics++__FaceSwap__656_666.mp4,data\raw\FaceForensics++_C23\FaceSwap\656_666.mp4,1,FaceSwap,c23
FaceForensics++,FaceForensics++__FaceSwap__657_644.mp4,data\raw\FaceForensics++_C23\FaceSwap\657_644.mp4,1,FaceSwap,c23
FaceForensics++,FaceForensics++__FaceSwap__659_749.mp4,data\raw\FaceForensics++_C23\FaceSwap\659_749.mp4,1,FaceSwap,c23
FaceForensics++,FaceForensics++__FaceSwap__660_634.mp4,data\raw\FaceForensics++_C23\FaceSwap\660_634.mp4,1,FaceSwap,c23
FaceForensics++,FaceForensics++__FaceSwap__661_670.mp4,data\raw\FaceForensics++_C23\FaceSwap\661_670.mp4,1,FaceSwap,c23
FaceForensics++,FaceForensics++__FaceSwap__662_641.mp4,data\raw\FaceForensics++_C23\FaceSwap\662_641.mp4,1,FaceSwap,c23
FaceForensics++,FaceForensics++__FaceSwap__663_231.mp4,data\raw\FaceForensics++_C23\FaceSwap\663_231.mp4,1,FaceSwap,c23
FaceForensics++,FaceForensics++__FaceSwap__664_668.mp4,data\raw\FaceForensics++_C23\FaceSwap\664_668.mp4,1,FaceSwap,c23
FaceForensics++,FaceForensics++__FaceSwap__665_679.mp4,data\raw\FaceForensics++_C23\FaceSwap\665_679.mp4,1,FaceSwap,c23
FaceForensics++,FaceForensics++__FaceSwap__666_656.mp4,data\raw\FaceForensics++_C23\FaceSwap\666_656.mp4,1,FaceSwap,c23
FaceForensics++,FaceForensics++__FaceSwap__667_446.mp4,data\raw\FaceForensics++_C23\FaceSwap\667_446.mp4,1,FaceSwap,c23
FaceForensics++,FaceForensics++__FaceSwap__668_664.mp4,data\raw\FaceForensics++_C23\FaceSwap\668_664.mp4,1,FaceSwap,c23
FaceForensics++,FaceForensics++__FaceSwap__669_682.mp4,data\raw\FaceForensics++_C23\FaceSwap\669_682.mp4,1,FaceSwap,c23
FaceForensics++,FaceForensics++__FaceSwap__670_661.mp4,data\raw\FaceForensics++_C23\FaceSwap\670_661.mp4,1,FaceSwap,c23
FaceForensics++,FaceForensics++__FaceSwap__672_720.mp4,data\raw\FaceForensics++_C23\FaceSwap\672_720.mp4,1,FaceSwap,c23
FaceForensics++,FaceForensics++__FaceSwap__673_728.mp4,data\raw\FaceForensics++_C23\FaceSwap\673_728.mp4,1,FaceSwap,c23
FaceForensics++,FaceForensics++__FaceSwap__674_744.mp4,data\raw\FaceForensics++_C23\FaceSwap\674_744.mp4,1,FaceSwap,c23
FaceForensics++,FaceForensics++__FaceSwap__676_776.mp4,data\raw\FaceForensics++_C23\FaceSwap\676_776.mp4,1,FaceSwap,c23
FaceForensics++,FaceForensics++__FaceSwap__677_671.mp4,data\raw\FaceForensics++_C23\FaceSwap\677_671.mp4,1,FaceSwap,c23
FaceForensics++,FaceForensics++__FaceSwap__678_460.mp4,data\raw\FaceForensics++_C23\FaceSwap\678_460.mp4,1,FaceSwap,c23
FaceForensics++,FaceForensics++__FaceSwap__680_486.mp4,data\raw\FaceForensics++_C23\FaceSwap\680_486.mp4,1,FaceSwap,c23
FaceForensics++,FaceForensics++__FaceSwap__681_711.mp4,data\raw\FaceForensics++_C23\FaceSwap\681_711.mp4,1,FaceSwap,c23
FaceForensics++,FaceForensics++__FaceSwap__682_669.mp4,data\raw\FaceForensics++_C23\FaceSwap\682_669.mp4,1,FaceSwap,c23
FaceForensics++,FaceForensics++__FaceSwap__683_607.mp4,data\raw\FaceForensics++_C23\FaceSwap\683_607.mp4,1,FaceSwap,c23
FaceForensics++,FaceForensics++__FaceSwap__684_717.mp4,data\raw\FaceForensics++_C23\FaceSwap\684_717.mp4,1,FaceSwap,c23
FaceForensics++,FaceForensics++__FaceSwap__685_613.mp4,data\raw\FaceForensics++_C23\FaceSwap\685_613.mp4,1,FaceSwap,c23
FaceForensics++,FaceForensics++__FaceSwap__687_615.mp4,data\raw\FaceForensics++_C23\FaceSwap\687_615.mp4,1,FaceSwap,c23
FaceForensics++,FaceForensics++__FaceSwap__688_645.mp4,data\raw\FaceForensics++_C23\FaceSwap\688_645.mp4,1,FaceSwap,c23
FaceForensics++,FaceForensics++__FaceSwap__689_690.mp4,data\raw\FaceForensics++_C23\FaceSwap\689_690.mp4,1,FaceSwap,c23
FaceForensics++,FaceForensics++__FaceSwap__691_732.mp4,data\raw\FaceForensics++_C23\FaceSwap\691_732.mp4,1,FaceSwap,c23
FaceForensics++,FaceForensics++__FaceSwap__693_698.mp4,data\raw\FaceForensics++_C23\FaceSwap\693_698.mp4,1,FaceSwap,c23
FaceForensics++,FaceForensics++__FaceSwap__694_767.mp4,data\raw\FaceForensics++_C23\FaceSwap\694_767.mp4,1,FaceSwap,c23
FaceForensics++,FaceForensics++__FaceSwap__695_422.mp4,data\raw\FaceForensics++_C23\FaceSwap\695_422.mp4,1,FaceSwap,c23
FaceForensics++,FaceForensics++__FaceSwap__696_686.mp4,data\raw\FaceForensics++_C23\FaceSwap\696_686.mp4,1,FaceSwap,c23
FaceForensics++,FaceForensics++__FaceSwap__697_581.mp4,data\raw\FaceForensics++_C23\FaceSwap\697_581.mp4,1,FaceSwap,c23
FaceForensics++,FaceForensics++__FaceSwap__699_734.mp4,data\raw\FaceForensics++_C23\FaceSwap\699_734.mp4,1,FaceSwap,c23
FaceForensics++,FaceForensics++__FaceSwap__700_813.mp4,data\raw\FaceForensics++_C23\FaceSwap\700_813.mp4,1,FaceSwap,c23
FaceForensics++,FaceForensics++__FaceSwap__701_579.mp4,data\raw\FaceForensics++_C23\FaceSwap\701_579.mp4,1,FaceSwap,c23
FaceForensics++,FaceForensics++__FaceSwap__702_612.mp4,data\raw\FaceForensics++_C23\FaceSwap\702_612.mp4,1,FaceSwap,c23
FaceForensics++,FaceForensics++__FaceSwap__703_604.mp4,data\raw\FaceForensics++_C23\FaceSwap\703_604.mp4,1,FaceSwap,c23
FaceForensics++,FaceForensics++__FaceSwap__704_723.mp4,data\raw\FaceForensics++_C23\FaceSwap\704_723.mp4,1,FaceSwap,c23
FaceForensics++,FaceForensics++__FaceSwap__705_707.mp4,data\raw\FaceForensics++_C23\FaceSwap\705_707.mp4,1,FaceSwap,c23
FaceForensics++,FaceForensics++__FaceSwap__706_479.mp4,data\raw\FaceForensics++_C23\FaceSwap\706_479.mp4,1,FaceSwap,c23
FaceForensics++,FaceForensics++__FaceSwap__707_705.mp4,data\raw\FaceForensics++_C23\FaceSwap\707_705.mp4,1,FaceSwap,c23
FaceForensics++,FaceForensics++__FaceSwap__708_772.mp4,data\raw\FaceForensics++_C23\FaceSwap\708_772.mp4,1,FaceSwap,c23
FaceForensics++,FaceForensics++__FaceSwap__709_390.mp4,data\raw\FaceForensics++_C23\FaceSwap\709_390.mp4,1,FaceSwap,c23
FaceForensics++,FaceForensics++__FaceSwap__710_788.mp4,data\raw\FaceForensics++_C23\FaceSwap\710_788.mp4,1,FaceSwap,c23
FaceForensics++,FaceForensics++__FaceSwap__711_681.mp4,data\raw\FaceForensics++_C23\FaceSwap\711_681.mp4,1,FaceSwap,c23
FaceForensics++,FaceForensics++__FaceSwap__712_716.mp4,data\raw\FaceForensics++_C23\FaceSwap\712_716.mp4,1,FaceSwap,c23
FaceForensics++,FaceForensics++__FaceSwap__713_726.mp4,data\raw\FaceForensics++_C23\FaceSwap\713_726.mp4,1,FaceSwap,c23
FaceForensics++,FaceForensics++__FaceSwap__715_721.mp4,data\raw\FaceForensics++_C23\FaceSwap\715_721.mp4,1,FaceSwap,c23
FaceForensics++,FaceForensics++__FaceSwap__718_972.mp4,data\raw\FaceForensics++_C23\FaceSwap\718_972.mp4,1,FaceSwap,c23
FaceForensics++,FaceForensics++__FaceSwap__720_672.mp4,data\raw\FaceForensics++_C23\FaceSwap\720_672.mp4,1,FaceSwap,c23
FaceForensics++,FaceForensics++__FaceSwap__721_715.mp4,data\raw\FaceForensics++_C23\FaceSwap\721_715.mp4,1,FaceSwap,c23
FaceForensics++,FaceForensics++__FaceSwap__722_458.mp4,data\raw\FaceForensics++_C23\FaceSwap\722_458.mp4,1,FaceSwap,c23
FaceForensics++,FaceForensics++__FaceSwap__723_704.mp4,data\raw\FaceForensics++_C23\FaceSwap\723_704.mp4,1,FaceSwap,c23
FaceForensics++,FaceForensics++__FaceSwap__726_713.mp4,data\raw\FaceForensics++_C23\FaceSwap\726_713.mp4,1,FaceSwap,c23
FaceForensics++,FaceForensics++__FaceSwap__728_673.mp4,data\raw\FaceForensics++_C23\FaceSwap\728_673.mp4,1,FaceSwap,c23
FaceForensics++,FaceForensics++__FaceSwap__729_727.mp4,data\raw\FaceForensics++_C23\FaceSwap\729_727.mp4,1,FaceSwap,c23
FaceForensics++,FaceForensics++__FaceSwap__731_741.mp4,data\raw\FaceForensics++_C23\FaceSwap\731_741.mp4,1,FaceSwap,c23
FaceForensics++,FaceForensics++__FaceSwap__732_691.mp4,data\raw\FaceForensics++_C23\FaceSwap\732_691.mp4,1,FaceSwap,c23
FaceForensics++,FaceForensics++__FaceSwap__733_935.mp4,data\raw\FaceForensics++_C23\FaceSwap\733_935.mp4,1,FaceSwap,c23
FaceForensics++,FaceForensics++__FaceSwap__734_699.mp4,data\raw\FaceForensics++_C23\FaceSwap\734_699.mp4,1,FaceSwap,c23
FaceForensics++,FaceForensics++__FaceSwap__735_774.mp4,data\raw\FaceForensics++_C23\FaceSwap\735_774.mp4,1,FaceSwap,c23
FaceForensics++,FaceForensics++__FaceSwap__736_785.mp4,data\raw\FaceForensics++_C23\FaceSwap\736_785.mp4,1,FaceSwap,c23
FaceForensics++,FaceForensics++__FaceSwap__737_719.mp4,data\raw\FaceForensics++_C23\FaceSwap\737_719.mp4,1,FaceSwap,c23
FaceForensics++,FaceForensics++__FaceSwap__738_804.mp4,data\raw\FaceForensics++_C23\FaceSwap\738_804.mp4,1,FaceSwap,c23
FaceForensics++,FaceForensics++__FaceSwap__740_796.mp4,data\raw\FaceForensics++_C23\FaceSwap\740_796.mp4,1,FaceSwap,c23
FaceForensics++,FaceForensics++__FaceSwap__744_674.mp4,data\raw\FaceForensics++_C23\FaceSwap\744_674.mp4,1,FaceSwap,c23
FaceForensics++,FaceForensics++__FaceSwap__746_571.mp4,data\raw\FaceForensics++_C23\FaceSwap\746_571.mp4,1,FaceSwap,c23
FaceForensics++,FaceForensics++__FaceSwap__747_854.mp4,data\raw\FaceForensics++_C23\FaceSwap\747_854.mp4,1,FaceSwap,c23
FaceForensics++,FaceForensics++__FaceSwap__748_355.mp4,data\raw\FaceForensics++_C23\FaceSwap\748_355.mp4,1,FaceSwap,c23
FaceForensics++,FaceForensics++__FaceSwap__749_659.mp4,data\raw\FaceForensics++_C23\FaceSwap\749_659.mp4,1,FaceSwap,c23
FaceForensics++,FaceForensics++__FaceSwap__750_743.mp4,data\raw\FaceForensics++_C23\FaceSwap\750_743.mp4,1,FaceSwap,c23
FaceForensics++,FaceForensics++__FaceSwap__751_752.mp4,data\raw\FaceForensics++_C23\FaceSwap\751_752.mp4,1,FaceSwap,c23
FaceForensics++,FaceForensics++__FaceSwap__752_751.mp4,data\raw\FaceForensics++_C23\FaceSwap\752_751.mp4,1,FaceSwap,c23
FaceForensics++,FaceForensics++__FaceSwap__753_789.mp4,data\raw\FaceForensics++_C23\FaceSwap\753_789.mp4,1,FaceSwap,c23
FaceForensics++,FaceForensics++__FaceSwap__755_759.mp4,data\raw\FaceForensics++_C23\FaceSwap\755_759.mp4,1,FaceSwap,c23
FaceForensics++,FaceForensics++__FaceSwap__756_503.mp4,data\raw\FaceForensics++_C23\FaceSwap\756_503.mp4,1,FaceSwap,c23
FaceForensics++,FaceForensics++__FaceSwap__757_573.mp4,data\raw\FaceForensics++_C23\FaceSwap\757_573.mp4,1,FaceSwap,c23
FaceForensics++,FaceForensics++__FaceSwap__759_755.mp4,data\raw\FaceForensics++_C23\FaceSwap\759_755.mp4,1,FaceSwap,c23
FaceForensics++,FaceForensics++__FaceSwap__760_611.mp4,data\raw\FaceForensics++_C23\FaceSwap\760_611.mp4,1,FaceSwap,c23
FaceForensics++,FaceForensics++__FaceSwap__761_766.mp4,data\raw\FaceForensics++_C23\FaceSwap\761_766.mp4,1,FaceSwap,c23
FaceForensics++,FaceForensics++__FaceSwap__762_832.mp4,data\raw\FaceForensics++_C23\FaceSwap\762_832.mp4,1,FaceSwap,c23
FaceForensics++,FaceForensics++__FaceSwap__765_867.mp4,data\raw\FaceForensics++_C23\FaceSwap\765_867.mp4,1,FaceSwap,c23
FaceForensics++,FaceForensics++__FaceSwap__767_694.mp4,data\raw\FaceForensics++_C23\FaceSwap\767_694.mp4,1,FaceSwap,c23
FaceForensics++,FaceForensics++__FaceSwap__768_793.mp4,data\raw\FaceForensics++_C23\FaceSwap\768_793.mp4,1,FaceSwap,c23
FaceForensics++,FaceForensics++__FaceSwap__769_784.mp4,data\raw\FaceForensics++_C23\FaceSwap\769_784.mp4,1,FaceSwap,c23
FaceForensics++,FaceForensics++__FaceSwap__771_849.mp4,data\raw\FaceForensics++_C23\FaceSwap\771_849.mp4,1,FaceSwap,c23
FaceForensics++,FaceForensics++__FaceSwap__772_708.mp4,data\raw\FaceForensics++_C23\FaceSwap\772_708.mp4,1,FaceSwap,c23
FaceForensics++,FaceForensics++__FaceSwap__773_652.mp4,data\raw\FaceForensics++_C23\FaceSwap\773_652.mp4,1,FaceSwap,c23
FaceForensics++,FaceForensics++__FaceSwap__774_735.mp4,data\raw\FaceForensics++_C23\FaceSwap\774_735.mp4,1,FaceSwap,c23
FaceForensics++,FaceForensics++__FaceSwap__775_742.mp4,data\raw\FaceForensics++_C23\FaceSwap\775_742.mp4,1,FaceSwap,c23
FaceForensics++,FaceForensics++__FaceSwap__776_676.mp4,data\raw\FaceForensics++_C23\FaceSwap\776_676.mp4,1,FaceSwap,c23
FaceForensics++,FaceForensics++__FaceSwap__778_798.mp4,data\raw\FaceForensics++_C23\FaceSwap\778_798.mp4,1,FaceSwap,c23
FaceForensics++,FaceForensics++__FaceSwap__779_794.mp4,data\raw\FaceForensics++_C23\FaceSwap\779_794.mp4,1,FaceSwap,c23
FaceForensics++,FaceForensics++__FaceSwap__781_806.mp4,data\raw\FaceForensics++_C23\FaceSwap\781_806.mp4,1,FaceSwap,c23
FaceForensics++,FaceForensics++__FaceSwap__783_916.mp4,data\raw\FaceForensics++_C23\FaceSwap\783_916.mp4,1,FaceSwap,c23
FaceForensics++,FaceForensics++__FaceSwap__785_736.mp4,data\raw\FaceForensics++_C23\FaceSwap\785_736.mp4,1,FaceSwap,c23
FaceForensics++,FaceForensics++__FaceSwap__787_782.mp4,data\raw\FaceForensics++_C23\FaceSwap\787_782.mp4,1,FaceSwap,c23
FaceForensics++,FaceForensics++__FaceSwap__788_710.mp4,data\raw\FaceForensics++_C23\FaceSwap\788_710.mp4,1,FaceSwap,c23
FaceForensics++,FaceForensics++__FaceSwap__790_014.mp4,data\raw\FaceForensics++_C23\FaceSwap\790_014.mp4,1,FaceSwap,c23
FaceForensics++,FaceForensics++__FaceSwap__791_770.mp4,data\raw\FaceForensics++_C23\FaceSwap\791_770.mp4,1,FaceSwap,c23
FaceForensics++,FaceForensics++__FaceSwap__792_903.mp4,data\raw\FaceForensics++_C23\FaceSwap\792_903.mp4,1,FaceSwap,c23
FaceForensics++,FaceForensics++__FaceSwap__793_768.mp4,data\raw\FaceForensics++_C23\FaceSwap\793_768.mp4,1,FaceSwap,c23
FaceForensics++,FaceForensics++__FaceSwap__794_779.mp4,data\raw\FaceForensics++_C23\FaceSwap\794_779.mp4,1,FaceSwap,c23
FaceForensics++,FaceForensics++__FaceSwap__795_907.mp4,data\raw\FaceForensics++_C23\FaceSwap\795_907.mp4,1,FaceSwap,c23
FaceForensics++,FaceForensics++__FaceSwap__796_740.mp4,data\raw\FaceForensics++_C23\FaceSwap\796_740.mp4,1,FaceSwap,c23
FaceForensics++,FaceForensics++__FaceSwap__797_844.mp4,data\raw\FaceForensics++_C23\FaceSwap\797_844.mp4,1,FaceSwap,c23
FaceForensics++,FaceForensics++__FaceSwap__798_778.mp4,data\raw\FaceForensics++_C23\FaceSwap\798_778.mp4,1,FaceSwap,c23
FaceForensics++,FaceForensics++__FaceSwap__799_809.mp4,data\raw\FaceForensics++_C23\FaceSwap\799_809.mp4,1,FaceSwap,c23
FaceForensics++,FaceForensics++__FaceSwap__800_840.mp4,data\raw\FaceForensics++_C23\FaceSwap\800_840.mp4,1,FaceSwap,c23
FaceForensics++,FaceForensics++__FaceSwap__801_855.mp4,data\raw\FaceForensics++_C23\FaceSwap\801_855.mp4,1,FaceSwap,c23
FaceForensics++,FaceForensics++__FaceSwap__802_885.mp4,data\raw\FaceForensics++_C23\FaceSwap\802_885.mp4,1,FaceSwap,c23
FaceForensics++,FaceForensics++__FaceSwap__803_017.mp4,data\raw\FaceForensics++_C23\FaceSwap\803_017.mp4,1,FaceSwap,c23
FaceForensics++,FaceForensics++__FaceSwap__804_738.mp4,data\raw\FaceForensics++_C23\FaceSwap\804_738.mp4,1,FaceSwap,c23
FaceForensics++,FaceForensics++__FaceSwap__807_273.mp4,data\raw\FaceForensics++_C23\FaceSwap\807_273.mp4,1,FaceSwap,c23
FaceForensics++,FaceForensics++__FaceSwap__810_838.mp4,data\raw\FaceForensics++_C23\FaceSwap\810_838.mp4,1,FaceSwap,c23
FaceForensics++,FaceForensics++__FaceSwap__812_821.mp4,data\raw\FaceForensics++_C23\FaceSwap\812_821.mp4,1,FaceSwap,c23
FaceForensics++,FaceForensics++__FaceSwap__813_700.mp4,data\raw\FaceForensics++_C23\FaceSwap\813_700.mp4,1,FaceSwap,c23
FaceForensics++,FaceForensics++__FaceSwap__814_871.mp4,data\raw\FaceForensics++_C23\FaceSwap\814_871.mp4,1,FaceSwap,c23
FaceForensics++,FaceForensics++__FaceSwap__815_730.mp4,data\raw\FaceForensics++_C23\FaceSwap\815_730.mp4,1,FaceSwap,c23
FaceForensics++,FaceForensics++__FaceSwap__817_827.mp4,data\raw\FaceForensics++_C23\FaceSwap\817_827.mp4,1,FaceSwap,c23
FaceForensics++,FaceForensics++__FaceSwap__818_820.mp4,data\raw\FaceForensics++_C23\FaceSwap\818_820.mp4,1,FaceSwap,c23
FaceForensics++,FaceForensics++__FaceSwap__819_786.mp4,data\raw\FaceForensics++_C23\FaceSwap\819_786.mp4,1,FaceSwap,c23
FaceForensics++,FaceForensics++__FaceSwap__820_818.mp4,data\raw\FaceForensics++_C23\FaceSwap\820_818.mp4,1,FaceSwap,c23
FaceForensics++,FaceForensics++__FaceSwap__821_812.mp4,data\raw\FaceForensics++_C23\FaceSwap\821_812.mp4,1,FaceSwap,c23
FaceForensics++,FaceForensics++__FaceSwap__822_244.mp4,data\raw\FaceForensics++_C23\FaceSwap\822_244.mp4,1,FaceSwap,c23
FaceForensics++,FaceForensics++__FaceSwap__823_584.mp4,data\raw\FaceForensics++_C23\FaceSwap\823_584.mp4,1,FaceSwap,c23
FaceForensics++,FaceForensics++__FaceSwap__824_419.mp4,data\raw\FaceForensics++_C23\FaceSwap\824_419.mp4,1,FaceSwap,c23
FaceForensics++,FaceForensics++__FaceSwap__826_833.mp4,data\raw\FaceForensics++_C23\FaceSwap\826_833.mp4,1,FaceSwap,c23
FaceForensics++,FaceForensics++__FaceSwap__827_817.mp4,data\raw\FaceForensics++_C23\FaceSwap\827_817.mp4,1,FaceSwap,c23
FaceForensics++,FaceForensics++__FaceSwap__829_808.mp4,data\raw\FaceForensics++_C23\FaceSwap\829_808.mp4,1,FaceSwap,c23
FaceForensics++,FaceForensics++__FaceSwap__830_828.mp4,data\raw\FaceForensics++_C23\FaceSwap\830_828.mp4,1,FaceSwap,c23
FaceForensics++,FaceForensics++__FaceSwap__831_508.mp4,data\raw\FaceForensics++_C23\FaceSwap\831_508.mp4,1,FaceSwap,c23
FaceForensics++,FaceForensics++__FaceSwap__832_762.mp4,data\raw\FaceForensics++_C23\FaceSwap\832_762.mp4,1,FaceSwap,c23
FaceForensics++,FaceForensics++__FaceSwap__833_826.mp4,data\raw\FaceForensics++_C23\FaceSwap\833_826.mp4,1,FaceSwap,c23
FaceForensics++,FaceForensics++__FaceSwap__835_651.mp4,data\raw\FaceForensics++_C23\FaceSwap\835_651.mp4,1,FaceSwap,c23
FaceForensics++,FaceForensics++__FaceSwap__836_950.mp4,data\raw\FaceForensics++_C23\FaceSwap\836_950.mp4,1,FaceSwap,c23
FaceForensics++,FaceForensics++__FaceSwap__837_890.mp4,data\raw\FaceForensics++_C23\FaceSwap\837_890.mp4,1,FaceSwap,c23
FaceForensics++,FaceForensics++__FaceSwap__838_810.mp4,data\raw\FaceForensics++_C23\FaceSwap\838_810.mp4,1,FaceSwap,c23
FaceForensics++,FaceForensics++__FaceSwap__840_800.mp4,data\raw\FaceForensics++_C23\FaceSwap\840_800.mp4,1,FaceSwap,c23
FaceForensics++,FaceForensics++__FaceSwap__841_639.mp4,data\raw\FaceForensics++_C23\FaceSwap\841_639.mp4,1,FaceSwap,c23
FaceForensics++,FaceForensics++__FaceSwap__842_714.mp4,data\raw\FaceForensics++_C23\FaceSwap\842_714.mp4,1,FaceSwap,c23
FaceForensics++,FaceForensics++__FaceSwap__843_859.mp4,data\raw\FaceForensics++_C23\FaceSwap\843_859.mp4,1,FaceSwap,c23
FaceForensics++,FaceForensics++__FaceSwap__844_797.mp4,data\raw\FaceForensics++_C23\FaceSwap\844_797.mp4,1,FaceSwap,c23
FaceForensics++,FaceForensics++__FaceSwap__847_906.mp4,data\raw\FaceForensics++_C23\FaceSwap\847_906.mp4,1,FaceSwap,c23
FaceForensics++,FaceForensics++__FaceSwap__848_894.mp4,data\raw\FaceForensics++_C23\FaceSwap\848_894.mp4,1,FaceSwap,c23
FaceForensics++,FaceForensics++__FaceSwap__851_552.mp4,data\raw\FaceForensics++_C23\FaceSwap\851_552.mp4,1,FaceSwap,c23
FaceForensics++,FaceForensics++__FaceSwap__853_863.mp4,data\raw\FaceForensics++_C23\FaceSwap\853_863.mp4,1,FaceSwap,c23
FaceForensics++,FaceForensics++__FaceSwap__856_881.mp4,data\raw\FaceForensics++_C23\FaceSwap\856_881.mp4,1,FaceSwap,c23
FaceForensics++,FaceForensics++__FaceSwap__857_909.mp4,data\raw\FaceForensics++_C23\FaceSwap\857_909.mp4,1,FaceSwap,c23
FaceForensics++,FaceForensics++__FaceSwap__858_861.mp4,data\raw\FaceForensics++_C23\FaceSwap\858_861.mp4,1,FaceSwap,c23
FaceForensics++,FaceForensics++__FaceSwap__859_843.mp4,data\raw\FaceForensics++_C23\FaceSwap\859_843.mp4,1,FaceSwap,c23
FaceForensics++,FaceForensics++__FaceSwap__860_905.mp4,data\raw\FaceForensics++_C23\FaceSwap\860_905.mp4,1,FaceSwap,c23
FaceForensics++,FaceForensics++__FaceSwap__861_858.mp4,data\raw\FaceForensics++_C23\FaceSwap\861_858.mp4,1,FaceSwap,c23
FaceForensics++,FaceForensics++__FaceSwap__862_047.mp4,data\raw\FaceForensics++_C23\FaceSwap\862_047.mp4,1,FaceSwap,c23
FaceForensics++,FaceForensics++__FaceSwap__863_853.mp4,data\raw\FaceForensics++_C23\FaceSwap\863_853.mp4,1,FaceSwap,c23
FaceForensics++,FaceForensics++__FaceSwap__864_839.mp4,data\raw\FaceForensics++_C23\FaceSwap\864_839.mp4,1,FaceSwap,c23
FaceForensics++,FaceForensics++__FaceSwap__865_739.mp4,data\raw\FaceForensics++_C23\FaceSwap\865_739.mp4,1,FaceSwap,c23
FaceForensics++,FaceForensics++__FaceSwap__866_878.mp4,data\raw\FaceForensics++_C23\FaceSwap\866_878.mp4,1,FaceSwap,c23
FaceForensics++,FaceForensics++__FaceSwap__867_765.mp4,data\raw\FaceForensics++_C23\FaceSwap\867_765.mp4,1,FaceSwap,c23
FaceForensics++,FaceForensics++__FaceSwap__869_780.mp4,data\raw\FaceForensics++_C23\FaceSwap\869_780.mp4,1,FaceSwap,c23
FaceForensics++,FaceForensics++__FaceSwap__870_001.mp4,data\raw\FaceForensics++_C23\FaceSwap\870_001.mp4,1,FaceSwap,c23
FaceForensics++,FaceForensics++__FaceSwap__871_814.mp4,data\raw\FaceForensics++_C23\FaceSwap\871_814.mp4,1,FaceSwap,c23
FaceForensics++,FaceForensics++__FaceSwap__873_872.mp4,data\raw\FaceForensics++_C23\FaceSwap\873_872.mp4,1,FaceSwap,c23
FaceForensics++,FaceForensics++__FaceSwap__875_979.mp4,data\raw\FaceForensics++_C23\FaceSwap\875_979.mp4,1,FaceSwap,c23
FaceForensics++,FaceForensics++__FaceSwap__877_886.mp4,data\raw\FaceForensics++_C23\FaceSwap\877_886.mp4,1,FaceSwap,c23
FaceForensics++,FaceForensics++__FaceSwap__878_866.mp4,data\raw\FaceForensics++_C23\FaceSwap\878_866.mp4,1,FaceSwap,c23
FaceForensics++,FaceForensics++__FaceSwap__880_135.mp4,data\raw\FaceForensics++_C23\FaceSwap\880_135.mp4,1,FaceSwap,c23
FaceForensics++,FaceForensics++__FaceSwap__881_856.mp4,data\raw\FaceForensics++_C23\FaceSwap\881_856.mp4,1,FaceSwap,c23
FaceForensics++,FaceForensics++__FaceSwap__882_952.mp4,data\raw\FaceForensics++_C23\FaceSwap\882_952.mp4,1,FaceSwap,c23
FaceForensics++,FaceForensics++__FaceSwap__883_013.mp4,data\raw\FaceForensics++_C23\FaceSwap\883_013.mp4,1,FaceSwap,c23
FaceForensics++,FaceForensics++__FaceSwap__884_968.mp4,data\raw\FaceForensics++_C23\FaceSwap\884_968.mp4,1,FaceSwap,c23
FaceForensics++,FaceForensics++__FaceSwap__885_802.mp4,data\raw\FaceForensics++_C23\FaceSwap\885_802.mp4,1,FaceSwap,c23
FaceForensics++,FaceForensics++__FaceSwap__886_877.mp4,data\raw\FaceForensics++_C23\FaceSwap\886_877.mp4,1,FaceSwap,c23
FaceForensics++,FaceForensics++__FaceSwap__887_275.mp4,data\raw\FaceForensics++_C23\FaceSwap\887_275.mp4,1,FaceSwap,c23
FaceForensics++,FaceForensics++__FaceSwap__889_045.mp4,data\raw\FaceForensics++_C23\FaceSwap\889_045.mp4,1,FaceSwap,c23
FaceForensics++,FaceForensics++__FaceSwap__890_837.mp4,data\raw\FaceForensics++_C23\FaceSwap\890_837.mp4,1,FaceSwap,c23
FaceForensics++,FaceForensics++__FaceSwap__891_876.mp4,data\raw\FaceForensics++_C23\FaceSwap\891_876.mp4,1,FaceSwap,c23
FaceForensics++,FaceForensics++__FaceSwap__894_848.mp4,data\raw\FaceForensics++_C23\FaceSwap\894_848.mp4,1,FaceSwap,c23
FaceForensics++,FaceForensics++__FaceSwap__895_915.mp4,data\raw\FaceForensics++_C23\FaceSwap\895_915.mp4,1,FaceSwap,c23
FaceForensics++,FaceForensics++__FaceSwap__896_128.mp4,data\raw\FaceForensics++_C23\FaceSwap\896_128.mp4,1,FaceSwap,c23
FaceForensics++,FaceForensics++__FaceSwap__897_969.mp4,data\raw\FaceForensics++_C23\FaceSwap\897_969.mp4,1,FaceSwap,c23
FaceForensics++,FaceForensics++__FaceSwap__898_922.mp4,data\raw\FaceForensics++_C23\FaceSwap\898_922.mp4,1,FaceSwap,c23
FaceForensics++,FaceForensics++__FaceSwap__899_914.mp4,data\raw\FaceForensics++_C23\FaceSwap\899_914.mp4,1,FaceSwap,c23
FaceForensics++,FaceForensics++__FaceSwap__901_902.mp4,data\raw\FaceForensics++_C23\FaceSwap\901_902.mp4,1,FaceSwap,c23
FaceForensics++,FaceForensics++__FaceSwap__902_901.mp4,data\raw\FaceForensics++_C23\FaceSwap\902_901.mp4,1,FaceSwap,c23
FaceForensics++,FaceForensics++__FaceSwap__903_792.mp4,data\raw\FaceForensics++_C23\FaceSwap\903_792.mp4,1,FaceSwap,c23
FaceForensics++,FaceForensics++__FaceSwap__904_046.mp4,data\raw\FaceForensics++_C23\FaceSwap\904_046.mp4,1,FaceSwap,c23
FaceForensics++,FaceForensics++__FaceSwap__906_847.mp4,data\raw\FaceForensics++_C23\FaceSwap\906_847.mp4,1,FaceSwap,c23
FaceForensics++,FaceForensics++__FaceSwap__908_207.mp4,data\raw\FaceForensics++_C23\FaceSwap\908_207.mp4,1,FaceSwap,c23
FaceForensics++,FaceForensics++__FaceSwap__909_857.mp4,data\raw\FaceForensics++_C23\FaceSwap\909_857.mp4,1,FaceSwap,c23
FaceForensics++,FaceForensics++__FaceSwap__910_911.mp4,data\raw\FaceForensics++_C23\FaceSwap\910_911.mp4,1,FaceSwap,c23
FaceForensics++,FaceForensics++__FaceSwap__911_910.mp4,data\raw\FaceForensics++_C23\FaceSwap\911_910.mp4,1,FaceSwap,c23
FaceForensics++,FaceForensics++__FaceSwap__912_927.mp4,data\raw\FaceForensics++_C23\FaceSwap\912_927.mp4,1,FaceSwap,c23
FaceForensics++,FaceForensics++__FaceSwap__914_899.mp4,data\raw\FaceForensics++_C23\FaceSwap\914_899.mp4,1,FaceSwap,c23
FaceForensics++,FaceForensics++__FaceSwap__915_895.mp4,data\raw\FaceForensics++_C23\FaceSwap\915_895.mp4,1,FaceSwap,c23
FaceForensics++,FaceForensics++__FaceSwap__916_783.mp4,data\raw\FaceForensics++_C23\FaceSwap\916_783.mp4,1,FaceSwap,c23
FaceForensics++,FaceForensics++__FaceSwap__917_924.mp4,data\raw\FaceForensics++_C23\FaceSwap\917_924.mp4,1,FaceSwap,c23
FaceForensics++,FaceForensics++__FaceSwap__918_934.mp4,data\raw\FaceForensics++_C23\FaceSwap\918_934.mp4,1,FaceSwap,c23
FaceForensics++,FaceForensics++__FaceSwap__919_015.mp4,data\raw\FaceForensics++_C23\FaceSwap\919_015.mp4,1,FaceSwap,c23
FaceForensics++,FaceForensics++__FaceSwap__920_811.mp4,data\raw\FaceForensics++_C23\FaceSwap\920_811.mp4,1,FaceSwap,c23
FaceForensics++,FaceForensics++__FaceSwap__922_898.mp4,data\raw\FaceForensics++_C23\FaceSwap\922_898.mp4,1,FaceSwap,c23
FaceForensics++,FaceForensics++__FaceSwap__923_023.mp4,data\raw\FaceForensics++_C23\FaceSwap\923_023.mp4,1,FaceSwap,c23
FaceForensics++,FaceForensics++__FaceSwap__924_917.mp4,data\raw\FaceForensics++_C23\FaceSwap\924_917.mp4,1,FaceSwap,c23
FaceForensics++,FaceForensics++__FaceSwap__925_933.mp4,data\raw\FaceForensics++_C23\FaceSwap\925_933.mp4,1,FaceSwap,c23
FaceForensics++,FaceForensics++__FaceSwap__926_900.mp4,data\raw\FaceForensics++_C23\FaceSwap\926_900.mp4,1,FaceSwap,c23
FaceForensics++,FaceForensics++__FaceSwap__927_912.mp4,data\raw\FaceForensics++_C23\FaceSwap\927_912.mp4,1,FaceSwap,c23
FaceForensics++,FaceForensics++__FaceSwap__928_160.mp4,data\raw\FaceForensics++_C23\FaceSwap\928_160.mp4,1,FaceSwap,c23
FaceForensics++,FaceForensics++__FaceSwap__929_962.mp4,data\raw\FaceForensics++_C23\FaceSwap\929_962.mp4,1,FaceSwap,c23
FaceForensics++,FaceForensics++__FaceSwap__930_763.mp4,data\raw\FaceForensics++_C23\FaceSwap\930_763.mp4,1,FaceSwap,c23
FaceForensics++,FaceForensics++__FaceSwap__931_936.mp4,data\raw\FaceForensics++_C23\FaceSwap\931_936.mp4,1,FaceSwap,c23
FaceForensics++,FaceForensics++__FaceSwap__932_384.mp4,data\raw\FaceForensics++_C23\FaceSwap\932_384.mp4,1,FaceSwap,c23
FaceForensics++,FaceForensics++__FaceSwap__933_925.mp4,data\raw\FaceForensics++_C23\FaceSwap\933_925.mp4,1,FaceSwap,c23
FaceForensics++,FaceForensics++__FaceSwap__934_918.mp4,data\raw\FaceForensics++_C23\FaceSwap\934_918.mp4,1,FaceSwap,c23
FaceForensics++,FaceForensics++__FaceSwap__935_733.mp4,data\raw\FaceForensics++_C23\FaceSwap\935_733.mp4,1,FaceSwap,c23
FaceForensics++,FaceForensics++__FaceSwap__936_931.mp4,data\raw\FaceForensics++_C23\FaceSwap\936_931.mp4,1,FaceSwap,c23
FaceForensics++,FaceForensics++__FaceSwap__937_888.mp4,data\raw\FaceForensics++_C23\FaceSwap\937_888.mp4,1,FaceSwap,c23
FaceForensics++,FaceForensics++__FaceSwap__938_987.mp4,data\raw\FaceForensics++_C23\FaceSwap\938_987.mp4,1,FaceSwap,c23
FaceForensics++,FaceForensics++__FaceSwap__939_115.mp4,data\raw\FaceForensics++_C23\FaceSwap\939_115.mp4,1,FaceSwap,c23
FaceForensics++,FaceForensics++__FaceSwap__940_941.mp4,data\raw\FaceForensics++_C23\FaceSwap\940_941.mp4,1,FaceSwap,c23
FaceForensics++,FaceForensics++__FaceSwap__941_940.mp4,data\raw\FaceForensics++_C23\FaceSwap\941_940.mp4,1,FaceSwap,c23
FaceForensics++,FaceForensics++__FaceSwap__942_943.mp4,data\raw\FaceForensics++_C23\FaceSwap\942_943.mp4,1,FaceSwap,c23
FaceForensics++,FaceForensics++__FaceSwap__944_032.mp4,data\raw\FaceForensics++_C23\FaceSwap\944_032.mp4,1,FaceSwap,c23
FaceForensics++,FaceForensics++__FaceSwap__945_044.mp4,data\raw\FaceForensics++_C23\FaceSwap\945_044.mp4,1,FaceSwap,c23
FaceForensics++,FaceForensics++__FaceSwap__946_049.mp4,data\raw\FaceForensics++_C23\FaceSwap\946_049.mp4,1,FaceSwap,c23
FaceForensics++,FaceForensics++__FaceSwap__947_951.mp4,data\raw\FaceForensics++_C23\FaceSwap\947_951.mp4,1,FaceSwap,c23
FaceForensics++,FaceForensics++__FaceSwap__948_965.mp4,data\raw\FaceForensics++_C23\FaceSwap\948_965.mp4,1,FaceSwap,c23
FaceForensics++,FaceForensics++__FaceSwap__949_868.mp4,data\raw\FaceForensics++_C23\FaceSwap\949_868.mp4,1,FaceSwap,c23
FaceForensics++,FaceForensics++__FaceSwap__950_836.mp4,data\raw\FaceForensics++_C23\FaceSwap\950_836.mp4,1,FaceSwap,c23
FaceForensics++,FaceForensics++__FaceSwap__951_947.mp4,data\raw\FaceForensics++_C23\FaceSwap\951_947.mp4,1,FaceSwap,c23
FaceForensics++,FaceForensics++__FaceSwap__953_974.mp4,data\raw\FaceForensics++_C23\FaceSwap\953_974.mp4,1,FaceSwap,c23
FaceForensics++,FaceForensics++__FaceSwap__954_976.mp4,data\raw\FaceForensics++_C23\FaceSwap\954_976.mp4,1,FaceSwap,c23
FaceForensics++,FaceForensics++__FaceSwap__955_078.mp4,data\raw\FaceForensics++_C23\FaceSwap\955_078.mp4,1,FaceSwap,c23
FaceForensics++,FaceForensics++__FaceSwap__956_958.mp4,data\raw\FaceForensics++_C23\FaceSwap\956_958.mp4,1,FaceSwap,c23
FaceForensics++,FaceForensics++__FaceSwap__957_959.mp4,data\raw\FaceForensics++_C23\FaceSwap\957_959.mp4,1,FaceSwap,c23
FaceForensics++,FaceForensics++__FaceSwap__959_957.mp4,data\raw\FaceForensics++_C23\FaceSwap\959_957.mp4,1,FaceSwap,c23
FaceForensics++,FaceForensics++__FaceSwap__961_069.mp4,data\raw\FaceForensics++_C23\FaceSwap\961_069.mp4,1,FaceSwap,c23
FaceForensics++,FaceForensics++__FaceSwap__962_929.mp4,data\raw\FaceForensics++_C23\FaceSwap\962_929.mp4,1,FaceSwap,c23
FaceForensics++,FaceForensics++__FaceSwap__963_879.mp4,data\raw\FaceForensics++_C23\FaceSwap\963_879.mp4,1,FaceSwap,c23
FaceForensics++,FaceForensics++__FaceSwap__964_174.mp4,data\raw\FaceForensics++_C23\FaceSwap\964_174.mp4,1,FaceSwap,c23
FaceForensics++,FaceForensics++__FaceSwap__965_948.mp4,data\raw\FaceForensics++_C23\FaceSwap\965_948.mp4,1,FaceSwap,c23
FaceForensics++,FaceForensics++__FaceSwap__968_884.mp4,data\raw\FaceForensics++_C23\FaceSwap\968_884.mp4,1,FaceSwap,c23
FaceForensics++,FaceForensics++__FaceSwap__971_564.mp4,data\raw\FaceForensics++_C23\FaceSwap\971_564.mp4,1,FaceSwap,c23
FaceForensics++,FaceForensics++__FaceSwap__972_718.mp4,data\raw\FaceForensics++_C23\FaceSwap\972_718.mp4,1,FaceSwap,c23
FaceForensics++,FaceForensics++__FaceSwap__973_970.mp4,data\raw\FaceForensics++_C23\FaceSwap\973_970.mp4,1,FaceSwap,c23
FaceForensics++,FaceForensics++__FaceSwap__974_953.mp4,data\raw\FaceForensics++_C23\FaceSwap\974_953.mp4,1,FaceSwap,c23
FaceForensics++,FaceForensics++__FaceSwap__975_978.mp4,data\raw\FaceForensics++_C23\FaceSwap\975_978.mp4,1,FaceSwap,c23
FaceForensics++,FaceForensics++__FaceSwap__977_075.mp4,data\raw\FaceForensics++_C23\FaceSwap\977_075.mp4,1,FaceSwap,c23
FaceForensics++,FaceForensics++__FaceSwap__979_875.mp4,data\raw\FaceForensics++_C23\FaceSwap\979_875.mp4,1,FaceSwap,c23
FaceForensics++,FaceForensics++__FaceSwap__980_992.mp4,data\raw\FaceForensics++_C23\FaceSwap\980_992.mp4,1,FaceSwap,c23
FaceForensics++,FaceForensics++__FaceSwap__982_004.mp4,data\raw\FaceForensics++_C23\FaceSwap\982_004.mp4,1,FaceSwap,c23
FaceForensics++,FaceForensics++__FaceSwap__983_113.mp4,data\raw\FaceForensics++_C23\FaceSwap\983_113.mp4,1,FaceSwap,c23
FaceForensics++,FaceForensics++__FaceSwap__984_967.mp4,data\raw\FaceForensics++_C23\FaceSwap\984_967.mp4,1,FaceSwap,c23
FaceForensics++,FaceForensics++__FaceSwap__985_981.mp4,data\raw\FaceForensics++_C23\FaceSwap\985_981.mp4,1,FaceSwap,c23
FaceForensics++,FaceForensics++__FaceSwap__987_938.mp4,data\raw\FaceForensics++_C23\FaceSwap\987_938.mp4,1,FaceSwap,c23
FaceForensics++,FaceForensics++__FaceSwap__988_966.mp4,data\raw\FaceForensics++_C23\FaceSwap\988_966.mp4,1,FaceSwap,c23
FaceForensics++,FaceForensics++__FaceSwap__989_993.mp4,data\raw\FaceForensics++_C23\FaceSwap\989_993.mp4,1,FaceSwap,c23
FaceForensics++,FaceForensics++__FaceSwap__990_008.mp4,data\raw\FaceForensics++_C23\FaceSwap\990_008.mp4,1,FaceSwap,c23
FaceForensics++,FaceForensics++__FaceSwap__991_064.mp4,data\raw\FaceForensics++_C23\FaceSwap\991_064.mp4,1,FaceSwap,c23
FaceForensics++,FaceForensics++__FaceSwap__992_980.mp4,data\raw\FaceForensics++_C23\FaceSwap\992_980.mp4,1,FaceSwap,c23
FaceForensics++,FaceForensics++__FaceSwap__993_989.mp4,data\raw\FaceForensics++_C23\FaceSwap\993_989.mp4,1,FaceSwap,c23
FaceForensics++,FaceForensics++__FaceSwap__995_233.mp4,data\raw\FaceForensics++_C23\FaceSwap\995_233.mp4,1,FaceSwap,c23
FaceForensics++,FaceForensics++__FaceSwap__996_056.mp4,data\raw\FaceForensics++_C23\FaceSwap\996_056.mp4,1,FaceSwap,c23
FaceForensics++,FaceForensics++__FaceSwap__998_561.mp4,data\raw\FaceForensics++_C23\FaceSwap\998_561.mp4,1,FaceSwap,c23
FaceForensics++,FaceForensics++__NeuralTextures__000_003.mp4,data\raw\FaceForensics++_C23\NeuralTextures\000_003.mp4,1,NeuralTextures,c23
FaceForensics++,FaceForensics++__NeuralTextures__001_870.mp4,data\raw\FaceForensics++_C23\NeuralTextures\001_870.mp4,1,NeuralTextures,c23
FaceForensics++,FaceForensics++__NeuralTextures__003_000.mp4,data\raw\FaceForensics++_C23\NeuralTextures\003_000.mp4,1,NeuralTextures,c23
FaceForensics++,FaceForensics++__NeuralTextures__004_982.mp4,data\raw\FaceForensics++_C23\NeuralTextures\004_982.mp4,1,NeuralTextures,c23
FaceForensics++,FaceForensics++__NeuralTextures__005_010.mp4,data\raw\FaceForensics++_C23\NeuralTextures\005_010.mp4,1,NeuralTextures,c23
FaceForensics++,FaceForensics++__NeuralTextures__006_002.mp4,data\raw\FaceForensics++_C23\NeuralTextures\006_002.mp4,1,NeuralTextures,c23
FaceForensics++,FaceForensics++__NeuralTextures__007_132.mp4,data\raw\FaceForensics++_C23\NeuralTextures\007_132.mp4,1,NeuralTextures,c23
FaceForensics++,FaceForensics++__NeuralTextures__008_990.mp4,data\raw\FaceForensics++_C23\NeuralTextures\008_990.mp4,1,NeuralTextures,c23
FaceForensics++,FaceForensics++__NeuralTextures__009_027.mp4,data\raw\FaceForensics++_C23\NeuralTextures\009_027.mp4,1,NeuralTextures,c23
FaceForensics++,FaceForensics++__NeuralTextures__010_005.mp4,data\raw\FaceForensics++_C23\NeuralTextures\010_005.mp4,1,NeuralTextures,c23
FaceForensics++,FaceForensics++__NeuralTextures__012_026.mp4,data\raw\FaceForensics++_C23\NeuralTextures\012_026.mp4,1,NeuralTextures,c23
FaceForensics++,FaceForensics++__NeuralTextures__013_883.mp4,data\raw\FaceForensics++_C23\NeuralTextures\013_883.mp4,1,NeuralTextures,c23
FaceForensics++,FaceForensics++__NeuralTextures__014_790.mp4,data\raw\FaceForensics++_C23\NeuralTextures\014_790.mp4,1,NeuralTextures,c23
FaceForensics++,FaceForensics++__NeuralTextures__016_209.mp4,data\raw\FaceForensics++_C23\NeuralTextures\016_209.mp4,1,NeuralTextures,c23
FaceForensics++,FaceForensics++__NeuralTextures__017_803.mp4,data\raw\FaceForensics++_C23\NeuralTextures\017_803.mp4,1,NeuralTextures,c23
FaceForensics++,FaceForensics++__NeuralTextures__018_019.mp4,data\raw\FaceForensics++_C23\NeuralTextures\018_019.mp4,1,NeuralTextures,c23
FaceForensics++,FaceForensics++__NeuralTextures__019_018.mp4,data\raw\FaceForensics++_C23\NeuralTextures\019_018.mp4,1,NeuralTextures,c23
FaceForensics++,FaceForensics++__NeuralTextures__022_489.mp4,data\raw\FaceForensics++_C23\NeuralTextures\022_489.mp4,1,NeuralTextures,c23
FaceForensics++,FaceForensics++__NeuralTextures__023_923.mp4,data\raw\FaceForensics++_C23\NeuralTextures\023_923.mp4,1,NeuralTextures,c23
FaceForensics++,FaceForensics++__NeuralTextures__024_073.mp4,data\raw\FaceForensics++_C23\NeuralTextures\024_073.mp4,1,NeuralTextures,c23
FaceForensics++,FaceForensics++__NeuralTextures__025_067.mp4,data\raw\FaceForensics++_C23\NeuralTextures\025_067.mp4,1,NeuralTextures,c23
FaceForensics++,FaceForensics++__NeuralTextures__026_012.mp4,data\raw\FaceForensics++_C23\NeuralTextures\026_012.mp4,1,NeuralTextures,c23
FaceForensics++,FaceForensics++__NeuralTextures__027_009.mp4,data\raw\FaceForensics++_C23\NeuralTextures\027_009.mp4,1,NeuralTextures,c23
FaceForensics++,FaceForensics++__NeuralTextures__029_048.mp4,data\raw\FaceForensics++_C23\NeuralTextures\029_048.mp4,1,NeuralTextures,c23
FaceForensics++,FaceForensics++__NeuralTextures__030_193.mp4,data\raw\FaceForensics++_C23\NeuralTextures\030_193.mp4,1,NeuralTextures,c23
FaceForensics++,FaceForensics++__NeuralTextures__031_163.mp4,data\raw\FaceForensics++_C23\NeuralTextures\031_163.mp4,1,NeuralTextures,c23
FaceForensics++,FaceForensics++__NeuralTextures__032_944.mp4,data\raw\FaceForensics++_C23\NeuralTextures\032_944.mp4,1,NeuralTextures,c23
FaceForensics++,FaceForensics++__NeuralTextures__033_097.mp4,data\raw\FaceForensics++_C23\NeuralTextures\033_097.mp4,1,NeuralTextures,c23
FaceForensics++,FaceForensics++__NeuralTextures__034_590.mp4,data\raw\FaceForensics++_C23\NeuralTextures\034_590.mp4,1,NeuralTextures,c23
FaceForensics++,FaceForensics++__NeuralTextures__035_036.mp4,data\raw\FaceForensics++_C23\NeuralTextures\035_036.mp4,1,NeuralTextures,c23
FaceForensics++,FaceForensics++__NeuralTextures__036_035.mp4,data\raw\FaceForensics++_C23\NeuralTextures\036_035.mp4,1,NeuralTextures,c23
FaceForensics++,FaceForensics++__NeuralTextures__037_072.mp4,data\raw\FaceForensics++_C23\NeuralTextures\037_072.mp4,1,NeuralTextures,c23
FaceForensics++,FaceForensics++__NeuralTextures__038_125.mp4,data\raw\FaceForensics++_C23\NeuralTextures\038_125.mp4,1,NeuralTextures,c23
FaceForensics++,FaceForensics++__NeuralTextures__039_058.mp4,data\raw\FaceForensics++_C23\NeuralTextures\039_058.mp4,1,NeuralTextures,c23
FaceForensics++,FaceForensics++__NeuralTextures__040_997.mp4,data\raw\FaceForensics++_C23\NeuralTextures\040_997.mp4,1,NeuralTextures,c23
FaceForensics++,FaceForensics++__NeuralTextures__041_063.mp4,data\raw\FaceForensics++_C23\NeuralTextures\041_063.mp4,1,NeuralTextures,c23
FaceForensics++,FaceForensics++__NeuralTextures__043_110.mp4,data\raw\FaceForensics++_C23\NeuralTextures\043_110.mp4,1,NeuralTextures,c23
FaceForensics++,FaceForensics++__NeuralTextures__044_945.mp4,data\raw\FaceForensics++_C23\NeuralTextures\044_945.mp4,1,NeuralTextures,c23
FaceForensics++,FaceForensics++__NeuralTextures__046_904.mp4,data\raw\FaceForensics++_C23\NeuralTextures\046_904.mp4,1,NeuralTextures,c23
FaceForensics++,FaceForensics++__NeuralTextures__047_862.mp4,data\raw\FaceForensics++_C23\NeuralTextures\047_862.mp4,1,NeuralTextures,c23
FaceForensics++,FaceForensics++__NeuralTextures__048_029.mp4,data\raw\FaceForensics++_C23\NeuralTextures\048_029.mp4,1,NeuralTextures,c23
FaceForensics++,FaceForensics++__NeuralTextures__050_059.mp4,data\raw\FaceForensics++_C23\NeuralTextures\050_059.mp4,1,NeuralTextures,c23
FaceForensics++,FaceForensics++__NeuralTextures__051_332.mp4,data\raw\FaceForensics++_C23\NeuralTextures\051_332.mp4,1,NeuralTextures,c23
FaceForensics++,FaceForensics++__NeuralTextures__052_108.mp4,data\raw\FaceForensics++_C23\NeuralTextures\052_108.mp4,1,NeuralTextures,c23
FaceForensics++,FaceForensics++__NeuralTextures__053_095.mp4,data\raw\FaceForensics++_C23\NeuralTextures\053_095.mp4,1,NeuralTextures,c23
FaceForensics++,FaceForensics++__NeuralTextures__054_071.mp4,data\raw\FaceForensics++_C23\NeuralTextures\054_071.mp4,1,NeuralTextures,c23
FaceForensics++,FaceForensics++__NeuralTextures__055_147.mp4,data\raw\FaceForensics++_C23\NeuralTextures\055_147.mp4,1,NeuralTextures,c23
FaceForensics++,FaceForensics++__NeuralTextures__056_996.mp4,data\raw\FaceForensics++_C23\NeuralTextures\056_996.mp4,1,NeuralTextures,c23
FaceForensics++,FaceForensics++__NeuralTextures__059_050.mp4,data\raw\FaceForensics++_C23\NeuralTextures\059_050.mp4,1,NeuralTextures,c23
FaceForensics++,FaceForensics++__NeuralTextures__060_088.mp4,data\raw\FaceForensics++_C23\NeuralTextures\060_088.mp4,1,NeuralTextures,c23
FaceForensics++,FaceForensics++__NeuralTextures__061_080.mp4,data\raw\FaceForensics++_C23\NeuralTextures\061_080.mp4,1,NeuralTextures,c23
FaceForensics++,FaceForensics++__NeuralTextures__062_066.mp4,data\raw\FaceForensics++_C23\NeuralTextures\062_066.mp4,1,NeuralTextures,c23
FaceForensics++,FaceForensics++__NeuralTextures__063_041.mp4,data\raw\FaceForensics++_C23\NeuralTextures\063_041.mp4,1,NeuralTextures,c23
FaceForensics++,FaceForensics++__NeuralTextures__064_991.mp4,data\raw\FaceForensics++_C23\NeuralTextures\064_991.mp4,1,NeuralTextures,c23
FaceForensics++,FaceForensics++__NeuralTextures__065_089.mp4,data\raw\FaceForensics++_C23\NeuralTextures\065_089.mp4,1,NeuralTextures,c23
FaceForensics++,FaceForensics++__NeuralTextures__066_062.mp4,data\raw\FaceForensics++_C23\NeuralTextures\066_062.mp4,1,NeuralTextures,c23
FaceForensics++,FaceForensics++__NeuralTextures__067_025.mp4,data\raw\FaceForensics++_C23\NeuralTextures\067_025.mp4,1,NeuralTextures,c23
FaceForensics++,FaceForensics++__NeuralTextures__068_028.mp4,data\raw\FaceForensics++_C23\NeuralTextures\068_028.mp4,1,NeuralTextures,c23
FaceForensics++,FaceForensics++__NeuralTextures__070_057.mp4,data\raw\FaceForensics++_C23\NeuralTextures\070_057.mp4,1,NeuralTextures,c23
FaceForensics++,FaceForensics++__NeuralTextures__071_054.mp4,data\raw\FaceForensics++_C23\NeuralTextures\071_054.mp4,1,NeuralTextures,c23
FaceForensics++,FaceForensics++__NeuralTextures__072_037.mp4,data\raw\FaceForensics++_C23\NeuralTextures\072_037.mp4,1,NeuralTextures,c23
FaceForensics++,FaceForensics++__NeuralTextures__073_024.mp4,data\raw\FaceForensics++_C23\NeuralTextures\073_024.mp4,1,NeuralTextures,c23
FaceForensics++,FaceForensics++__NeuralTextures__074_825.mp4,data\raw\FaceForensics++_C23\NeuralTextures\074_825.mp4,1,NeuralTextures,c23
FaceForensics++,FaceForensics++__NeuralTextures__075_977.mp4,data\raw\FaceForensics++_C23\NeuralTextures\075_977.mp4,1,NeuralTextures,c23
FaceForensics++,FaceForensics++__NeuralTextures__077_100.mp4,data\raw\FaceForensics++_C23\NeuralTextures\077_100.mp4,1,NeuralTextures,c23
FaceForensics++,FaceForensics++__NeuralTextures__078_955.mp4,data\raw\FaceForensics++_C23\NeuralTextures\078_955.mp4,1,NeuralTextures,c23
FaceForensics++,FaceForensics++__NeuralTextures__079_076.mp4,data\raw\FaceForensics++_C23\NeuralTextures\079_076.mp4,1,NeuralTextures,c23
FaceForensics++,FaceForensics++__NeuralTextures__080_061.mp4,data\raw\FaceForensics++_C23\NeuralTextures\080_061.mp4,1,NeuralTextures,c23
FaceForensics++,FaceForensics++__NeuralTextures__081_087.mp4,data\raw\FaceForensics++_C23\NeuralTextures\081_087.mp4,1,NeuralTextures,c23
FaceForensics++,FaceForensics++__NeuralTextures__084_042.mp4,data\raw\FaceForensics++_C23\NeuralTextures\084_042.mp4,1,NeuralTextures,c23
FaceForensics++,FaceForensics++__NeuralTextures__085_124.mp4,data\raw\FaceForensics++_C23\NeuralTextures\085_124.mp4,1,NeuralTextures,c23
FaceForensics++,FaceForensics++__NeuralTextures__086_090.mp4,data\raw\FaceForensics++_C23\NeuralTextures\086_090.mp4,1,NeuralTextures,c23
FaceForensics++,FaceForensics++__NeuralTextures__087_081.mp4,data\raw\FaceForensics++_C23\NeuralTextures\087_081.mp4,1,NeuralTextures,c23
FaceForensics++,FaceForensics++__NeuralTextures__088_060.mp4,data\raw\FaceForensics++_C23\NeuralTextures\088_060.mp4,1,NeuralTextures,c23
FaceForensics++,FaceForensics++__NeuralTextures__090_086.mp4,data\raw\FaceForensics++_C23\NeuralTextures\090_086.mp4,1,NeuralTextures,c23
FaceForensics++,FaceForensics++__NeuralTextures__091_116.mp4,data\raw\FaceForensics++_C23\NeuralTextures\091_116.mp4,1,NeuralTextures,c23
FaceForensics++,FaceForensics++__NeuralTextures__092_098.mp4,data\raw\FaceForensics++_C23\NeuralTextures\092_098.mp4,1,NeuralTextures,c23
FaceForensics++,FaceForensics++__NeuralTextures__093_121.mp4,data\raw\FaceForensics++_C23\NeuralTextures\093_121.mp4,1,NeuralTextures,c23
FaceForensics++,FaceForensics++__NeuralTextures__094_111.mp4,data\raw\FaceForensics++_C23\NeuralTextures\094_111.mp4,1,NeuralTextures,c23
FaceForensics++,FaceForensics++__NeuralTextures__095_053.mp4,data\raw\FaceForensics++_C23\NeuralTextures\095_053.mp4,1,NeuralTextures,c23
FaceForensics++,FaceForensics++__NeuralTextures__096_101.mp4,data\raw\FaceForensics++_C23\NeuralTextures\096_101.mp4,1,NeuralTextures,c23
FaceForensics++,FaceForensics++__NeuralTextures__097_033.mp4,data\raw\FaceForensics++_C23\NeuralTextures\097_033.mp4,1,NeuralTextures,c23
FaceForensics++,FaceForensics++__NeuralTextures__098_092.mp4,data\raw\FaceForensics++_C23\NeuralTextures\098_092.mp4,1,NeuralTextures,c23
FaceForensics++,FaceForensics++__NeuralTextures__101_096.mp4,data\raw\FaceForensics++_C23\NeuralTextures\101_096.mp4,1,NeuralTextures,c23
FaceForensics++,FaceForensics++__NeuralTextures__102_114.mp4,data\raw\FaceForensics++_C23\NeuralTextures\102_114.mp4,1,NeuralTextures,c23
FaceForensics++,FaceForensics++__NeuralTextures__103_082.mp4,data\raw\FaceForensics++_C23\NeuralTextures\103_082.mp4,1,NeuralTextures,c23
FaceForensics++,FaceForensics++__NeuralTextures__104_126.mp4,data\raw\FaceForensics++_C23\NeuralTextures\104_126.mp4,1,NeuralTextures,c23
FaceForensics++,FaceForensics++__NeuralTextures__105_180.mp4,data\raw\FaceForensics++_C23\NeuralTextures\105_180.mp4,1,NeuralTextures,c23
FaceForensics++,FaceForensics++__NeuralTextures__106_198.mp4,data\raw\FaceForensics++_C23\NeuralTextures\106_198.mp4,1,NeuralTextures,c23
FaceForensics++,FaceForensics++__NeuralTextures__107_109.mp4,data\raw\FaceForensics++_C23\NeuralTextures\107_109.mp4,1,NeuralTextures,c23
FaceForensics++,FaceForensics++__NeuralTextures__108_052.mp4,data\raw\FaceForensics++_C23\NeuralTextures\108_052.mp4,1,NeuralTextures,c23
FaceForensics++,FaceForensics++__NeuralTextures__109_107.mp4,data\raw\FaceForensics++_C23\NeuralTextures\109_107.mp4,1,NeuralTextures,c23
FaceForensics++,FaceForensics++__NeuralTextures__110_043.mp4,data\raw\FaceForensics++_C23\NeuralTextures\110_043.mp4,1,NeuralTextures,c23
FaceForensics++,FaceForensics++__NeuralTextures__111_094.mp4,data\raw\FaceForensics++_C23\NeuralTextures\111_094.mp4,1,NeuralTextures,c23
FaceForensics++,FaceForensics++__NeuralTextures__112_892.mp4,data\raw\FaceForensics++_C23\NeuralTextures\112_892.mp4,1,NeuralTextures,c23
FaceForensics++,FaceForensics++__NeuralTextures__113_983.mp4,data\raw\FaceForensics++_C23\NeuralTextures\113_983.mp4,1,NeuralTextures,c23
FaceForensics++,FaceForensics++__NeuralTextures__115_939.mp4,data\raw\FaceForensics++_C23\NeuralTextures\115_939.mp4,1,NeuralTextures,c23
FaceForensics++,FaceForensics++__NeuralTextures__116_091.mp4,data\raw\FaceForensics++_C23\NeuralTextures\116_091.mp4,1,NeuralTextures,c23
FaceForensics++,FaceForensics++__NeuralTextures__117_217.mp4,data\raw\FaceForensics++_C23\NeuralTextures\117_217.mp4,1,NeuralTextures,c23
FaceForensics++,FaceForensics++__NeuralTextures__118_120.mp4,data\raw\FaceForensics++_C23\NeuralTextures\118_120.mp4,1,NeuralTextures,c23
FaceForensics++,FaceForensics++__NeuralTextures__120_118.mp4,data\raw\FaceForensics++_C23\NeuralTextures\120_118.mp4,1,NeuralTextures,c23
FaceForensics++,FaceForensics++__NeuralTextures__121_093.mp4,data\raw\FaceForensics++_C23\NeuralTextures\121_093.mp4,1,NeuralTextures,c23
FaceForensics++,FaceForensics++__NeuralTextures__122_144.mp4,data\raw\FaceForensics++_C23\NeuralTextures\122_144.mp4,1,NeuralTextures,c23
FaceForensics++,FaceForensics++__NeuralTextures__123_119.mp4,data\raw\FaceForensics++_C23\NeuralTextures\123_119.mp4,1,NeuralTextures,c23
FaceForensics++,FaceForensics++__NeuralTextures__124_085.mp4,data\raw\FaceForensics++_C23\NeuralTextures\124_085.mp4,1,NeuralTextures,c23
FaceForensics++,FaceForensics++__NeuralTextures__125_038.mp4,data\raw\FaceForensics++_C23\NeuralTextures\125_038.mp4,1,NeuralTextures,c23
FaceForensics++,FaceForensics++__NeuralTextures__126_104.mp4,data\raw\FaceForensics++_C23\NeuralTextures\126_104.mp4,1,NeuralTextures,c23
FaceForensics++,FaceForensics++__NeuralTextures__127_129.mp4,data\raw\FaceForensics++_C23\NeuralTextures\127_129.mp4,1,NeuralTextures,c23
FaceForensics++,FaceForensics++__NeuralTextures__128_896.mp4,data\raw\FaceForensics++_C23\NeuralTextures\128_896.mp4,1,NeuralTextures,c23
FaceForensics++,FaceForensics++__NeuralTextures__129_127.mp4,data\raw\FaceForensics++_C23\NeuralTextures\129_127.mp4,1,NeuralTextures,c23
FaceForensics++,FaceForensics++__NeuralTextures__130_139.mp4,data\raw\FaceForensics++_C23\NeuralTextures\130_139.mp4,1,NeuralTextures,c23
FaceForensics++,FaceForensics++__NeuralTextures__131_518.mp4,data\raw\FaceForensics++_C23\NeuralTextures\131_518.mp4,1,NeuralTextures,c23
FaceForensics++,FaceForensics++__NeuralTextures__132_007.mp4,data\raw\FaceForensics++_C23\NeuralTextures\132_007.mp4,1,NeuralTextures,c23
FaceForensics++,FaceForensics++__NeuralTextures__133_148.mp4,data\raw\FaceForensics++_C23\NeuralTextures\133_148.mp4,1,NeuralTextures,c23
FaceForensics++,FaceForensics++__NeuralTextures__134_192.mp4,data\raw\FaceForensics++_C23\NeuralTextures\134_192.mp4,1,NeuralTextures,c23
FaceForensics++,FaceForensics++__NeuralTextures__136_285.mp4,data\raw\FaceForensics++_C23\NeuralTextures\136_285.mp4,1,NeuralTextures,c23
FaceForensics++,FaceForensics++__NeuralTextures__137_165.mp4,data\raw\FaceForensics++_C23\NeuralTextures\137_165.mp4,1,NeuralTextures,c23
FaceForensics++,FaceForensics++__NeuralTextures__138_142.mp4,data\raw\FaceForensics++_C23\NeuralTextures\138_142.mp4,1,NeuralTextures,c23
FaceForensics++,FaceForensics++__NeuralTextures__141_161.mp4,data\raw\FaceForensics++_C23\NeuralTextures\141_161.mp4,1,NeuralTextures,c23
FaceForensics++,FaceForensics++__NeuralTextures__142_138.mp4,data\raw\FaceForensics++_C23\NeuralTextures\142_138.mp4,1,NeuralTextures,c23
FaceForensics++,FaceForensics++__NeuralTextures__143_140.mp4,data\raw\FaceForensics++_C23\NeuralTextures\143_140.mp4,1,NeuralTextures,c23
FaceForensics++,FaceForensics++__NeuralTextures__145_299.mp4,data\raw\FaceForensics++_C23\NeuralTextures\145_299.mp4,1,NeuralTextures,c23
FaceForensics++,FaceForensics++__NeuralTextures__146_256.mp4,data\raw\FaceForensics++_C23\NeuralTextures\146_256.mp4,1,NeuralTextures,c23
FaceForensics++,FaceForensics++__NeuralTextures__147_055.mp4,data\raw\FaceForensics++_C23\NeuralTextures\147_055.mp4,1,NeuralTextures,c23
FaceForensics++,FaceForensics++__NeuralTextures__148_133.mp4,data\raw\FaceForensics++_C23\NeuralTextures\148_133.mp4,1,NeuralTextures,c23
FaceForensics++,FaceForensics++__NeuralTextures__149_152.mp4,data\raw\FaceForensics++_C23\NeuralTextures\149_152.mp4,1,NeuralTextures,c23
FaceForensics++,FaceForensics++__NeuralTextures__150_153.mp4,data\raw\FaceForensics++_C23\NeuralTextures\150_153.mp4,1,NeuralTextures,c23
FaceForensics++,FaceForensics++__NeuralTextures__151_225.mp4,data\raw\FaceForensics++_C23\NeuralTextures\151_225.mp4,1,NeuralTextures,c23
FaceForensics++,FaceForensics++__NeuralTextures__152_149.mp4,data\raw\FaceForensics++_C23\NeuralTextures\152_149.mp4,1,NeuralTextures,c23
FaceForensics++,FaceForensics++__NeuralTextures__153_150.mp4,data\raw\FaceForensics++_C23\NeuralTextures\153_150.mp4,1,NeuralTextures,c23
FaceForensics++,FaceForensics++__NeuralTextures__155_576.mp4,data\raw\FaceForensics++_C23\NeuralTextures\155_576.mp4,1,NeuralTextures,c23
FaceForensics++,FaceForensics++__NeuralTextures__156_243.mp4,data\raw\FaceForensics++_C23\NeuralTextures\156_243.mp4,1,NeuralTextures,c23
FaceForensics++,FaceForensics++__NeuralTextures__157_245.mp4,data\raw\FaceForensics++_C23\NeuralTextures\157_245.mp4,1,NeuralTextures,c23
FaceForensics++,FaceForensics++__NeuralTextures__161_141.mp4,data\raw\FaceForensics++_C23\NeuralTextures\161_141.mp4,1,NeuralTextures,c23
FaceForensics++,FaceForensics++__NeuralTextures__162_330.mp4,data\raw\FaceForensics++_C23\NeuralTextures\162_330.mp4,1,NeuralTextures,c23
FaceForensics++,FaceForensics++__NeuralTextures__164_216.mp4,data\raw\FaceForensics++_C23\NeuralTextures\164_216.mp4,1,NeuralTextures,c23
FaceForensics++,FaceForensics++__NeuralTextures__165_137.mp4,data\raw\FaceForensics++_C23\NeuralTextures\165_137.mp4,1,NeuralTextures,c23
FaceForensics++,FaceForensics++__NeuralTextures__166_167.mp4,data\raw\FaceForensics++_C23\NeuralTextures\166_167.mp4,1,NeuralTextures,c23
FaceForensics++,FaceForensics++__NeuralTextures__167_166.mp4,data\raw\FaceForensics++_C23\NeuralTextures\167_166.mp4,1,NeuralTextures,c23
FaceForensics++,FaceForensics++__NeuralTextures__169_227.mp4,data\raw\FaceForensics++_C23\NeuralTextures\169_227.mp4,1,NeuralTextures,c23
FaceForensics++,FaceForensics++__NeuralTextures__170_186.mp4,data\raw\FaceForensics++_C23\NeuralTextures\170_186.mp4,1,NeuralTextures,c23
FaceForensics++,FaceForensics++__NeuralTextures__171_173.mp4,data\raw\FaceForensics++_C23\NeuralTextures\171_173.mp4,1,NeuralTextures,c23
FaceForensics++,FaceForensics++__NeuralTextures__172_582.mp4,data\raw\FaceForensics++_C23\NeuralTextures\172_582.mp4,1,NeuralTextures,c23
FaceForensics++,FaceForensics++__NeuralTextures__175_159.mp4,data\raw\FaceForensics++_C23\NeuralTextures\175_159.mp4,1,NeuralTextures,c23
FaceForensics++,FaceForensics++__NeuralTextures__176_190.mp4,data\raw\FaceForensics++_C23\NeuralTextures\176_190.mp4,1,NeuralTextures,c23
FaceForensics++,FaceForensics++__NeuralTextures__177_211.mp4,data\raw\FaceForensics++_C23\NeuralTextures\177_211.mp4,1,NeuralTextures,c23
FaceForensics++,FaceForensics++__NeuralTextures__178_598.mp4,data\raw\FaceForensics++_C23\NeuralTextures\178_598.mp4,1,NeuralTextures,c23
FaceForensics++,FaceForensics++__NeuralTextures__179_212.mp4,data\raw\FaceForensics++_C23\NeuralTextures\179_212.mp4,1,NeuralTextures,c23
FaceForensics++,FaceForensics++__NeuralTextures__180_105.mp4,data\raw\FaceForensics++_C23\NeuralTextures\180_105.mp4,1,NeuralTextures,c23
FaceForensics++,FaceForensics++__NeuralTextures__181_199.mp4,data\raw\FaceForensics++_C23\NeuralTextures\181_199.mp4,1,NeuralTextures,c23
FaceForensics++,FaceForensics++__NeuralTextures__182_242.mp4,data\raw\FaceForensics++_C23\NeuralTextures\182_242.mp4,1,NeuralTextures,c23
FaceForensics++,FaceForensics++__NeuralTextures__183_253.mp4,data\raw\FaceForensics++_C23\NeuralTextures\183_253.mp4,1,NeuralTextures,c23
FaceForensics++,FaceForensics++__NeuralTextures__184_205.mp4,data\raw\FaceForensics++_C23\NeuralTextures\184_205.mp4,1,NeuralTextures,c23
FaceForensics++,FaceForensics++__NeuralTextures__185_276.mp4,data\raw\FaceForensics++_C23\NeuralTextures\185_276.mp4,1,NeuralTextures,c23
FaceForensics++,FaceForensics++__NeuralTextures__186_170.mp4,data\raw\FaceForensics++_C23\NeuralTextures\186_170.mp4,1,NeuralTextures,c23
FaceForensics++,FaceForensics++__NeuralTextures__188_191.mp4,data\raw\FaceForensics++_C23\NeuralTextures\188_191.mp4,1,NeuralTextures,c23
FaceForensics++,FaceForensics++__NeuralTextures__190_176.mp4,data\raw\FaceForensics++_C23\NeuralTextures\190_176.mp4,1,NeuralTextures,c23
FaceForensics++,FaceForensics++__NeuralTextures__191_188.mp4,data\raw\FaceForensics++_C23\NeuralTextures\191_188.mp4,1,NeuralTextures,c23
FaceForensics++,FaceForensics++__NeuralTextures__192_134.mp4,data\raw\FaceForensics++_C23\NeuralTextures\192_134.mp4,1,NeuralTextures,c23
FaceForensics++,FaceForensics++__NeuralTextures__193_030.mp4,data\raw\FaceForensics++_C23\NeuralTextures\193_030.mp4,1,NeuralTextures,c23
FaceForensics++,FaceForensics++__NeuralTextures__194_235.mp4,data\raw\FaceForensics++_C23\NeuralTextures\194_235.mp4,1,NeuralTextures,c23
FaceForensics++,FaceForensics++__NeuralTextures__195_442.mp4,data\raw\FaceForensics++_C23\NeuralTextures\195_442.mp4,1,NeuralTextures,c23
FaceForensics++,FaceForensics++__NeuralTextures__196_310.mp4,data\raw\FaceForensics++_C23\NeuralTextures\196_310.mp4,1,NeuralTextures,c23
FaceForensics++,FaceForensics++__NeuralTextures__197_224.mp4,data\raw\FaceForensics++_C23\NeuralTextures\197_224.mp4,1,NeuralTextures,c23
FaceForensics++,FaceForensics++__NeuralTextures__198_106.mp4,data\raw\FaceForensics++_C23\NeuralTextures\198_106.mp4,1,NeuralTextures,c23
FaceForensics++,FaceForensics++__NeuralTextures__199_181.mp4,data\raw\FaceForensics++_C23\NeuralTextures\199_181.mp4,1,NeuralTextures,c23
FaceForensics++,FaceForensics++__NeuralTextures__200_189.mp4,data\raw\FaceForensics++_C23\NeuralTextures\200_189.mp4,1,NeuralTextures,c23
FaceForensics++,FaceForensics++__NeuralTextures__201_203.mp4,data\raw\FaceForensics++_C23\NeuralTextures\201_203.mp4,1,NeuralTextures,c23
FaceForensics++,FaceForensics++__NeuralTextures__202_348.mp4,data\raw\FaceForensics++_C23\NeuralTextures\202_348.mp4,1,NeuralTextures,c23
FaceForensics++,FaceForensics++__NeuralTextures__203_201.mp4,data\raw\FaceForensics++_C23\NeuralTextures\203_201.mp4,1,NeuralTextures,c23
FaceForensics++,FaceForensics++__NeuralTextures__204_230.mp4,data\raw\FaceForensics++_C23\NeuralTextures\204_230.mp4,1,NeuralTextures,c23
FaceForensics++,FaceForensics++__NeuralTextures__205_184.mp4,data\raw\FaceForensics++_C23\NeuralTextures\205_184.mp4,1,NeuralTextures,c23
FaceForensics++,FaceForensics++__NeuralTextures__206_221.mp4,data\raw\FaceForensics++_C23\NeuralTextures\206_221.mp4,1,NeuralTextures,c23
FaceForensics++,FaceForensics++__NeuralTextures__207_908.mp4,data\raw\FaceForensics++_C23\NeuralTextures\207_908.mp4,1,NeuralTextures,c23
FaceForensics++,FaceForensics++__NeuralTextures__208_215.mp4,data\raw\FaceForensics++_C23\NeuralTextures\208_215.mp4,1,NeuralTextures,c23
FaceForensics++,FaceForensics++__NeuralTextures__209_016.mp4,data\raw\FaceForensics++_C23\NeuralTextures\209_016.mp4,1,NeuralTextures,c23
FaceForensics++,FaceForensics++__NeuralTextures__210_241.mp4,data\raw\FaceForensics++_C23\NeuralTextures\210_241.mp4,1,NeuralTextures,c23
FaceForensics++,FaceForensics++__NeuralTextures__212_179.mp4,data\raw\FaceForensics++_C23\NeuralTextures\212_179.mp4,1,NeuralTextures,c23
FaceForensics++,FaceForensics++__NeuralTextures__213_083.mp4,data\raw\FaceForensics++_C23\NeuralTextures\213_083.mp4,1,NeuralTextures,c23
FaceForensics++,FaceForensics++__NeuralTextures__214_255.mp4,data\raw\FaceForensics++_C23\NeuralTextures\214_255.mp4,1,NeuralTextures,c23
FaceForensics++,FaceForensics++__NeuralTextures__216_164.mp4,data\raw\FaceForensics++_C23\NeuralTextures\216_164.mp4,1,NeuralTextures,c23
FaceForensics++,FaceForensics++__NeuralTextures__217_117.mp4,data\raw\FaceForensics++_C23\NeuralTextures\217_117.mp4,1,NeuralTextures,c23
FaceForensics++,FaceForensics++__NeuralTextures__218_239.mp4,data\raw\FaceForensics++_C23\NeuralTextures\218_239.mp4,1,NeuralTextures,c23
FaceForensics++,FaceForensics++__NeuralTextures__219_220.mp4,data\raw\FaceForensics++_C23\NeuralTextures\219_220.mp4,1,NeuralTextures,c23
FaceForensics++,FaceForensics++__NeuralTextures__220_219.mp4,data\raw\FaceForensics++_C23\NeuralTextures\220_219.mp4,1,NeuralTextures,c23
FaceForensics++,FaceForensics++__NeuralTextures__221_206.mp4,data\raw\FaceForensics++_C23\NeuralTextures\221_206.mp4,1,NeuralTextures,c23
FaceForensics++,FaceForensics++__NeuralTextures__223_586.mp4,data\raw\FaceForensics++_C23\NeuralTextures\223_586.mp4,1,NeuralTextures,c23
FaceForensics++,FaceForensics++__NeuralTextures__224_197.mp4,data\raw\FaceForensics++_C23\NeuralTextures\224_197.mp4,1,NeuralTextures,c23
FaceForensics++,FaceForensics++__NeuralTextures__225_151.mp4,data\raw\FaceForensics++_C23\NeuralTextures\225_151.mp4,1,NeuralTextures,c23
FaceForensics++,FaceForensics++__NeuralTextures__226_491.mp4,data\raw\FaceForensics++_C23\NeuralTextures\226_491.mp4,1,NeuralTextures,c23
FaceForensics++,FaceForensics++__NeuralTextures__227_169.mp4,data\raw\FaceForensics++_C23\NeuralTextures\227_169.mp4,1,NeuralTextures,c23
FaceForensics++,FaceForensics++__NeuralTextures__228_289.mp4,data\raw\FaceForensics++_C23\NeuralTextures\228_289.mp4,1,NeuralTextures,c23
FaceForensics++,FaceForensics++__NeuralTextures__229_247.mp4,data\raw\FaceForensics++_C23\NeuralTextures\229_247.mp4,1,NeuralTextures,c23
FaceForensics++,FaceForensics++__NeuralTextures__230_204.mp4,data\raw\FaceForensics++_C23\NeuralTextures\230_204.mp4,1,NeuralTextures,c23
FaceForensics++,FaceForensics++__NeuralTextures__231_663.mp4,data\raw\FaceForensics++_C23\NeuralTextures\231_663.mp4,1,NeuralTextures,c23
FaceForensics++,FaceForensics++__NeuralTextures__233_995.mp4,data\raw\FaceForensics++_C23\NeuralTextures\233_995.mp4,1,NeuralTextures,c23
FaceForensics++,FaceForensics++__NeuralTextures__234_187.mp4,data\raw\FaceForensics++_C23\NeuralTextures\234_187.mp4,1,NeuralTextures,c23
FaceForensics++,FaceForensics++__NeuralTextures__235_194.mp4,data\raw\FaceForensics++_C23\NeuralTextures\235_194.mp4,1,NeuralTextures,c23
FaceForensics++,FaceForensics++__NeuralTextures__236_237.mp4,data\raw\FaceForensics++_C23\NeuralTextures\236_237.mp4,1,NeuralTextures,c23
FaceForensics++,FaceForensics++__NeuralTextures__237_236.mp4,data\raw\FaceForensics++_C23\NeuralTextures\237_236.mp4,1,NeuralTextures,c23
FaceForensics++,FaceForensics++__NeuralTextures__238_282.mp4,data\raw\FaceForensics++_C23\NeuralTextures\238_282.mp4,1,NeuralTextures,c23
FaceForensics++,FaceForensics++__NeuralTextures__240_290.mp4,data\raw\FaceForensics++_C23\NeuralTextures\240_290.mp4,1,NeuralTextures,c23
FaceForensics++,FaceForensics++__NeuralTextures__241_210.mp4,data\raw\FaceForensics++_C23\NeuralTextures\241_210.mp4,1,NeuralTextures,c23
FaceForensics++,FaceForensics++__NeuralTextures__242_182.mp4,data\raw\FaceForensics++_C23\NeuralTextures\242_182.mp4,1,NeuralTextures,c23
FaceForensics++,FaceForensics++__NeuralTextures__244_822.mp4,data\raw\FaceForensics++_C23\NeuralTextures\244_822.mp4,1,NeuralTextures,c23
FaceForensics++,FaceForensics++__NeuralTextures__245_157.mp4,data\raw\FaceForensics++_C23\NeuralTextures\245_157.mp4,1,NeuralTextures,c23
FaceForensics++,FaceForensics++__NeuralTextures__246_258.mp4,data\raw\FaceForensics++_C23\NeuralTextures\246_258.mp4,1,NeuralTextures,c23
FaceForensics++,FaceForensics++__NeuralTextures__248_232.mp4,data\raw\FaceForensics++_C23\NeuralTextures\248_232.mp4,1,NeuralTextures,c23
FaceForensics++,FaceForensics++__NeuralTextures__249_280.mp4,data\raw\FaceForensics++_C23\NeuralTextures\249_280.mp4,1,NeuralTextures,c23
FaceForensics++,FaceForensics++__NeuralTextures__250_461.mp4,data\raw\FaceForensics++_C23\NeuralTextures\250_461.mp4,1,NeuralTextures,c23
FaceForensics++,FaceForensics++__NeuralTextures__252_266.mp4,data\raw\FaceForensics++_C23\NeuralTextures\252_266.mp4,1,NeuralTextures,c23
FaceForensics++,FaceForensics++__NeuralTextures__253_183.mp4,data\raw\FaceForensics++_C23\NeuralTextures\253_183.mp4,1,NeuralTextures,c23
FaceForensics++,FaceForensics++__NeuralTextures__254_261.mp4,data\raw\FaceForensics++_C23\NeuralTextures\254_261.mp4,1,NeuralTextures,c23
FaceForensics++,FaceForensics++__NeuralTextures__255_214.mp4,data\raw\FaceForensics++_C23\NeuralTextures\255_214.mp4,1,NeuralTextures,c23
FaceForensics++,FaceForensics++__NeuralTextures__256_146.mp4,data\raw\FaceForensics++_C23\NeuralTextures\256_146.mp4,1,NeuralTextures,c23
FaceForensics++,FaceForensics++__NeuralTextures__257_420.mp4,data\raw\FaceForensics++_C23\NeuralTextures\257_420.mp4,1,NeuralTextures,c23
FaceForensics++,FaceForensics++__NeuralTextures__258_246.mp4,data\raw\FaceForensics++_C23\NeuralTextures\258_246.mp4,1,NeuralTextures,c23
FaceForensics++,FaceForensics++__NeuralTextures__260_331.mp4,data\raw\FaceForensics++_C23\NeuralTextures\260_331.mp4,1,NeuralTextures,c23
FaceForensics++,FaceForensics++__NeuralTextures__261_254.mp4,data\raw\FaceForensics++_C23\NeuralTextures\261_254.mp4,1,NeuralTextures,c23
FaceForensics++,FaceForensics++__NeuralTextures__262_301.mp4,data\raw\FaceForensics++_C23\NeuralTextures\262_301.mp4,1,NeuralTextures,c23
FaceForensics++,FaceForensics++__NeuralTextures__263_284.mp4,data\raw\FaceForensics++_C23\NeuralTextures\263_284.mp4,1,NeuralTextures,c23
FaceForensics++,FaceForensics++__NeuralTextures__264_271.mp4,data\raw\FaceForensics++_C23\NeuralTextures\264_271.mp4,1,NeuralTextures,c23
FaceForensics++,FaceForensics++__NeuralTextures__265_475.mp4,data\raw\FaceForensics++_C23\NeuralTextures\265_475.mp4,1,NeuralTextures,c23
FaceForensics++,FaceForensics++__NeuralTextures__266_252.mp4,data\raw\FaceForensics++_C23\NeuralTextures\266_252.mp4,1,NeuralTextures,c23
FaceForensics++,FaceForensics++__NeuralTextures__267_286.mp4,data\raw\FaceForensics++_C23\NeuralTextures\267_286.mp4,1,NeuralTextures,c23
FaceForensics++,FaceForensics++__NeuralTextures__268_269.mp4,data\raw\FaceForensics++_C23\NeuralTextures\268_269.mp4,1,NeuralTextures,c23
FaceForensics++,FaceForensics++__NeuralTextures__269_268.mp4,data\raw\FaceForensics++_C23\NeuralTextures\269_268.mp4,1,NeuralTextures,c23
FaceForensics++,FaceForensics++__NeuralTextures__271_264.mp4,data\raw\FaceForensics++_C23\NeuralTextures\271_264.mp4,1,NeuralTextures,c23
FaceForensics++,FaceForensics++__NeuralTextures__272_396.mp4,data\raw\FaceForensics++_C23\NeuralTextures\272_396.mp4,1,NeuralTextures,c23
FaceForensics++,FaceForensics++__NeuralTextures__273_807.mp4,data\raw\FaceForensics++_C23\NeuralTextures\273_807.mp4,1,NeuralTextures,c23
FaceForensics++,FaceForensics++__NeuralTextures__275_887.mp4,data\raw\FaceForensics++_C23\NeuralTextures\275_887.mp4,1,NeuralTextures,c23
FaceForensics++,FaceForensics++__NeuralTextures__276_185.mp4,data\raw\FaceForensics++_C23\NeuralTextures\276_185.mp4,1,NeuralTextures,c23
FaceForensics++,FaceForensics++__NeuralTextures__277_335.mp4,data\raw\FaceForensics++_C23\NeuralTextures\277_335.mp4,1,NeuralTextures,c23
FaceForensics++,FaceForensics++__NeuralTextures__278_306.mp4,data\raw\FaceForensics++_C23\NeuralTextures\278_306.mp4,1,NeuralTextures,c23
FaceForensics++,FaceForensics++__NeuralTextures__279_298.mp4,data\raw\FaceForensics++_C23\NeuralTextures\279_298.mp4,1,NeuralTextures,c23
FaceForensics++,FaceForensics++__NeuralTextures__281_474.mp4,data\raw\FaceForensics++_C23\NeuralTextures\281_474.mp4,1,NeuralTextures,c23
FaceForensics++,FaceForensics++__NeuralTextures__283_313.mp4,data\raw\FaceForensics++_C23\NeuralTextures\283_313.mp4,1,NeuralTextures,c23
FaceForensics++,FaceForensics++__NeuralTextures__284_263.mp4,data\raw\FaceForensics++_C23\NeuralTextures\284_263.mp4,1,NeuralTextures,c23
FaceForensics++,FaceForensics++__NeuralTextures__285_136.mp4,data\raw\FaceForensics++_C23\NeuralTextures\285_136.mp4,1,NeuralTextures,c23
FaceForensics++,FaceForensics++__NeuralTextures__286_267.mp4,data\raw\FaceForensics++_C23\NeuralTextures\286_267.mp4,1,NeuralTextures,c23
FaceForensics++,FaceForensics++__NeuralTextures__287_426.mp4,data\raw\FaceForensics++_C23\NeuralTextures\287_426.mp4,1,NeuralTextures,c23
FaceForensics++,FaceForensics++__NeuralTextures__288_321.mp4,data\raw\FaceForensics++_C23\NeuralTextures\288_321.mp4,1,NeuralTextures,c23
FaceForensics++,FaceForensics++__NeuralTextures__289_228.mp4,data\raw\FaceForensics++_C23\NeuralTextures\289_228.mp4,1,NeuralTextures,c23
FaceForensics++,FaceForensics++__NeuralTextures__290_240.mp4,data\raw\FaceForensics++_C23\NeuralTextures\290_240.mp4,1,NeuralTextures,c23
FaceForensics++,FaceForensics++__NeuralTextures__291_874.mp4,data\raw\FaceForensics++_C23\NeuralTextures\291_874.mp4,1,NeuralTextures,c23
FaceForensics++,FaceForensics++__NeuralTextures__292_294.mp4,data\raw\FaceForensics++_C23\NeuralTextures\292_294.mp4,1,NeuralTextures,c23
FaceForensics++,FaceForensics++__NeuralTextures__293_296.mp4,data\raw\FaceForensics++_C23\NeuralTextures\293_296.mp4,1,NeuralTextures,c23
FaceForensics++,FaceForensics++__NeuralTextures__294_292.mp4,data\raw\FaceForensics++_C23\NeuralTextures\294_292.mp4,1,NeuralTextures,c23
FaceForensics++,FaceForensics++__NeuralTextures__295_099.mp4,data\raw\FaceForensics++_C23\NeuralTextures\295_099.mp4,1,NeuralTextures,c23
FaceForensics++,FaceForensics++__NeuralTextures__296_293.mp4,data\raw\FaceForensics++_C23\NeuralTextures\296_293.mp4,1,NeuralTextures,c23
FaceForensics++,FaceForensics++__NeuralTextures__298_279.mp4,data\raw\FaceForensics++_C23\NeuralTextures\298_279.mp4,1,NeuralTextures,c23
FaceForensics++,FaceForensics++__NeuralTextures__299_145.mp4,data\raw\FaceForensics++_C23\NeuralTextures\299_145.mp4,1,NeuralTextures,c23
FaceForensics++,FaceForensics++__NeuralTextures__300_304.mp4,data\raw\FaceForensics++_C23\NeuralTextures\300_304.mp4,1,NeuralTextures,c23
FaceForensics++,FaceForensics++__NeuralTextures__301_262.mp4,data\raw\FaceForensics++_C23\NeuralTextures\301_262.mp4,1,NeuralTextures,c23
FaceForensics++,FaceForensics++__NeuralTextures__302_323.mp4,data\raw\FaceForensics++_C23\NeuralTextures\302_323.mp4,1,NeuralTextures,c23
FaceForensics++,FaceForensics++__NeuralTextures__303_309.mp4,data\raw\FaceForensics++_C23\NeuralTextures\303_309.mp4,1,NeuralTextures,c23
FaceForensics++,FaceForensics++__NeuralTextures__304_300.mp4,data\raw\FaceForensics++_C23\NeuralTextures\304_300.mp4,1,NeuralTextures,c23
FaceForensics++,FaceForensics++__NeuralTextures__305_513.mp4,data\raw\FaceForensics++_C23\NeuralTextures\305_513.mp4,1,NeuralTextures,c23
FaceForensics++,FaceForensics++__NeuralTextures__306_278.mp4,data\raw\FaceForensics++_C23\NeuralTextures\306_278.mp4,1,NeuralTextures,c23
FaceForensics++,FaceForensics++__NeuralTextures__307_365.mp4,data\raw\FaceForensics++_C23\NeuralTextures\307_365.mp4,1,NeuralTextures,c23
FaceForensics++,FaceForensics++__NeuralTextures__309_303.mp4,data\raw\FaceForensics++_C23\NeuralTextures\309_303.mp4,1,NeuralTextures,c23
FaceForensics++,FaceForensics++__NeuralTextures__310_196.mp4,data\raw\FaceForensics++_C23\NeuralTextures\310_196.mp4,1,NeuralTextures,c23
FaceForensics++,FaceForensics++__NeuralTextures__311_387.mp4,data\raw\FaceForensics++_C23\NeuralTextures\311_387.mp4,1,NeuralTextures,c23
FaceForensics++,FaceForensics++__NeuralTextures__312_021.mp4,data\raw\FaceForensics++_C23\NeuralTextures\312_021.mp4,1,NeuralTextures,c23
FaceForensics++,FaceForensics++__NeuralTextures__313_283.mp4,data\raw\FaceForensics++_C23\NeuralTextures\313_283.mp4,1,NeuralTextures,c23
FaceForensics++,FaceForensics++__NeuralTextures__314_347.mp4,data\raw\FaceForensics++_C23\NeuralTextures\314_347.mp4,1,NeuralTextures,c23
FaceForensics++,FaceForensics++__NeuralTextures__315_322.mp4,data\raw\FaceForensics++_C23\NeuralTextures\315_322.mp4,1,NeuralTextures,c23
FaceForensics++,FaceForensics++__NeuralTextures__316_369.mp4,data\raw\FaceForensics++_C23\NeuralTextures\316_369.mp4,1,NeuralTextures,c23
FaceForensics++,FaceForensics++__NeuralTextures__317_359.mp4,data\raw\FaceForensics++_C23\NeuralTextures\317_359.mp4,1,NeuralTextures,c23
FaceForensics++,FaceForensics++__NeuralTextures__318_334.mp4,data\raw\FaceForensics++_C23\NeuralTextures\318_334.mp4,1,NeuralTextures,c23
FaceForensics++,FaceForensics++__NeuralTextures__319_352.mp4,data\raw\FaceForensics++_C23\NeuralTextures\319_352.mp4,1,NeuralTextures,c23
FaceForensics++,FaceForensics++__NeuralTextures__320_328.mp4,data\raw\FaceForensics++_C23\NeuralTextures\320_328.mp4,1,NeuralTextures,c23
FaceForensics++,FaceForensics++__NeuralTextures__321_288.mp4,data\raw\FaceForensics++_C23\NeuralTextures\321_288.mp4,1,NeuralTextures,c23
FaceForensics++,FaceForensics++__NeuralTextures__323_302.mp4,data\raw\FaceForensics++_C23\NeuralTextures\323_302.mp4,1,NeuralTextures,c23
FaceForensics++,FaceForensics++__NeuralTextures__324_356.mp4,data\raw\FaceForensics++_C23\NeuralTextures\324_356.mp4,1,NeuralTextures,c23
FaceForensics++,FaceForensics++__NeuralTextures__325_492.mp4,data\raw\FaceForensics++_C23\NeuralTextures\325_492.mp4,1,NeuralTextures,c23
FaceForensics++,FaceForensics++__NeuralTextures__326_501.mp4,data\raw\FaceForensics++_C23\NeuralTextures\326_501.mp4,1,NeuralTextures,c23
FaceForensics++,FaceForensics++__NeuralTextures__327_329.mp4,data\raw\FaceForensics++_C23\NeuralTextures\327_329.mp4,1,NeuralTextures,c23
FaceForensics++,FaceForensics++__NeuralTextures__328_320.mp4,data\raw\FaceForensics++_C23\NeuralTextures\328_320.mp4,1,NeuralTextures,c23
FaceForensics++,FaceForensics++__NeuralTextures__329_327.mp4,data\raw\FaceForensics++_C23\NeuralTextures\329_327.mp4,1,NeuralTextures,c23
FaceForensics++,FaceForensics++__NeuralTextures__330_162.mp4,data\raw\FaceForensics++_C23\NeuralTextures\330_162.mp4,1,NeuralTextures,c23
FaceForensics++,FaceForensics++__NeuralTextures__331_260.mp4,data\raw\FaceForensics++_C23\NeuralTextures\331_260.mp4,1,NeuralTextures,c23
FaceForensics++,FaceForensics++__NeuralTextures__332_051.mp4,data\raw\FaceForensics++_C23\NeuralTextures\332_051.mp4,1,NeuralTextures,c23
FaceForensics++,FaceForensics++__NeuralTextures__335_277.mp4,data\raw\FaceForensics++_C23\NeuralTextures\335_277.mp4,1,NeuralTextures,c23
FaceForensics++,FaceForensics++__NeuralTextures__336_338.mp4,data\raw\FaceForensics++_C23\NeuralTextures\336_338.mp4,1,NeuralTextures,c23
FaceForensics++,FaceForensics++__NeuralTextures__337_522.mp4,data\raw\FaceForensics++_C23\NeuralTextures\337_522.mp4,1,NeuralTextures,c23
FaceForensics++,FaceForensics++__NeuralTextures__338_336.mp4,data\raw\FaceForensics++_C23\NeuralTextures\338_336.mp4,1,NeuralTextures,c23
FaceForensics++,FaceForensics++__NeuralTextures__339_392.mp4,data\raw\FaceForensics++_C23\NeuralTextures\339_392.mp4,1,NeuralTextures,c23
FaceForensics++,FaceForensics++__NeuralTextures__340_341.mp4,data\raw\FaceForensics++_C23\NeuralTextures\340_341.mp4,1,NeuralTextures,c23
FaceForensics++,FaceForensics++__NeuralTextures__341_340.mp4,data\raw\FaceForensics++_C23\NeuralTextures\341_340.mp4,1,NeuralTextures,c23
FaceForensics++,FaceForensics++__NeuralTextures__342_416.mp4,data\raw\FaceForensics++_C23\NeuralTextures\342_416.mp4,1,NeuralTextures,c23
FaceForensics++,FaceForensics++__NeuralTextures__343_363.mp4,data\raw\FaceForensics++_C23\NeuralTextures\343_363.mp4,1,NeuralTextures,c23
FaceForensics++,FaceForensics++__NeuralTextures__345_259.mp4,data\raw\FaceForensics++_C23\NeuralTextures\345_259.mp4,1,NeuralTextures,c23
FaceForensics++,FaceForensics++__NeuralTextures__346_351.mp4,data\raw\FaceForensics++_C23\NeuralTextures\346_351.mp4,1,NeuralTextures,c23
FaceForensics++,FaceForensics++__NeuralTextures__347_314.mp4,data\raw\FaceForensics++_C23\NeuralTextures\347_314.mp4,1,NeuralTextures,c23
FaceForensics++,FaceForensics++__NeuralTextures__348_202.mp4,data\raw\FaceForensics++_C23\NeuralTextures\348_202.mp4,1,NeuralTextures,c23
FaceForensics++,FaceForensics++__NeuralTextures__352_319.mp4,data\raw\FaceForensics++_C23\NeuralTextures\352_319.mp4,1,NeuralTextures,c23
FaceForensics++,FaceForensics++__NeuralTextures__353_383.mp4,data\raw\FaceForensics++_C23\NeuralTextures\353_383.mp4,1,NeuralTextures,c23
FaceForensics++,FaceForensics++__NeuralTextures__354_362.mp4,data\raw\FaceForensics++_C23\NeuralTextures\354_362.mp4,1,NeuralTextures,c23
FaceForensics++,FaceForensics++__NeuralTextures__355_748.mp4,data\raw\FaceForensics++_C23\NeuralTextures\355_748.mp4,1,NeuralTextures,c23
FaceForensics++,FaceForensics++__NeuralTextures__356_324.mp4,data\raw\FaceForensics++_C23\NeuralTextures\356_324.mp4,1,NeuralTextures,c23
FaceForensics++,FaceForensics++__NeuralTextures__357_432.mp4,data\raw\FaceForensics++_C23\NeuralTextures\357_432.mp4,1,NeuralTextures,c23
FaceForensics++,FaceForensics++__NeuralTextures__358_380.mp4,data\raw\FaceForensics++_C23\NeuralTextures\358_380.mp4,1,NeuralTextures,c23
FaceForensics++,FaceForensics++__NeuralTextures__359_317.mp4,data\raw\FaceForensics++_C23\NeuralTextures\359_317.mp4,1,NeuralTextures,c23
FaceForensics++,FaceForensics++__NeuralTextures__360_437.mp4,data\raw\FaceForensics++_C23\NeuralTextures\360_437.mp4,1,NeuralTextures,c23
FaceForensics++,FaceForensics++__NeuralTextures__361_448.mp4,data\raw\FaceForensics++_C23\NeuralTextures\361_448.mp4,1,NeuralTextures,c23
FaceForensics++,FaceForensics++__NeuralTextures__362_354.mp4,data\raw\FaceForensics++_C23\NeuralTextures\362_354.mp4,1,NeuralTextures,c23
FaceForensics++,FaceForensics++__NeuralTextures__365_307.mp4,data\raw\FaceForensics++_C23\NeuralTextures\365_307.mp4,1,NeuralTextures,c23
FaceForensics++,FaceForensics++__NeuralTextures__366_473.mp4,data\raw\FaceForensics++_C23\NeuralTextures\366_473.mp4,1,NeuralTextures,c23
FaceForensics++,FaceForensics++__NeuralTextures__367_371.mp4,data\raw\FaceForensics++_C23\NeuralTextures\367_371.mp4,1,NeuralTextures,c23
FaceForensics++,FaceForensics++__NeuralTextures__368_378.mp4,data\raw\FaceForensics++_C23\NeuralTextures\368_378.mp4,1,NeuralTextures,c23
FaceForensics++,FaceForensics++__NeuralTextures__369_316.mp4,data\raw\FaceForensics++_C23\NeuralTextures\369_316.mp4,1,NeuralTextures,c23
FaceForensics++,FaceForensics++__NeuralTextures__370_483.mp4,data\raw\FaceForensics++_C23\NeuralTextures\370_483.mp4,1,NeuralTextures,c23
FaceForensics++,FaceForensics++__NeuralTextures__372_413.mp4,data\raw\FaceForensics++_C23\NeuralTextures\372_413.mp4,1,NeuralTextures,c23
FaceForensics++,FaceForensics++__NeuralTextures__373_394.mp4,data\raw\FaceForensics++_C23\NeuralTextures\373_394.mp4,1,NeuralTextures,c23
FaceForensics++,FaceForensics++__NeuralTextures__374_407.mp4,data\raw\FaceForensics++_C23\NeuralTextures\374_407.mp4,1,NeuralTextures,c23
FaceForensics++,FaceForensics++__NeuralTextures__376_381.mp4,data\raw\FaceForensics++_C23\NeuralTextures\376_381.mp4,1,NeuralTextures,c23
FaceForensics++,FaceForensics++__NeuralTextures__377_333.mp4,data\raw\FaceForensics++_C23\NeuralTextures\377_333.mp4,1,NeuralTextures,c23
FaceForensics++,FaceForensics++__NeuralTextures__378_368.mp4,data\raw\FaceForensics++_C23\NeuralTextures\378_368.mp4,1,NeuralTextures,c23
FaceForensics++,FaceForensics++__NeuralTextures__379_158.mp4,data\raw\FaceForensics++_C23\NeuralTextures\379_158.mp4,1,NeuralTextures,c23
FaceForensics++,FaceForensics++__NeuralTextures__380_358.mp4,data\raw\FaceForensics++_C23\NeuralTextures\380_358.mp4,1,NeuralTextures,c23
FaceForensics++,FaceForensics++__NeuralTextures__381_376.mp4,data\raw\FaceForensics++_C23\NeuralTextures\381_376.mp4,1,NeuralTextures,c23
FaceForensics++,FaceForensics++__NeuralTextures__382_409.mp4,data\raw\FaceForensics++_C23\NeuralTextures\382_409.mp4,1,NeuralTextures,c23
FaceForensics++,FaceForensics++__NeuralTextures__383_353.mp4,data\raw\FaceForensics++_C23\NeuralTextures\383_353.mp4,1,NeuralTextures,c23
FaceForensics++,FaceForensics++__NeuralTextures__384_932.mp4,data\raw\FaceForensics++_C23\NeuralTextures\384_932.mp4,1,NeuralTextures,c23
FaceForensics++,FaceForensics++__NeuralTextures__385_414.mp4,data\raw\FaceForensics++_C23\NeuralTextures\385_414.mp4,1,NeuralTextures,c23
FaceForensics++,FaceForensics++__NeuralTextures__386_154.mp4,data\raw\FaceForensics++_C23\NeuralTextures\386_154.mp4,1,NeuralTextures,c23
FaceForensics++,FaceForensics++__NeuralTextures__387_311.mp4,data\raw\FaceForensics++_C23\NeuralTextures\387_311.mp4,1,NeuralTextures,c23
FaceForensics++,FaceForensics++__NeuralTextures__388_308.mp4,data\raw\FaceForensics++_C23\NeuralTextures\388_308.mp4,1,NeuralTextures,c23
FaceForensics++,FaceForensics++__NeuralTextures__390_709.mp4,data\raw\FaceForensics++_C23\NeuralTextures\390_709.mp4,1,NeuralTextures,c23
FaceForensics++,FaceForensics++__NeuralTextures__391_406.mp4,data\raw\FaceForensics++_C23\NeuralTextures\391_406.mp4,1,NeuralTextures,c23
FaceForensics++,FaceForensics++__NeuralTextures__394_373.mp4,data\raw\FaceForensics++_C23\NeuralTextures\394_373.mp4,1,NeuralTextures,c23
FaceForensics++,FaceForensics++__NeuralTextures__395_401.mp4,data\raw\FaceForensics++_C23\NeuralTextures\395_401.mp4,1,NeuralTextures,c23
FaceForensics++,FaceForensics++__NeuralTextures__396_272.mp4,data\raw\FaceForensics++_C23\NeuralTextures\396_272.mp4,1,NeuralTextures,c23
FaceForensics++,FaceForensics++__NeuralTextures__397_602.mp4,data\raw\FaceForensics++_C23\NeuralTextures\397_602.mp4,1,NeuralTextures,c23
FaceForensics++,FaceForensics++__NeuralTextures__399_488.mp4,data\raw\FaceForensics++_C23\NeuralTextures\399_488.mp4,1,NeuralTextures,c23
FaceForensics++,FaceForensics++__NeuralTextures__400_476.mp4,data\raw\FaceForensics++_C23\NeuralTextures\400_476.mp4,1,NeuralTextures,c23
FaceForensics++,FaceForensics++__NeuralTextures__401_395.mp4,data\raw\FaceForensics++_C23\NeuralTextures\401_395.mp4,1,NeuralTextures,c23
FaceForensics++,FaceForensics++__NeuralTextures__402_453.mp4,data\raw\FaceForensics++_C23\NeuralTextures\402_453.mp4,1,NeuralTextures,c23
FaceForensics++,FaceForensics++__NeuralTextures__403_497.mp4,data\raw\FaceForensics++_C23\NeuralTextures\403_497.mp4,1,NeuralTextures,c23
FaceForensics++,FaceForensics++__NeuralTextures__405_393.mp4,data\raw\FaceForensics++_C23\NeuralTextures\405_393.mp4,1,NeuralTextures,c23
FaceForensics++,FaceForensics++__NeuralTextures__406_391.mp4,data\raw\FaceForensics++_C23\NeuralTextures\406_391.mp4,1,NeuralTextures,c23
FaceForensics++,FaceForensics++__NeuralTextures__407_374.mp4,data\raw\FaceForensics++_C23\NeuralTextures\407_374.mp4,1,NeuralTextures,c23
FaceForensics++,FaceForensics++__NeuralTextures__411_410.mp4,data\raw\FaceForensics++_C23\NeuralTextures\411_410.mp4,1,NeuralTextures,c23
FaceForensics++,FaceForensics++__NeuralTextures__413_372.mp4,data\raw\FaceForensics++_C23\NeuralTextures\413_372.mp4,1,NeuralTextures,c23
FaceForensics++,FaceForensics++__NeuralTextures__414_385.mp4,data\raw\FaceForensics++_C23\NeuralTextures\414_385.mp4,1,NeuralTextures,c23
FaceForensics++,FaceForensics++__NeuralTextures__416_342.mp4,data\raw\FaceForensics++_C23\NeuralTextures\416_342.mp4,1,NeuralTextures,c23
FaceForensics++,FaceForensics++__NeuralTextures__419_824.mp4,data\raw\FaceForensics++_C23\NeuralTextures\419_824.mp4,1,NeuralTextures,c23
FaceForensics++,FaceForensics++__NeuralTextures__420_257.mp4,data\raw\FaceForensics++_C23\NeuralTextures\420_257.mp4,1,NeuralTextures,c23
FaceForensics++,FaceForensics++__NeuralTextures__421_423.mp4,data\raw\FaceForensics++_C23\NeuralTextures\421_423.mp4,1,NeuralTextures,c23
FaceForensics++,FaceForensics++__NeuralTextures__422_695.mp4,data\raw\FaceForensics++_C23\NeuralTextures\422_695.mp4,1,NeuralTextures,c23
FaceForensics++,FaceForensics++__NeuralTextures__425_485.mp4,data\raw\FaceForensics++_C23\NeuralTextures\425_485.mp4,1,NeuralTextures,c23
FaceForensics++,FaceForensics++__NeuralTextures__426_287.mp4,data\raw\FaceForensics++_C23\NeuralTextures\426_287.mp4,1,NeuralTextures,c23
FaceForensics++,FaceForensics++__NeuralTextures__427_637.mp4,data\raw\FaceForensics++_C23\NeuralTextures\427_637.mp4,1,NeuralTextures,c23
FaceForensics++,FaceForensics++__NeuralTextures__429_404.mp4,data\raw\FaceForensics++_C23\NeuralTextures\429_404.mp4,1,NeuralTextures,c23
FaceForensics++,FaceForensics++__NeuralTextures__430_459.mp4,data\raw\FaceForensics++_C23\NeuralTextures\430_459.mp4,1,NeuralTextures,c23
FaceForensics++,FaceForensics++__NeuralTextures__431_447.mp4,data\raw\FaceForensics++_C23\NeuralTextures\431_447.mp4,1,NeuralTextures,c23
FaceForensics++,FaceForensics++__NeuralTextures__433_498.mp4,data\raw\FaceForensics++_C23\NeuralTextures\433_498.mp4,1,NeuralTextures,c23
FaceForensics++,FaceForensics++__NeuralTextures__434_438.mp4,data\raw\FaceForensics++_C23\NeuralTextures\434_438.mp4,1,NeuralTextures,c23
FaceForensics++,FaceForensics++__NeuralTextures__435_456.mp4,data\raw\FaceForensics++_C23\NeuralTextures\435_456.mp4,1,NeuralTextures,c23
FaceForensics++,FaceForensics++__NeuralTextures__436_526.mp4,data\raw\FaceForensics++_C23\NeuralTextures\436_526.mp4,1,NeuralTextures,c23
FaceForensics++,FaceForensics++__NeuralTextures__437_360.mp4,data\raw\FaceForensics++_C23\NeuralTextures\437_360.mp4,1,NeuralTextures,c23
FaceForensics++,FaceForensics++__NeuralTextures__438_434.mp4,data\raw\FaceForensics++_C23\NeuralTextures\438_434.mp4,1,NeuralTextures,c23
FaceForensics++,FaceForensics++__NeuralTextures__439_441.mp4,data\raw\FaceForensics++_C23\NeuralTextures\439_441.mp4,1,NeuralTextures,c23
FaceForensics++,FaceForensics++__NeuralTextures__440_364.mp4,data\raw\FaceForensics++_C23\NeuralTextures\440_364.mp4,1,NeuralTextures,c23
FaceForensics++,FaceForensics++__NeuralTextures__442_195.mp4,data\raw\FaceForensics++_C23\NeuralTextures\442_195.mp4,1,NeuralTextures,c23
FaceForensics++,FaceForensics++__NeuralTextures__443_514.mp4,data\raw\FaceForensics++_C23\NeuralTextures\443_514.mp4,1,NeuralTextures,c23
FaceForensics++,FaceForensics++__NeuralTextures__446_667.mp4,data\raw\FaceForensics++_C23\NeuralTextures\446_667.mp4,1,NeuralTextures,c23
FaceForensics++,FaceForensics++__NeuralTextures__447_431.mp4,data\raw\FaceForensics++_C23\NeuralTextures\447_431.mp4,1,NeuralTextures,c23
FaceForensics++,FaceForensics++__NeuralTextures__448_361.mp4,data\raw\FaceForensics++_C23\NeuralTextures\448_361.mp4,1,NeuralTextures,c23
FaceForensics++,FaceForensics++__NeuralTextures__449_451.mp4,data\raw\FaceForensics++_C23\NeuralTextures\449_451.mp4,1,NeuralTextures,c23
FaceForensics++,FaceForensics++__NeuralTextures__452_550.mp4,data\raw\FaceForensics++_C23\NeuralTextures\452_550.mp4,1,NeuralTextures,c23
FaceForensics++,FaceForensics++__NeuralTextures__453_402.mp4,data\raw\FaceForensics++_C23\NeuralTextures\453_402.mp4,1,NeuralTextures,c23
FaceForensics++,FaceForensics++__NeuralTextures__454_527.mp4,data\raw\FaceForensics++_C23\NeuralTextures\454_527.mp4,1,NeuralTextures,c23
FaceForensics++,FaceForensics++__NeuralTextures__455_471.mp4,data\raw\FaceForensics++_C23\NeuralTextures\455_471.mp4,1,NeuralTextures,c23
FaceForensics++,FaceForensics++__NeuralTextures__456_435.mp4,data\raw\FaceForensics++_C23\NeuralTextures\456_435.mp4,1,NeuralTextures,c23
FaceForensics++,FaceForensics++__NeuralTextures__457_398.mp4,data\raw\FaceForensics++_C23\NeuralTextures\457_398.mp4,1,NeuralTextures,c23
FaceForensics++,FaceForensics++__NeuralTextures__458_722.mp4,data\raw\FaceForensics++_C23\NeuralTextures\458_722.mp4,1,NeuralTextures,c23
FaceForensics++,FaceForensics++__NeuralTextures__459_430.mp4,data\raw\FaceForensics++_C23\NeuralTextures\459_430.mp4,1,NeuralTextures,c23
FaceForensics++,FaceForensics++__NeuralTextures__460_678.mp4,data\raw\FaceForensics++_C23\NeuralTextures\460_678.mp4,1,NeuralTextures,c23
FaceForensics++,FaceForensics++__NeuralTextures__462_467.mp4,data\raw\FaceForensics++_C23\NeuralTextures\462_467.mp4,1,NeuralTextures,c23
FaceForensics++,FaceForensics++__NeuralTextures__463_464.mp4,data\raw\FaceForensics++_C23\NeuralTextures\463_464.mp4,1,NeuralTextures,c23
FaceForensics++,FaceForensics++__NeuralTextures__465_482.mp4,data\raw\FaceForensics++_C23\NeuralTextures\465_482.mp4,1,NeuralTextures,c23
FaceForensics++,FaceForensics++__NeuralTextures__466_428.mp4,data\raw\FaceForensics++_C23\NeuralTextures\466_428.mp4,1,NeuralTextures,c23
FaceForensics++,FaceForensics++__NeuralTextures__468_470.mp4,data\raw\FaceForensics++_C23\NeuralTextures\468_470.mp4,1,NeuralTextures,c23
FaceForensics++,FaceForensics++__NeuralTextures__470_468.mp4,data\raw\FaceForensics++_C23\NeuralTextures\470_468.mp4,1,NeuralTextures,c23
FaceForensics++,FaceForensics++__NeuralTextures__471_455.mp4,data\raw\FaceForensics++_C23\NeuralTextures\471_455.mp4,1,NeuralTextures,c23
FaceForensics++,FaceForensics++__NeuralTextures__472_511.mp4,data\raw\FaceForensics++_C23\NeuralTextures\472_511.mp4,1,NeuralTextures,c23
FaceForensics++,FaceForensics++__NeuralTextures__474_281.mp4,data\raw\FaceForensics++_C23\NeuralTextures\474_281.mp4,1,NeuralTextures,c23
FaceForensics++,FaceForensics++__NeuralTextures__475_265.mp4,data\raw\FaceForensics++_C23\NeuralTextures\475_265.mp4,1,NeuralTextures,c23
FaceForensics++,FaceForensics++__NeuralTextures__476_400.mp4,data\raw\FaceForensics++_C23\NeuralTextures\476_400.mp4,1,NeuralTextures,c23
FaceForensics++,FaceForensics++__NeuralTextures__478_506.mp4,data\raw\FaceForensics++_C23\NeuralTextures\478_506.mp4,1,NeuralTextures,c23
FaceForensics++,FaceForensics++__NeuralTextures__479_706.mp4,data\raw\FaceForensics++_C23\NeuralTextures\479_706.mp4,1,NeuralTextures,c23
FaceForensics++,FaceForensics++__NeuralTextures__480_389.mp4,data\raw\FaceForensics++_C23\NeuralTextures\480_389.mp4,1,NeuralTextures,c23
FaceForensics++,FaceForensics++__NeuralTextures__481_469.mp4,data\raw\FaceForensics++_C23\NeuralTextures\481_469.mp4,1,NeuralTextures,c23
FaceForensics++,FaceForensics++__NeuralTextures__482_465.mp4,data\raw\FaceForensics++_C23\NeuralTextures\482_465.mp4,1,NeuralTextures,c23
FaceForensics++,FaceForensics++__NeuralTextures__483_370.mp4,data\raw\FaceForensics++_C23\NeuralTextures\483_370.mp4,1,NeuralTextures,c23
FaceForensics++,FaceForensics++__NeuralTextures__484_415.mp4,data\raw\FaceForensics++_C23\NeuralTextures\484_415.mp4,1,NeuralTextures,c23
FaceForensics++,FaceForensics++__NeuralTextures__485_425.mp4,data\raw\FaceForensics++_C23\NeuralTextures\485_425.mp4,1,NeuralTextures,c23
FaceForensics++,FaceForensics++__NeuralTextures__486_680.mp4,data\raw\FaceForensics++_C23\NeuralTextures\486_680.mp4,1,NeuralTextures,c23
FaceForensics++,FaceForensics++__NeuralTextures__487_477.mp4,data\raw\FaceForensics++_C23\NeuralTextures\487_477.mp4,1,NeuralTextures,c23
FaceForensics++,FaceForensics++__NeuralTextures__489_022.mp4,data\raw\FaceForensics++_C23\NeuralTextures\489_022.mp4,1,NeuralTextures,c23
FaceForensics++,FaceForensics++__NeuralTextures__490_534.mp4,data\raw\FaceForensics++_C23\NeuralTextures\490_534.mp4,1,NeuralTextures,c23
FaceForensics++,FaceForensics++__NeuralTextures__491_226.mp4,data\raw\FaceForensics++_C23\NeuralTextures\491_226.mp4,1,NeuralTextures,c23
FaceForensics++,FaceForensics++__NeuralTextures__492_325.mp4,data\raw\FaceForensics++_C23\NeuralTextures\492_325.mp4,1,NeuralTextures,c23
FaceForensics++,FaceForensics++__NeuralTextures__493_538.mp4,data\raw\FaceForensics++_C23\NeuralTextures\493_538.mp4,1,NeuralTextures,c23
FaceForensics++,FaceForensics++__NeuralTextures__494_445.mp4,data\raw\FaceForensics++_C23\NeuralTextures\494_445.mp4,1,NeuralTextures,c23
FaceForensics++,FaceForensics++__NeuralTextures__495_512.mp4,data\raw\FaceForensics++_C23\NeuralTextures\495_512.mp4,1,NeuralTextures,c23
FaceForensics++,FaceForensics++__NeuralTextures__496_417.mp4,data\raw\FaceForensics++_C23\NeuralTextures\496_417.mp4,1,NeuralTextures,c23
FaceForensics++,FaceForensics++__NeuralTextures__497_403.mp4,data\raw\FaceForensics++_C23\NeuralTextures\497_403.mp4,1,NeuralTextures,c23
FaceForensics++,FaceForensics++__NeuralTextures__498_433.mp4,data\raw\FaceForensics++_C23\NeuralTextures\498_433.mp4,1,NeuralTextures,c23
FaceForensics++,FaceForensics++__NeuralTextures__500_592.mp4,data\raw\FaceForensics++_C23\NeuralTextures\500_592.mp4,1,NeuralTextures,c23
FaceForensics++,FaceForensics++__NeuralTextures__501_326.mp4,data\raw\FaceForensics++_C23\NeuralTextures\501_326.mp4,1,NeuralTextures,c23
FaceForensics++,FaceForensics++__NeuralTextures__502_504.mp4,data\raw\FaceForensics++_C23\NeuralTextures\502_504.mp4,1,NeuralTextures,c23
FaceForensics++,FaceForensics++__NeuralTextures__504_502.mp4,data\raw\FaceForensics++_C23\NeuralTextures\504_502.mp4,1,NeuralTextures,c23
FaceForensics++,FaceForensics++__NeuralTextures__505_600.mp4,data\raw\FaceForensics++_C23\NeuralTextures\505_600.mp4,1,NeuralTextures,c23
FaceForensics++,FaceForensics++__NeuralTextures__507_418.mp4,data\raw\FaceForensics++_C23\NeuralTextures\507_418.mp4,1,NeuralTextures,c23
FaceForensics++,FaceForensics++__NeuralTextures__509_525.mp4,data\raw\FaceForensics++_C23\NeuralTextures\509_525.mp4,1,NeuralTextures,c23
FaceForensics++,FaceForensics++__NeuralTextures__510_528.mp4,data\raw\FaceForensics++_C23\NeuralTextures\510_528.mp4,1,NeuralTextures,c23
FaceForensics++,FaceForensics++__NeuralTextures__511_472.mp4,data\raw\FaceForensics++_C23\NeuralTextures\511_472.mp4,1,NeuralTextures,c23
FaceForensics++,FaceForensics++__NeuralTextures__513_305.mp4,data\raw\FaceForensics++_C23\NeuralTextures\513_305.mp4,1,NeuralTextures,c23
FaceForensics++,FaceForensics++__NeuralTextures__514_443.mp4,data\raw\FaceForensics++_C23\NeuralTextures\514_443.mp4,1,NeuralTextures,c23
FaceForensics++,FaceForensics++__NeuralTextures__516_555.mp4,data\raw\FaceForensics++_C23\NeuralTextures\516_555.mp4,1,NeuralTextures,c23
FaceForensics++,FaceForensics++__NeuralTextures__517_521.mp4,data\raw\FaceForensics++_C23\NeuralTextures\517_521.mp4,1,NeuralTextures,c23
FaceForensics++,FaceForensics++__NeuralTextures__518_131.mp4,data\raw\FaceForensics++_C23\NeuralTextures\518_131.mp4,1,NeuralTextures,c23
FaceForensics++,FaceForensics++__NeuralTextures__520_542.mp4,data\raw\FaceForensics++_C23\NeuralTextures\520_542.mp4,1,NeuralTextures,c23
FaceForensics++,FaceForensics++__NeuralTextures__523_541.mp4,data\raw\FaceForensics++_C23\NeuralTextures\523_541.mp4,1,NeuralTextures,c23
FaceForensics++,FaceForensics++__NeuralTextures__525_509.mp4,data\raw\FaceForensics++_C23\NeuralTextures\525_509.mp4,1,NeuralTextures,c23
FaceForensics++,FaceForensics++__NeuralTextures__527_454.mp4,data\raw\FaceForensics++_C23\NeuralTextures\527_454.mp4,1,NeuralTextures,c23
FaceForensics++,FaceForensics++__NeuralTextures__528_510.mp4,data\raw\FaceForensics++_C23\NeuralTextures\528_510.mp4,1,NeuralTextures,c23
FaceForensics++,FaceForensics++__NeuralTextures__529_633.mp4,data\raw\FaceForensics++_C23\NeuralTextures\529_633.mp4,1,NeuralTextures,c23
FaceForensics++,FaceForensics++__NeuralTextures__530_594.mp4,data\raw\FaceForensics++_C23\NeuralTextures\530_594.mp4,1,NeuralTextures,c23
FaceForensics++,FaceForensics++__NeuralTextures__531_549.mp4,data\raw\FaceForensics++_C23\NeuralTextures\531_549.mp4,1,NeuralTextures,c23
FaceForensics++,FaceForensics++__NeuralTextures__535_587.mp4,data\raw\FaceForensics++_C23\NeuralTextures\535_587.mp4,1,NeuralTextures,c23
FaceForensics++,FaceForensics++__NeuralTextures__536_540.mp4,data\raw\FaceForensics++_C23\NeuralTextures\536_540.mp4,1,NeuralTextures,c23
FaceForensics++,FaceForensics++__NeuralTextures__538_493.mp4,data\raw\FaceForensics++_C23\NeuralTextures\538_493.mp4,1,NeuralTextures,c23
FaceForensics++,FaceForensics++__NeuralTextures__539_499.mp4,data\raw\FaceForensics++_C23\NeuralTextures\539_499.mp4,1,NeuralTextures,c23
FaceForensics++,FaceForensics++__NeuralTextures__540_536.mp4,data\raw\FaceForensics++_C23\NeuralTextures\540_536.mp4,1,NeuralTextures,c23
FaceForensics++,FaceForensics++__NeuralTextures__542_520.mp4,data\raw\FaceForensics++_C23\NeuralTextures\542_520.mp4,1,NeuralTextures,c23
FaceForensics++,FaceForensics++__NeuralTextures__544_532.mp4,data\raw\FaceForensics++_C23\NeuralTextures\544_532.mp4,1,NeuralTextures,c23
FaceForensics++,FaceForensics++__NeuralTextures__545_553.mp4,data\raw\FaceForensics++_C23\NeuralTextures\545_553.mp4,1,NeuralTextures,c23
FaceForensics++,FaceForensics++__NeuralTextures__546_621.mp4,data\raw\FaceForensics++_C23\NeuralTextures\546_621.mp4,1,NeuralTextures,c23
FaceForensics++,FaceForensics++__NeuralTextures__547_574.mp4,data\raw\FaceForensics++_C23\NeuralTextures\547_574.mp4,1,NeuralTextures,c23
FaceForensics++,FaceForensics++__NeuralTextures__549_531.mp4,data\raw\FaceForensics++_C23\NeuralTextures\549_531.mp4,1,NeuralTextures,c23
FaceForensics++,FaceForensics++__NeuralTextures__550_452.mp4,data\raw\FaceForensics++_C23\NeuralTextures\550_452.mp4,1,NeuralTextures,c23
FaceForensics++,FaceForensics++__NeuralTextures__551_631.mp4,data\raw\FaceForensics++_C23\NeuralTextures\551_631.mp4,1,NeuralTextures,c23
FaceForensics++,FaceForensics++__NeuralTextures__554_572.mp4,data\raw\FaceForensics++_C23\NeuralTextures\554_572.mp4,1,NeuralTextures,c23
FaceForensics++,FaceForensics++__NeuralTextures__555_516.mp4,data\raw\FaceForensics++_C23\NeuralTextures\555_516.mp4,1,NeuralTextures,c23
FaceForensics++,FaceForensics++__NeuralTextures__556_588.mp4,data\raw\FaceForensics++_C23\NeuralTextures\556_588.mp4,1,NeuralTextures,c23
FaceForensics++,FaceForensics++__NeuralTextures__557_560.mp4,data\raw\FaceForensics++_C23\NeuralTextures\557_560.mp4,1,NeuralTextures,c23
FaceForensics++,FaceForensics++__NeuralTextures__558_583.mp4,data\raw\FaceForensics++_C23\NeuralTextures\558_583.mp4,1,NeuralTextures,c23
FaceForensics++,FaceForensics++__NeuralTextures__559_543.mp4,data\raw\FaceForensics++_C23\NeuralTextures\559_543.mp4,1,NeuralTextures,c23
FaceForensics++,FaceForensics++__NeuralTextures__560_557.mp4,data\raw\FaceForensics++_C23\NeuralTextures\560_557.mp4,1,NeuralTextures,c23
FaceForensics++,FaceForensics++__NeuralTextures__561_998.mp4,data\raw\FaceForensics++_C23\NeuralTextures\561_998.mp4,1,NeuralTextures,c23
FaceForensics++,FaceForensics++__NeuralTextures__563_537.mp4,data\raw\FaceForensics++_C23\NeuralTextures\563_537.mp4,1,NeuralTextures,c23
FaceForensics++,FaceForensics++__NeuralTextures__564_971.mp4,data\raw\FaceForensics++_C23\NeuralTextures\564_971.mp4,1,NeuralTextures,c23
FaceForensics++,FaceForensics++__NeuralTextures__565_589.mp4,data\raw\FaceForensics++_C23\NeuralTextures\565_589.mp4,1,NeuralTextures,c23
FaceForensics++,FaceForensics++__NeuralTextures__567_606.mp4,data\raw\FaceForensics++_C23\NeuralTextures\567_606.mp4,1,NeuralTextures,c23
FaceForensics++,FaceForensics++__NeuralTextures__568_628.mp4,data\raw\FaceForensics++_C23\NeuralTextures\568_628.mp4,1,NeuralTextures,c23
FaceForensics++,FaceForensics++__NeuralTextures__569_921.mp4,data\raw\FaceForensics++_C23\NeuralTextures\569_921.mp4,1,NeuralTextures,c23
FaceForensics++,FaceForensics++__NeuralTextures__570_624.mp4,data\raw\FaceForensics++_C23\NeuralTextures\570_624.mp4,1,NeuralTextures,c23
FaceForensics++,FaceForensics++__NeuralTextures__572_554.mp4,data\raw\FaceForensics++_C23\NeuralTextures\572_554.mp4,1,NeuralTextures,c23
FaceForensics++,FaceForensics++__NeuralTextures__573_757.mp4,data\raw\FaceForensics++_C23\NeuralTextures\573_757.mp4,1,NeuralTextures,c23
FaceForensics++,FaceForensics++__NeuralTextures__574_547.mp4,data\raw\FaceForensics++_C23\NeuralTextures\574_547.mp4,1,NeuralTextures,c23
FaceForensics++,FaceForensics++__NeuralTextures__575_603.mp4,data\raw\FaceForensics++_C23\NeuralTextures\575_603.mp4,1,NeuralTextures,c23
FaceForensics++,FaceForensics++__NeuralTextures__576_155.mp4,data\raw\FaceForensics++_C23\NeuralTextures\576_155.mp4,1,NeuralTextures,c23
FaceForensics++,FaceForensics++__NeuralTextures__577_593.mp4,data\raw\FaceForensics++_C23\NeuralTextures\577_593.mp4,1,NeuralTextures,c23
FaceForensics++,FaceForensics++__NeuralTextures__579_701.mp4,data\raw\FaceForensics++_C23\NeuralTextures\579_701.mp4,1,NeuralTextures,c23
FaceForensics++,FaceForensics++__NeuralTextures__580_524.mp4,data\raw\FaceForensics++_C23\NeuralTextures\580_524.mp4,1,NeuralTextures,c23
FaceForensics++,FaceForensics++__NeuralTextures__581_697.mp4,data\raw\FaceForensics++_C23\NeuralTextures\581_697.mp4,1,NeuralTextures,c23
FaceForensics++,FaceForensics++__NeuralTextures__582_172.mp4,data\raw\FaceForensics++_C23\NeuralTextures\582_172.mp4,1,NeuralTextures,c23
FaceForensics++,FaceForensics++__NeuralTextures__583_558.mp4,data\raw\FaceForensics++_C23\NeuralTextures\583_558.mp4,1,NeuralTextures,c23
FaceForensics++,FaceForensics++__NeuralTextures__584_823.mp4,data\raw\FaceForensics++_C23\NeuralTextures\584_823.mp4,1,NeuralTextures,c23
FaceForensics++,FaceForensics++__NeuralTextures__585_599.mp4,data\raw\FaceForensics++_C23\NeuralTextures\585_599.mp4,1,NeuralTextures,c23
FaceForensics++,FaceForensics++__NeuralTextures__587_535.mp4,data\raw\FaceForensics++_C23\NeuralTextures\587_535.mp4,1,NeuralTextures,c23
FaceForensics++,FaceForensics++__NeuralTextures__588_556.mp4,data\raw\FaceForensics++_C23\NeuralTextures\588_556.mp4,1,NeuralTextures,c23
FaceForensics++,FaceForensics++__NeuralTextures__589_565.mp4,data\raw\FaceForensics++_C23\NeuralTextures\589_565.mp4,1,NeuralTextures,c23
FaceForensics++,FaceForensics++__NeuralTextures__590_034.mp4,data\raw\FaceForensics++_C23\NeuralTextures\590_034.mp4,1,NeuralTextures,c23
FaceForensics++,FaceForensics++__NeuralTextures__591_605.mp4,data\raw\FaceForensics++_C23\NeuralTextures\591_605.mp4,1,NeuralTextures,c23
FaceForensics++,FaceForensics++__NeuralTextures__592_500.mp4,data\raw\FaceForensics++_C23\NeuralTextures\592_500.mp4,1,NeuralTextures,c23
FaceForensics++,FaceForensics++__NeuralTextures__593_577.mp4,data\raw\FaceForensics++_C23\NeuralTextures\593_577.mp4,1,NeuralTextures,c23
FaceForensics++,FaceForensics++__NeuralTextures__595_597.mp4,data\raw\FaceForensics++_C23\NeuralTextures\595_597.mp4,1,NeuralTextures,c23
FaceForensics++,FaceForensics++__NeuralTextures__596_609.mp4,data\raw\FaceForensics++_C23\NeuralTextures\596_609.mp4,1,NeuralTextures,c23
FaceForensics++,FaceForensics++__NeuralTextures__599_585.mp4,data\raw\FaceForensics++_C23\NeuralTextures\599_585.mp4,1,NeuralTextures,c23
FaceForensics++,FaceForensics++__NeuralTextures__600_505.mp4,data\raw\FaceForensics++_C23\NeuralTextures\600_505.mp4,1,NeuralTextures,c23
FaceForensics++,FaceForensics++__NeuralTextures__601_653.mp4,data\raw\FaceForensics++_C23\NeuralTextures\601_653.mp4,1,NeuralTextures,c23
FaceForensics++,FaceForensics++__NeuralTextures__602_397.mp4,data\raw\FaceForensics++_C23\NeuralTextures\602_397.mp4,1,NeuralTextures,c23
FaceForensics++,FaceForensics++__NeuralTextures__603_575.mp4,data\raw\FaceForensics++_C23\NeuralTextures\603_575.mp4,1,NeuralTextures,c23
FaceForensics++,FaceForensics++__NeuralTextures__604_703.mp4,data\raw\FaceForensics++_C23\NeuralTextures\604_703.mp4,1,NeuralTextures,c23
FaceForensics++,FaceForensics++__NeuralTextures__605_591.mp4,data\raw\FaceForensics++_C23\NeuralTextures\605_591.mp4,1,NeuralTextures,c23
FaceForensics++,FaceForensics++__NeuralTextures__606_567.mp4,data\raw\FaceForensics++_C23\NeuralTextures\606_567.mp4,1,NeuralTextures,c23
FaceForensics++,FaceForensics++__NeuralTextures__607_683.mp4,data\raw\FaceForensics++_C23\NeuralTextures\607_683.mp4,1,NeuralTextures,c23
FaceForensics++,FaceForensics++__NeuralTextures__608_675.mp4,data\raw\FaceForensics++_C23\NeuralTextures\608_675.mp4,1,NeuralTextures,c23
FaceForensics++,FaceForensics++__NeuralTextures__609_596.mp4,data\raw\FaceForensics++_C23\NeuralTextures\609_596.mp4,1,NeuralTextures,c23
FaceForensics++,FaceForensics++__NeuralTextures__611_760.mp4,data\raw\FaceForensics++_C23\NeuralTextures\611_760.mp4,1,NeuralTextures,c23
FaceForensics++,FaceForensics++__NeuralTextures__613_685.mp4,data\raw\FaceForensics++_C23\NeuralTextures\613_685.mp4,1,NeuralTextures,c23
FaceForensics++,FaceForensics++__NeuralTextures__614_616.mp4,data\raw\FaceForensics++_C23\NeuralTextures\614_616.mp4,1,NeuralTextures,c23
FaceForensics++,FaceForensics++__NeuralTextures__615_687.mp4,data\raw\FaceForensics++_C23\NeuralTextures\615_687.mp4,1,NeuralTextures,c23
FaceForensics++,FaceForensics++__NeuralTextures__616_614.mp4,data\raw\FaceForensics++_C23\NeuralTextures\616_614.mp4,1,NeuralTextures,c23
FaceForensics++,FaceForensics++__NeuralTextures__617_566.mp4,data\raw\FaceForensics++_C23\NeuralTextures\617_566.mp4,1,NeuralTextures,c23
FaceForensics++,FaceForensics++__NeuralTextures__618_629.mp4,data\raw\FaceForensics++_C23\NeuralTextures\618_629.mp4,1,NeuralTextures,c23
FaceForensics++,FaceForensics++__NeuralTextures__619_620.mp4,data\raw\FaceForensics++_C23\NeuralTextures\619_620.mp4,1,NeuralTextures,c23
FaceForensics++,FaceForensics++__NeuralTextures__621_546.mp4,data\raw\FaceForensics++_C23\NeuralTextures\621_546.mp4,1,NeuralTextures,c23
FaceForensics++,FaceForensics++__NeuralTextures__622_647.mp4,data\raw\FaceForensics++_C23\NeuralTextures\622_647.mp4,1,NeuralTextures,c23
FaceForensics++,FaceForensics++__NeuralTextures__624_570.mp4,data\raw\FaceForensics++_C23\NeuralTextures\624_570.mp4,1,NeuralTextures,c23
FaceForensics++,FaceForensics++__NeuralTextures__625_650.mp4,data\raw\FaceForensics++_C23\NeuralTextures\625_650.mp4,1,NeuralTextures,c23
FaceForensics++,FaceForensics++__NeuralTextures__626_562.mp4,data\raw\FaceForensics++_C23\NeuralTextures\626_562.mp4,1,NeuralTextures,c23
FaceForensics++,FaceForensics++__NeuralTextures__627_658.mp4,data\raw\FaceForensics++_C23\NeuralTextures\627_658.mp4,1,NeuralTextures,c23
FaceForensics++,FaceForensics++__NeuralTextures__628_568.mp4,data\raw\FaceForensics++_C23\NeuralTextures\628_568.mp4,1,NeuralTextures,c23
FaceForensics++,FaceForensics++__NeuralTextures__629_618.mp4,data\raw\FaceForensics++_C23\NeuralTextures\629_618.mp4,1,NeuralTextures,c23
FaceForensics++,FaceForensics++__NeuralTextures__631_551.mp4,data\raw\FaceForensics++_C23\NeuralTextures\631_551.mp4,1,NeuralTextures,c23
FaceForensics++,FaceForensics++__NeuralTextures__632_548.mp4,data\raw\FaceForensics++_C23\NeuralTextures\632_548.mp4,1,NeuralTextures,c23
FaceForensics++,FaceForensics++__NeuralTextures__633_529.mp4,data\raw\FaceForensics++_C23\NeuralTextures\633_529.mp4,1,NeuralTextures,c23
FaceForensics++,FaceForensics++__NeuralTextures__634_660.mp4,data\raw\FaceForensics++_C23\NeuralTextures\634_660.mp4,1,NeuralTextures,c23
FaceForensics++,FaceForensics++__NeuralTextures__635_642.mp4,data\raw\FaceForensics++_C23\NeuralTextures\635_642.mp4,1,NeuralTextures,c23
FaceForensics++,FaceForensics++__NeuralTextures__637_427.mp4,data\raw\FaceForensics++_C23\NeuralTextures\637_427.mp4,1,NeuralTextures,c23
FaceForensics++,FaceForensics++__NeuralTextures__638_640.mp4,data\raw\FaceForensics++_C23\NeuralTextures\638_640.mp4,1,NeuralTextures,c23
FaceForensics++,FaceForensics++__NeuralTextures__639_841.mp4,data\raw\FaceForensics++_C23\NeuralTextures\639_841.mp4,1,NeuralTextures,c23
FaceForensics++,FaceForensics++__NeuralTextures__640_638.mp4,data\raw\FaceForensics++_C23\NeuralTextures\640_638.mp4,1,NeuralTextures,c23
FaceForensics++,FaceForensics++__NeuralTextures__641_662.mp4,data\raw\FaceForensics++_C23\NeuralTextures\641_662.mp4,1,NeuralTextures,c23
FaceForensics++,FaceForensics++__NeuralTextures__642_635.mp4,data\raw\FaceForensics++_C23\NeuralTextures\642_635.mp4,1,NeuralTextures,c23
FaceForensics++,FaceForensics++__NeuralTextures__643_646.mp4,data\raw\FaceForensics++_C23\NeuralTextures\643_646.mp4,1,NeuralTextures,c23
FaceForensics++,FaceForensics++__NeuralTextures__644_657.mp4,data\raw\FaceForensics++_C23\NeuralTextures\644_657.mp4,1,NeuralTextures,c23
FaceForensics++,FaceForensics++__NeuralTextures__645_688.mp4,data\raw\FaceForensics++_C23\NeuralTextures\645_688.mp4,1,NeuralTextures,c23
FaceForensics++,FaceForensics++__NeuralTextures__648_654.mp4,data\raw\FaceForensics++_C23\NeuralTextures\648_654.mp4,1,NeuralTextures,c23
FaceForensics++,FaceForensics++__NeuralTextures__649_816.mp4,data\raw\FaceForensics++_C23\NeuralTextures\649_816.mp4,1,NeuralTextures,c23
FaceForensics++,FaceForensics++__NeuralTextures__650_625.mp4,data\raw\FaceForensics++_C23\NeuralTextures\650_625.mp4,1,NeuralTextures,c23
FaceForensics++,FaceForensics++__NeuralTextures__651_835.mp4,data\raw\FaceForensics++_C23\NeuralTextures\651_835.mp4,1,NeuralTextures,c23
FaceForensics++,FaceForensics++__NeuralTextures__652_773.mp4,data\raw\FaceForensics++_C23\NeuralTextures\652_773.mp4,1,NeuralTextures,c23
FaceForensics++,FaceForensics++__NeuralTextures__653_601.mp4,data\raw\FaceForensics++_C23\NeuralTextures\653_601.mp4,1,NeuralTextures,c23
FaceForensics++,FaceForensics++__NeuralTextures__654_648.mp4,data\raw\FaceForensics++_C23\NeuralTextures\654_648.mp4,1,NeuralTextures,c23
FaceForensics++,FaceForensics++__NeuralTextures__655_444.mp4,data\raw\FaceForensics++_C23\NeuralTextures\655_444.mp4,1,NeuralTextures,c23
FaceForensics++,FaceForensics++__NeuralTextures__656_666.mp4,data\raw\FaceForensics++_C23\NeuralTextures\656_666.mp4,1,NeuralTextures,c23
FaceForensics++,FaceForensics++__NeuralTextures__657_644.mp4,data\raw\FaceForensics++_C23\NeuralTextures\657_644.mp4,1,NeuralTextures,c23
FaceForensics++,FaceForensics++__NeuralTextures__659_749.mp4,data\raw\FaceForensics++_C23\NeuralTextures\659_749.mp4,1,NeuralTextures,c23
FaceForensics++,FaceForensics++__NeuralTextures__660_634.mp4,data\raw\FaceForensics++_C23\NeuralTextures\660_634.mp4,1,NeuralTextures,c23
FaceForensics++,FaceForensics++__NeuralTextures__661_670.mp4,data\raw\FaceForensics++_C23\NeuralTextures\661_670.mp4,1,NeuralTextures,c23
FaceForensics++,FaceForensics++__NeuralTextures__663_231.mp4,data\raw\FaceForensics++_C23\NeuralTextures\663_231.mp4,1,NeuralTextures,c23
FaceForensics++,FaceForensics++__NeuralTextures__664_668.mp4,data\raw\FaceForensics++_C23\NeuralTextures\664_668.mp4,1,NeuralTextures,c23
FaceForensics++,FaceForensics++__NeuralTextures__665_679.mp4,data\raw\FaceForensics++_C23\NeuralTextures\665_679.mp4,1,NeuralTextures,c23
FaceForensics++,FaceForensics++__NeuralTextures__667_446.mp4,data\raw\FaceForensics++_C23\NeuralTextures\667_446.mp4,1,NeuralTextures,c23
FaceForensics++,FaceForensics++__NeuralTextures__669_682.mp4,data\raw\FaceForensics++_C23\NeuralTextures\669_682.mp4,1,NeuralTextures,c23
FaceForensics++,FaceForensics++__NeuralTextures__670_661.mp4,data\raw\FaceForensics++_C23\NeuralTextures\670_661.mp4,1,NeuralTextures,c23
FaceForensics++,FaceForensics++__NeuralTextures__671_677.mp4,data\raw\FaceForensics++_C23\NeuralTextures\671_677.mp4,1,NeuralTextures,c23
FaceForensics++,FaceForensics++__NeuralTextures__672_720.mp4,data\raw\FaceForensics++_C23\NeuralTextures\672_720.mp4,1,NeuralTextures,c23
FaceForensics++,FaceForensics++__NeuralTextures__673_728.mp4,data\raw\FaceForensics++_C23\NeuralTextures\673_728.mp4,1,NeuralTextures,c23
FaceForensics++,FaceForensics++__NeuralTextures__674_744.mp4,data\raw\FaceForensics++_C23\NeuralTextures\674_744.mp4,1,NeuralTextures,c23
FaceForensics++,FaceForensics++__NeuralTextures__675_608.mp4,data\raw\FaceForensics++_C23\NeuralTextures\675_608.mp4,1,NeuralTextures,c23
FaceForensics++,FaceForensics++__NeuralTextures__676_776.mp4,data\raw\FaceForensics++_C23\NeuralTextures\676_776.mp4,1,NeuralTextures,c23
FaceForensics++,FaceForensics++__NeuralTextures__678_460.mp4,data\raw\FaceForensics++_C23\NeuralTextures\678_460.mp4,1,NeuralTextures,c23
FaceForensics++,FaceForensics++__NeuralTextures__679_665.mp4,data\raw\FaceForensics++_C23\NeuralTextures\679_665.mp4,1,NeuralTextures,c23
FaceForensics++,FaceForensics++__NeuralTextures__680_486.mp4,data\raw\FaceForensics++_C23\NeuralTextures\680_486.mp4,1,NeuralTextures,c23
FaceForensics++,FaceForensics++__NeuralTextures__681_711.mp4,data\raw\FaceForensics++_C23\NeuralTextures\681_711.mp4,1,NeuralTextures,c23
FaceForensics++,FaceForensics++__NeuralTextures__682_669.mp4,data\raw\FaceForensics++_C23\NeuralTextures\682_669.mp4,1,NeuralTextures,c23
FaceForensics++,FaceForensics++__NeuralTextures__683_607.mp4,data\raw\FaceForensics++_C23\NeuralTextures\683_607.mp4,1,NeuralTextures,c23
FaceForensics++,FaceForensics++__NeuralTextures__686_696.mp4,data\raw\FaceForensics++_C23\NeuralTextures\686_696.mp4,1,NeuralTextures,c23
FaceForensics++,FaceForensics++__NeuralTextures__687_615.mp4,data\raw\FaceForensics++_C23\NeuralTextures\687_615.mp4,1,NeuralTextures,c23
FaceForensics++,FaceForensics++__NeuralTextures__688_645.mp4,data\raw\FaceForensics++_C23\NeuralTextures\688_645.mp4,1,NeuralTextures,c23
FaceForensics++,FaceForensics++__NeuralTextures__689_690.mp4,data\raw\FaceForensics++_C23\NeuralTextures\689_690.mp4,1,NeuralTextures,c23
FaceForensics++,FaceForensics++__NeuralTextures__690_689.mp4,data\raw\FaceForensics++_C23\NeuralTextures\690_689.mp4,1,NeuralTextures,c23
FaceForensics++,FaceForensics++__NeuralTextures__691_732.mp4,data\raw\FaceForensics++_C23\NeuralTextures\691_732.mp4,1,NeuralTextures,c23
FaceForensics++,FaceForensics++__NeuralTextures__692_610.mp4,data\raw\FaceForensics++_C23\NeuralTextures\692_610.mp4,1,NeuralTextures,c23
FaceForensics++,FaceForensics++__NeuralTextures__693_698.mp4,data\raw\FaceForensics++_C23\NeuralTextures\693_698.mp4,1,NeuralTextures,c23
FaceForensics++,FaceForensics++__NeuralTextures__694_767.mp4,data\raw\FaceForensics++_C23\NeuralTextures\694_767.mp4,1,NeuralTextures,c23
FaceForensics++,FaceForensics++__NeuralTextures__695_422.mp4,data\raw\FaceForensics++_C23\NeuralTextures\695_422.mp4,1,NeuralTextures,c23
FaceForensics++,FaceForensics++__NeuralTextures__696_686.mp4,data\raw\FaceForensics++_C23\NeuralTextures\696_686.mp4,1,NeuralTextures,c23
FaceForensics++,FaceForensics++__NeuralTextures__697_581.mp4,data\raw\FaceForensics++_C23\NeuralTextures\697_581.mp4,1,NeuralTextures,c23
FaceForensics++,FaceForensics++__NeuralTextures__698_693.mp4,data\raw\FaceForensics++_C23\NeuralTextures\698_693.mp4,1,NeuralTextures,c23
FaceForensics++,FaceForensics++__NeuralTextures__699_734.mp4,data\raw\FaceForensics++_C23\NeuralTextures\699_734.mp4,1,NeuralTextures,c23
FaceForensics++,FaceForensics++__NeuralTextures__700_813.mp4,data\raw\FaceForensics++_C23\NeuralTextures\700_813.mp4,1,NeuralTextures,c23
FaceForensics++,FaceForensics++__NeuralTextures__701_579.mp4,data\raw\FaceForensics++_C23\NeuralTextures\701_579.mp4,1,NeuralTextures,c23
FaceForensics++,FaceForensics++__NeuralTextures__703_604.mp4,data\raw\FaceForensics++_C23\NeuralTextures\703_604.mp4,1,NeuralTextures,c23
FaceForensics++,FaceForensics++__NeuralTextures__704_723.mp4,data\raw\FaceForensics++_C23\NeuralTextures\704_723.mp4,1,NeuralTextures,c23
FaceForensics++,FaceForensics++__NeuralTextures__705_707.mp4,data\raw\FaceForensics++_C23\NeuralTextures\705_707.mp4,1,NeuralTextures,c23
FaceForensics++,FaceForensics++__NeuralTextures__706_479.mp4,data\raw\FaceForensics++_C23\NeuralTextures\706_479.mp4,1,NeuralTextures,c23
FaceForensics++,FaceForensics++__NeuralTextures__707_705.mp4,data\raw\FaceForensics++_C23\NeuralTextures\707_705.mp4,1,NeuralTextures,c23
FaceForensics++,FaceForensics++__NeuralTextures__709_390.mp4,data\raw\FaceForensics++_C23\NeuralTextures\709_390.mp4,1,NeuralTextures,c23
FaceForensics++,FaceForensics++__NeuralTextures__710_788.mp4,data\raw\FaceForensics++_C23\NeuralTextures\710_788.mp4,1,NeuralTextures,c23
FaceForensics++,FaceForensics++__NeuralTextures__711_681.mp4,data\raw\FaceForensics++_C23\NeuralTextures\711_681.mp4,1,NeuralTextures,c23
FaceForensics++,FaceForensics++__NeuralTextures__713_726.mp4,data\raw\FaceForensics++_C23\NeuralTextures\713_726.mp4,1,NeuralTextures,c23
FaceForensics++,FaceForensics++__NeuralTextures__714_842.mp4,data\raw\FaceForensics++_C23\NeuralTextures\714_842.mp4,1,NeuralTextures,c23
FaceForensics++,FaceForensics++__NeuralTextures__717_684.mp4,data\raw\FaceForensics++_C23\NeuralTextures\717_684.mp4,1,NeuralTextures,c23
FaceForensics++,FaceForensics++__NeuralTextures__718_972.mp4,data\raw\FaceForensics++_C23\NeuralTextures\718_972.mp4,1,NeuralTextures,c23
FaceForensics++,FaceForensics++__NeuralTextures__719_737.mp4,data\raw\FaceForensics++_C23\NeuralTextures\719_737.mp4,1,NeuralTextures,c23
FaceForensics++,FaceForensics++__NeuralTextures__721_715.mp4,data\raw\FaceForensics++_C23\NeuralTextures\721_715.mp4,1,NeuralTextures,c23
FaceForensics++,FaceForensics++__NeuralTextures__722_458.mp4,data\raw\FaceForensics++_C23\NeuralTextures\722_458.mp4,1,NeuralTextures,c23
FaceForensics++,FaceForensics++__NeuralTextures__724_725.mp4,data\raw\FaceForensics++_C23\NeuralTextures\724_725.mp4,1,NeuralTextures,c23
FaceForensics++,FaceForensics++__NeuralTextures__725_724.mp4,data\raw\FaceForensics++_C23\NeuralTextures\725_724.mp4,1,NeuralTextures,c23
FaceForensics++,FaceForensics++__NeuralTextures__727_729.mp4,data\raw\FaceForensics++_C23\NeuralTextures\727_729.mp4,1,NeuralTextures,c23
FaceForensics++,FaceForensics++__NeuralTextures__728_673.mp4,data\raw\FaceForensics++_C23\NeuralTextures\728_673.mp4,1,NeuralTextures,c23
FaceForensics++,FaceForensics++__NeuralTextures__730_815.mp4,data\raw\FaceForensics++_C23\NeuralTextures\730_815.mp4,1,NeuralTextures,c23
FaceForensics++,FaceForensics++__NeuralTextures__731_741.mp4,data\raw\FaceForensics++_C23\NeuralTextures\731_741.mp4,1,NeuralTextures,c23
FaceForensics++,FaceForensics++__NeuralTextures__732_691.mp4,data\raw\FaceForensics++_C23\NeuralTextures\732_691.mp4,1,NeuralTextures,c23
FaceForensics++,FaceForensics++__NeuralTextures__733_935.mp4,data\raw\FaceForensics++_C23\NeuralTextures\733_935.mp4,1,NeuralTextures,c23
FaceForensics++,FaceForensics++__NeuralTextures__734_699.mp4,data\raw\FaceForensics++_C23\NeuralTextures\734_699.mp4,1,NeuralTextures,c23
FaceForensics++,FaceForensics++__NeuralTextures__735_774.mp4,data\raw\FaceForensics++_C23\NeuralTextures\735_774.mp4,1,NeuralTextures,c23
FaceForensics++,FaceForensics++__NeuralTextures__736_785.mp4,data\raw\FaceForensics++_C23\NeuralTextures\736_785.mp4,1,NeuralTextures,c23
FaceForensics++,FaceForensics++__NeuralTextures__737_719.mp4,data\raw\FaceForensics++_C23\NeuralTextures\737_719.mp4,1,NeuralTextures,c23
FaceForensics++,FaceForensics++__NeuralTextures__738_804.mp4,data\raw\FaceForensics++_C23\NeuralTextures\738_804.mp4,1,NeuralTextures,c23
FaceForensics++,FaceForensics++__NeuralTextures__739_865.mp4,data\raw\FaceForensics++_C23\NeuralTextures\739_865.mp4,1,NeuralTextures,c23
FaceForensics++,FaceForensics++__NeuralTextures__741_731.mp4,data\raw\FaceForensics++_C23\NeuralTextures\741_731.mp4,1,NeuralTextures,c23
FaceForensics++,FaceForensics++__NeuralTextures__743_750.mp4,data\raw\FaceForensics++_C23\NeuralTextures\743_750.mp4,1,NeuralTextures,c23
FaceForensics++,FaceForensics++__NeuralTextures__745_777.mp4,data\raw\FaceForensics++_C23\NeuralTextures\745_777.mp4,1,NeuralTextures,c23
FaceForensics++,FaceForensics++__NeuralTextures__746_571.mp4,data\raw\FaceForensics++_C23\NeuralTextures\746_571.mp4,1,NeuralTextures,c23
FaceForensics++,FaceForensics++__NeuralTextures__747_854.mp4,data\raw\FaceForensics++_C23\NeuralTextures\747_854.mp4,1,NeuralTextures,c23
FaceForensics++,FaceForensics++__NeuralTextures__748_355.mp4,data\raw\FaceForensics++_C23\NeuralTextures\748_355.mp4,1,NeuralTextures,c23
FaceForensics++,FaceForensics++__NeuralTextures__749_659.mp4,data\raw\FaceForensics++_C23\NeuralTextures\749_659.mp4,1,NeuralTextures,c23
FaceForensics++,FaceForensics++__NeuralTextures__752_751.mp4,data\raw\FaceForensics++_C23\NeuralTextures\752_751.mp4,1,NeuralTextures,c23
FaceForensics++,FaceForensics++__NeuralTextures__753_789.mp4,data\raw\FaceForensics++_C23\NeuralTextures\753_789.mp4,1,NeuralTextures,c23
FaceForensics++,FaceForensics++__NeuralTextures__754_758.mp4,data\raw\FaceForensics++_C23\NeuralTextures\754_758.mp4,1,NeuralTextures,c23
FaceForensics++,FaceForensics++__NeuralTextures__755_759.mp4,data\raw\FaceForensics++_C23\NeuralTextures\755_759.mp4,1,NeuralTextures,c23
FaceForensics++,FaceForensics++__NeuralTextures__757_573.mp4,data\raw\FaceForensics++_C23\NeuralTextures\757_573.mp4,1,NeuralTextures,c23
FaceForensics++,FaceForensics++__NeuralTextures__758_754.mp4,data\raw\FaceForensics++_C23\NeuralTextures\758_754.mp4,1,NeuralTextures,c23
FaceForensics++,FaceForensics++__NeuralTextures__759_755.mp4,data\raw\FaceForensics++_C23\NeuralTextures\759_755.mp4,1,NeuralTextures,c23
FaceForensics++,FaceForensics++__NeuralTextures__760_611.mp4,data\raw\FaceForensics++_C23\NeuralTextures\760_611.mp4,1,NeuralTextures,c23
FaceForensics++,FaceForensics++__NeuralTextures__761_766.mp4,data\raw\FaceForensics++_C23\NeuralTextures\761_766.mp4,1,NeuralTextures,c23
FaceForensics++,FaceForensics++__NeuralTextures__762_832.mp4,data\raw\FaceForensics++_C23\NeuralTextures\762_832.mp4,1,NeuralTextures,c23
FaceForensics++,FaceForensics++__NeuralTextures__763_930.mp4,data\raw\FaceForensics++_C23\NeuralTextures\763_930.mp4,1,NeuralTextures,c23
FaceForensics++,FaceForensics++__NeuralTextures__765_867.mp4,data\raw\FaceForensics++_C23\NeuralTextures\765_867.mp4,1,NeuralTextures,c23
FaceForensics++,FaceForensics++__NeuralTextures__766_761.mp4,data\raw\FaceForensics++_C23\NeuralTextures\766_761.mp4,1,NeuralTextures,c23
FaceForensics++,FaceForensics++__NeuralTextures__767_694.mp4,data\raw\FaceForensics++_C23\NeuralTextures\767_694.mp4,1,NeuralTextures,c23
FaceForensics++,FaceForensics++__NeuralTextures__768_793.mp4,data\raw\FaceForensics++_C23\NeuralTextures\768_793.mp4,1,NeuralTextures,c23
FaceForensics++,FaceForensics++__NeuralTextures__769_784.mp4,data\raw\FaceForensics++_C23\NeuralTextures\769_784.mp4,1,NeuralTextures,c23
FaceForensics++,FaceForensics++__NeuralTextures__770_791.mp4,data\raw\FaceForensics++_C23\NeuralTextures\770_791.mp4,1,NeuralTextures,c23
FaceForensics++,FaceForensics++__NeuralTextures__772_708.mp4,data\raw\FaceForensics++_C23\NeuralTextures\772_708.mp4,1,NeuralTextures,c23
FaceForensics++,FaceForensics++__NeuralTextures__773_652.mp4,data\raw\FaceForensics++_C23\NeuralTextures\773_652.mp4,1,NeuralTextures,c23
FaceForensics++,FaceForensics++__NeuralTextures__774_735.mp4,data\raw\FaceForensics++_C23\NeuralTextures\774_735.mp4,1,NeuralTextures,c23
FaceForensics++,FaceForensics++__NeuralTextures__775_742.mp4,data\raw\FaceForensics++_C23\NeuralTextures\775_742.mp4,1,NeuralTextures,c23
FaceForensics++,FaceForensics++__NeuralTextures__776_676.mp4,data\raw\FaceForensics++_C23\NeuralTextures\776_676.mp4,1,NeuralTextures,c23
FaceForensics++,FaceForensics++__NeuralTextures__778_798.mp4,data\raw\FaceForensics++_C23\NeuralTextures\778_798.mp4,1,NeuralTextures,c23
FaceForensics++,FaceForensics++__NeuralTextures__779_794.mp4,data\raw\FaceForensics++_C23\NeuralTextures\779_794.mp4,1,NeuralTextures,c23
FaceForensics++,FaceForensics++__NeuralTextures__782_787.mp4,data\raw\FaceForensics++_C23\NeuralTextures\782_787.mp4,1,NeuralTextures,c23
FaceForensics++,FaceForensics++__NeuralTextures__783_916.mp4,data\raw\FaceForensics++_C23\NeuralTextures\783_916.mp4,1,NeuralTextures,c23
FaceForensics++,FaceForensics++__NeuralTextures__786_819.mp4,data\raw\FaceForensics++_C23\NeuralTextures\786_819.mp4,1,NeuralTextures,c23
FaceForensics++,FaceForensics++__NeuralTextures__787_782.mp4,data\raw\FaceForensics++_C23\NeuralTextures\787_782.mp4,1,NeuralTextures,c23
FaceForensics++,FaceForensics++__NeuralTextures__789_753.mp4,data\raw\FaceForensics++_C23\NeuralTextures\789_753.mp4,1,NeuralTextures,c23
FaceForensics++,FaceForensics++__NeuralTextures__790_014.mp4,data\raw\FaceForensics++_C23\NeuralTextures\790_014.mp4,1,NeuralTextures,c23
FaceForensics++,FaceForensics++__NeuralTextures__791_770.mp4,data\raw\FaceForensics++_C23\NeuralTextures\791_770.mp4,1,NeuralTextures,c23
FaceForensics++,FaceForensics++__NeuralTextures__792_903.mp4,data\raw\FaceForensics++_C23\NeuralTextures\792_903.mp4,1,NeuralTextures,c23
FaceForensics++,FaceForensics++__NeuralTextures__793_768.mp4,data\raw\FaceForensics++_C23\NeuralTextures\793_768.mp4,1,NeuralTextures,c23
FaceForensics++,FaceForensics++__NeuralTextures__794_779.mp4,data\raw\FaceForensics++_C23\NeuralTextures\794_779.mp4,1,NeuralTextures,c23
FaceForensics++,FaceForensics++__NeuralTextures__796_740.mp4,data\raw\FaceForensics++_C23\NeuralTextures\796_740.mp4,1,NeuralTextures,c23
FaceForensics++,FaceForensics++__NeuralTextures__797_844.mp4,data\raw\FaceForensics++_C23\NeuralTextures\797_844.mp4,1,NeuralTextures,c23
FaceForensics++,FaceForensics++__NeuralTextures__798_778.mp4,data\raw\FaceForensics++_C23\NeuralTextures\798_778.mp4,1,NeuralTextures,c23
FaceForensics++,FaceForensics++__NeuralTextures__799_809.mp4,data\raw\FaceForensics++_C23\NeuralTextures\799_809.mp4,1,NeuralTextures,c23
FaceForensics++,FaceForensics++__NeuralTextures__800_840.mp4,data\raw\FaceForensics++_C23\NeuralTextures\800_840.mp4,1,NeuralTextures,c23
FaceForensics++,FaceForensics++__NeuralTextures__801_855.mp4,data\raw\FaceForensics++_C23\NeuralTextures\801_855.mp4,1,NeuralTextures,c23
FaceForensics++,FaceForensics++__NeuralTextures__802_885.mp4,data\raw\FaceForensics++_C23\NeuralTextures\802_885.mp4,1,NeuralTextures,c23
FaceForensics++,FaceForensics++__NeuralTextures__803_017.mp4,data\raw\FaceForensics++_C23\NeuralTextures\803_017.mp4,1,NeuralTextures,c23
FaceForensics++,FaceForensics++__NeuralTextures__804_738.mp4,data\raw\FaceForensics++_C23\NeuralTextures\804_738.mp4,1,NeuralTextures,c23
FaceForensics++,FaceForensics++__NeuralTextures__805_011.mp4,data\raw\FaceForensics++_C23\NeuralTextures\805_011.mp4,1,NeuralTextures,c23
FaceForensics++,FaceForensics++__NeuralTextures__806_781.mp4,data\raw\FaceForensics++_C23\NeuralTextures\806_781.mp4,1,NeuralTextures,c23
FaceForensics++,FaceForensics++__NeuralTextures__807_273.mp4,data\raw\FaceForensics++_C23\NeuralTextures\807_273.mp4,1,NeuralTextures,c23
FaceForensics++,FaceForensics++__NeuralTextures__810_838.mp4,data\raw\FaceForensics++_C23\NeuralTextures\810_838.mp4,1,NeuralTextures,c23
FaceForensics++,FaceForensics++__NeuralTextures__811_920.mp4,data\raw\FaceForensics++_C23\NeuralTextures\811_920.mp4,1,NeuralTextures,c23
FaceForensics++,FaceForensics++__NeuralTextures__812_821.mp4,data\raw\FaceForensics++_C23\NeuralTextures\812_821.mp4,1,NeuralTextures,c23
FaceForensics++,FaceForensics++__NeuralTextures__814_871.mp4,data\raw\FaceForensics++_C23\NeuralTextures\814_871.mp4,1,NeuralTextures,c23
FaceForensics++,FaceForensics++__NeuralTextures__815_730.mp4,data\raw\FaceForensics++_C23\NeuralTextures\815_730.mp4,1,NeuralTextures,c23
FaceForensics++,FaceForensics++__NeuralTextures__816_649.mp4,data\raw\FaceForensics++_C23\NeuralTextures\816_649.mp4,1,NeuralTextures,c23
FaceForensics++,FaceForensics++__NeuralTextures__817_827.mp4,data\raw\FaceForensics++_C23\NeuralTextures\817_827.mp4,1,NeuralTextures,c23
FaceForensics++,FaceForensics++__NeuralTextures__818_820.mp4,data\raw\FaceForensics++_C23\NeuralTextures\818_820.mp4,1,NeuralTextures,c23
FaceForensics++,FaceForensics++__NeuralTextures__822_244.mp4,data\raw\FaceForensics++_C23\NeuralTextures\822_244.mp4,1,NeuralTextures,c23
FaceForensics++,FaceForensics++__NeuralTextures__823_584.mp4,data\raw\FaceForensics++_C23\NeuralTextures\823_584.mp4,1,NeuralTextures,c23
FaceForensics++,FaceForensics++__NeuralTextures__824_419.mp4,data\raw\FaceForensics++_C23\NeuralTextures\824_419.mp4,1,NeuralTextures,c23
FaceForensics++,FaceForensics++__NeuralTextures__825_074.mp4,data\raw\FaceForensics++_C23\NeuralTextures\825_074.mp4,1,NeuralTextures,c23
FaceForensics++,FaceForensics++__NeuralTextures__826_833.mp4,data\raw\FaceForensics++_C23\NeuralTextures\826_833.mp4,1,NeuralTextures,c23
FaceForensics++,FaceForensics++__NeuralTextures__828_830.mp4,data\raw\FaceForensics++_C23\NeuralTextures\828_830.mp4,1,NeuralTextures,c23
FaceForensics++,FaceForensics++__NeuralTextures__830_828.mp4,data\raw\FaceForensics++_C23\NeuralTextures\830_828.mp4,1,NeuralTextures,c23
FaceForensics++,FaceForensics++__NeuralTextures__832_762.mp4,data\raw\FaceForensics++_C23\NeuralTextures\832_762.mp4,1,NeuralTextures,c23
FaceForensics++,FaceForensics++__NeuralTextures__833_826.mp4,data\raw\FaceForensics++_C23\NeuralTextures\833_826.mp4,1,NeuralTextures,c23
FaceForensics++,FaceForensics++__NeuralTextures__835_651.mp4,data\raw\FaceForensics++_C23\NeuralTextures\835_651.mp4,1,NeuralTextures,c23
FaceForensics++,FaceForensics++__NeuralTextures__836_950.mp4,data\raw\FaceForensics++_C23\NeuralTextures\836_950.mp4,1,NeuralTextures,c23
FaceForensics++,FaceForensics++__NeuralTextures__838_810.mp4,data\raw\FaceForensics++_C23\NeuralTextures\838_810.mp4,1,NeuralTextures,c23
FaceForensics++,FaceForensics++__NeuralTextures__839_864.mp4,data\raw\FaceForensics++_C23\NeuralTextures\839_864.mp4,1,NeuralTextures,c23
FaceForensics++,FaceForensics++__NeuralTextures__840_800.mp4,data\raw\FaceForensics++_C23\NeuralTextures\840_800.mp4,1,NeuralTextures,c23
FaceForensics++,FaceForensics++__NeuralTextures__841_639.mp4,data\raw\FaceForensics++_C23\NeuralTextures\841_639.mp4,1,NeuralTextures,c23
FaceForensics++,FaceForensics++__NeuralTextures__842_714.mp4,data\raw\FaceForensics++_C23\NeuralTextures\842_714.mp4,1,NeuralTextures,c23
FaceForensics++,FaceForensics++__NeuralTextures__843_859.mp4,data\raw\FaceForensics++_C23\NeuralTextures\843_859.mp4,1,NeuralTextures,c23
FaceForensics++,FaceForensics++__NeuralTextures__844_797.mp4,data\raw\FaceForensics++_C23\NeuralTextures\844_797.mp4,1,NeuralTextures,c23
FaceForensics++,FaceForensics++__NeuralTextures__845_846.mp4,data\raw\FaceForensics++_C23\NeuralTextures\845_846.mp4,1,NeuralTextures,c23
FaceForensics++,FaceForensics++__NeuralTextures__846_845.mp4,data\raw\FaceForensics++_C23\NeuralTextures\846_845.mp4,1,NeuralTextures,c23
FaceForensics++,FaceForensics++__NeuralTextures__847_906.mp4,data\raw\FaceForensics++_C23\NeuralTextures\847_906.mp4,1,NeuralTextures,c23
FaceForensics++,FaceForensics++__NeuralTextures__849_771.mp4,data\raw\FaceForensics++_C23\NeuralTextures\849_771.mp4,1,NeuralTextures,c23
FaceForensics++,FaceForensics++__NeuralTextures__851_552.mp4,data\raw\FaceForensics++_C23\NeuralTextures\851_552.mp4,1,NeuralTextures,c23
FaceForensics++,FaceForensics++__NeuralTextures__852_834.mp4,data\raw\FaceForensics++_C23\NeuralTextures\852_834.mp4,1,NeuralTextures,c23
FaceForensics++,FaceForensics++__NeuralTextures__854_747.mp4,data\raw\FaceForensics++_C23\NeuralTextures\854_747.mp4,1,NeuralTextures,c23
FaceForensics++,FaceForensics++__NeuralTextures__855_801.mp4,data\raw\FaceForensics++_C23\NeuralTextures\855_801.mp4,1,NeuralTextures,c23
FaceForensics++,FaceForensics++__NeuralTextures__856_881.mp4,data\raw\FaceForensics++_C23\NeuralTextures\856_881.mp4,1,NeuralTextures,c23
FaceForensics++,FaceForensics++__NeuralTextures__857_909.mp4,data\raw\FaceForensics++_C23\NeuralTextures\857_909.mp4,1,NeuralTextures,c23
FaceForensics++,FaceForensics++__NeuralTextures__858_861.mp4,data\raw\FaceForensics++_C23\NeuralTextures\858_861.mp4,1,NeuralTextures,c23
FaceForensics++,FaceForensics++__NeuralTextures__859_843.mp4,data\raw\FaceForensics++_C23\NeuralTextures\859_843.mp4,1,NeuralTextures,c23
FaceForensics++,FaceForensics++__NeuralTextures__860_905.mp4,data\raw\FaceForensics++_C23\NeuralTextures\860_905.mp4,1,NeuralTextures,c23
FaceForensics++,FaceForensics++__NeuralTextures__861_858.mp4,data\raw\FaceForensics++_C23\NeuralTextures\861_858.mp4,1,NeuralTextures,c23
FaceForensics++,FaceForensics++__NeuralTextures__862_047.mp4,data\raw\FaceForensics++_C23\NeuralTextures\862_047.mp4,1,NeuralTextures,c23
FaceForensics++,FaceForensics++__NeuralTextures__863_853.mp4,data\raw\FaceForensics++_C23\NeuralTextures\863_853.mp4,1,NeuralTextures,c23
FaceForensics++,FaceForensics++__NeuralTextures__865_739.mp4,data\raw\FaceForensics++_C23\NeuralTextures\865_739.mp4,1,NeuralTextures,c23
FaceForensics++,FaceForensics++__NeuralTextures__866_878.mp4,data\raw\FaceForensics++_C23\NeuralTextures\866_878.mp4,1,NeuralTextures,c23
FaceForensics++,FaceForensics++__NeuralTextures__867_765.mp4,data\raw\FaceForensics++_C23\NeuralTextures\867_765.mp4,1,NeuralTextures,c23
FaceForensics++,FaceForensics++__NeuralTextures__868_949.mp4,data\raw\FaceForensics++_C23\NeuralTextures\868_949.mp4,1,NeuralTextures,c23
FaceForensics++,FaceForensics++__NeuralTextures__869_780.mp4,data\raw\FaceForensics++_C23\NeuralTextures\869_780.mp4,1,NeuralTextures,c23
FaceForensics++,FaceForensics++__NeuralTextures__871_814.mp4,data\raw\FaceForensics++_C23\NeuralTextures\871_814.mp4,1,NeuralTextures,c23
FaceForensics++,FaceForensics++__NeuralTextures__872_873.mp4,data\raw\FaceForensics++_C23\NeuralTextures\872_873.mp4,1,NeuralTextures,c23
FaceForensics++,FaceForensics++__NeuralTextures__873_872.mp4,data\raw\FaceForensics++_C23\NeuralTextures\873_872.mp4,1,NeuralTextures,c23
FaceForensics++,FaceForensics++__NeuralTextures__875_979.mp4,data\raw\FaceForensics++_C23\NeuralTextures\875_979.mp4,1,NeuralTextures,c23
FaceForensics++,FaceForensics++__NeuralTextures__876_891.mp4,data\raw\FaceForensics++_C23\NeuralTextures\876_891.mp4,1,NeuralTextures,c23
FaceForensics++,FaceForensics++__NeuralTextures__878_866.mp4,data\raw\FaceForensics++_C23\NeuralTextures\878_866.mp4,1,NeuralTextures,c23
FaceForensics++,FaceForensics++__NeuralTextures__879_963.mp4,data\raw\FaceForensics++_C23\NeuralTextures\879_963.mp4,1,NeuralTextures,c23
FaceForensics++,FaceForensics++__NeuralTextures__880_135.mp4,data\raw\FaceForensics++_C23\NeuralTextures\880_135.mp4,1,NeuralTextures,c23
FaceForensics++,FaceForensics++__NeuralTextures__882_952.mp4,data\raw\FaceForensics++_C23\NeuralTextures\882_952.mp4,1,NeuralTextures,c23
FaceForensics++,FaceForensics++__NeuralTextures__884_968.mp4,data\raw\FaceForensics++_C23\NeuralTextures\884_968.mp4,1,NeuralTextures,c23
FaceForensics++,FaceForensics++__NeuralTextures__886_877.mp4,data\raw\FaceForensics++_C23\NeuralTextures\886_877.mp4,1,NeuralTextures,c23
FaceForensics++,FaceForensics++__NeuralTextures__889_045.mp4,data\raw\FaceForensics++_C23\NeuralTextures\889_045.mp4,1,NeuralTextures,c23
FaceForensics++,FaceForensics++__NeuralTextures__890_837.mp4,data\raw\FaceForensics++_C23\NeuralTextures\890_837.mp4,1,NeuralTextures,c23
FaceForensics++,FaceForensics++__NeuralTextures__891_876.mp4,data\raw\FaceForensics++_C23\NeuralTextures\891_876.mp4,1,NeuralTextures,c23
FaceForensics++,FaceForensics++__NeuralTextures__892_112.mp4,data\raw\FaceForensics++_C23\NeuralTextures\892_112.mp4,1,NeuralTextures,c23
FaceForensics++,FaceForensics++__NeuralTextures__893_913.mp4,data\raw\FaceForensics++_C23\NeuralTextures\893_913.mp4,1,NeuralTextures,c23
FaceForensics++,FaceForensics++__NeuralTextures__894_848.mp4,data\raw\FaceForensics++_C23\NeuralTextures\894_848.mp4,1,NeuralTextures,c23
FaceForensics++,FaceForensics++__NeuralTextures__895_915.mp4,data\raw\FaceForensics++_C23\NeuralTextures\895_915.mp4,1,NeuralTextures,c23
FaceForensics++,FaceForensics++__NeuralTextures__896_128.mp4,data\raw\FaceForensics++_C23\NeuralTextures\896_128.mp4,1,NeuralTextures,c23
FaceForensics++,FaceForensics++__NeuralTextures__897_969.mp4,data\raw\FaceForensics++_C23\NeuralTextures\897_969.mp4,1,NeuralTextures,c23
FaceForensics++,FaceForensics++__NeuralTextures__898_922.mp4,data\raw\FaceForensics++_C23\NeuralTextures\898_922.mp4,1,NeuralTextures,c23
FaceForensics++,FaceForensics++__NeuralTextures__900_926.mp4,data\raw\FaceForensics++_C23\NeuralTextures\900_926.mp4,1,NeuralTextures,c23
FaceForensics++,FaceForensics++__NeuralTextures__901_902.mp4,data\raw\FaceForensics++_C23\NeuralTextures\901_902.mp4,1,NeuralTextures,c23
FaceForensics++,FaceForensics++__NeuralTextures__902_901.mp4,data\raw\FaceForensics++_C23\NeuralTextures\902_901.mp4,1,NeuralTextures,c23
FaceForensics++,FaceForensics++__NeuralTextures__903_792.mp4,data\raw\FaceForensics++_C23\NeuralTextures\903_792.mp4,1,NeuralTextures,c23
FaceForensics++,FaceForensics++__NeuralTextures__904_046.mp4,data\raw\FaceForensics++_C23\NeuralTextures\904_046.mp4,1,NeuralTextures,c23
FaceForensics++,FaceForensics++__NeuralTextures__905_860.mp4,data\raw\FaceForensics++_C23\NeuralTextures\905_860.mp4,1,NeuralTextures,c23
FaceForensics++,FaceForensics++__NeuralTextures__907_795.mp4,data\raw\FaceForensics++_C23\NeuralTextures\907_795.mp4,1,NeuralTextures,c23
FaceForensics++,FaceForensics++__NeuralTextures__908_207.mp4,data\raw\FaceForensics++_C23\NeuralTextures\908_207.mp4,1,NeuralTextures,c23
FaceForensics++,FaceForensics++__NeuralTextures__909_857.mp4,data\raw\FaceForensics++_C23\NeuralTextures\909_857.mp4,1,NeuralTextures,c23
FaceForensics++,FaceForensics++__NeuralTextures__911_910.mp4,data\raw\FaceForensics++_C23\NeuralTextures\911_910.mp4,1,NeuralTextures,c23
FaceForensics++,FaceForensics++__NeuralTextures__912_927.mp4,data\raw\FaceForensics++_C23\NeuralTextures\912_927.mp4,1,NeuralTextures,c23
FaceForensics++,FaceForensics++__NeuralTextures__913_893.mp4,data\raw\FaceForensics++_C23\NeuralTextures\913_893.mp4,1,NeuralTextures,c23
FaceForensics++,FaceForensics++__NeuralTextures__914_899.mp4,data\raw\FaceForensics++_C23\NeuralTextures\914_899.mp4,1,NeuralTextures,c23
FaceForensics++,FaceForensics++__NeuralTextures__915_895.mp4,data\raw\FaceForensics++_C23\NeuralTextures\915_895.mp4,1,NeuralTextures,c23
FaceForensics++,FaceForensics++__NeuralTextures__916_783.mp4,data\raw\FaceForensics++_C23\NeuralTextures\916_783.mp4,1,NeuralTextures,c23
FaceForensics++,FaceForensics++__NeuralTextures__917_924.mp4,data\raw\FaceForensics++_C23\NeuralTextures\917_924.mp4,1,NeuralTextures,c23
FaceForensics++,FaceForensics++__NeuralTextures__919_015.mp4,data\raw\FaceForensics++_C23\NeuralTextures\919_015.mp4,1,NeuralTextures,c23
FaceForensics++,FaceForensics++__NeuralTextures__920_811.mp4,data\raw\FaceForensics++_C23\NeuralTextures\920_811.mp4,1,NeuralTextures,c23
FaceForensics++,FaceForensics++__NeuralTextures__921_569.mp4,data\raw\FaceForensics++_C23\NeuralTextures\921_569.mp4,1,NeuralTextures,c23
FaceForensics++,FaceForensics++__NeuralTextures__922_898.mp4,data\raw\FaceForensics++_C23\NeuralTextures\922_898.mp4,1,NeuralTextures,c23
FaceForensics++,FaceForensics++__NeuralTextures__923_023.mp4,data\raw\FaceForensics++_C23\NeuralTextures\923_023.mp4,1,NeuralTextures,c23
FaceForensics++,FaceForensics++__NeuralTextures__924_917.mp4,data\raw\FaceForensics++_C23\NeuralTextures\924_917.mp4,1,NeuralTextures,c23
FaceForensics++,FaceForensics++__NeuralTextures__925_933.mp4,data\raw\FaceForensics++_C23\NeuralTextures\925_933.mp4,1,NeuralTextures,c23
FaceForensics++,FaceForensics++__NeuralTextures__926_900.mp4,data\raw\FaceForensics++_C23\NeuralTextures\926_900.mp4,1,NeuralTextures,c23
FaceForensics++,FaceForensics++__NeuralTextures__927_912.mp4,data\raw\FaceForensics++_C23\NeuralTextures\927_912.mp4,1,NeuralTextures,c23
FaceForensics++,FaceForensics++__NeuralTextures__928_160.mp4,data\raw\FaceForensics++_C23\NeuralTextures\928_160.mp4,1,NeuralTextures,c23
FaceForensics++,FaceForensics++__NeuralTextures__929_962.mp4,data\raw\FaceForensics++_C23\NeuralTextures\929_962.mp4,1,NeuralTextures,c23
FaceForensics++,FaceForensics++__NeuralTextures__930_763.mp4,data\raw\FaceForensics++_C23\NeuralTextures\930_763.mp4,1,NeuralTextures,c23
FaceForensics++,FaceForensics++__NeuralTextures__932_384.mp4,data\raw\FaceForensics++_C23\NeuralTextures\932_384.mp4,1,NeuralTextures,c23
FaceForensics++,FaceForensics++__NeuralTextures__933_925.mp4,data\raw\FaceForensics++_C23\NeuralTextures\933_925.mp4,1,NeuralTextures,c23
FaceForensics++,FaceForensics++__NeuralTextures__934_918.mp4,data\raw\FaceForensics++_C23\NeuralTextures\934_918.mp4,1,NeuralTextures,c23
FaceForensics++,FaceForensics++__NeuralTextures__935_733.mp4,data\raw\FaceForensics++_C23\NeuralTextures\935_733.mp4,1,NeuralTextures,c23
FaceForensics++,FaceForensics++__NeuralTextures__936_931.mp4,data\raw\FaceForensics++_C23\NeuralTextures\936_931.mp4,1,NeuralTextures,c23
FaceForensics++,FaceForensics++__NeuralTextures__937_888.mp4,data\raw\FaceForensics++_C23\NeuralTextures\937_888.mp4,1,NeuralTextures,c23
FaceForensics++,FaceForensics++__NeuralTextures__938_987.mp4,data\raw\FaceForensics++_C23\NeuralTextures\938_987.mp4,1,NeuralTextures,c23
FaceForensics++,FaceForensics++__NeuralTextures__939_115.mp4,data\raw\FaceForensics++_C23\NeuralTextures\939_115.mp4,1,NeuralTextures,c23
FaceForensics++,FaceForensics++__NeuralTextures__940_941.mp4,data\raw\FaceForensics++_C23\NeuralTextures\940_941.mp4,1,NeuralTextures,c23
FaceForensics++,FaceForensics++__NeuralTextures__942_943.mp4,data\raw\FaceForensics++_C23\NeuralTextures\942_943.mp4,1,NeuralTextures,c23
FaceForensics++,FaceForensics++__NeuralTextures__943_942.mp4,data\raw\FaceForensics++_C23\NeuralTextures\943_942.mp4,1,NeuralTextures,c23
FaceForensics++,FaceForensics++__NeuralTextures__944_032.mp4,data\raw\FaceForensics++_C23\NeuralTextures\944_032.mp4,1,NeuralTextures,c23
FaceForensics++,FaceForensics++__NeuralTextures__946_049.mp4,data\raw\FaceForensics++_C23\NeuralTextures\946_049.mp4,1,NeuralTextures,c23
FaceForensics++,FaceForensics++__NeuralTextures__947_951.mp4,data\raw\FaceForensics++_C23\NeuralTextures\947_951.mp4,1,NeuralTextures,c23
FaceForensics++,FaceForensics++__NeuralTextures__948_965.mp4,data\raw\FaceForensics++_C23\NeuralTextures\948_965.mp4,1,NeuralTextures,c23
FaceForensics++,FaceForensics++__NeuralTextures__949_868.mp4,data\raw\FaceForensics++_C23\NeuralTextures\949_868.mp4,1,NeuralTextures,c23
FaceForensics++,FaceForensics++__NeuralTextures__950_836.mp4,data\raw\FaceForensics++_C23\NeuralTextures\950_836.mp4,1,NeuralTextures,c23
FaceForensics++,FaceForensics++__NeuralTextures__951_947.mp4,data\raw\FaceForensics++_C23\NeuralTextures\951_947.mp4,1,NeuralTextures,c23
FaceForensics++,FaceForensics++__NeuralTextures__952_882.mp4,data\raw\FaceForensics++_C23\NeuralTextures\952_882.mp4,1,NeuralTextures,c23
FaceForensics++,FaceForensics++__NeuralTextures__953_974.mp4,data\raw\FaceForensics++_C23\NeuralTextures\953_974.mp4,1,NeuralTextures,c23
FaceForensics++,FaceForensics++__NeuralTextures__955_078.mp4,data\raw\FaceForensics++_C23\NeuralTextures\955_078.mp4,1,NeuralTextures,c23
FaceForensics++,FaceForensics++__NeuralTextures__956_958.mp4,data\raw\FaceForensics++_C23\NeuralTextures\956_958.mp4,1,NeuralTextures,c23
FaceForensics++,FaceForensics++__NeuralTextures__957_959.mp4,data\raw\FaceForensics++_C23\NeuralTextures\957_959.mp4,1,NeuralTextures,c23
FaceForensics++,FaceForensics++__NeuralTextures__958_956.mp4,data\raw\FaceForensics++_C23\NeuralTextures\958_956.mp4,1,NeuralTextures,c23
FaceForensics++,FaceForensics++__NeuralTextures__959_957.mp4,data\raw\FaceForensics++_C23\NeuralTextures\959_957.mp4,1,NeuralTextures,c23
FaceForensics++,FaceForensics++__NeuralTextures__960_999.mp4,data\raw\FaceForensics++_C23\NeuralTextures\960_999.mp4,1,NeuralTextures,c23
FaceForensics++,FaceForensics++__NeuralTextures__961_069.mp4,data\raw\FaceForensics++_C23\NeuralTextures\961_069.mp4,1,NeuralTextures,c23
FaceForensics++,FaceForensics++__NeuralTextures__962_929.mp4,data\raw\FaceForensics++_C23\NeuralTextures\962_929.mp4,1,NeuralTextures,c23
FaceForensics++,FaceForensics++__NeuralTextures__964_174.mp4,data\raw\FaceForensics++_C23\NeuralTextures\964_174.mp4,1,NeuralTextures,c23
FaceForensics++,FaceForensics++__NeuralTextures__965_948.mp4,data\raw\FaceForensics++_C23\NeuralTextures\965_948.mp4,1,NeuralTextures,c23
FaceForensics++,FaceForensics++__NeuralTextures__968_884.mp4,data\raw\FaceForensics++_C23\NeuralTextures\968_884.mp4,1,NeuralTextures,c23
FaceForensics++,FaceForensics++__NeuralTextures__970_973.mp4,data\raw\FaceForensics++_C23\NeuralTextures\970_973.mp4,1,NeuralTextures,c23
FaceForensics++,FaceForensics++__NeuralTextures__971_564.mp4,data\raw\FaceForensics++_C23\NeuralTextures\971_564.mp4,1,NeuralTextures,c23
FaceForensics++,FaceForensics++__NeuralTextures__972_718.mp4,data\raw\FaceForensics++_C23\NeuralTextures\972_718.mp4,1,NeuralTextures,c23
FaceForensics++,FaceForensics++__NeuralTextures__975_978.mp4,data\raw\FaceForensics++_C23\NeuralTextures\975_978.mp4,1,NeuralTextures,c23
FaceForensics++,FaceForensics++__NeuralTextures__976_954.mp4,data\raw\FaceForensics++_C23\NeuralTextures\976_954.mp4,1,NeuralTextures,c23
FaceForensics++,FaceForensics++__NeuralTextures__977_075.mp4,data\raw\FaceForensics++_C23\NeuralTextures\977_075.mp4,1,NeuralTextures,c23
FaceForensics++,FaceForensics++__NeuralTextures__978_975.mp4,data\raw\FaceForensics++_C23\NeuralTextures\978_975.mp4,1,NeuralTextures,c23
FaceForensics++,FaceForensics++__NeuralTextures__979_875.mp4,data\raw\FaceForensics++_C23\NeuralTextures\979_875.mp4,1,NeuralTextures,c23
FaceForensics++,FaceForensics++__NeuralTextures__980_992.mp4,data\raw\FaceForensics++_C23\NeuralTextures\980_992.mp4,1,NeuralTextures,c23
FaceForensics++,FaceForensics++__NeuralTextures__981_985.mp4,data\raw\FaceForensics++_C23\NeuralTextures\981_985.mp4,1,NeuralTextures,c23
FaceForensics++,FaceForensics++__NeuralTextures__982_004.mp4,data\raw\FaceForensics++_C23\NeuralTextures\982_004.mp4,1,NeuralTextures,c23
FaceForensics++,FaceForensics++__NeuralTextures__983_113.mp4,data\raw\FaceForensics++_C23\NeuralTextures\983_113.mp4,1,NeuralTextures,c23
FaceForensics++,FaceForensics++__NeuralTextures__984_967.mp4,data\raw\FaceForensics++_C23\NeuralTextures\984_967.mp4,1,NeuralTextures,c23
FaceForensics++,FaceForensics++__NeuralTextures__985_981.mp4,data\raw\FaceForensics++_C23\NeuralTextures\985_981.mp4,1,NeuralTextures,c23
FaceForensics++,FaceForensics++__NeuralTextures__986_994.mp4,data\raw\FaceForensics++_C23\NeuralTextures\986_994.mp4,1,NeuralTextures,c23
FaceForensics++,FaceForensics++__NeuralTextures__989_993.mp4,data\raw\FaceForensics++_C23\NeuralTextures\989_993.mp4,1,NeuralTextures,c23
FaceForensics++,FaceForensics++__NeuralTextures__991_064.mp4,data\raw\FaceForensics++_C23\NeuralTextures\991_064.mp4,1,NeuralTextures,c23
FaceForensics++,FaceForensics++__NeuralTextures__993_989.mp4,data\raw\FaceForensics++_C23\NeuralTextures\993_989.mp4,1,NeuralTextures,c23
FaceForensics++,FaceForensics++__NeuralTextures__995_233.mp4,data\raw\FaceForensics++_C23\NeuralTextures\995_233.mp4,1,NeuralTextures,c23
FaceForensics++,FaceForensics++__NeuralTextures__996_056.mp4,data\raw\FaceForensics++_C23\NeuralTextures\996_056.mp4,1,NeuralTextures,c23
FaceForensics++,FaceForensics++__NeuralTextures__997_040.mp4,data\raw\FaceForensics++_C23\NeuralTextures\997_040.mp4,1,NeuralTextures,c23
FaceForensics++,FaceForensics++__NeuralTextures__998_561.mp4,data\raw\FaceForensics++_C23\NeuralTextures\998_561.mp4,1,NeuralTextures,c23
FaceForensics++,FaceForensics++__DeepFakeDetection__01_02__meeting_serious__YVGY8LOK.mp4,data\raw\FaceForensics++_C23\DeepFakeDetection\01_02__meeting_serious__YVGY8LOK.mp4,1,DeepFakeDetection,c23
FaceForensics++,FaceForensics++__DeepFakeDetection__01_02__outside_talking_still_laughing__YVGY8LOK.mp4,data\raw\FaceForensics++_C23\DeepFakeDetection\01_02__outside_talking_still_laughing__YVGY8LOK.mp4,1,DeepFakeDetection,c23
FaceForensics++,FaceForensics++__DeepFakeDetection__01_02__talking_against_wall__YVGY8LOK.mp4,data\raw\FaceForensics++_C23\DeepFakeDetection\01_02__talking_against_wall__YVGY8LOK.mp4,1,DeepFakeDetection,c23
FaceForensics++,FaceForensics++__DeepFakeDetection__01_02__walking_down_indoor_hall_disgust__YVGY8LOK.mp4,data\raw\FaceForensics++_C23\DeepFakeDetection\01_02__walking_down_indoor_hall_disgust__YVGY8LOK.mp4,1,DeepFakeDetection,c23
FaceForensics++,FaceForensics++__DeepFakeDetection__01_02__walk_down_hall_angry__YVGY8LOK.mp4,data\raw\FaceForensics++_C23\DeepFakeDetection\01_02__walk_down_hall_angry__YVGY8LOK.mp4,1,DeepFakeDetection,c23
FaceForensics++,FaceForensics++__DeepFakeDetection__01_03__hugging_happy__ISF9SP4G.mp4,data\raw\FaceForensics++_C23\DeepFakeDetection\01_03__hugging_happy__ISF9SP4G.mp4,1,DeepFakeDetection,c23
FaceForensics++,FaceForensics++__DeepFakeDetection__01_03__kitchen_pan__JZUXXFRB.mp4,data\raw\FaceForensics++_C23\DeepFakeDetection\01_03__kitchen_pan__JZUXXFRB.mp4,1,DeepFakeDetection,c23
FaceForensics++,FaceForensics++__DeepFakeDetection__01_03__talking_against_wall__JZUXXFRB.mp4,data\raw\FaceForensics++_C23\DeepFakeDetection\01_03__talking_against_wall__JZUXXFRB.mp4,1,DeepFakeDetection,c23
FaceForensics++,FaceForensics++__DeepFakeDetection__01_04__hugging_happy__GBC7ZGDP.mp4,data\raw\FaceForensics++_C23\DeepFakeDetection\01_04__hugging_happy__GBC7ZGDP.mp4,1,DeepFakeDetection,c23
FaceForensics++,FaceForensics++__DeepFakeDetection__01_04__talking_angry_couch__0XUW13RW.mp4,data\raw\FaceForensics++_C23\DeepFakeDetection\01_04__talking_angry_couch__0XUW13RW.mp4,1,DeepFakeDetection,c23
FaceForensics++,FaceForensics++__DeepFakeDetection__01_04__walk_down_hall_angry__GBC7ZGDP.mp4,data\raw\FaceForensics++_C23\DeepFakeDetection\01_04__walk_down_hall_angry__GBC7ZGDP.mp4,1,DeepFakeDetection,c23
FaceForensics++,FaceForensics++__DeepFakeDetection__01_09__talking_angry_couch__P70H1JB0.mp4,data\raw\FaceForensics++_C23\DeepFakeDetection\01_09__talking_angry_couch__P70H1JB0.mp4,1,DeepFakeDetection,c23
FaceForensics++,FaceForensics++__DeepFakeDetection__01_11__hugging_happy__4OJNJLOO.mp4,data\raw\FaceForensics++_C23\DeepFakeDetection\01_11__hugging_happy__4OJNJLOO.mp4,1,DeepFakeDetection,c23
FaceForensics++,FaceForensics++__DeepFakeDetection__01_11__meeting_serious__9OM3VE0Y.mp4,data\raw\FaceForensics++_C23\DeepFakeDetection\01_11__meeting_serious__9OM3VE0Y.mp4,1,DeepFakeDetection,c23
FaceForensics++,FaceForensics++__DeepFakeDetection__01_11__meeting_serious__FCNL2OVP.mp4,data\raw\FaceForensics++_C23\DeepFakeDetection\01_11__meeting_serious__FCNL2OVP.mp4,1,DeepFakeDetection,c23
FaceForensics++,FaceForensics++__DeepFakeDetection__01_11__outside_talking_pan_laughing__WIZ7GKOD.mp4,data\raw\FaceForensics++_C23\DeepFakeDetection\01_11__outside_talking_pan_laughing__WIZ7GKOD.mp4,1,DeepFakeDetection,c23
FaceForensics++,FaceForensics++__DeepFakeDetection__01_11__talking_against_wall__4OJNJLOO.mp4,data\raw\FaceForensics++_C23\DeepFakeDetection\01_11__talking_against_wall__4OJNJLOO.mp4,1,DeepFakeDetection,c23
FaceForensics++,FaceForensics++__DeepFakeDetection__01_11__talking_against_wall__9229VVZ3.mp4,data\raw\FaceForensics++_C23\DeepFakeDetection\01_11__talking_against_wall__9229VVZ3.mp4,1,DeepFakeDetection,c23
FaceForensics++,FaceForensics++__DeepFakeDetection__01_11__talking_against_wall__UQ0BOBNO.mp4,data\raw\FaceForensics++_C23\DeepFakeDetection\01_11__talking_against_wall__UQ0BOBNO.mp4,1,DeepFakeDetection,c23
FaceForensics++,FaceForensics++__DeepFakeDetection__01_11__walking_outside_cafe_disgusted__FAFWDR4W.mp4,data\raw\FaceForensics++_C23\DeepFakeDetection\01_11__walking_outside_cafe_disgusted__FAFWDR4W.mp4,1,DeepFakeDetection,c23
FaceForensics++,FaceForensics++__DeepFakeDetection__01_12__outside_talking_pan_laughing__TNI7KUZ6.mp4,data\raw\FaceForensics++_C23\DeepFakeDetection\01_12__outside_talking_pan_laughing__TNI7KUZ6.mp4,1,DeepFakeDetection,c23
FaceForensics++,FaceForensics++__DeepFakeDetection__01_12__outside_talking_still_laughing__TNI7KUZ6.mp4,data\raw\FaceForensics++_C23\DeepFakeDetection\01_12__outside_talking_still_laughing__TNI7KUZ6.mp4,1,DeepFakeDetection,c23
FaceForensics++,FaceForensics++__DeepFakeDetection__01_15__exit_phone_room__02HILKYO.mp4,data\raw\FaceForensics++_C23\DeepFakeDetection\01_15__exit_phone_room__02HILKYO.mp4,1,DeepFakeDetection,c23
FaceForensics++,FaceForensics++__DeepFakeDetection__01_15__kitchen_still__02HILKYO.mp4,data\raw\FaceForensics++_C23\DeepFakeDetection\01_15__kitchen_still__02HILKYO.mp4,1,DeepFakeDetection,c23
FaceForensics++,FaceForensics++__DeepFakeDetection__01_15__meeting_serious__02HILKYO.mp4,data\raw\FaceForensics++_C23\DeepFakeDetection\01_15__meeting_serious__02HILKYO.mp4,1,DeepFakeDetection,c23
FaceForensics++,FaceForensics++__DeepFakeDetection__01_15__outside_talking_pan_laughing__02HILKYO.mp4,data\raw\FaceForensics++_C23\DeepFakeDetection\01_15__outside_talking_pan_laughing__02HILKYO.mp4,1,DeepFakeDetection,c23
FaceForensics++,FaceForensics++__DeepFakeDetection__01_20__hugging_happy__FW94AIMJ.mp4,data\raw\FaceForensics++_C23\DeepFakeDetection\01_20__hugging_happy__FW94AIMJ.mp4,1,DeepFakeDetection,c23
FaceForensics++,FaceForensics++__DeepFakeDetection__01_20__kitchen_pan__6UBMLXK3.mp4,data\raw\FaceForensics++_C23\DeepFakeDetection\01_20__kitchen_pan__6UBMLXK3.mp4,1,DeepFakeDetection,c23
FaceForensics++,FaceForensics++__DeepFakeDetection__01_20__outside_talking_pan_laughing__OTGHOG4Z.mp4,data\raw\FaceForensics++_C23\DeepFakeDetection\01_20__outside_talking_pan_laughing__OTGHOG4Z.mp4,1,DeepFakeDetection,c23
FaceForensics++,FaceForensics++__DeepFakeDetection__01_20__outside_talking_still_laughing__FW94AIMJ.mp4,data\raw\FaceForensics++_C23\DeepFakeDetection\01_20__outside_talking_still_laughing__FW94AIMJ.mp4,1,DeepFakeDetection,c23
FaceForensics++,FaceForensics++__DeepFakeDetection__01_20__walk_down_hall_angry__FW94AIMJ.mp4,data\raw\FaceForensics++_C23\DeepFakeDetection\01_20__walk_down_hall_angry__FW94AIMJ.mp4,1,DeepFakeDetection,c23
FaceForensics++,FaceForensics++__DeepFakeDetection__01_21__talking_angry_couch__03X7CELV.mp4,data\raw\FaceForensics++_C23\DeepFakeDetection\01_21__talking_angry_couch__03X7CELV.mp4,1,DeepFakeDetection,c23
FaceForensics++,FaceForensics++__DeepFakeDetection__01_21__walk_down_hall_angry__03X7CELV.mp4,data\raw\FaceForensics++_C23\DeepFakeDetection\01_21__walk_down_hall_angry__03X7CELV.mp4,1,DeepFakeDetection,c23
FaceForensics++,FaceForensics++__DeepFakeDetection__01_26__outside_talking_pan_laughing__ZMEJ535O.mp4,data\raw\FaceForensics++_C23\DeepFakeDetection\01_26__outside_talking_pan_laughing__ZMEJ535O.mp4,1,DeepFakeDetection,c23
FaceForensics++,FaceForensics++__DeepFakeDetection__01_27__hugging_happy__ZYCZ30C0.mp4,data\raw\FaceForensics++_C23\DeepFakeDetection\01_27__hugging_happy__ZYCZ30C0.mp4,1,DeepFakeDetection,c23
FaceForensics++,FaceForensics++__DeepFakeDetection__01_27__meeting_serious__ZYCZ30C0.mp4,data\raw\FaceForensics++_C23\DeepFakeDetection\01_27__meeting_serious__ZYCZ30C0.mp4,1,DeepFakeDetection,c23
FaceForensics++,FaceForensics++__DeepFakeDetection__01_27__outside_talking_pan_laughing__S2YCUY48.mp4,data\raw\FaceForensics++_C23\DeepFakeDetection\01_27__outside_talking_pan_laughing__S2YCUY48.mp4,1,DeepFakeDetection,c23
FaceForensics++,FaceForensics++__DeepFakeDetection__01_27__outside_talking_still_laughing__ZYCZ30C0.mp4,data\raw\FaceForensics++_C23\DeepFakeDetection\01_27__outside_talking_still_laughing__ZYCZ30C0.mp4,1,DeepFakeDetection,c23
FaceForensics++,FaceForensics++__DeepFakeDetection__01_27__walking_outside_cafe_disgusted__ZYCZ30C0.mp4,data\raw\FaceForensics++_C23\DeepFakeDetection\01_27__walking_outside_cafe_disgusted__ZYCZ30C0.mp4,1,DeepFakeDetection,c23
FaceForensics++,FaceForensics++__DeepFakeDetection__02_01__secret_conversation__YVGY8LOK.mp4,data\raw\FaceForensics++_C23\DeepFakeDetection\02_01__secret_conversation__YVGY8LOK.mp4,1,DeepFakeDetection,c23
FaceForensics++,FaceForensics++__DeepFakeDetection__02_01__walking_down_indoor_hall_disgust__YVGY8LOK.mp4,data\raw\FaceForensics++_C23\DeepFakeDetection\02_01__walking_down_indoor_hall_disgust__YVGY8LOK.mp4,1,DeepFakeDetection,c23
FaceForensics++,FaceForensics++__DeepFakeDetection__02_03__walking_down_street_outside_angry__QH3Y0IG0.mp4,data\raw\FaceForensics++_C23\DeepFakeDetection\02_03__walking_down_street_outside_angry__QH3Y0IG0.mp4,1,DeepFakeDetection,c23
FaceForensics++,FaceForensics++__DeepFakeDetection__02_03__walking_outside_cafe_disgusted__QH3Y0IG0.mp4,data\raw\FaceForensics++_C23\DeepFakeDetection\02_03__walking_outside_cafe_disgusted__QH3Y0IG0.mp4,1,DeepFakeDetection,c23
FaceForensics++,FaceForensics++__DeepFakeDetection__02_04__podium_speech_happy__8CH7R4LW.mp4,data\raw\FaceForensics++_C23\DeepFakeDetection\02_04__podium_speech_happy__8CH7R4LW.mp4,1,DeepFakeDetection,c23
FaceForensics++,FaceForensics++__DeepFakeDetection__02_06__exit_phone_room__HZAXM70B.mp4,data\raw\FaceForensics++_C23\DeepFakeDetection\02_06__exit_phone_room__HZAXM70B.mp4,1,DeepFakeDetection,c23
FaceForensics++,FaceForensics++__DeepFakeDetection__02_06__podium_speech_happy__N8OSN8P6.mp4,data\raw\FaceForensics++_C23\DeepFakeDetection\02_06__podium_speech_happy__N8OSN8P6.mp4,1,DeepFakeDetection,c23
FaceForensics++,FaceForensics++__DeepFakeDetection__02_06__podium_speech_happy__SU4OQCS9.mp4,data\raw\FaceForensics++_C23\DeepFakeDetection\02_06__podium_speech_happy__SU4OQCS9.mp4,1,DeepFakeDetection,c23
FaceForensics++,FaceForensics++__DeepFakeDetection__02_06__talking_angry_couch__GH8TGTBS.mp4,data\raw\FaceForensics++_C23\DeepFakeDetection\02_06__talking_angry_couch__GH8TGTBS.mp4,1,DeepFakeDetection,c23
FaceForensics++,FaceForensics++__DeepFakeDetection__02_06__talking_angry_couch__J1W9R0NG.mp4,data\raw\FaceForensics++_C23\DeepFakeDetection\02_06__talking_angry_couch__J1W9R0NG.mp4,1,DeepFakeDetection,c23
FaceForensics++,FaceForensics++__DeepFakeDetection__02_06__talking_angry_couch__MKZTXQ2T.mp4,data\raw\FaceForensics++_C23\DeepFakeDetection\02_06__talking_angry_couch__MKZTXQ2T.mp4,1,DeepFakeDetection,c23
FaceForensics++,FaceForensics++__DeepFakeDetection__02_06__walking_and_outside_surprised__N8OSN8P6.mp4,data\raw\FaceForensics++_C23\DeepFakeDetection\02_06__walking_and_outside_surprised__N8OSN8P6.mp4,1,DeepFakeDetection,c23
FaceForensics++,FaceForensics++__DeepFakeDetection__02_06__walking_down_indoor_hall_disgust__U6MDWIHG.mp4,data\raw\FaceForensics++_C23\DeepFakeDetection\02_06__walking_down_indoor_hall_disgust__U6MDWIHG.mp4,1,DeepFakeDetection,c23
FaceForensics++,FaceForensics++__DeepFakeDetection__02_06__walk_down_hall_angry__0M6JNS5D.mp4,data\raw\FaceForensics++_C23\DeepFakeDetection\02_06__walk_down_hall_angry__0M6JNS5D.mp4,1,DeepFakeDetection,c23
FaceForensics++,FaceForensics++__DeepFakeDetection__02_07__hugging_happy__1JCLEEBQ.mp4,data\raw\FaceForensics++_C23\DeepFakeDetection\02_07__hugging_happy__1JCLEEBQ.mp4,1,DeepFakeDetection,c23
FaceForensics++,FaceForensics++__DeepFakeDetection__02_07__meeting_serious__1JCLEEBQ.mp4,data\raw\FaceForensics++_C23\DeepFakeDetection\02_07__meeting_serious__1JCLEEBQ.mp4,1,DeepFakeDetection,c23
FaceForensics++,FaceForensics++__DeepFakeDetection__02_07__outside_talking_pan_laughing__O4SXNLRL.mp4,data\raw\FaceForensics++_C23\DeepFakeDetection\02_07__outside_talking_pan_laughing__O4SXNLRL.mp4,1,DeepFakeDetection,c23
FaceForensics++,FaceForensics++__DeepFakeDetection__02_07__secret_conversation__0IYV5DQ5.mp4,data\raw\FaceForensics++_C23\DeepFakeDetection\02_07__secret_conversation__0IYV5DQ5.mp4,1,DeepFakeDetection,c23
FaceForensics++,FaceForensics++__DeepFakeDetection__02_07__walking_and_outside_surprised__1VMZUH1W.mp4,data\raw\FaceForensics++_C23\DeepFakeDetection\02_07__walking_and_outside_surprised__1VMZUH1W.mp4,1,DeepFakeDetection,c23
FaceForensics++,FaceForensics++__DeepFakeDetection__02_07__walking_down_street_outside_angry__O4SXNLRL.mp4,data\raw\FaceForensics++_C23\DeepFakeDetection\02_07__walking_down_street_outside_angry__O4SXNLRL.mp4,1,DeepFakeDetection,c23
FaceForensics++,FaceForensics++__DeepFakeDetection__02_07__walk_down_hall_angry__U7DEOZNV.mp4,data\raw\FaceForensics++_C23\DeepFakeDetection\02_07__walk_down_hall_angry__U7DEOZNV.mp4,1,DeepFakeDetection,c23
FaceForensics++,FaceForensics++__DeepFakeDetection__02_09__kitchen_pan__9TDCEK1Q.mp4,data\raw\FaceForensics++_C23\DeepFakeDetection\02_09__kitchen_pan__9TDCEK1Q.mp4,1,DeepFakeDetection,c23
FaceForensics++,FaceForensics++__DeepFakeDetection__02_09__kitchen_pan__HIH8YA82.mp4,data\raw\FaceForensics++_C23\DeepFakeDetection\02_09__kitchen_pan__HIH8YA82.mp4,1,DeepFakeDetection,c23
FaceForensics++,FaceForensics++__DeepFakeDetection__02_09__outside_talking_pan_laughing__6KUOFMZW.mp4,data\raw\FaceForensics++_C23\DeepFakeDetection\02_09__outside_talking_pan_laughing__6KUOFMZW.mp4,1,DeepFakeDetection,c23
FaceForensics++,FaceForensics++__DeepFakeDetection__02_09__podium_speech_happy__9TDCEK1Q.mp4,data\raw\FaceForensics++_C23\DeepFakeDetection\02_09__podium_speech_happy__9TDCEK1Q.mp4,1,DeepFakeDetection,c23
FaceForensics++,FaceForensics++__DeepFakeDetection__02_09__talking_angry_couch__6KUOFMZW.mp4,data\raw\FaceForensics++_C23\DeepFakeDetection\02_09__talking_angry_couch__6KUOFMZW.mp4,1,DeepFakeDetection,c23
FaceForensics++,FaceForensics++__DeepFakeDetection__02_11__meeting_serious__NZJ1YEWE.mp4,data\raw\FaceForensics++_C23\DeepFakeDetection\02_11__meeting_serious__NZJ1YEWE.mp4,1,DeepFakeDetection,c23
FaceForensics++,FaceForensics++__DeepFakeDetection__02_12__podium_speech_happy__9D2ZHEKW.mp4,data\raw\FaceForensics++_C23\DeepFakeDetection\02_12__podium_speech_happy__9D2ZHEKW.mp4,1,DeepFakeDetection,c23
FaceForensics++,FaceForensics++__DeepFakeDetection__02_13__exit_phone_room__CP5HFV3K.mp4,data\raw\FaceForensics++_C23\DeepFakeDetection\02_13__exit_phone_room__CP5HFV3K.mp4,1,DeepFakeDetection,c23
FaceForensics++,FaceForensics++__DeepFakeDetection__02_13__hugging_happy__PLNVLO74.mp4,data\raw\FaceForensics++_C23\DeepFakeDetection\02_13__hugging_happy__PLNVLO74.mp4,1,DeepFakeDetection,c23
FaceForensics++,FaceForensics++__DeepFakeDetection__02_13__kitchen_pan__2YSYT2N3.mp4,data\raw\FaceForensics++_C23\DeepFakeDetection\02_13__kitchen_pan__2YSYT2N3.mp4,1,DeepFakeDetection,c23
FaceForensics++,FaceForensics++__DeepFakeDetection__02_13__meeting_serious__CP5HFV3K.mp4,data\raw\FaceForensics++_C23\DeepFakeDetection\02_13__meeting_serious__CP5HFV3K.mp4,1,DeepFakeDetection,c23
FaceForensics++,FaceForensics++__DeepFakeDetection__02_13__outside_talking_pan_laughing__2YSYT2N3.mp4,data\raw\FaceForensics++_C23\DeepFakeDetection\02_13__outside_talking_pan_laughing__2YSYT2N3.mp4,1,DeepFakeDetection,c23
FaceForensics++,FaceForensics++__DeepFakeDetection__02_13__outside_talking_still_laughing__CP5HFV3K.mp4,data\raw\FaceForensics++_C23\DeepFakeDetection\02_13__outside_talking_still_laughing__CP5HFV3K.mp4,1,DeepFakeDetection,c23
FaceForensics++,FaceForensics++__DeepFakeDetection__02_13__podium_speech_happy__2YSYT2N3.mp4,data\raw\FaceForensics++_C23\DeepFakeDetection\02_13__podium_speech_happy__2YSYT2N3.mp4,1,DeepFakeDetection,c23
FaceForensics++,FaceForensics++__DeepFakeDetection__02_13__secret_conversation__PLNVLO74.mp4,data\raw\FaceForensics++_C23\DeepFakeDetection\02_13__secret_conversation__PLNVLO74.mp4,1,DeepFakeDetection,c23
FaceForensics++,FaceForensics++__DeepFakeDetection__02_13__walking_and_outside_surprised__CP5HFV3K.mp4,data\raw\FaceForensics++_C23\DeepFakeDetection\02_13__walking_and_outside_surprised__CP5HFV3K.mp4,1,DeepFakeDetection,c23
FaceForensics++,FaceForensics++__DeepFakeDetection__02_15__hugging_happy__MZWH8ATN.mp4,data\raw\FaceForensics++_C23\DeepFakeDetection\02_15__hugging_happy__MZWH8ATN.mp4,1,DeepFakeDetection,c23
FaceForensics++,FaceForensics++__DeepFakeDetection__02_15__hugging_happy__XNJIS4S3.mp4,data\raw\FaceForensics++_C23\DeepFakeDetection\02_15__hugging_happy__XNJIS4S3.mp4,1,DeepFakeDetection,c23
FaceForensics++,FaceForensics++__DeepFakeDetection__02_15__kitchen_still__XNJIS4S3.mp4,data\raw\FaceForensics++_C23\DeepFakeDetection\02_15__kitchen_still__XNJIS4S3.mp4,1,DeepFakeDetection,c23
FaceForensics++,FaceForensics++__DeepFakeDetection__02_15__meeting_serious__MZWH8ATN.mp4,data\raw\FaceForensics++_C23\DeepFakeDetection\02_15__meeting_serious__MZWH8ATN.mp4,1,DeepFakeDetection,c23
FaceForensics++,FaceForensics++__DeepFakeDetection__02_15__outside_talking_pan_laughing__I8G2LWD1.mp4,data\raw\FaceForensics++_C23\DeepFakeDetection\02_15__outside_talking_pan_laughing__I8G2LWD1.mp4,1,DeepFakeDetection,c23
FaceForensics++,FaceForensics++__DeepFakeDetection__02_15__outside_talking_pan_laughing__SB6PMCO0.mp4,data\raw\FaceForensics++_C23\DeepFakeDetection\02_15__outside_talking_pan_laughing__SB6PMCO0.mp4,1,DeepFakeDetection,c23
FaceForensics++,FaceForensics++__DeepFakeDetection__02_15__podium_speech_happy__MZWH8ATN.mp4,data\raw\FaceForensics++_C23\DeepFakeDetection\02_15__podium_speech_happy__MZWH8ATN.mp4,1,DeepFakeDetection,c23
FaceForensics++,FaceForensics++__DeepFakeDetection__02_15__talking_against_wall__HTG660F8.mp4,data\raw\FaceForensics++_C23\DeepFakeDetection\02_15__talking_against_wall__HTG660F8.mp4,1,DeepFakeDetection,c23
FaceForensics++,FaceForensics++__DeepFakeDetection__02_15__talking_angry_couch__HTG660F8.mp4,data\raw\FaceForensics++_C23\DeepFakeDetection\02_15__talking_angry_couch__HTG660F8.mp4,1,DeepFakeDetection,c23
FaceForensics++,FaceForensics++__DeepFakeDetection__02_15__walking_and_outside_surprised__HTG660F8.mp4,data\raw\FaceForensics++_C23\DeepFakeDetection\02_15__walking_and_outside_surprised__HTG660F8.mp4,1,DeepFakeDetection,c23
FaceForensics++,FaceForensics++__DeepFakeDetection__02_15__walking_and_outside_surprised__I8G2LWD1.mp4,data\raw\FaceForensics++_C23\DeepFakeDetection\02_15__walking_and_outside_surprised__I8G2LWD1.mp4,1,DeepFakeDetection,c23
FaceForensics++,FaceForensics++__DeepFakeDetection__02_15__walking_and_outside_surprised__MZWH8ATN.mp4,data\raw\FaceForensics++_C23\DeepFakeDetection\02_15__walking_and_outside_surprised__MZWH8ATN.mp4,1,DeepFakeDetection,c23
FaceForensics++,FaceForensics++__DeepFakeDetection__02_18__exit_phone_room__OXMEEFUQ.mp4,data\raw\FaceForensics++_C23\DeepFakeDetection\02_18__exit_phone_room__OXMEEFUQ.mp4,1,DeepFakeDetection,c23
FaceForensics++,FaceForensics++__DeepFakeDetection__02_18__outside_talking_pan_laughing__OXMEEFUQ.mp4,data\raw\FaceForensics++_C23\DeepFakeDetection\02_18__outside_talking_pan_laughing__OXMEEFUQ.mp4,1,DeepFakeDetection,c23
FaceForensics++,FaceForensics++__DeepFakeDetection__02_18__secret_conversation__B95S4G6F.mp4,data\raw\FaceForensics++_C23\DeepFakeDetection\02_18__secret_conversation__B95S4G6F.mp4,1,DeepFakeDetection,c23
FaceForensics++,FaceForensics++__DeepFakeDetection__02_18__walking_down_street_outside_angry__21JTDDEL.mp4,data\raw\FaceForensics++_C23\DeepFakeDetection\02_18__walking_down_street_outside_angry__21JTDDEL.mp4,1,DeepFakeDetection,c23
FaceForensics++,FaceForensics++__DeepFakeDetection__02_18__walk_down_hall_angry__B95S4G6F.mp4,data\raw\FaceForensics++_C23\DeepFakeDetection\02_18__walk_down_hall_angry__B95S4G6F.mp4,1,DeepFakeDetection,c23
FaceForensics++,FaceForensics++__DeepFakeDetection__02_21__kitchen_pan__Z0XHPQAR.mp4,data\raw\FaceForensics++_C23\DeepFakeDetection\02_21__kitchen_pan__Z0XHPQAR.mp4,1,DeepFakeDetection,c23
FaceForensics++,FaceForensics++__DeepFakeDetection__02_21__talking_angry_couch__Z0XHPQAR.mp4,data\raw\FaceForensics++_C23\DeepFakeDetection\02_21__talking_angry_couch__Z0XHPQAR.mp4,1,DeepFakeDetection,c23
FaceForensics++,FaceForensics++__DeepFakeDetection__02_25__talking_against_wall__Z7FQ69VP.mp4,data\raw\FaceForensics++_C23\DeepFakeDetection\02_25__talking_against_wall__Z7FQ69VP.mp4,1,DeepFakeDetection,c23
FaceForensics++,FaceForensics++__DeepFakeDetection__02_27__hugging_happy__GVFLSZD5.mp4,data\raw\FaceForensics++_C23\DeepFakeDetection\02_27__hugging_happy__GVFLSZD5.mp4,1,DeepFakeDetection,c23
FaceForensics++,FaceForensics++__DeepFakeDetection__02_27__walking_down_indoor_hall_disgust__YQX5Z8GN.mp4,data\raw\FaceForensics++_C23\DeepFakeDetection\02_27__walking_down_indoor_hall_disgust__YQX5Z8GN.mp4,1,DeepFakeDetection,c23
FaceForensics++,FaceForensics++__DeepFakeDetection__02_27__walking_down_street_outside_angry__3L1MLH3D.mp4,data\raw\FaceForensics++_C23\DeepFakeDetection\02_27__walking_down_street_outside_angry__3L1MLH3D.mp4,1,DeepFakeDetection,c23
FaceForensics++,FaceForensics++__DeepFakeDetection__02_27__walk_down_hall_angry__78M8S6M6.mp4,data\raw\FaceForensics++_C23\DeepFakeDetection\02_27__walk_down_hall_angry__78M8S6M6.mp4,1,DeepFakeDetection,c23
FaceForensics++,FaceForensics++__DeepFakeDetection__03_01__meeting_serious__JZUXXFRB.mp4,data\raw\FaceForensics++_C23\DeepFakeDetection\03_01__meeting_serious__JZUXXFRB.mp4,1,DeepFakeDetection,c23
FaceForensics++,FaceForensics++__DeepFakeDetection__03_01__outside_talking_still_laughing__JZUXXFRB.mp4,data\raw\FaceForensics++_C23\DeepFakeDetection\03_01__outside_talking_still_laughing__JZUXXFRB.mp4,1,DeepFakeDetection,c23
FaceForensics++,FaceForensics++__DeepFakeDetection__03_01__walking_and_outside_surprised__JZUXXFRB.mp4,data\raw\FaceForensics++_C23\DeepFakeDetection\03_01__walking_and_outside_surprised__JZUXXFRB.mp4,1,DeepFakeDetection,c23
FaceForensics++,FaceForensics++__DeepFakeDetection__03_06__exit_phone_room__1IXGY2FK.mp4,data\raw\FaceForensics++_C23\DeepFakeDetection\03_06__exit_phone_room__1IXGY2FK.mp4,1,DeepFakeDetection,c23
FaceForensics++,FaceForensics++__DeepFakeDetection__03_06__hugging_happy__2XWC5JED.mp4,data\raw\FaceForensics++_C23\DeepFakeDetection\03_06__hugging_happy__2XWC5JED.mp4,1,DeepFakeDetection,c23
FaceForensics++,FaceForensics++__DeepFakeDetection__03_06__meeting_serious__83ABVHC3.mp4,data\raw\FaceForensics++_C23\DeepFakeDetection\03_06__meeting_serious__83ABVHC3.mp4,1,DeepFakeDetection,c23
FaceForensics++,FaceForensics++__DeepFakeDetection__03_06__podium_speech_happy__83ABVHC3.mp4,data\raw\FaceForensics++_C23\DeepFakeDetection\03_06__podium_speech_happy__83ABVHC3.mp4,1,DeepFakeDetection,c23
FaceForensics++,FaceForensics++__DeepFakeDetection__03_07__exit_phone_room__6PHZRQ4H.mp4,data\raw\FaceForensics++_C23\DeepFakeDetection\03_07__exit_phone_room__6PHZRQ4H.mp4,1,DeepFakeDetection,c23
FaceForensics++,FaceForensics++__DeepFakeDetection__03_07__hugging_happy__BKLOCI1M.mp4,data\raw\FaceForensics++_C23\DeepFakeDetection\03_07__hugging_happy__BKLOCI1M.mp4,1,DeepFakeDetection,c23
FaceForensics++,FaceForensics++__DeepFakeDetection__03_07__kitchen_pan__WPT3Z2KN.mp4,data\raw\FaceForensics++_C23\DeepFakeDetection\03_07__kitchen_pan__WPT3Z2KN.mp4,1,DeepFakeDetection,c23
FaceForensics++,FaceForensics++__DeepFakeDetection__03_07__talking_against_wall__PWXXULHR.mp4,data\raw\FaceForensics++_C23\DeepFakeDetection\03_07__talking_against_wall__PWXXULHR.mp4,1,DeepFakeDetection,c23
FaceForensics++,FaceForensics++__DeepFakeDetection__03_07__walking_down_indoor_hall_disgust__PWXXULHR.mp4,data\raw\FaceForensics++_C23\DeepFakeDetection\03_07__walking_down_indoor_hall_disgust__PWXXULHR.mp4,1,DeepFakeDetection,c23
FaceForensics++,FaceForensics++__DeepFakeDetection__03_07__walking_outside_cafe_disgusted__IFSURI9X.mp4,data\raw\FaceForensics++_C23\DeepFakeDetection\03_07__walking_outside_cafe_disgusted__IFSURI9X.mp4,1,DeepFakeDetection,c23
FaceForensics++,FaceForensics++__DeepFakeDetection__03_07__walking_outside_cafe_disgusted__PWXXULHR.mp4,data\raw\FaceForensics++_C23\DeepFakeDetection\03_07__walking_outside_cafe_disgusted__PWXXULHR.mp4,1,DeepFakeDetection,c23
FaceForensics++,FaceForensics++__DeepFakeDetection__03_07__walk_down_hall_angry__6PHZRQ4H.mp4,data\raw\FaceForensics++_C23\DeepFakeDetection\03_07__walk_down_hall_angry__6PHZRQ4H.mp4,1,DeepFakeDetection,c23
FaceForensics++,FaceForensics++__DeepFakeDetection__03_09__kitchen_pan__8DTEGQ54.mp4,data\raw\FaceForensics++_C23\DeepFakeDetection\03_09__kitchen_pan__8DTEGQ54.mp4,1,DeepFakeDetection,c23
FaceForensics++,FaceForensics++__DeepFakeDetection__03_09__secret_conversation__RCETIXYL.mp4,data\raw\FaceForensics++_C23\DeepFakeDetection\03_09__secret_conversation__RCETIXYL.mp4,1,DeepFakeDetection,c23
FaceForensics++,FaceForensics++__DeepFakeDetection__03_11__exit_phone_room__P08VGHTA.mp4,data\raw\FaceForensics++_C23\DeepFakeDetection\03_11__exit_phone_room__P08VGHTA.mp4,1,DeepFakeDetection,c23
FaceForensics++,FaceForensics++__DeepFakeDetection__03_11__talking_against_wall__P08VGHTA.mp4,data\raw\FaceForensics++_C23\DeepFakeDetection\03_11__talking_against_wall__P08VGHTA.mp4,1,DeepFakeDetection,c23
FaceForensics++,FaceForensics++__DeepFakeDetection__03_11__walk_down_hall_angry__P08VGHTA.mp4,data\raw\FaceForensics++_C23\DeepFakeDetection\03_11__walk_down_hall_angry__P08VGHTA.mp4,1,DeepFakeDetection,c23
FaceForensics++,FaceForensics++__DeepFakeDetection__03_13__exit_phone_room__GBYWJW06.mp4,data\raw\FaceForensics++_C23\DeepFakeDetection\03_13__exit_phone_room__GBYWJW06.mp4,1,DeepFakeDetection,c23
FaceForensics++,FaceForensics++__DeepFakeDetection__03_13__kitchen_pan__GBYWJW06.mp4,data\raw\FaceForensics++_C23\DeepFakeDetection\03_13__kitchen_pan__GBYWJW06.mp4,1,DeepFakeDetection,c23
FaceForensics++,FaceForensics++__DeepFakeDetection__03_13__meeting_serious__GBYWJW06.mp4,data\raw\FaceForensics++_C23\DeepFakeDetection\03_13__meeting_serious__GBYWJW06.mp4,1,DeepFakeDetection,c23
FaceForensics++,FaceForensics++__DeepFakeDetection__03_13__meeting_serious__T3MZOI8X.mp4,data\raw\FaceForensics++_C23\DeepFakeDetection\03_13__meeting_serious__T3MZOI8X.mp4,1,DeepFakeDetection,c23
FaceForensics++,FaceForensics++__DeepFakeDetection__03_13__talking_against_wall__GBYWJW06.mp4,data\raw\FaceForensics++_C23\DeepFakeDetection\03_13__talking_against_wall__GBYWJW06.mp4,1,DeepFakeDetection,c23
FaceForensics++,FaceForensics++__DeepFakeDetection__03_14__exit_phone_room__H0VQHGS3.mp4,data\raw\FaceForensics++_C23\DeepFakeDetection\03_14__exit_phone_room__H0VQHGS3.mp4,1,DeepFakeDetection,c23
FaceForensics++,FaceForensics++__DeepFakeDetection__03_14__meeting_serious__KJ221YN0.mp4,data\raw\FaceForensics++_C23\DeepFakeDetection\03_14__meeting_serious__KJ221YN0.mp4,1,DeepFakeDetection,c23
FaceForensics++,FaceForensics++__DeepFakeDetection__03_14__meeting_serious__PLCQJM81.mp4,data\raw\FaceForensics++_C23\DeepFakeDetection\03_14__meeting_serious__PLCQJM81.mp4,1,DeepFakeDetection,c23
FaceForensics++,FaceForensics++__DeepFakeDetection__03_14__podium_speech_happy__Q9NSXM88.mp4,data\raw\FaceForensics++_C23\DeepFakeDetection\03_14__podium_speech_happy__Q9NSXM88.mp4,1,DeepFakeDetection,c23
FaceForensics++,FaceForensics++__DeepFakeDetection__03_14__talking_against_wall__ZC2KYASW.mp4,data\raw\FaceForensics++_C23\DeepFakeDetection\03_14__talking_against_wall__ZC2KYASW.mp4,1,DeepFakeDetection,c23
FaceForensics++,FaceForensics++__DeepFakeDetection__03_14__walking_down_street_outside_angry__H0VQHGS3.mp4,data\raw\FaceForensics++_C23\DeepFakeDetection\03_14__walking_down_street_outside_angry__H0VQHGS3.mp4,1,DeepFakeDetection,c23
FaceForensics++,FaceForensics++__DeepFakeDetection__03_14__walk_down_hall_angry__P1L5PF4I.mp4,data\raw\FaceForensics++_C23\DeepFakeDetection\03_14__walk_down_hall_angry__P1L5PF4I.mp4,1,DeepFakeDetection,c23
FaceForensics++,FaceForensics++__DeepFakeDetection__03_15__kitchen_pan__DNUJD8M2.mp4,data\raw\FaceForensics++_C23\DeepFakeDetection\03_15__kitchen_pan__DNUJD8M2.mp4,1,DeepFakeDetection,c23
FaceForensics++,FaceForensics++__DeepFakeDetection__03_15__meeting_serious__OY4I7ZU8.mp4,data\raw\FaceForensics++_C23\DeepFakeDetection\03_15__meeting_serious__OY4I7ZU8.mp4,1,DeepFakeDetection,c23
FaceForensics++,FaceForensics++__DeepFakeDetection__03_15__outside_talking_pan_laughing__Y11NT1YX.mp4,data\raw\FaceForensics++_C23\DeepFakeDetection\03_15__outside_talking_pan_laughing__Y11NT1YX.mp4,1,DeepFakeDetection,c23
FaceForensics++,FaceForensics++__DeepFakeDetection__03_15__outside_talking_still_laughing__DNUJD8M2.mp4,data\raw\FaceForensics++_C23\DeepFakeDetection\03_15__outside_talking_still_laughing__DNUJD8M2.mp4,1,DeepFakeDetection,c23
FaceForensics++,FaceForensics++__DeepFakeDetection__03_15__podium_speech_happy__DG8ITQO3.mp4,data\raw\FaceForensics++_C23\DeepFakeDetection\03_15__podium_speech_happy__DG8ITQO3.mp4,1,DeepFakeDetection,c23
FaceForensics++,FaceForensics++__DeepFakeDetection__03_18__kitchen_pan__22UBC0BS.mp4,data\raw\FaceForensics++_C23\DeepFakeDetection\03_18__kitchen_pan__22UBC0BS.mp4,1,DeepFakeDetection,c23
FaceForensics++,FaceForensics++__DeepFakeDetection__03_18__walking_and_outside_surprised__8HNSXOBW.mp4,data\raw\FaceForensics++_C23\DeepFakeDetection\03_18__walking_and_outside_surprised__8HNSXOBW.mp4,1,DeepFakeDetection,c23
FaceForensics++,FaceForensics++__DeepFakeDetection__03_18__walking_outside_cafe_disgusted__22UBC0BS.mp4,data\raw\FaceForensics++_C23\DeepFakeDetection\03_18__walking_outside_cafe_disgusted__22UBC0BS.mp4,1,DeepFakeDetection,c23
FaceForensics++,FaceForensics++__DeepFakeDetection__03_21__exit_phone_room__YCSEBZO4.mp4,data\raw\FaceForensics++_C23\DeepFakeDetection\03_21__exit_phone_room__YCSEBZO4.mp4,1,DeepFakeDetection,c23
FaceForensics++,FaceForensics++__DeepFakeDetection__03_21__kitchen_pan__YCSEBZO4.mp4,data\raw\FaceForensics++_C23\DeepFakeDetection\03_21__kitchen_pan__YCSEBZO4.mp4,1,DeepFakeDetection,c23
FaceForensics++,FaceForensics++__DeepFakeDetection__03_21__meeting_serious__V53E3RVB.mp4,data\raw\FaceForensics++_C23\DeepFakeDetection\03_21__meeting_serious__V53E3RVB.mp4,1,DeepFakeDetection,c23
FaceForensics++,FaceForensics++__DeepFakeDetection__03_21__secret_conversation__YCSEBZO4.mp4,data\raw\FaceForensics++_C23\DeepFakeDetection\03_21__secret_conversation__YCSEBZO4.mp4,1,DeepFakeDetection,c23
FaceForensics++,FaceForensics++__DeepFakeDetection__03_26__kitchen_pan__WBSXBL82.mp4,data\raw\FaceForensics++_C23\DeepFakeDetection\03_26__kitchen_pan__WBSXBL82.mp4,1,DeepFakeDetection,c23
FaceForensics++,FaceForensics++__DeepFakeDetection__03_26__kitchen_still__WBSXBL82.mp4,data\raw\FaceForensics++_C23\DeepFakeDetection\03_26__kitchen_still__WBSXBL82.mp4,1,DeepFakeDetection,c23
FaceForensics++,FaceForensics++__DeepFakeDetection__03_26__talking_against_wall__WBSXBL82.mp4,data\raw\FaceForensics++_C23\DeepFakeDetection\03_26__talking_against_wall__WBSXBL82.mp4,1,DeepFakeDetection,c23
FaceForensics++,FaceForensics++__DeepFakeDetection__03_26__walk_down_hall_angry__WBSXBL82.mp4,data\raw\FaceForensics++_C23\DeepFakeDetection\03_26__walk_down_hall_angry__WBSXBL82.mp4,1,DeepFakeDetection,c23
FaceForensics++,FaceForensics++__DeepFakeDetection__03_27__walking_and_outside_surprised__KWGI1LSZ.mp4,data\raw\FaceForensics++_C23\DeepFakeDetection\03_27__walking_and_outside_surprised__KWGI1LSZ.mp4,1,DeepFakeDetection,c23
FaceForensics++,FaceForensics++__DeepFakeDetection__03_27__walking_down_indoor_hall_disgust__IL675GCI.mp4,data\raw\FaceForensics++_C23\DeepFakeDetection\03_27__walking_down_indoor_hall_disgust__IL675GCI.mp4,1,DeepFakeDetection,c23
FaceForensics++,FaceForensics++__DeepFakeDetection__03_27__walk_down_hall_angry__IL675GCI.mp4,data\raw\FaceForensics++_C23\DeepFakeDetection\03_27__walk_down_hall_angry__IL675GCI.mp4,1,DeepFakeDetection,c23
FaceForensics++,FaceForensics++__DeepFakeDetection__04_01__exit_phone_room__0XUW13RW.mp4,data\raw\FaceForensics++_C23\DeepFakeDetection\04_01__exit_phone_room__0XUW13RW.mp4,1,DeepFakeDetection,c23
FaceForensics++,FaceForensics++__DeepFakeDetection__04_01__kitchen_pan__GBC7ZGDP.mp4,data\raw\FaceForensics++_C23\DeepFakeDetection\04_01__kitchen_pan__GBC7ZGDP.mp4,1,DeepFakeDetection,c23
FaceForensics++,FaceForensics++__DeepFakeDetection__04_01__kitchen_still__6I623VU9.mp4,data\raw\FaceForensics++_C23\DeepFakeDetection\04_01__kitchen_still__6I623VU9.mp4,1,DeepFakeDetection,c23
FaceForensics++,FaceForensics++__DeepFakeDetection__04_01__outside_talking_still_laughing__0XUW13RW.mp4,data\raw\FaceForensics++_C23\DeepFakeDetection\04_01__outside_talking_still_laughing__0XUW13RW.mp4,1,DeepFakeDetection,c23
FaceForensics++,FaceForensics++__DeepFakeDetection__04_01__outside_talking_still_laughing__6I623VU9.mp4,data\raw\FaceForensics++_C23\DeepFakeDetection\04_01__outside_talking_still_laughing__6I623VU9.mp4,1,DeepFakeDetection,c23
FaceForensics++,FaceForensics++__DeepFakeDetection__04_01__secret_conversation__6I623VU9.mp4,data\raw\FaceForensics++_C23\DeepFakeDetection\04_01__secret_conversation__6I623VU9.mp4,1,DeepFakeDetection,c23
FaceForensics++,FaceForensics++__DeepFakeDetection__04_01__walking_down_street_outside_angry__GBC7ZGDP.mp4,data\raw\FaceForensics++_C23\DeepFakeDetection\04_01__walking_down_street_outside_angry__GBC7ZGDP.mp4,1,DeepFakeDetection,c23
FaceForensics++,FaceForensics++__DeepFakeDetection__04_01__walk_down_hall_angry__GBC7ZGDP.mp4,data\raw\FaceForensics++_C23\DeepFakeDetection\04_01__walk_down_hall_angry__GBC7ZGDP.mp4,1,DeepFakeDetection,c23
FaceForensics++,FaceForensics++__DeepFakeDetection__04_07__exit_phone_room__ITC0C48B.mp4,data\raw\FaceForensics++_C23\DeepFakeDetection\04_07__exit_phone_room__ITC0C48B.mp4,1,DeepFakeDetection,c23
FaceForensics++,FaceForensics++__DeepFakeDetection__04_07__kitchen_pan__XRK7FGZX.mp4,data\raw\FaceForensics++_C23\DeepFakeDetection\04_07__kitchen_pan__XRK7FGZX.mp4,1,DeepFakeDetection,c23
FaceForensics++,FaceForensics++__DeepFakeDetection__04_07__outside_talking_still_laughing__QKCCFKBT.mp4,data\raw\FaceForensics++_C23\DeepFakeDetection\04_07__outside_talking_still_laughing__QKCCFKBT.mp4,1,DeepFakeDetection,c23
FaceForensics++,FaceForensics++__DeepFakeDetection__04_13__podium_speech_happy__00T3UYOR.mp4,data\raw\FaceForensics++_C23\DeepFakeDetection\04_13__podium_speech_happy__00T3UYOR.mp4,1,DeepFakeDetection,c23
FaceForensics++,FaceForensics++__DeepFakeDetection__04_13__secret_conversation__00T3UYOR.mp4,data\raw\FaceForensics++_C23\DeepFakeDetection\04_13__secret_conversation__00T3UYOR.mp4,1,DeepFakeDetection,c23
FaceForensics++,FaceForensics++__DeepFakeDetection__04_13__walking_down_street_outside_angry__00T3UYOR.mp4,data\raw\FaceForensics++_C23\DeepFakeDetection\04_13__walking_down_street_outside_angry__00T3UYOR.mp4,1,DeepFakeDetection,c23
FaceForensics++,FaceForensics++__DeepFakeDetection__04_21__outside_talking_still_laughing__5Y31RZP8.mp4,data\raw\FaceForensics++_C23\DeepFakeDetection\04_21__outside_talking_still_laughing__5Y31RZP8.mp4,1,DeepFakeDetection,c23
FaceForensics++,FaceForensics++__DeepFakeDetection__04_21__talking_angry_couch__5Y31RZP8.mp4,data\raw\FaceForensics++_C23\DeepFakeDetection\04_21__talking_angry_couch__5Y31RZP8.mp4,1,DeepFakeDetection,c23
FaceForensics++,FaceForensics++__DeepFakeDetection__04_21__walking_down_street_outside_angry__5Y31RZP8.mp4,data\raw\FaceForensics++_C23\DeepFakeDetection\04_21__walking_down_street_outside_angry__5Y31RZP8.mp4,1,DeepFakeDetection,c23
FaceForensics++,FaceForensics++__DeepFakeDetection__04_26__kitchen_pan__MS2MLJP1.mp4,data\raw\FaceForensics++_C23\DeepFakeDetection\04_26__kitchen_pan__MS2MLJP1.mp4,1,DeepFakeDetection,c23
FaceForensics++,FaceForensics++__DeepFakeDetection__04_26__walking_outside_cafe_disgusted__MS2MLJP1.mp4,data\raw\FaceForensics++_C23\DeepFakeDetection\04_26__walking_outside_cafe_disgusted__MS2MLJP1.mp4,1,DeepFakeDetection,c23
FaceForensics++,FaceForensics++__DeepFakeDetection__04_27__walking_outside_cafe_disgusted__2CCI2ND1.mp4,data\raw\FaceForensics++_C23\DeepFakeDetection\04_27__walking_outside_cafe_disgusted__2CCI2ND1.mp4,1,DeepFakeDetection,c23
FaceForensics++,FaceForensics++__DeepFakeDetection__05_08__exit_phone_room__YN1Q9TER.mp4,data\raw\FaceForensics++_C23\DeepFakeDetection\05_08__exit_phone_room__YN1Q9TER.mp4,1,DeepFakeDetection,c23
FaceForensics++,FaceForensics++__DeepFakeDetection__05_08__talking_against_wall__PRBCE28Z.mp4,data\raw\FaceForensics++_C23\DeepFakeDetection\05_08__talking_against_wall__PRBCE28Z.mp4,1,DeepFakeDetection,c23
FaceForensics++,FaceForensics++__DeepFakeDetection__05_16__exit_phone_room__B62WCGUN.mp4,data\raw\FaceForensics++_C23\DeepFakeDetection\05_16__exit_phone_room__B62WCGUN.mp4,1,DeepFakeDetection,c23
FaceForensics++,FaceForensics++__DeepFakeDetection__05_16__kitchen_still__053HPS1G.mp4,data\raw\FaceForensics++_C23\DeepFakeDetection\05_16__kitchen_still__053HPS1G.mp4,1,DeepFakeDetection,c23
FaceForensics++,FaceForensics++__DeepFakeDetection__05_16__kitchen_still__B62WCGUN.mp4,data\raw\FaceForensics++_C23\DeepFakeDetection\05_16__kitchen_still__B62WCGUN.mp4,1,DeepFakeDetection,c23
FaceForensics++,FaceForensics++__DeepFakeDetection__05_16__walk_down_hall_angry__OSXCUOHX.mp4,data\raw\FaceForensics++_C23\DeepFakeDetection\05_16__walk_down_hall_angry__OSXCUOHX.mp4,1,DeepFakeDetection,c23
FaceForensics++,FaceForensics++__DeepFakeDetection__05_16__walk_down_hall_angry__U9WZI5LK.mp4,data\raw\FaceForensics++_C23\DeepFakeDetection\05_16__walk_down_hall_angry__U9WZI5LK.mp4,1,DeepFakeDetection,c23
FaceForensics++,FaceForensics++__DeepFakeDetection__05_17__hugging_happy__YTJYYDO9.mp4,data\raw\FaceForensics++_C23\DeepFakeDetection\05_17__hugging_happy__YTJYYDO9.mp4,1,DeepFakeDetection,c23
FaceForensics++,FaceForensics++__DeepFakeDetection__05_17__walking_outside_cafe_disgusted__C4VHXZFY.mp4,data\raw\FaceForensics++_C23\DeepFakeDetection\05_17__walking_outside_cafe_disgusted__C4VHXZFY.mp4,1,DeepFakeDetection,c23
FaceForensics++,FaceForensics++__DeepFakeDetection__05_28__exit_phone_room__U9LRLJ6N.mp4,data\raw\FaceForensics++_C23\DeepFakeDetection\05_28__exit_phone_room__U9LRLJ6N.mp4,1,DeepFakeDetection,c23
FaceForensics++,FaceForensics++__DeepFakeDetection__05_28__hugging_happy__VR9127O1.mp4,data\raw\FaceForensics++_C23\DeepFakeDetection\05_28__hugging_happy__VR9127O1.mp4,1,DeepFakeDetection,c23
FaceForensics++,FaceForensics++__DeepFakeDetection__05_28__walking_outside_cafe_disgusted__2DK5X0Y0.mp4,data\raw\FaceForensics++_C23\DeepFakeDetection\05_28__walking_outside_cafe_disgusted__2DK5X0Y0.mp4,1,DeepFakeDetection,c23
FaceForensics++,FaceForensics++__DeepFakeDetection__06_02__walking_down_indoor_hall_disgust__GH8TGTBS.mp4,data\raw\FaceForensics++_C23\DeepFakeDetection\06_02__walking_down_indoor_hall_disgust__GH8TGTBS.mp4,1,DeepFakeDetection,c23
FaceForensics++,FaceForensics++__DeepFakeDetection__06_02__walk_down_hall_angry__37DH75GQ.mp4,data\raw\FaceForensics++_C23\DeepFakeDetection\06_02__walk_down_hall_angry__37DH75GQ.mp4,1,DeepFakeDetection,c23
FaceForensics++,FaceForensics++__DeepFakeDetection__06_03__talking_against_wall__4I8LRXWF.mp4,data\raw\FaceForensics++_C23\DeepFakeDetection\06_03__talking_against_wall__4I8LRXWF.mp4,1,DeepFakeDetection,c23
FaceForensics++,FaceForensics++__DeepFakeDetection__06_04__outside_talking_still_laughing__ZK95PQDE.mp4,data\raw\FaceForensics++_C23\DeepFakeDetection\06_04__outside_talking_still_laughing__ZK95PQDE.mp4,1,DeepFakeDetection,c23
FaceForensics++,FaceForensics++__DeepFakeDetection__06_04__walking_outside_cafe_disgusted__ZK95PQDE.mp4,data\raw\FaceForensics++_C23\DeepFakeDetection\06_04__walking_outside_cafe_disgusted__ZK95PQDE.mp4,1,DeepFakeDetection,c23
FaceForensics++,FaceForensics++__DeepFakeDetection__06_07__exit_phone_room__NMGYPBXE.mp4,data\raw\FaceForensics++_C23\DeepFakeDetection\06_07__exit_phone_room__NMGYPBXE.mp4,1,DeepFakeDetection,c23
FaceForensics++,FaceForensics++__DeepFakeDetection__06_07__kitchen_pan__NMGYPBXE.mp4,data\raw\FaceForensics++_C23\DeepFakeDetection\06_07__kitchen_pan__NMGYPBXE.mp4,1,DeepFakeDetection,c23
FaceForensics++,FaceForensics++__DeepFakeDetection__06_07__outside_talking_pan_laughing__NMGYPBXE.mp4,data\raw\FaceForensics++_C23\DeepFakeDetection\06_07__outside_talking_pan_laughing__NMGYPBXE.mp4,1,DeepFakeDetection,c23
FaceForensics++,FaceForensics++__DeepFakeDetection__06_07__walking_down_street_outside_angry__NMGYPBXE.mp4,data\raw\FaceForensics++_C23\DeepFakeDetection\06_07__walking_down_street_outside_angry__NMGYPBXE.mp4,1,DeepFakeDetection,c23
FaceForensics++,FaceForensics++__DeepFakeDetection__06_07__walking_outside_cafe_disgusted__NMGYPBXE.mp4,data\raw\FaceForensics++_C23\DeepFakeDetection\06_07__walking_outside_cafe_disgusted__NMGYPBXE.mp4,1,DeepFakeDetection,c23
FaceForensics++,FaceForensics++__DeepFakeDetection__06_11__kitchen_still__C8C4FW99.mp4,data\raw\FaceForensics++_C23\DeepFakeDetection\06_11__kitchen_still__C8C4FW99.mp4,1,DeepFakeDetection,c23
FaceForensics++,FaceForensics++__DeepFakeDetection__06_11__walking_outside_cafe_disgusted__MX659QU8.mp4,data\raw\FaceForensics++_C23\DeepFakeDetection\06_11__walking_outside_cafe_disgusted__MX659QU8.mp4,1,DeepFakeDetection,c23
FaceForensics++,FaceForensics++__DeepFakeDetection__06_12__outside_talking_pan_laughing__3K21NFNM.mp4,data\raw\FaceForensics++_C23\DeepFakeDetection\06_12__outside_talking_pan_laughing__3K21NFNM.mp4,1,DeepFakeDetection,c23
FaceForensics++,FaceForensics++__DeepFakeDetection__06_12__outside_talking_still_laughing__3K21NFNM.mp4,data\raw\FaceForensics++_C23\DeepFakeDetection\06_12__outside_talking_still_laughing__3K21NFNM.mp4,1,DeepFakeDetection,c23
FaceForensics++,FaceForensics++__DeepFakeDetection__06_12__podium_speech_happy__3K21NFNM.mp4,data\raw\FaceForensics++_C23\DeepFakeDetection\06_12__podium_speech_happy__3K21NFNM.mp4,1,DeepFakeDetection,c23
FaceForensics++,FaceForensics++__DeepFakeDetection__06_12__walking_and_outside_surprised__3K21NFNM.mp4,data\raw\FaceForensics++_C23\DeepFakeDetection\06_12__walking_and_outside_surprised__3K21NFNM.mp4,1,DeepFakeDetection,c23
FaceForensics++,FaceForensics++__DeepFakeDetection__06_14__outside_talking_pan_laughing__8U9ULZDT.mp4,data\raw\FaceForensics++_C23\DeepFakeDetection\06_14__outside_talking_pan_laughing__8U9ULZDT.mp4,1,DeepFakeDetection,c23
FaceForensics++,FaceForensics++__DeepFakeDetection__06_14__walking_and_outside_surprised__8U9ULZDT.mp4,data\raw\FaceForensics++_C23\DeepFakeDetection\06_14__walking_and_outside_surprised__8U9ULZDT.mp4,1,DeepFakeDetection,c23
FaceForensics++,FaceForensics++__DeepFakeDetection__06_14__walking_down_indoor_hall_disgust__8U9ULZDT.mp4,data\raw\FaceForensics++_C23\DeepFakeDetection\06_14__walking_down_indoor_hall_disgust__8U9ULZDT.mp4,1,DeepFakeDetection,c23
FaceForensics++,FaceForensics++__DeepFakeDetection__06_15__exit_phone_room__QRCD27P8.mp4,data\raw\FaceForensics++_C23\DeepFakeDetection\06_15__exit_phone_room__QRCD27P8.mp4,1,DeepFakeDetection,c23
FaceForensics++,FaceForensics++__DeepFakeDetection__06_15__kitchen_pan__E98QYYXO.mp4,data\raw\FaceForensics++_C23\DeepFakeDetection\06_15__kitchen_pan__E98QYYXO.mp4,1,DeepFakeDetection,c23
FaceForensics++,FaceForensics++__DeepFakeDetection__06_15__outside_talking_still_laughing__E98QYYXO.mp4,data\raw\FaceForensics++_C23\DeepFakeDetection\06_15__outside_talking_still_laughing__E98QYYXO.mp4,1,DeepFakeDetection,c23
FaceForensics++,FaceForensics++__DeepFakeDetection__06_15__outside_talking_still_laughing__QRCD27P8.mp4,data\raw\FaceForensics++_C23\DeepFakeDetection\06_15__outside_talking_still_laughing__QRCD27P8.mp4,1,DeepFakeDetection,c23
FaceForensics++,FaceForensics++__DeepFakeDetection__06_15__walking_and_outside_surprised__QRCD27P8.mp4,data\raw\FaceForensics++_C23\DeepFakeDetection\06_15__walking_and_outside_surprised__QRCD27P8.mp4,1,DeepFakeDetection,c23
FaceForensics++,FaceForensics++__DeepFakeDetection__06_15__walking_down_indoor_hall_disgust__QRCD27P8.mp4,data\raw\FaceForensics++_C23\DeepFakeDetection\06_15__walking_down_indoor_hall_disgust__QRCD27P8.mp4,1,DeepFakeDetection,c23
FaceForensics++,FaceForensics++__DeepFakeDetection__06_18__outside_talking_pan_laughing__DEA1TCLN.mp4,data\raw\FaceForensics++_C23\DeepFakeDetection\06_18__outside_talking_pan_laughing__DEA1TCLN.mp4,1,DeepFakeDetection,c23
FaceForensics++,FaceForensics++__DeepFakeDetection__06_18__outside_talking_still_laughing__M36D0OJT.mp4,data\raw\FaceForensics++_C23\DeepFakeDetection\06_18__outside_talking_still_laughing__M36D0OJT.mp4,1,DeepFakeDetection,c23
FaceForensics++,FaceForensics++__DeepFakeDetection__06_18__podium_speech_happy__5HNHMK6G.mp4,data\raw\FaceForensics++_C23\DeepFakeDetection\06_18__podium_speech_happy__5HNHMK6G.mp4,1,DeepFakeDetection,c23
FaceForensics++,FaceForensics++__DeepFakeDetection__06_18__podium_speech_happy__DEA1TCLN.mp4,data\raw\FaceForensics++_C23\DeepFakeDetection\06_18__podium_speech_happy__DEA1TCLN.mp4,1,DeepFakeDetection,c23
FaceForensics++,FaceForensics++__DeepFakeDetection__06_18__talking_angry_couch__DEA1TCLN.mp4,data\raw\FaceForensics++_C23\DeepFakeDetection\06_18__talking_angry_couch__DEA1TCLN.mp4,1,DeepFakeDetection,c23
FaceForensics++,FaceForensics++__DeepFakeDetection__06_18__walking_down_indoor_hall_disgust__DEA1TCLN.mp4,data\raw\FaceForensics++_C23\DeepFakeDetection\06_18__walking_down_indoor_hall_disgust__DEA1TCLN.mp4,1,DeepFakeDetection,c23
FaceForensics++,FaceForensics++__DeepFakeDetection__06_18__walking_down_street_outside_angry__MVXBDKGB.mp4,data\raw\FaceForensics++_C23\DeepFakeDetection\06_18__walking_down_street_outside_angry__MVXBDKGB.mp4,1,DeepFakeDetection,c23
FaceForensics++,FaceForensics++__DeepFakeDetection__06_18__walk_down_hall_angry__LH0KWJKM.mp4,data\raw\FaceForensics++_C23\DeepFakeDetection\06_18__walk_down_hall_angry__LH0KWJKM.mp4,1,DeepFakeDetection,c23
FaceForensics++,FaceForensics++__DeepFakeDetection__06_20__kitchen_pan__6SUW7063.mp4,data\raw\FaceForensics++_C23\DeepFakeDetection\06_20__kitchen_pan__6SUW7063.mp4,1,DeepFakeDetection,c23
FaceForensics++,FaceForensics++__DeepFakeDetection__06_25__walking_and_outside_surprised__MI9BDQ7M.mp4,data\raw\FaceForensics++_C23\DeepFakeDetection\06_25__walking_and_outside_surprised__MI9BDQ7M.mp4,1,DeepFakeDetection,c23
FaceForensics++,FaceForensics++__DeepFakeDetection__06_26__kitchen_pan__L5BVR5L9.mp4,data\raw\FaceForensics++_C23\DeepFakeDetection\06_26__kitchen_pan__L5BVR5L9.mp4,1,DeepFakeDetection,c23
FaceForensics++,FaceForensics++__DeepFakeDetection__06_26__kitchen_still__L5BVR5L9.mp4,data\raw\FaceForensics++_C23\DeepFakeDetection\06_26__kitchen_still__L5BVR5L9.mp4,1,DeepFakeDetection,c23
FaceForensics++,FaceForensics++__DeepFakeDetection__06_26__talking_against_wall__L5BVR5L9.mp4,data\raw\FaceForensics++_C23\DeepFakeDetection\06_26__talking_against_wall__L5BVR5L9.mp4,1,DeepFakeDetection,c23
FaceForensics++,FaceForensics++__DeepFakeDetection__06_26__talking_angry_couch__L5BVR5L9.mp4,data\raw\FaceForensics++_C23\DeepFakeDetection\06_26__talking_angry_couch__L5BVR5L9.mp4,1,DeepFakeDetection,c23
FaceForensics++,FaceForensics++__DeepFakeDetection__06_27__outside_talking_still_laughing__SZWVBWY4.mp4,data\raw\FaceForensics++_C23\DeepFakeDetection\06_27__outside_talking_still_laughing__SZWVBWY4.mp4,1,DeepFakeDetection,c23
FaceForensics++,FaceForensics++__DeepFakeDetection__06_27__talking_angry_couch__JOG5PB18.mp4,data\raw\FaceForensics++_C23\DeepFakeDetection\06_27__talking_angry_couch__JOG5PB18.mp4,1,DeepFakeDetection,c23
FaceForensics++,FaceForensics++__DeepFakeDetection__06_27__walking_and_outside_surprised__O7L5Z9U8.mp4,data\raw\FaceForensics++_C23\DeepFakeDetection\06_27__walking_and_outside_surprised__O7L5Z9U8.mp4,1,DeepFakeDetection,c23
FaceForensics++,FaceForensics++__DeepFakeDetection__06_27__walking_and_outside_surprised__SZWVBWY4.mp4,data\raw\FaceForensics++_C23\DeepFakeDetection\06_27__walking_and_outside_surprised__SZWVBWY4.mp4,1,DeepFakeDetection,c23
FaceForensics++,FaceForensics++__DeepFakeDetection__06_27__walking_outside_cafe_disgusted__VN14WY2N.mp4,data\raw\FaceForensics++_C23\DeepFakeDetection\06_27__walking_outside_cafe_disgusted__VN14WY2N.mp4,1,DeepFakeDetection,c23
FaceForensics++,FaceForensics++__DeepFakeDetection__07_02__exit_phone_room__1KPVZAAP.mp4,data\raw\FaceForensics++_C23\DeepFakeDetection\07_02__exit_phone_room__1KPVZAAP.mp4,1,DeepFakeDetection,c23
FaceForensics++,FaceForensics++__DeepFakeDetection__07_02__hugging_happy__O4SXNLRL.mp4,data\raw\FaceForensics++_C23\DeepFakeDetection\07_02__hugging_happy__O4SXNLRL.mp4,1,DeepFakeDetection,c23
FaceForensics++,FaceForensics++__DeepFakeDetection__07_02__kitchen_pan__O4SXNLRL.mp4,data\raw\FaceForensics++_C23\DeepFakeDetection\07_02__kitchen_pan__O4SXNLRL.mp4,1,DeepFakeDetection,c23
FaceForensics++,FaceForensics++__DeepFakeDetection__07_02__talking_against_wall__34PVT42V.mp4,data\raw\FaceForensics++_C23\DeepFakeDetection\07_02__talking_against_wall__34PVT42V.mp4,1,DeepFakeDetection,c23
FaceForensics++,FaceForensics++__DeepFakeDetection__07_02__talking_angry_couch__1H07DFQJ.mp4,data\raw\FaceForensics++_C23\DeepFakeDetection\07_02__talking_angry_couch__1H07DFQJ.mp4,1,DeepFakeDetection,c23
FaceForensics++,FaceForensics++__DeepFakeDetection__07_02__walking_down_street_outside_angry__O4SXNLRL.mp4,data\raw\FaceForensics++_C23\DeepFakeDetection\07_02__walking_down_street_outside_angry__O4SXNLRL.mp4,1,DeepFakeDetection,c23
FaceForensics++,FaceForensics++__DeepFakeDetection__07_02__walk_down_hall_angry__O4SXNLRL.mp4,data\raw\FaceForensics++_C23\DeepFakeDetection\07_02__walk_down_hall_angry__O4SXNLRL.mp4,1,DeepFakeDetection,c23
FaceForensics++,FaceForensics++__DeepFakeDetection__07_03__hugging_happy__7NGMD8FT.mp4,data\raw\FaceForensics++_C23\DeepFakeDetection\07_03__hugging_happy__7NGMD8FT.mp4,1,DeepFakeDetection,c23
FaceForensics++,FaceForensics++__DeepFakeDetection__07_03__hugging_happy__WPT3Z2KN.mp4,data\raw\FaceForensics++_C23\DeepFakeDetection\07_03__hugging_happy__WPT3Z2KN.mp4,1,DeepFakeDetection,c23
FaceForensics++,FaceForensics++__DeepFakeDetection__07_03__kitchen_pan__WPT3Z2KN.mp4,data\raw\FaceForensics++_C23\DeepFakeDetection\07_03__kitchen_pan__WPT3Z2KN.mp4,1,DeepFakeDetection,c23
FaceForensics++,FaceForensics++__DeepFakeDetection__07_03__outside_talking_pan_laughing__IFSURI9X.mp4,data\raw\FaceForensics++_C23\DeepFakeDetection\07_03__outside_talking_pan_laughing__IFSURI9X.mp4,1,DeepFakeDetection,c23
FaceForensics++,FaceForensics++__DeepFakeDetection__07_03__outside_talking_still_laughing__IFSURI9X.mp4,data\raw\FaceForensics++_C23\DeepFakeDetection\07_03__outside_talking_still_laughing__IFSURI9X.mp4,1,DeepFakeDetection,c23
FaceForensics++,FaceForensics++__DeepFakeDetection__07_03__podium_speech_happy__6PHZRQ4H.mp4,data\raw\FaceForensics++_C23\DeepFakeDetection\07_03__podium_speech_happy__6PHZRQ4H.mp4,1,DeepFakeDetection,c23
FaceForensics++,FaceForensics++__DeepFakeDetection__07_03__talking_against_wall__IFSURI9X.mp4,data\raw\FaceForensics++_C23\DeepFakeDetection\07_03__talking_against_wall__IFSURI9X.mp4,1,DeepFakeDetection,c23
FaceForensics++,FaceForensics++__DeepFakeDetection__07_03__walking_outside_cafe_disgusted__F0YYEA5W.mp4,data\raw\FaceForensics++_C23\DeepFakeDetection\07_03__walking_outside_cafe_disgusted__F0YYEA5W.mp4,1,DeepFakeDetection,c23
FaceForensics++,FaceForensics++__DeepFakeDetection__07_03__walk_down_hall_angry__W3MXGEU9.mp4,data\raw\FaceForensics++_C23\DeepFakeDetection\07_03__walk_down_hall_angry__W3MXGEU9.mp4,1,DeepFakeDetection,c23
FaceForensics++,FaceForensics++__DeepFakeDetection__07_04__exit_phone_room__QKCCFKBT.mp4,data\raw\FaceForensics++_C23\DeepFakeDetection\07_04__exit_phone_room__QKCCFKBT.mp4,1,DeepFakeDetection,c23
FaceForensics++,FaceForensics++__DeepFakeDetection__07_04__kitchen_pan__XRK7FGZX.mp4,data\raw\FaceForensics++_C23\DeepFakeDetection\07_04__kitchen_pan__XRK7FGZX.mp4,1,DeepFakeDetection,c23
FaceForensics++,FaceForensics++__DeepFakeDetection__07_04__kitchen_still__M2NBCLFR.mp4,data\raw\FaceForensics++_C23\DeepFakeDetection\07_04__kitchen_still__M2NBCLFR.mp4,1,DeepFakeDetection,c23
FaceForensics++,FaceForensics++__DeepFakeDetection__07_04__outside_talking_still_laughing__XRK7FGZX.mp4,data\raw\FaceForensics++_C23\DeepFakeDetection\07_04__outside_talking_still_laughing__XRK7FGZX.mp4,1,DeepFakeDetection,c23
FaceForensics++,FaceForensics++__DeepFakeDetection__07_06__kitchen_pan__NMGYPBXE.mp4,data\raw\FaceForensics++_C23\DeepFakeDetection\07_06__kitchen_pan__NMGYPBXE.mp4,1,DeepFakeDetection,c23
FaceForensics++,FaceForensics++__DeepFakeDetection__07_06__outside_talking_still_laughing__NMGYPBXE.mp4,data\raw\FaceForensics++_C23\DeepFakeDetection\07_06__outside_talking_still_laughing__NMGYPBXE.mp4,1,DeepFakeDetection,c23
FaceForensics++,FaceForensics++__DeepFakeDetection__07_06__walking_down_street_outside_angry__NMGYPBXE.mp4,data\raw\FaceForensics++_C23\DeepFakeDetection\07_06__walking_down_street_outside_angry__NMGYPBXE.mp4,1,DeepFakeDetection,c23
FaceForensics++,FaceForensics++__DeepFakeDetection__07_09__outside_talking_still_laughing__N9CWME71.mp4,data\raw\FaceForensics++_C23\DeepFakeDetection\07_09__outside_talking_still_laughing__N9CWME71.mp4,1,DeepFakeDetection,c23
FaceForensics++,FaceForensics++__DeepFakeDetection__07_12__outside_talking_still_laughing__0VN0A2T3.mp4,data\raw\FaceForensics++_C23\DeepFakeDetection\07_12__outside_talking_still_laughing__0VN0A2T3.mp4,1,DeepFakeDetection,c23
FaceForensics++,FaceForensics++__DeepFakeDetection__07_13__walking_outside_cafe_disgusted__RVQCPCJF.mp4,data\raw\FaceForensics++_C23\DeepFakeDetection\07_13__walking_outside_cafe_disgusted__RVQCPCJF.mp4,1,DeepFakeDetection,c23
FaceForensics++,FaceForensics++__DeepFakeDetection__07_14__exit_phone_room__P9QFO50U.mp4,data\raw\FaceForensics++_C23\DeepFakeDetection\07_14__exit_phone_room__P9QFO50U.mp4,1,DeepFakeDetection,c23
FaceForensics++,FaceForensics++__DeepFakeDetection__07_14__outside_talking_pan_laughing__P9QFO50U.mp4,data\raw\FaceForensics++_C23\DeepFakeDetection\07_14__outside_talking_pan_laughing__P9QFO50U.mp4,1,DeepFakeDetection,c23
FaceForensics++,FaceForensics++__DeepFakeDetection__07_14__podium_speech_happy__VOX29AK0.mp4,data\raw\FaceForensics++_C23\DeepFakeDetection\07_14__podium_speech_happy__VOX29AK0.mp4,1,DeepFakeDetection,c23
FaceForensics++,FaceForensics++__DeepFakeDetection__07_14__talking_against_wall__P9QFO50U.mp4,data\raw\FaceForensics++_C23\DeepFakeDetection\07_14__talking_against_wall__P9QFO50U.mp4,1,DeepFakeDetection,c23
FaceForensics++,FaceForensics++__DeepFakeDetection__07_14__walking_down_street_outside_angry__VOX29AK0.mp4,data\raw\FaceForensics++_C23\DeepFakeDetection\07_14__walking_down_street_outside_angry__VOX29AK0.mp4,1,DeepFakeDetection,c23
FaceForensics++,FaceForensics++__DeepFakeDetection__07_15__hugging_happy__9Z2MLKVX.mp4,data\raw\FaceForensics++_C23\DeepFakeDetection\07_15__hugging_happy__9Z2MLKVX.mp4,1,DeepFakeDetection,c23
FaceForensics++,FaceForensics++__DeepFakeDetection__07_15__outside_talking_still_laughing__KM6M2TBT.mp4,data\raw\FaceForensics++_C23\DeepFakeDetection\07_15__outside_talking_still_laughing__KM6M2TBT.mp4,1,DeepFakeDetection,c23
FaceForensics++,FaceForensics++__DeepFakeDetection__07_15__walking_down_street_outside_angry__NYPO7U50.mp4,data\raw\FaceForensics++_C23\DeepFakeDetection\07_15__walking_down_street_outside_angry__NYPO7U50.mp4,1,DeepFakeDetection,c23
FaceForensics++,FaceForensics++__DeepFakeDetection__07_20__outside_talking_pan_laughing__KV6Q7D6C.mp4,data\raw\FaceForensics++_C23\DeepFakeDetection\07_20__outside_talking_pan_laughing__KV6Q7D6C.mp4,1,DeepFakeDetection,c23
FaceForensics++,FaceForensics++__DeepFakeDetection__07_20__talking_against_wall__KV6Q7D6C.mp4,data\raw\FaceForensics++_C23\DeepFakeDetection\07_20__talking_against_wall__KV6Q7D6C.mp4,1,DeepFakeDetection,c23
FaceForensics++,FaceForensics++__DeepFakeDetection__07_21__exit_phone_room__K7KXUHMU.mp4,data\raw\FaceForensics++_C23\DeepFakeDetection\07_21__exit_phone_room__K7KXUHMU.mp4,1,DeepFakeDetection,c23
FaceForensics++,FaceForensics++__DeepFakeDetection__07_21__outside_talking_still_laughing__K7KXUHMU.mp4,data\raw\FaceForensics++_C23\DeepFakeDetection\07_21__outside_talking_still_laughing__K7KXUHMU.mp4,1,DeepFakeDetection,c23
FaceForensics++,FaceForensics++__DeepFakeDetection__07_21__secret_conversation__CRGVSDBI.mp4,data\raw\FaceForensics++_C23\DeepFakeDetection\07_21__secret_conversation__CRGVSDBI.mp4,1,DeepFakeDetection,c23
FaceForensics++,FaceForensics++__DeepFakeDetection__07_21__walking_down_street_outside_angry__K7KXUHMU.mp4,data\raw\FaceForensics++_C23\DeepFakeDetection\07_21__walking_down_street_outside_angry__K7KXUHMU.mp4,1,DeepFakeDetection,c23
FaceForensics++,FaceForensics++__DeepFakeDetection__07_25__walking_down_street_outside_angry__IKMKYKPG.mp4,data\raw\FaceForensics++_C23\DeepFakeDetection\07_25__walking_down_street_outside_angry__IKMKYKPG.mp4,1,DeepFakeDetection,c23
FaceForensics++,FaceForensics++__DeepFakeDetection__07_25__walk_down_hall_angry__PAE9HCA8.mp4,data\raw\FaceForensics++_C23\DeepFakeDetection\07_25__walk_down_hall_angry__PAE9HCA8.mp4,1,DeepFakeDetection,c23
FaceForensics++,FaceForensics++__DeepFakeDetection__07_26__walk_down_hall_angry__FGNGC2GT.mp4,data\raw\FaceForensics++_C23\DeepFakeDetection\07_26__walk_down_hall_angry__FGNGC2GT.mp4,1,DeepFakeDetection,c23
FaceForensics++,FaceForensics++__DeepFakeDetection__07_27__walking_down_street_outside_angry__3RH5PR6S.mp4,data\raw\FaceForensics++_C23\DeepFakeDetection\07_27__walking_down_street_outside_angry__3RH5PR6S.mp4,1,DeepFakeDetection,c23
FaceForensics++,FaceForensics++__DeepFakeDetection__08_05__kitchen_still__LVIZ2X8P.mp4,data\raw\FaceForensics++_C23\DeepFakeDetection\08_05__kitchen_still__LVIZ2X8P.mp4,1,DeepFakeDetection,c23
FaceForensics++,FaceForensics++__DeepFakeDetection__08_05__walk_down_hall_angry__FBICSP2C.mp4,data\raw\FaceForensics++_C23\DeepFakeDetection\08_05__walk_down_hall_angry__FBICSP2C.mp4,1,DeepFakeDetection,c23
FaceForensics++,FaceForensics++__DeepFakeDetection__08_05__walk_down_hall_angry__PRBCE28Z.mp4,data\raw\FaceForensics++_C23\DeepFakeDetection\08_05__walk_down_hall_angry__PRBCE28Z.mp4,1,DeepFakeDetection,c23
FaceForensics++,FaceForensics++__DeepFakeDetection__08_16__podium_speech_happy__8Q7JCS95.mp4,data\raw\FaceForensics++_C23\DeepFakeDetection\08_16__podium_speech_happy__8Q7JCS95.mp4,1,DeepFakeDetection,c23
FaceForensics++,FaceForensics++__DeepFakeDetection__08_16__talking_against_wall__8Q7JCS95.mp4,data\raw\FaceForensics++_C23\DeepFakeDetection\08_16__talking_against_wall__8Q7JCS95.mp4,1,DeepFakeDetection,c23
FaceForensics++,FaceForensics++__DeepFakeDetection__08_17__kitchen_pan__JZYRLJ8T.mp4,data\raw\FaceForensics++_C23\DeepFakeDetection\08_17__kitchen_pan__JZYRLJ8T.mp4,1,DeepFakeDetection,c23
FaceForensics++,FaceForensics++__DeepFakeDetection__08_17__walk_down_hall_angry__QOX5NWIJ.mp4,data\raw\FaceForensics++_C23\DeepFakeDetection\08_17__walk_down_hall_angry__QOX5NWIJ.mp4,1,DeepFakeDetection,c23
FaceForensics++,FaceForensics++__DeepFakeDetection__08_28__outside_talking_pan_laughing__8BC35RFU.mp4,data\raw\FaceForensics++_C23\DeepFakeDetection\08_28__outside_talking_pan_laughing__8BC35RFU.mp4,1,DeepFakeDetection,c23
FaceForensics++,FaceForensics++__DeepFakeDetection__09_01__walk_down_hall_angry__6TSGVLHA.mp4,data\raw\FaceForensics++_C23\DeepFakeDetection\09_01__walk_down_hall_angry__6TSGVLHA.mp4,1,DeepFakeDetection,c23
FaceForensics++,FaceForensics++__DeepFakeDetection__09_02__exit_phone_room__6KUOFMZW.mp4,data\raw\FaceForensics++_C23\DeepFakeDetection\09_02__exit_phone_room__6KUOFMZW.mp4,1,DeepFakeDetection,c23
FaceForensics++,FaceForensics++__DeepFakeDetection__09_02__walking_down_street_outside_angry__6KUOFMZW.mp4,data\raw\FaceForensics++_C23\DeepFakeDetection\09_02__walking_down_street_outside_angry__6KUOFMZW.mp4,1,DeepFakeDetection,c23
FaceForensics++,FaceForensics++__DeepFakeDetection__09_02__walking_down_street_outside_angry__9TDCEK1Q.mp4,data\raw\FaceForensics++_C23\DeepFakeDetection\09_02__walking_down_street_outside_angry__9TDCEK1Q.mp4,1,DeepFakeDetection,c23
FaceForensics++,FaceForensics++__DeepFakeDetection__09_02__walk_down_hall_angry__6KUOFMZW.mp4,data\raw\FaceForensics++_C23\DeepFakeDetection\09_02__walk_down_hall_angry__6KUOFMZW.mp4,1,DeepFakeDetection,c23
FaceForensics++,FaceForensics++__DeepFakeDetection__09_03__kitchen_pan__8DTEGQ54.mp4,data\raw\FaceForensics++_C23\DeepFakeDetection\09_03__kitchen_pan__8DTEGQ54.mp4,1,DeepFakeDetection,c23
FaceForensics++,FaceForensics++__DeepFakeDetection__09_03__talking_against_wall__8DTEGQ54.mp4,data\raw\FaceForensics++_C23\DeepFakeDetection\09_03__talking_against_wall__8DTEGQ54.mp4,1,DeepFakeDetection,c23
FaceForensics++,FaceForensics++__DeepFakeDetection__09_03__talking_angry_couch__RCETIXYL.mp4,data\raw\FaceForensics++_C23\DeepFakeDetection\09_03__talking_angry_couch__RCETIXYL.mp4,1,DeepFakeDetection,c23
FaceForensics++,FaceForensics++__DeepFakeDetection__09_07__kitchen_pan__N9CWME71.mp4,data\raw\FaceForensics++_C23\DeepFakeDetection\09_07__kitchen_pan__N9CWME71.mp4,1,DeepFakeDetection,c23
FaceForensics++,FaceForensics++__DeepFakeDetection__09_11__talking_against_wall__INNOT5UE.mp4,data\raw\FaceForensics++_C23\DeepFakeDetection\09_11__talking_against_wall__INNOT5UE.mp4,1,DeepFakeDetection,c23
FaceForensics++,FaceForensics++__DeepFakeDetection__09_13__kitchen_pan__21H6XSPE.mp4,data\raw\FaceForensics++_C23\DeepFakeDetection\09_13__kitchen_pan__21H6XSPE.mp4,1,DeepFakeDetection,c23
FaceForensics++,FaceForensics++__DeepFakeDetection__09_13__outside_talking_pan_laughing__6K90KFOQ.mp4,data\raw\FaceForensics++_C23\DeepFakeDetection\09_13__outside_talking_pan_laughing__6K90KFOQ.mp4,1,DeepFakeDetection,c23
FaceForensics++,FaceForensics++__DeepFakeDetection__09_13__outside_talking_pan_laughing__LPT427RY.mp4,data\raw\FaceForensics++_C23\DeepFakeDetection\09_13__outside_talking_pan_laughing__LPT427RY.mp4,1,DeepFakeDetection,c23
FaceForensics++,FaceForensics++__DeepFakeDetection__09_13__walking_down_street_outside_angry__NDMHWBT1.mp4,data\raw\FaceForensics++_C23\DeepFakeDetection\09_13__walking_down_street_outside_angry__NDMHWBT1.mp4,1,DeepFakeDetection,c23
FaceForensics++,FaceForensics++__DeepFakeDetection__09_13__walk_down_hall_angry__BVZGDFD8.mp4,data\raw\FaceForensics++_C23\DeepFakeDetection\09_13__walk_down_hall_angry__BVZGDFD8.mp4,1,DeepFakeDetection,c23
FaceForensics++,FaceForensics++__DeepFakeDetection__09_14__outside_talking_still_laughing__FRY0IZ4R.mp4,data\raw\FaceForensics++_C23\DeepFakeDetection\09_14__outside_talking_still_laughing__FRY0IZ4R.mp4,1,DeepFakeDetection,c23
FaceForensics++,FaceForensics++__DeepFakeDetection__09_14__talking_angry_couch__6TEK3ZX0.mp4,data\raw\FaceForensics++_C23\DeepFakeDetection\09_14__talking_angry_couch__6TEK3ZX0.mp4,1,DeepFakeDetection,c23
FaceForensics++,FaceForensics++__DeepFakeDetection__09_18__outside_talking_pan_laughing__3VP8836C.mp4,data\raw\FaceForensics++_C23\DeepFakeDetection\09_18__outside_talking_pan_laughing__3VP8836C.mp4,1,DeepFakeDetection,c23
FaceForensics++,FaceForensics++__DeepFakeDetection__09_20__kitchen_pan__98NUQ3E6.mp4,data\raw\FaceForensics++_C23\DeepFakeDetection\09_20__kitchen_pan__98NUQ3E6.mp4,1,DeepFakeDetection,c23
FaceForensics++,FaceForensics++__DeepFakeDetection__09_20__outside_talking_still_laughing__MKEWB4SM.mp4,data\raw\FaceForensics++_C23\DeepFakeDetection\09_20__outside_talking_still_laughing__MKEWB4SM.mp4,1,DeepFakeDetection,c23
FaceForensics++,FaceForensics++__DeepFakeDetection__09_20__podium_speech_happy__O5X0AWR9.mp4,data\raw\FaceForensics++_C23\DeepFakeDetection\09_20__podium_speech_happy__O5X0AWR9.mp4,1,DeepFakeDetection,c23
FaceForensics++,FaceForensics++__DeepFakeDetection__09_20__podium_speech_happy__RAGUKRMK.mp4,data\raw\FaceForensics++_C23\DeepFakeDetection\09_20__podium_speech_happy__RAGUKRMK.mp4,1,DeepFakeDetection,c23
FaceForensics++,FaceForensics++__DeepFakeDetection__09_20__talking_angry_couch__0IRM5ADD.mp4,data\raw\FaceForensics++_C23\DeepFakeDetection\09_20__talking_angry_couch__0IRM5ADD.mp4,1,DeepFakeDetection,c23
FaceForensics++,FaceForensics++__DeepFakeDetection__09_20__walk_down_hall_angry__MKEWB4SM.mp4,data\raw\FaceForensics++_C23\DeepFakeDetection\09_20__walk_down_hall_angry__MKEWB4SM.mp4,1,DeepFakeDetection,c23
FaceForensics++,FaceForensics++__DeepFakeDetection__09_25__talking_angry_couch__5041ODBN.mp4,data\raw\FaceForensics++_C23\DeepFakeDetection\09_25__talking_angry_couch__5041ODBN.mp4,1,DeepFakeDetection,c23
FaceForensics++,FaceForensics++__DeepFakeDetection__09_25__walking_down_street_outside_angry__5041ODBN.mp4,data\raw\FaceForensics++_C23\DeepFakeDetection\09_25__walking_down_street_outside_angry__5041ODBN.mp4,1,DeepFakeDetection,c23
FaceForensics++,FaceForensics++__DeepFakeDetection__09_26__exit_phone_room__XXGYLT82.mp4,data\raw\FaceForensics++_C23\DeepFakeDetection\09_26__exit_phone_room__XXGYLT82.mp4,1,DeepFakeDetection,c23
FaceForensics++,FaceForensics++__DeepFakeDetection__09_26__walk_down_hall_angry__QSE5A0GF.mp4,data\raw\FaceForensics++_C23\DeepFakeDetection\09_26__walk_down_hall_angry__QSE5A0GF.mp4,1,DeepFakeDetection,c23
FaceForensics++,FaceForensics++__DeepFakeDetection__09_27__walking_down_street_outside_angry__RC9KATOO.mp4,data\raw\FaceForensics++_C23\DeepFakeDetection\09_27__walking_down_street_outside_angry__RC9KATOO.mp4,1,DeepFakeDetection,c23
FaceForensics++,FaceForensics++__DeepFakeDetection__10_19__kitchen_still__IDX76N5R.mp4,data\raw\FaceForensics++_C23\DeepFakeDetection\10_19__kitchen_still__IDX76N5R.mp4,1,DeepFakeDetection,c23
FaceForensics++,FaceForensics++__DeepFakeDetection__10_19__outside_talking_still_laughing__O2IKR6YM.mp4,data\raw\FaceForensics++_C23\DeepFakeDetection\10_19__outside_talking_still_laughing__O2IKR6YM.mp4,1,DeepFakeDetection,c23
FaceForensics++,FaceForensics++__DeepFakeDetection__10_19__walking_down_street_outside_angry__IDX76N5R.mp4,data\raw\FaceForensics++_C23\DeepFakeDetection\10_19__walking_down_street_outside_angry__IDX76N5R.mp4,1,DeepFakeDetection,c23
FaceForensics++,FaceForensics++__DeepFakeDetection__10_22__exit_phone_room__G48B2EQ2.mp4,data\raw\FaceForensics++_C23\DeepFakeDetection\10_22__exit_phone_room__G48B2EQ2.mp4,1,DeepFakeDetection,c23
FaceForensics++,FaceForensics++__DeepFakeDetection__10_22__kitchen_pan__EHARPYBT.mp4,data\raw\FaceForensics++_C23\DeepFakeDetection\10_22__kitchen_pan__EHARPYBT.mp4,1,DeepFakeDetection,c23
FaceForensics++,FaceForensics++__DeepFakeDetection__10_22__kitchen_pan__PUJR4HJ1.mp4,data\raw\FaceForensics++_C23\DeepFakeDetection\10_22__kitchen_pan__PUJR4HJ1.mp4,1,DeepFakeDetection,c23
FaceForensics++,FaceForensics++__DeepFakeDetection__10_22__kitchen_still__EHARPYBT.mp4,data\raw\FaceForensics++_C23\DeepFakeDetection\10_22__kitchen_still__EHARPYBT.mp4,1,DeepFakeDetection,c23
FaceForensics++,FaceForensics++__DeepFakeDetection__10_22__outside_talking_pan_laughing__8YQ2EUQP.mp4,data\raw\FaceForensics++_C23\DeepFakeDetection\10_22__outside_talking_pan_laughing__8YQ2EUQP.mp4,1,DeepFakeDetection,c23
FaceForensics++,FaceForensics++__DeepFakeDetection__10_22__podium_speech_happy__EHARPYBT.mp4,data\raw\FaceForensics++_C23\DeepFakeDetection\10_22__podium_speech_happy__EHARPYBT.mp4,1,DeepFakeDetection,c23
FaceForensics++,FaceForensics++__DeepFakeDetection__10_23__outside_talking_pan_laughing__CU6SNBFZ.mp4,data\raw\FaceForensics++_C23\DeepFakeDetection\10_23__outside_talking_pan_laughing__CU6SNBFZ.mp4,1,DeepFakeDetection,c23
FaceForensics++,FaceForensics++__DeepFakeDetection__10_23__outside_talking_pan_laughing__ZHJO34DY.mp4,data\raw\FaceForensics++_C23\DeepFakeDetection\10_23__outside_talking_pan_laughing__ZHJO34DY.mp4,1,DeepFakeDetection,c23
FaceForensics++,FaceForensics++__DeepFakeDetection__10_23__talking_against_wall__W02WYPCX.mp4,data\raw\FaceForensics++_C23\DeepFakeDetection\10_23__talking_against_wall__W02WYPCX.mp4,1,DeepFakeDetection,c23
FaceForensics++,FaceForensics++__DeepFakeDetection__10_24__exit_phone_room__356HPS7R.mp4,data\raw\FaceForensics++_C23\DeepFakeDetection\10_24__exit_phone_room__356HPS7R.mp4,1,DeepFakeDetection,c23
FaceForensics++,FaceForensics++__DeepFakeDetection__11_01__secret_conversation__WIZ7GKOD.mp4,data\raw\FaceForensics++_C23\DeepFakeDetection\11_01__secret_conversation__WIZ7GKOD.mp4,1,DeepFakeDetection,c23
FaceForensics++,FaceForensics++__DeepFakeDetection__11_01__talking_against_wall__4OJNJLOO.mp4,data\raw\FaceForensics++_C23\DeepFakeDetection\11_01__talking_against_wall__4OJNJLOO.mp4,1,DeepFakeDetection,c23
FaceForensics++,FaceForensics++__DeepFakeDetection__11_01__talking_against_wall__EKE2KNRE.mp4,data\raw\FaceForensics++_C23\DeepFakeDetection\11_01__talking_against_wall__EKE2KNRE.mp4,1,DeepFakeDetection,c23
FaceForensics++,FaceForensics++__DeepFakeDetection__11_01__talking_angry_couch__LL4RUKZA.mp4,data\raw\FaceForensics++_C23\DeepFakeDetection\11_01__talking_angry_couch__LL4RUKZA.mp4,1,DeepFakeDetection,c23
FaceForensics++,FaceForensics++__DeepFakeDetection__11_03__walking_outside_cafe_disgusted__P08VGHTA.mp4,data\raw\FaceForensics++_C23\DeepFakeDetection\11_03__walking_outside_cafe_disgusted__P08VGHTA.mp4,1,DeepFakeDetection,c23
FaceForensics++,FaceForensics++__DeepFakeDetection__11_04__talking_angry_couch__JRQWOV1G.mp4,data\raw\FaceForensics++_C23\DeepFakeDetection\11_04__talking_angry_couch__JRQWOV1G.mp4,1,DeepFakeDetection,c23
FaceForensics++,FaceForensics++__DeepFakeDetection__11_06__outside_talking_pan_laughing__C8C4FW99.mp4,data\raw\FaceForensics++_C23\DeepFakeDetection\11_06__outside_talking_pan_laughing__C8C4FW99.mp4,1,DeepFakeDetection,c23
FaceForensics++,FaceForensics++__DeepFakeDetection__11_06__outside_talking_pan_laughing__MX659QU8.mp4,data\raw\FaceForensics++_C23\DeepFakeDetection\11_06__outside_talking_pan_laughing__MX659QU8.mp4,1,DeepFakeDetection,c23
FaceForensics++,FaceForensics++__DeepFakeDetection__11_06__outside_talking_still_laughing__C8C4FW99.mp4,data\raw\FaceForensics++_C23\DeepFakeDetection\11_06__outside_talking_still_laughing__C8C4FW99.mp4,1,DeepFakeDetection,c23
FaceForensics++,FaceForensics++__DeepFakeDetection__11_07__kitchen_still__R7R86Z62.mp4,data\raw\FaceForensics++_C23\DeepFakeDetection\11_07__kitchen_still__R7R86Z62.mp4,1,DeepFakeDetection,c23
FaceForensics++,FaceForensics++__DeepFakeDetection__11_13__talking_angry_couch__61T622EK.mp4,data\raw\FaceForensics++_C23\DeepFakeDetection\11_13__talking_angry_couch__61T622EK.mp4,1,DeepFakeDetection,c23
FaceForensics++,FaceForensics++__DeepFakeDetection__11_18__secret_conversation__PT4YKO2R.mp4,data\raw\FaceForensics++_C23\DeepFakeDetection\11_18__secret_conversation__PT4YKO2R.mp4,1,DeepFakeDetection,c23
FaceForensics++,FaceForensics++__DeepFakeDetection__11_18__walking_outside_cafe_disgusted__R1NMCHKG.mp4,data\raw\FaceForensics++_C23\DeepFakeDetection\11_18__walking_outside_cafe_disgusted__R1NMCHKG.mp4,1,DeepFakeDetection,c23
FaceForensics++,FaceForensics++__DeepFakeDetection__11_21__kitchen_still__N6YQW2AP.mp4,data\raw\FaceForensics++_C23\DeepFakeDetection\11_21__kitchen_still__N6YQW2AP.mp4,1,DeepFakeDetection,c23
FaceForensics++,FaceForensics++__DeepFakeDetection__11_21__podium_speech_happy__T7DK03O1.mp4,data\raw\FaceForensics++_C23\DeepFakeDetection\11_21__podium_speech_happy__T7DK03O1.mp4,1,DeepFakeDetection,c23
FaceForensics++,FaceForensics++__DeepFakeDetection__11_26__kitchen_still__7C0VKV43.mp4,data\raw\FaceForensics++_C23\DeepFakeDetection\11_26__kitchen_still__7C0VKV43.mp4,1,DeepFakeDetection,c23
FaceForensics++,FaceForensics++__DeepFakeDetection__11_26__walk_down_hall_angry__7C0VKV43.mp4,data\raw\FaceForensics++_C23\DeepFakeDetection\11_26__walk_down_hall_angry__7C0VKV43.mp4,1,DeepFakeDetection,c23
FaceForensics++,FaceForensics++__DeepFakeDetection__12_02__podium_speech_happy__9D2ZHEKW.mp4,data\raw\FaceForensics++_C23\DeepFakeDetection\12_02__podium_speech_happy__9D2ZHEKW.mp4,1,DeepFakeDetection,c23
FaceForensics++,FaceForensics++__DeepFakeDetection__12_06__outside_talking_still_laughing__3K21NFNM.mp4,data\raw\FaceForensics++_C23\DeepFakeDetection\12_06__outside_talking_still_laughing__3K21NFNM.mp4,1,DeepFakeDetection,c23
FaceForensics++,FaceForensics++__DeepFakeDetection__12_06__walking_and_outside_surprised__3K21NFNM.mp4,data\raw\FaceForensics++_C23\DeepFakeDetection\12_06__walking_and_outside_surprised__3K21NFNM.mp4,1,DeepFakeDetection,c23
FaceForensics++,FaceForensics++__DeepFakeDetection__12_06__walking_down_street_outside_angry__F3I4PDYF.mp4,data\raw\FaceForensics++_C23\DeepFakeDetection\12_06__walking_down_street_outside_angry__F3I4PDYF.mp4,1,DeepFakeDetection,c23
FaceForensics++,FaceForensics++__DeepFakeDetection__12_07__outside_talking_pan_laughing__KAG65PEE.mp4,data\raw\FaceForensics++_C23\DeepFakeDetection\12_07__outside_talking_pan_laughing__KAG65PEE.mp4,1,DeepFakeDetection,c23
FaceForensics++,FaceForensics++__DeepFakeDetection__12_07__outside_talking_still_laughing__KAG65PEE.mp4,data\raw\FaceForensics++_C23\DeepFakeDetection\12_07__outside_talking_still_laughing__KAG65PEE.mp4,1,DeepFakeDetection,c23
FaceForensics++,FaceForensics++__DeepFakeDetection__12_07__walking_down_indoor_hall_disgust__KAG65PEE.mp4,data\raw\FaceForensics++_C23\DeepFakeDetection\12_07__walking_down_indoor_hall_disgust__KAG65PEE.mp4,1,DeepFakeDetection,c23
FaceForensics++,FaceForensics++__DeepFakeDetection__12_13__podium_speech_happy__BFH4F0N8.mp4,data\raw\FaceForensics++_C23\DeepFakeDetection\12_13__podium_speech_happy__BFH4F0N8.mp4,1,DeepFakeDetection,c23
FaceForensics++,FaceForensics++__DeepFakeDetection__12_13__secret_conversation__DJ7MF331.mp4,data\raw\FaceForensics++_C23\DeepFakeDetection\12_13__secret_conversation__DJ7MF331.mp4,1,DeepFakeDetection,c23
FaceForensics++,FaceForensics++__DeepFakeDetection__12_13__walking_and_outside_surprised__DJ7MF331.mp4,data\raw\FaceForensics++_C23\DeepFakeDetection\12_13__walking_and_outside_surprised__DJ7MF331.mp4,1,DeepFakeDetection,c23
FaceForensics++,FaceForensics++__DeepFakeDetection__12_13__walk_down_hall_angry__6G44TDN4.mp4,data\raw\FaceForensics++_C23\DeepFakeDetection\12_13__walk_down_hall_angry__6G44TDN4.mp4,1,DeepFakeDetection,c23
FaceForensics++,FaceForensics++__DeepFakeDetection__12_14__walk_down_hall_angry__Z7EWFA0P.mp4,data\raw\FaceForensics++_C23\DeepFakeDetection\12_14__walk_down_hall_angry__Z7EWFA0P.mp4,1,DeepFakeDetection,c23
FaceForensics++,FaceForensics++__DeepFakeDetection__12_15__hugging_happy__N0SRODQD.mp4,data\raw\FaceForensics++_C23\DeepFakeDetection\12_15__hugging_happy__N0SRODQD.mp4,1,DeepFakeDetection,c23
FaceForensics++,FaceForensics++__DeepFakeDetection__12_15__kitchen_still__RK17XFJ9.mp4,data\raw\FaceForensics++_C23\DeepFakeDetection\12_15__kitchen_still__RK17XFJ9.mp4,1,DeepFakeDetection,c23
FaceForensics++,FaceForensics++__DeepFakeDetection__12_15__talking_angry_couch__N0SRODQD.mp4,data\raw\FaceForensics++_C23\DeepFakeDetection\12_15__talking_angry_couch__N0SRODQD.mp4,1,DeepFakeDetection,c23
FaceForensics++,FaceForensics++__DeepFakeDetection__12_15__walking_down_street_outside_angry__N0SRODQD.mp4,data\raw\FaceForensics++_C23\DeepFakeDetection\12_15__walking_down_street_outside_angry__N0SRODQD.mp4,1,DeepFakeDetection,c23
FaceForensics++,FaceForensics++__DeepFakeDetection__12_18__talking_against_wall__IKH1LBBY.mp4,data\raw\FaceForensics++_C23\DeepFakeDetection\12_18__talking_against_wall__IKH1LBBY.mp4,1,DeepFakeDetection,c23
FaceForensics++,FaceForensics++__DeepFakeDetection__12_18__walking_outside_cafe_disgusted__IKH1LBBY.mp4,data\raw\FaceForensics++_C23\DeepFakeDetection\12_18__walking_outside_cafe_disgusted__IKH1LBBY.mp4,1,DeepFakeDetection,c23
FaceForensics++,FaceForensics++__DeepFakeDetection__12_20__outside_talking_pan_laughing__GHPWDH3C.mp4,data\raw\FaceForensics++_C23\DeepFakeDetection\12_20__outside_talking_pan_laughing__GHPWDH3C.mp4,1,DeepFakeDetection,c23
FaceForensics++,FaceForensics++__DeepFakeDetection__12_20__secret_conversation__B0X1CGG2.mp4,data\raw\FaceForensics++_C23\DeepFakeDetection\12_20__secret_conversation__B0X1CGG2.mp4,1,DeepFakeDetection,c23
FaceForensics++,FaceForensics++__DeepFakeDetection__12_20__talking_against_wall__GHPWDH3C.mp4,data\raw\FaceForensics++_C23\DeepFakeDetection\12_20__talking_against_wall__GHPWDH3C.mp4,1,DeepFakeDetection,c23
FaceForensics++,FaceForensics++__DeepFakeDetection__12_21__kitchen_pan__ME7E3R1D.mp4,data\raw\FaceForensics++_C23\DeepFakeDetection\12_21__kitchen_pan__ME7E3R1D.mp4,1,DeepFakeDetection,c23
FaceForensics++,FaceForensics++__DeepFakeDetection__12_21__outside_talking_still_laughing__J54W3PV1.mp4,data\raw\FaceForensics++_C23\DeepFakeDetection\12_21__outside_talking_still_laughing__J54W3PV1.mp4,1,DeepFakeDetection,c23
FaceForensics++,FaceForensics++__DeepFakeDetection__12_21__talking_against_wall__J54W3PV1.mp4,data\raw\FaceForensics++_C23\DeepFakeDetection\12_21__talking_against_wall__J54W3PV1.mp4,1,DeepFakeDetection,c23
FaceForensics++,FaceForensics++__DeepFakeDetection__12_25__walking_and_outside_surprised__FQE07ND1.mp4,data\raw\FaceForensics++_C23\DeepFakeDetection\12_25__walking_and_outside_surprised__FQE07ND1.mp4,1,DeepFakeDetection,c23
FaceForensics++,FaceForensics++__DeepFakeDetection__12_25__walking_outside_cafe_disgusted__0SA36BZ5.mp4,data\raw\FaceForensics++_C23\DeepFakeDetection\12_25__walking_outside_cafe_disgusted__0SA36BZ5.mp4,1,DeepFakeDetection,c23
FaceForensics++,FaceForensics++__DeepFakeDetection__12_25__walking_outside_cafe_disgusted__G26LG5N7.mp4,data\raw\FaceForensics++_C23\DeepFakeDetection\12_25__walking_outside_cafe_disgusted__G26LG5N7.mp4,1,DeepFakeDetection,c23
FaceForensics++,FaceForensics++__DeepFakeDetection__12_25__walk_down_hall_angry__I2X1XTCC.mp4,data\raw\FaceForensics++_C23\DeepFakeDetection\12_25__walk_down_hall_angry__I2X1XTCC.mp4,1,DeepFakeDetection,c23
FaceForensics++,FaceForensics++__DeepFakeDetection__12_26__podium_speech_happy__BFBNM8FR.mp4,data\raw\FaceForensics++_C23\DeepFakeDetection\12_26__podium_speech_happy__BFBNM8FR.mp4,1,DeepFakeDetection,c23
FaceForensics++,FaceForensics++__DeepFakeDetection__12_26__talking_angry_couch__LI63E4TS.mp4,data\raw\FaceForensics++_C23\DeepFakeDetection\12_26__talking_angry_couch__LI63E4TS.mp4,1,DeepFakeDetection,c23
FaceForensics++,FaceForensics++__DeepFakeDetection__12_26__walking_outside_cafe_disgusted__OTKIGGFE.mp4,data\raw\FaceForensics++_C23\DeepFakeDetection\12_26__walking_outside_cafe_disgusted__OTKIGGFE.mp4,1,DeepFakeDetection,c23
FaceForensics++,FaceForensics++__DeepFakeDetection__12_26__walking_outside_cafe_disgusted__OVOQACG8.mp4,data\raw\FaceForensics++_C23\DeepFakeDetection\12_26__walking_outside_cafe_disgusted__OVOQACG8.mp4,1,DeepFakeDetection,c23
FaceForensics++,FaceForensics++__DeepFakeDetection__13_02__exit_phone_room__CP5HFV3K.mp4,data\raw\FaceForensics++_C23\DeepFakeDetection\13_02__exit_phone_room__CP5HFV3K.mp4,1,DeepFakeDetection,c23
FaceForensics++,FaceForensics++__DeepFakeDetection__13_02__kitchen_pan__2YSYT2N3.mp4,data\raw\FaceForensics++_C23\DeepFakeDetection\13_02__kitchen_pan__2YSYT2N3.mp4,1,DeepFakeDetection,c23
FaceForensics++,FaceForensics++__DeepFakeDetection__13_02__kitchen_pan__CP5HFV3K.mp4,data\raw\FaceForensics++_C23\DeepFakeDetection\13_02__kitchen_pan__CP5HFV3K.mp4,1,DeepFakeDetection,c23
FaceForensics++,FaceForensics++__DeepFakeDetection__13_02__walking_down_indoor_hall_disgust__AROBAY8R.mp4,data\raw\FaceForensics++_C23\DeepFakeDetection\13_02__walking_down_indoor_hall_disgust__AROBAY8R.mp4,1,DeepFakeDetection,c23
FaceForensics++,FaceForensics++__DeepFakeDetection__13_02__walking_down_street_outside_angry__2YSYT2N3.mp4,data\raw\FaceForensics++_C23\DeepFakeDetection\13_02__walking_down_street_outside_angry__2YSYT2N3.mp4,1,DeepFakeDetection,c23
FaceForensics++,FaceForensics++__DeepFakeDetection__13_03__exit_phone_room__GBYWJW06.mp4,data\raw\FaceForensics++_C23\DeepFakeDetection\13_03__exit_phone_room__GBYWJW06.mp4,1,DeepFakeDetection,c23
FaceForensics++,FaceForensics++__DeepFakeDetection__13_03__outside_talking_still_laughing__GBYWJW06.mp4,data\raw\FaceForensics++_C23\DeepFakeDetection\13_03__outside_talking_still_laughing__GBYWJW06.mp4,1,DeepFakeDetection,c23
FaceForensics++,FaceForensics++__DeepFakeDetection__13_03__walking_down_indoor_hall_disgust__GBYWJW06.mp4,data\raw\FaceForensics++_C23\DeepFakeDetection\13_03__walking_down_indoor_hall_disgust__GBYWJW06.mp4,1,DeepFakeDetection,c23
FaceForensics++,FaceForensics++__DeepFakeDetection__13_04__talking_angry_couch__00T3UYOR.mp4,data\raw\FaceForensics++_C23\DeepFakeDetection\13_04__talking_angry_couch__00T3UYOR.mp4,1,DeepFakeDetection,c23
FaceForensics++,FaceForensics++__DeepFakeDetection__13_07__exit_phone_room__RVQCPCJF.mp4,data\raw\FaceForensics++_C23\DeepFakeDetection\13_07__exit_phone_room__RVQCPCJF.mp4,1,DeepFakeDetection,c23
FaceForensics++,FaceForensics++__DeepFakeDetection__13_09__hugging_happy__BVZGDFD8.mp4,data\raw\FaceForensics++_C23\DeepFakeDetection\13_09__hugging_happy__BVZGDFD8.mp4,1,DeepFakeDetection,c23
FaceForensics++,FaceForensics++__DeepFakeDetection__13_09__hugging_happy__LPT427RY.mp4,data\raw\FaceForensics++_C23\DeepFakeDetection\13_09__hugging_happy__LPT427RY.mp4,1,DeepFakeDetection,c23
FaceForensics++,FaceForensics++__DeepFakeDetection__13_09__outside_talking_still_laughing__30N46VHZ.mp4,data\raw\FaceForensics++_C23\DeepFakeDetection\13_09__outside_talking_still_laughing__30N46VHZ.mp4,1,DeepFakeDetection,c23
FaceForensics++,FaceForensics++__DeepFakeDetection__13_09__walking_down_indoor_hall_disgust__3GQ49P2J.mp4,data\raw\FaceForensics++_C23\DeepFakeDetection\13_09__walking_down_indoor_hall_disgust__3GQ49P2J.mp4,1,DeepFakeDetection,c23
FaceForensics++,FaceForensics++__DeepFakeDetection__13_09__walking_down_indoor_hall_disgust__BVZGDFD8.mp4,data\raw\FaceForensics++_C23\DeepFakeDetection\13_09__walking_down_indoor_hall_disgust__BVZGDFD8.mp4,1,DeepFakeDetection,c23
FaceForensics++,FaceForensics++__DeepFakeDetection__13_11__outside_talking_still_laughing__61T622EK.mp4,data\raw\FaceForensics++_C23\DeepFakeDetection\13_11__outside_talking_still_laughing__61T622EK.mp4,1,DeepFakeDetection,c23
FaceForensics++,FaceForensics++__DeepFakeDetection__13_11__podium_speech_happy__XXKQ4XM0.mp4,data\raw\FaceForensics++_C23\DeepFakeDetection\13_11__podium_speech_happy__XXKQ4XM0.mp4,1,DeepFakeDetection,c23
FaceForensics++,FaceForensics++__DeepFakeDetection__13_12__outside_talking_still_laughing__2TM4IFSF.mp4,data\raw\FaceForensics++_C23\DeepFakeDetection\13_12__outside_talking_still_laughing__2TM4IFSF.mp4,1,DeepFakeDetection,c23
FaceForensics++,FaceForensics++__DeepFakeDetection__13_12__secret_conversation__6G44TDN4.mp4,data\raw\FaceForensics++_C23\DeepFakeDetection\13_12__secret_conversation__6G44TDN4.mp4,1,DeepFakeDetection,c23
FaceForensics++,FaceForensics++__DeepFakeDetection__13_12__walking_down_street_outside_angry__2TM4IFSF.mp4,data\raw\FaceForensics++_C23\DeepFakeDetection\13_12__walking_down_street_outside_angry__2TM4IFSF.mp4,1,DeepFakeDetection,c23
FaceForensics++,FaceForensics++__DeepFakeDetection__13_14__outside_talking_pan_laughing__KMQ3AW6A.mp4,data\raw\FaceForensics++_C23\DeepFakeDetection\13_14__outside_talking_pan_laughing__KMQ3AW6A.mp4,1,DeepFakeDetection,c23
FaceForensics++,FaceForensics++__DeepFakeDetection__13_14__talking_against_wall__KMQ3AW6A.mp4,data\raw\FaceForensics++_C23\DeepFakeDetection\13_14__talking_against_wall__KMQ3AW6A.mp4,1,DeepFakeDetection,c23
FaceForensics++,FaceForensics++__DeepFakeDetection__13_20__kitchen_still__NJEO6L5O.mp4,data\raw\FaceForensics++_C23\DeepFakeDetection\13_20__kitchen_still__NJEO6L5O.mp4,1,DeepFakeDetection,c23
FaceForensics++,FaceForensics++__DeepFakeDetection__13_20__podium_speech_happy__C50CSOEX.mp4,data\raw\FaceForensics++_C23\DeepFakeDetection\13_20__podium_speech_happy__C50CSOEX.mp4,1,DeepFakeDetection,c23
FaceForensics++,FaceForensics++__DeepFakeDetection__13_20__walking_down_indoor_hall_disgust__NJEO6L5O.mp4,data\raw\FaceForensics++_C23\DeepFakeDetection\13_20__walking_down_indoor_hall_disgust__NJEO6L5O.mp4,1,DeepFakeDetection,c23
FaceForensics++,FaceForensics++__DeepFakeDetection__13_20__walking_down_indoor_hall_disgust__VO2YZXLN.mp4,data\raw\FaceForensics++_C23\DeepFakeDetection\13_20__walking_down_indoor_hall_disgust__VO2YZXLN.mp4,1,DeepFakeDetection,c23
FaceForensics++,FaceForensics++__DeepFakeDetection__13_25__exit_phone_room__7YMTAF29.mp4,data\raw\FaceForensics++_C23\DeepFakeDetection\13_25__exit_phone_room__7YMTAF29.mp4,1,DeepFakeDetection,c23
FaceForensics++,FaceForensics++__DeepFakeDetection__13_25__hugging_happy__7YMTAF29.mp4,data\raw\FaceForensics++_C23\DeepFakeDetection\13_25__hugging_happy__7YMTAF29.mp4,1,DeepFakeDetection,c23
FaceForensics++,FaceForensics++__DeepFakeDetection__13_25__outside_talking_still_laughing__PBM86HKZ.mp4,data\raw\FaceForensics++_C23\DeepFakeDetection\13_25__outside_talking_still_laughing__PBM86HKZ.mp4,1,DeepFakeDetection,c23
FaceForensics++,FaceForensics++__DeepFakeDetection__13_25__walking_and_outside_surprised__PBM86HKZ.mp4,data\raw\FaceForensics++_C23\DeepFakeDetection\13_25__walking_and_outside_surprised__PBM86HKZ.mp4,1,DeepFakeDetection,c23
FaceForensics++,FaceForensics++__DeepFakeDetection__13_26__talking_against_wall__U5ELHUN5.mp4,data\raw\FaceForensics++_C23\DeepFakeDetection\13_26__talking_against_wall__U5ELHUN5.mp4,1,DeepFakeDetection,c23
FaceForensics++,FaceForensics++__DeepFakeDetection__13_26__walking_down_street_outside_angry__CJALTDKT.mp4,data\raw\FaceForensics++_C23\DeepFakeDetection\13_26__walking_down_street_outside_angry__CJALTDKT.mp4,1,DeepFakeDetection,c23
FaceForensics++,FaceForensics++__DeepFakeDetection__13_26__walking_outside_cafe_disgusted__SU8J9CBG.mp4,data\raw\FaceForensics++_C23\DeepFakeDetection\13_26__walking_outside_cafe_disgusted__SU8J9CBG.mp4,1,DeepFakeDetection,c23
FaceForensics++,FaceForensics++__DeepFakeDetection__13_27__talking_against_wall__A1OSUJE9.mp4,data\raw\FaceForensics++_C23\DeepFakeDetection\13_27__talking_against_wall__A1OSUJE9.mp4,1,DeepFakeDetection,c23
FaceForensics++,FaceForensics++__DeepFakeDetection__14_01__hugging_happy__0S0NS5C6.mp4,data\raw\FaceForensics++_C23\DeepFakeDetection\14_01__hugging_happy__0S0NS5C6.mp4,1,DeepFakeDetection,c23
FaceForensics++,FaceForensics++__DeepFakeDetection__14_01__kitchen_pan__0S0NS5C6.mp4,data\raw\FaceForensics++_C23\DeepFakeDetection\14_01__kitchen_pan__0S0NS5C6.mp4,1,DeepFakeDetection,c23
FaceForensics++,FaceForensics++__DeepFakeDetection__14_01__outside_talking_still_laughing__01YF7VQM.mp4,data\raw\FaceForensics++_C23\DeepFakeDetection\14_01__outside_talking_still_laughing__01YF7VQM.mp4,1,DeepFakeDetection,c23
FaceForensics++,FaceForensics++__DeepFakeDetection__14_01__walking_and_outside_surprised__01YF7VQM.mp4,data\raw\FaceForensics++_C23\DeepFakeDetection\14_01__walking_and_outside_surprised__01YF7VQM.mp4,1,DeepFakeDetection,c23
FaceForensics++,FaceForensics++__DeepFakeDetection__14_02__exit_phone_room__3IUBEKCT.mp4,data\raw\FaceForensics++_C23\DeepFakeDetection\14_02__exit_phone_room__3IUBEKCT.mp4,1,DeepFakeDetection,c23
FaceForensics++,FaceForensics++__DeepFakeDetection__14_02__outside_talking_pan_laughing__3IUBEKCT.mp4,data\raw\FaceForensics++_C23\DeepFakeDetection\14_02__outside_talking_pan_laughing__3IUBEKCT.mp4,1,DeepFakeDetection,c23
FaceForensics++,FaceForensics++__DeepFakeDetection__14_02__podium_speech_happy__3IUBEKCT.mp4,data\raw\FaceForensics++_C23\DeepFakeDetection\14_02__podium_speech_happy__3IUBEKCT.mp4,1,DeepFakeDetection,c23
FaceForensics++,FaceForensics++__DeepFakeDetection__14_03__exit_phone_room__KJ221YN0.mp4,data\raw\FaceForensics++_C23\DeepFakeDetection\14_03__exit_phone_room__KJ221YN0.mp4,1,DeepFakeDetection,c23
FaceForensics++,FaceForensics++__DeepFakeDetection__14_03__hugging_happy__PLCQJM81.mp4,data\raw\FaceForensics++_C23\DeepFakeDetection\14_03__hugging_happy__PLCQJM81.mp4,1,DeepFakeDetection,c23
FaceForensics++,FaceForensics++__DeepFakeDetection__14_03__kitchen_still__Q9NSXM88.mp4,data\raw\FaceForensics++_C23\DeepFakeDetection\14_03__kitchen_still__Q9NSXM88.mp4,1,DeepFakeDetection,c23
FaceForensics++,FaceForensics++__DeepFakeDetection__14_03__outside_talking_still_laughing__KJ221YN0.mp4,data\raw\FaceForensics++_C23\DeepFakeDetection\14_03__outside_talking_still_laughing__KJ221YN0.mp4,1,DeepFakeDetection,c23
FaceForensics++,FaceForensics++__DeepFakeDetection__14_03__talking_angry_couch__L0GHYIFS.mp4,data\raw\FaceForensics++_C23\DeepFakeDetection\14_03__talking_angry_couch__L0GHYIFS.mp4,1,DeepFakeDetection,c23
FaceForensics++,FaceForensics++__DeepFakeDetection__14_03__walking_and_outside_surprised__P1L5PF4I.mp4,data\raw\FaceForensics++_C23\DeepFakeDetection\14_03__walking_and_outside_surprised__P1L5PF4I.mp4,1,DeepFakeDetection,c23
FaceForensics++,FaceForensics++__DeepFakeDetection__14_06__podium_speech_happy__8U9ULZDT.mp4,data\raw\FaceForensics++_C23\DeepFakeDetection\14_06__podium_speech_happy__8U9ULZDT.mp4,1,DeepFakeDetection,c23
FaceForensics++,FaceForensics++__DeepFakeDetection__14_06__secret_conversation__8U9ULZDT.mp4,data\raw\FaceForensics++_C23\DeepFakeDetection\14_06__secret_conversation__8U9ULZDT.mp4,1,DeepFakeDetection,c23
FaceForensics++,FaceForensics++__DeepFakeDetection__14_06__walking_and_outside_surprised__8U9ULZDT.mp4,data\raw\FaceForensics++_C23\DeepFakeDetection\14_06__walking_and_outside_surprised__8U9ULZDT.mp4,1,DeepFakeDetection,c23
FaceForensics++,FaceForensics++__DeepFakeDetection__14_07__walk_down_hall_angry__P9QFO50U.mp4,data\raw\FaceForensics++_C23\DeepFakeDetection\14_07__walk_down_hall_angry__P9QFO50U.mp4,1,DeepFakeDetection,c23
FaceForensics++,FaceForensics++__DeepFakeDetection__14_09__walking_down_indoor_hall_disgust__6TEK3ZX0.mp4,data\raw\FaceForensics++_C23\DeepFakeDetection\14_09__walking_down_indoor_hall_disgust__6TEK3ZX0.mp4,1,DeepFakeDetection,c23
FaceForensics++,FaceForensics++__DeepFakeDetection__14_09__walking_down_street_outside_angry__6TEK3ZX0.mp4,data\raw\FaceForensics++_C23\DeepFakeDetection\14_09__walking_down_street_outside_angry__6TEK3ZX0.mp4,1,DeepFakeDetection,c23
FaceForensics++,FaceForensics++__DeepFakeDetection__14_13__hugging_happy__KMQ3AW6A.mp4,data\raw\FaceForensics++_C23\DeepFakeDetection\14_13__hugging_happy__KMQ3AW6A.mp4,1,DeepFakeDetection,c23
FaceForensics++,FaceForensics++__DeepFakeDetection__14_13__kitchen_still__KMQ3AW6A.mp4,data\raw\FaceForensics++_C23\DeepFakeDetection\14_13__kitchen_still__KMQ3AW6A.mp4,1,DeepFakeDetection,c23
FaceForensics++,FaceForensics++__DeepFakeDetection__14_13__talking_against_wall__KMQ3AW6A.mp4,data\raw\FaceForensics++_C23\DeepFakeDetection\14_13__talking_against_wall__KMQ3AW6A.mp4,1,DeepFakeDetection,c23
FaceForensics++,FaceForensics++__DeepFakeDetection__14_13__talking_angry_couch__KMQ3AW6A.mp4,data\raw\FaceForensics++_C23\DeepFakeDetection\14_13__talking_angry_couch__KMQ3AW6A.mp4,1,DeepFakeDetection,c23
FaceForensics++,FaceForensics++__DeepFakeDetection__14_13__walk_down_hall_angry__KMQ3AW6A.mp4,data\raw\FaceForensics++_C23\DeepFakeDetection\14_13__walk_down_hall_angry__KMQ3AW6A.mp4,1,DeepFakeDetection,c23
FaceForensics++,FaceForensics++__DeepFakeDetection__14_15__hugging_happy__3FRJCJ0V.mp4,data\raw\FaceForensics++_C23\DeepFakeDetection\14_15__hugging_happy__3FRJCJ0V.mp4,1,DeepFakeDetection,c23
FaceForensics++,FaceForensics++__DeepFakeDetection__14_15__kitchen_pan__RF38N10R.mp4,data\raw\FaceForensics++_C23\DeepFakeDetection\14_15__kitchen_pan__RF38N10R.mp4,1,DeepFakeDetection,c23
FaceForensics++,FaceForensics++__DeepFakeDetection__14_15__talking_angry_couch__RF38N10R.mp4,data\raw\FaceForensics++_C23\DeepFakeDetection\14_15__talking_angry_couch__RF38N10R.mp4,1,DeepFakeDetection,c23
FaceForensics++,FaceForensics++__DeepFakeDetection__14_15__walking_and_outside_surprised__OMLZILK3.mp4,data\raw\FaceForensics++_C23\DeepFakeDetection\14_15__walking_and_outside_surprised__OMLZILK3.mp4,1,DeepFakeDetection,c23
FaceForensics++,FaceForensics++__DeepFakeDetection__14_15__walking_down_street_outside_angry__OMLZILK3.mp4,data\raw\FaceForensics++_C23\DeepFakeDetection\14_15__walking_down_street_outside_angry__OMLZILK3.mp4,1,DeepFakeDetection,c23
FaceForensics++,FaceForensics++__DeepFakeDetection__14_18__hugging_happy__0YRBHIKG.mp4,data\raw\FaceForensics++_C23\DeepFakeDetection\14_18__hugging_happy__0YRBHIKG.mp4,1,DeepFakeDetection,c23
FaceForensics++,FaceForensics++__DeepFakeDetection__14_18__kitchen_still__0YRBHIKG.mp4,data\raw\FaceForensics++_C23\DeepFakeDetection\14_18__kitchen_still__0YRBHIKG.mp4,1,DeepFakeDetection,c23
FaceForensics++,FaceForensics++__DeepFakeDetection__14_18__kitchen_still__A5A1Q467.mp4,data\raw\FaceForensics++_C23\DeepFakeDetection\14_18__kitchen_still__A5A1Q467.mp4,1,DeepFakeDetection,c23
FaceForensics++,FaceForensics++__DeepFakeDetection__14_18__outside_talking_still_laughing__6SB2BR0A.mp4,data\raw\FaceForensics++_C23\DeepFakeDetection\14_18__outside_talking_still_laughing__6SB2BR0A.mp4,1,DeepFakeDetection,c23
FaceForensics++,FaceForensics++__DeepFakeDetection__14_18__talking_angry_couch__A5A1Q467.mp4,data\raw\FaceForensics++_C23\DeepFakeDetection\14_18__talking_angry_couch__A5A1Q467.mp4,1,DeepFakeDetection,c23
FaceForensics++,FaceForensics++__DeepFakeDetection__14_20__hugging_happy__B014BKVO.mp4,data\raw\FaceForensics++_C23\DeepFakeDetection\14_20__hugging_happy__B014BKVO.mp4,1,DeepFakeDetection,c23
FaceForensics++,FaceForensics++__DeepFakeDetection__14_20__kitchen_pan__R7SPX6OK.mp4,data\raw\FaceForensics++_C23\DeepFakeDetection\14_20__kitchen_pan__R7SPX6OK.mp4,1,DeepFakeDetection,c23
FaceForensics++,FaceForensics++__DeepFakeDetection__14_20__podium_speech_happy__R7SPX6OK.mp4,data\raw\FaceForensics++_C23\DeepFakeDetection\14_20__podium_speech_happy__R7SPX6OK.mp4,1,DeepFakeDetection,c23
FaceForensics++,FaceForensics++__DeepFakeDetection__14_20__walking_and_outside_surprised__B014BKVO.mp4,data\raw\FaceForensics++_C23\DeepFakeDetection\14_20__walking_and_outside_surprised__B014BKVO.mp4,1,DeepFakeDetection,c23
FaceForensics++,FaceForensics++__DeepFakeDetection__14_20__walking_down_street_outside_angry__3HWOJRAM.mp4,data\raw\FaceForensics++_C23\DeepFakeDetection\14_20__walking_down_street_outside_angry__3HWOJRAM.mp4,1,DeepFakeDetection,c23
FaceForensics++,FaceForensics++__DeepFakeDetection__14_20__walking_outside_cafe_disgusted__3HWOJRAM.mp4,data\raw\FaceForensics++_C23\DeepFakeDetection\14_20__walking_outside_cafe_disgusted__3HWOJRAM.mp4,1,DeepFakeDetection,c23
FaceForensics++,FaceForensics++__DeepFakeDetection__14_21__exit_phone_room__IRKML4J0.mp4,data\raw\FaceForensics++_C23\DeepFakeDetection\14_21__exit_phone_room__IRKML4J0.mp4,1,DeepFakeDetection,c23
FaceForensics++,FaceForensics++__DeepFakeDetection__14_21__podium_speech_happy__IRKML4J0.mp4,data\raw\FaceForensics++_C23\DeepFakeDetection\14_21__podium_speech_happy__IRKML4J0.mp4,1,DeepFakeDetection,c23
FaceForensics++,FaceForensics++__DeepFakeDetection__14_21__walking_and_outside_surprised__N0WM4GSV.mp4,data\raw\FaceForensics++_C23\DeepFakeDetection\14_21__walking_and_outside_surprised__N0WM4GSV.mp4,1,DeepFakeDetection,c23
FaceForensics++,FaceForensics++__DeepFakeDetection__14_21__walking_down_street_outside_angry__N0WM4GSV.mp4,data\raw\FaceForensics++_C23\DeepFakeDetection\14_21__walking_down_street_outside_angry__N0WM4GSV.mp4,1,DeepFakeDetection,c23
FaceForensics++,FaceForensics++__DeepFakeDetection__14_21__walk_down_hall_angry__N0WM4GSV.mp4,data\raw\FaceForensics++_C23\DeepFakeDetection\14_21__walk_down_hall_angry__N0WM4GSV.mp4,1,DeepFakeDetection,c23
FaceForensics++,FaceForensics++__DeepFakeDetection__14_26__kitchen_still__ILLP29ZH.mp4,data\raw\FaceForensics++_C23\DeepFakeDetection\14_26__kitchen_still__ILLP29ZH.mp4,1,DeepFakeDetection,c23
FaceForensics++,FaceForensics++__DeepFakeDetection__14_26__podium_speech_happy__ILLP29ZH.mp4,data\raw\FaceForensics++_C23\DeepFakeDetection\14_26__podium_speech_happy__ILLP29ZH.mp4,1,DeepFakeDetection,c23
FaceForensics++,FaceForensics++__DeepFakeDetection__14_26__secret_conversation__SU8SAHTT.mp4,data\raw\FaceForensics++_C23\DeepFakeDetection\14_26__secret_conversation__SU8SAHTT.mp4,1,DeepFakeDetection,c23
FaceForensics++,FaceForensics++__DeepFakeDetection__14_26__talking_angry_couch__SU8SAHTT.mp4,data\raw\FaceForensics++_C23\DeepFakeDetection\14_26__talking_angry_couch__SU8SAHTT.mp4,1,DeepFakeDetection,c23
FaceForensics++,FaceForensics++__DeepFakeDetection__15_01__kitchen_still__02HILKYO.mp4,data\raw\FaceForensics++_C23\DeepFakeDetection\15_01__kitchen_still__02HILKYO.mp4,1,DeepFakeDetection,c23
FaceForensics++,FaceForensics++__DeepFakeDetection__15_01__outside_talking_still_laughing__02HILKYO.mp4,data\raw\FaceForensics++_C23\DeepFakeDetection\15_01__outside_talking_still_laughing__02HILKYO.mp4,1,DeepFakeDetection,c23
FaceForensics++,FaceForensics++__DeepFakeDetection__15_02__hugging_happy__SB6PMCO0.mp4,data\raw\FaceForensics++_C23\DeepFakeDetection\15_02__hugging_happy__SB6PMCO0.mp4,1,DeepFakeDetection,c23
FaceForensics++,FaceForensics++__DeepFakeDetection__15_02__kitchen_still__HTG660F8.mp4,data\raw\FaceForensics++_C23\DeepFakeDetection\15_02__kitchen_still__HTG660F8.mp4,1,DeepFakeDetection,c23
FaceForensics++,FaceForensics++__DeepFakeDetection__15_02__outside_talking_pan_laughing__MCRFMYAE.mp4,data\raw\FaceForensics++_C23\DeepFakeDetection\15_02__outside_talking_pan_laughing__MCRFMYAE.mp4,1,DeepFakeDetection,c23
FaceForensics++,FaceForensics++__DeepFakeDetection__15_02__talking_against_wall__MZWH8ATN.mp4,data\raw\FaceForensics++_C23\DeepFakeDetection\15_02__talking_against_wall__MZWH8ATN.mp4,1,DeepFakeDetection,c23
FaceForensics++,FaceForensics++__DeepFakeDetection__15_02__talking_against_wall__TSRK8QS4.mp4,data\raw\FaceForensics++_C23\DeepFakeDetection\15_02__talking_against_wall__TSRK8QS4.mp4,1,DeepFakeDetection,c23
FaceForensics++,FaceForensics++__DeepFakeDetection__15_02__walking_down_indoor_hall_disgust__HTG660F8.mp4,data\raw\FaceForensics++_C23\DeepFakeDetection\15_02__walking_down_indoor_hall_disgust__HTG660F8.mp4,1,DeepFakeDetection,c23
FaceForensics++,FaceForensics++__DeepFakeDetection__15_02__walking_outside_cafe_disgusted__P2FAY3DR.mp4,data\raw\FaceForensics++_C23\DeepFakeDetection\15_02__walking_outside_cafe_disgusted__P2FAY3DR.mp4,1,DeepFakeDetection,c23
FaceForensics++,FaceForensics++__DeepFakeDetection__15_03__exit_phone_room__GZNLO4X9.mp4,data\raw\FaceForensics++_C23\DeepFakeDetection\15_03__exit_phone_room__GZNLO4X9.mp4,1,DeepFakeDetection,c23
FaceForensics++,FaceForensics++__DeepFakeDetection__15_03__kitchen_pan__DG8ITQO3.mp4,data\raw\FaceForensics++_C23\DeepFakeDetection\15_03__kitchen_pan__DG8ITQO3.mp4,1,DeepFakeDetection,c23
FaceForensics++,FaceForensics++__DeepFakeDetection__15_03__podium_speech_happy__OY4I7ZU8.mp4,data\raw\FaceForensics++_C23\DeepFakeDetection\15_03__podium_speech_happy__OY4I7ZU8.mp4,1,DeepFakeDetection,c23
FaceForensics++,FaceForensics++__DeepFakeDetection__15_03__podium_speech_happy__Y11NT1YX.mp4,data\raw\FaceForensics++_C23\DeepFakeDetection\15_03__podium_speech_happy__Y11NT1YX.mp4,1,DeepFakeDetection,c23
FaceForensics++,FaceForensics++__DeepFakeDetection__15_03__talking_angry_couch__5C1OMK8W.mp4,data\raw\FaceForensics++_C23\DeepFakeDetection\15_03__talking_angry_couch__5C1OMK8W.mp4,1,DeepFakeDetection,c23
FaceForensics++,FaceForensics++__DeepFakeDetection__15_04__kitchen_pan__46TJ9IOJ.mp4,data\raw\FaceForensics++_C23\DeepFakeDetection\15_04__kitchen_pan__46TJ9IOJ.mp4,1,DeepFakeDetection,c23
FaceForensics++,FaceForensics++__DeepFakeDetection__15_04__outside_talking_pan_laughing__7NW4Z6WZ.mp4,data\raw\FaceForensics++_C23\DeepFakeDetection\15_04__outside_talking_pan_laughing__7NW4Z6WZ.mp4,1,DeepFakeDetection,c23
FaceForensics++,FaceForensics++__DeepFakeDetection__15_04__talking_against_wall__46TJ9IOJ.mp4,data\raw\FaceForensics++_C23\DeepFakeDetection\15_04__talking_against_wall__46TJ9IOJ.mp4,1,DeepFakeDetection,c23
FaceForensics++,FaceForensics++__DeepFakeDetection__15_04__walking_and_outside_surprised__46TJ9IOJ.mp4,data\raw\FaceForensics++_C23\DeepFakeDetection\15_04__walking_and_outside_surprised__46TJ9IOJ.mp4,1,DeepFakeDetection,c23
FaceForensics++,FaceForensics++__DeepFakeDetection__15_06__exit_phone_room__E98QYYXO.mp4,data\raw\FaceForensics++_C23\DeepFakeDetection\15_06__exit_phone_room__E98QYYXO.mp4,1,DeepFakeDetection,c23
FaceForensics++,FaceForensics++__DeepFakeDetection__15_06__kitchen_still__E98QYYXO.mp4,data\raw\FaceForensics++_C23\DeepFakeDetection\15_06__kitchen_still__E98QYYXO.mp4,1,DeepFakeDetection,c23
FaceForensics++,FaceForensics++__DeepFakeDetection__15_06__outside_talking_pan_laughing__QRCD27P8.mp4,data\raw\FaceForensics++_C23\DeepFakeDetection\15_06__outside_talking_pan_laughing__QRCD27P8.mp4,1,DeepFakeDetection,c23
FaceForensics++,FaceForensics++__DeepFakeDetection__15_06__talking_against_wall__QRCD27P8.mp4,data\raw\FaceForensics++_C23\DeepFakeDetection\15_06__talking_against_wall__QRCD27P8.mp4,1,DeepFakeDetection,c23
FaceForensics++,FaceForensics++__DeepFakeDetection__15_06__walking_down_indoor_hall_disgust__QRCD27P8.mp4,data\raw\FaceForensics++_C23\DeepFakeDetection\15_06__walking_down_indoor_hall_disgust__QRCD27P8.mp4,1,DeepFakeDetection,c23
FaceForensics++,FaceForensics++__DeepFakeDetection__15_06__walking_outside_cafe_disgusted__QRCD27P8.mp4,data\raw\FaceForensics++_C23\DeepFakeDetection\15_06__walking_outside_cafe_disgusted__QRCD27P8.mp4,1,DeepFakeDetection,c23
FaceForensics++,FaceForensics++__DeepFakeDetection__15_07__kitchen_still__9Z2MLKVX.mp4,data\raw\FaceForensics++_C23\DeepFakeDetection\15_07__kitchen_still__9Z2MLKVX.mp4,1,DeepFakeDetection,c23
FaceForensics++,FaceForensics++__DeepFakeDetection__15_07__walking_down_indoor_hall_disgust__NYPO7U50.mp4,data\raw\FaceForensics++_C23\DeepFakeDetection\15_07__walking_down_indoor_hall_disgust__NYPO7U50.mp4,1,DeepFakeDetection,c23
FaceForensics++,FaceForensics++__DeepFakeDetection__15_12__hugging_happy__N0SRODQD.mp4,data\raw\FaceForensics++_C23\DeepFakeDetection\15_12__hugging_happy__N0SRODQD.mp4,1,DeepFakeDetection,c23
FaceForensics++,FaceForensics++__DeepFakeDetection__15_12__outside_talking_still_laughing__RK17XFJ9.mp4,data\raw\FaceForensics++_C23\DeepFakeDetection\15_12__outside_talking_still_laughing__RK17XFJ9.mp4,1,DeepFakeDetection,c23
FaceForensics++,FaceForensics++__DeepFakeDetection__15_12__talking_angry_couch__N0SRODQD.mp4,data\raw\FaceForensics++_C23\DeepFakeDetection\15_12__talking_angry_couch__N0SRODQD.mp4,1,DeepFakeDetection,c23
FaceForensics++,FaceForensics++__DeepFakeDetection__15_12__talking_angry_couch__RK17XFJ9.mp4,data\raw\FaceForensics++_C23\DeepFakeDetection\15_12__talking_angry_couch__RK17XFJ9.mp4,1,DeepFakeDetection,c23
FaceForensics++,FaceForensics++__DeepFakeDetection__15_13__kitchen_pan__X0EIIJF7.mp4,data\raw\FaceForensics++_C23\DeepFakeDetection\15_13__kitchen_pan__X0EIIJF7.mp4,1,DeepFakeDetection,c23
FaceForensics++,FaceForensics++__DeepFakeDetection__15_14__exit_phone_room__RNHLLKSQ.mp4,data\raw\FaceForensics++_C23\DeepFakeDetection\15_14__exit_phone_room__RNHLLKSQ.mp4,1,DeepFakeDetection,c23
FaceForensics++,FaceForensics++__DeepFakeDetection__15_14__talking_against_wall__4SO1CSAM.mp4,data\raw\FaceForensics++_C23\DeepFakeDetection\15_14__talking_against_wall__4SO1CSAM.mp4,1,DeepFakeDetection,c23
FaceForensics++,FaceForensics++__DeepFakeDetection__15_18__kitchen_still__V5VHLCOW.mp4,data\raw\FaceForensics++_C23\DeepFakeDetection\15_18__kitchen_still__V5VHLCOW.mp4,1,DeepFakeDetection,c23
FaceForensics++,FaceForensics++__DeepFakeDetection__15_18__talking_angry_couch__V5VHLCOW.mp4,data\raw\FaceForensics++_C23\DeepFakeDetection\15_18__talking_angry_couch__V5VHLCOW.mp4,1,DeepFakeDetection,c23
FaceForensics++,FaceForensics++__DeepFakeDetection__15_18__walking_down_indoor_hall_disgust__V5VHLCOW.mp4,data\raw\FaceForensics++_C23\DeepFakeDetection\15_18__walking_down_indoor_hall_disgust__V5VHLCOW.mp4,1,DeepFakeDetection,c23
FaceForensics++,FaceForensics++__DeepFakeDetection__15_20__kitchen_pan__99NHTFBM.mp4,data\raw\FaceForensics++_C23\DeepFakeDetection\15_20__kitchen_pan__99NHTFBM.mp4,1,DeepFakeDetection,c23
FaceForensics++,FaceForensics++__DeepFakeDetection__15_20__outside_talking_pan_laughing__99NHTFBM.mp4,data\raw\FaceForensics++_C23\DeepFakeDetection\15_20__outside_talking_pan_laughing__99NHTFBM.mp4,1,DeepFakeDetection,c23
FaceForensics++,FaceForensics++__DeepFakeDetection__15_20__outside_talking_still_laughing__99NHTFBM.mp4,data\raw\FaceForensics++_C23\DeepFakeDetection\15_20__outside_talking_still_laughing__99NHTFBM.mp4,1,DeepFakeDetection,c23
FaceForensics++,FaceForensics++__DeepFakeDetection__15_20__walking_down_indoor_hall_disgust__CYD62VPP.mp4,data\raw\FaceForensics++_C23\DeepFakeDetection\15_20__walking_down_indoor_hall_disgust__CYD62VPP.mp4,1,DeepFakeDetection,c23
FaceForensics++,FaceForensics++__DeepFakeDetection__15_21__kitchen_pan__87WSBJP3.mp4,data\raw\FaceForensics++_C23\DeepFakeDetection\15_21__kitchen_pan__87WSBJP3.mp4,1,DeepFakeDetection,c23
FaceForensics++,FaceForensics++__DeepFakeDetection__15_25__talking_angry_couch__FF95NMIQ.mp4,data\raw\FaceForensics++_C23\DeepFakeDetection\15_25__talking_angry_couch__FF95NMIQ.mp4,1,DeepFakeDetection,c23
FaceForensics++,FaceForensics++__DeepFakeDetection__15_27__outside_talking_still_laughing__WZ4MLUAV.mp4,data\raw\FaceForensics++_C23\DeepFakeDetection\15_27__outside_talking_still_laughing__WZ4MLUAV.mp4,1,DeepFakeDetection,c23
FaceForensics++,FaceForensics++__DeepFakeDetection__15_27__podium_speech_happy__2ERUWYH8.mp4,data\raw\FaceForensics++_C23\DeepFakeDetection\15_27__podium_speech_happy__2ERUWYH8.mp4,1,DeepFakeDetection,c23
FaceForensics++,FaceForensics++__DeepFakeDetection__16_05__kitchen_still__053HPS1G.mp4,data\raw\FaceForensics++_C23\DeepFakeDetection\16_05__kitchen_still__053HPS1G.mp4,1,DeepFakeDetection,c23
FaceForensics++,FaceForensics++__DeepFakeDetection__16_05__walking_down_street_outside_angry__BY646B4R.mp4,data\raw\FaceForensics++_C23\DeepFakeDetection\16_05__walking_down_street_outside_angry__BY646B4R.mp4,1,DeepFakeDetection,c23
FaceForensics++,FaceForensics++__DeepFakeDetection__16_05__walking_outside_cafe_disgusted__053HPS1G.mp4,data\raw\FaceForensics++_C23\DeepFakeDetection\16_05__walking_outside_cafe_disgusted__053HPS1G.mp4,1,DeepFakeDetection,c23
FaceForensics++,FaceForensics++__DeepFakeDetection__16_17__exit_phone_room__S7UMSIQV.mp4,data\raw\FaceForensics++_C23\DeepFakeDetection\16_17__exit_phone_room__S7UMSIQV.mp4,1,DeepFakeDetection,c23
FaceForensics++,FaceForensics++__DeepFakeDetection__16_17__walking_outside_cafe_disgusted__S7UMSIQV.mp4,data\raw\FaceForensics++_C23\DeepFakeDetection\16_17__walking_outside_cafe_disgusted__S7UMSIQV.mp4,1,DeepFakeDetection,c23
FaceForensics++,FaceForensics++__DeepFakeDetection__16_28__hugging_happy__X5FNCYON.mp4,data\raw\FaceForensics++_C23\DeepFakeDetection\16_28__hugging_happy__X5FNCYON.mp4,1,DeepFakeDetection,c23
FaceForensics++,FaceForensics++__DeepFakeDetection__16_28__outside_talking_pan_laughing__X5FNCYON.mp4,data\raw\FaceForensics++_C23\DeepFakeDetection\16_28__outside_talking_pan_laughing__X5FNCYON.mp4,1,DeepFakeDetection,c23
FaceForensics++,FaceForensics++__DeepFakeDetection__17_08__exit_phone_room__CFIY1YEQ.mp4,data\raw\FaceForensics++_C23\DeepFakeDetection\17_08__exit_phone_room__CFIY1YEQ.mp4,1,DeepFakeDetection,c23
FaceForensics++,FaceForensics++__DeepFakeDetection__17_08__outside_talking_still_laughing__PBVFRHF5.mp4,data\raw\FaceForensics++_C23\DeepFakeDetection\17_08__outside_talking_still_laughing__PBVFRHF5.mp4,1,DeepFakeDetection,c23
FaceForensics++,FaceForensics++__DeepFakeDetection__17_08__podium_speech_happy__ISS1V0B1.mp4,data\raw\FaceForensics++_C23\DeepFakeDetection\17_08__podium_speech_happy__ISS1V0B1.mp4,1,DeepFakeDetection,c23
FaceForensics++,FaceForensics++__DeepFakeDetection__17_08__talking_against_wall__QOX5NWIJ.mp4,data\raw\FaceForensics++_C23\DeepFakeDetection\17_08__talking_against_wall__QOX5NWIJ.mp4,1,DeepFakeDetection,c23
FaceForensics++,FaceForensics++__DeepFakeDetection__17_08__walking_down_indoor_hall_disgust__JZYRLJ8T.mp4,data\raw\FaceForensics++_C23\DeepFakeDetection\17_08__walking_down_indoor_hall_disgust__JZYRLJ8T.mp4,1,DeepFakeDetection,c23
FaceForensics++,FaceForensics++__DeepFakeDetection__17_16__exit_phone_room__S7UMSIQV.mp4,data\raw\FaceForensics++_C23\DeepFakeDetection\17_16__exit_phone_room__S7UMSIQV.mp4,1,DeepFakeDetection,c23
FaceForensics++,FaceForensics++__DeepFakeDetection__17_16__hugging_happy__S7UMSIQV.mp4,data\raw\FaceForensics++_C23\DeepFakeDetection\17_16__hugging_happy__S7UMSIQV.mp4,1,DeepFakeDetection,c23
FaceForensics++,FaceForensics++__DeepFakeDetection__17_16__walking_down_indoor_hall_disgust__S7UMSIQV.mp4,data\raw\FaceForensics++_C23\DeepFakeDetection\17_16__walking_down_indoor_hall_disgust__S7UMSIQV.mp4,1,DeepFakeDetection,c23
FaceForensics++,FaceForensics++__DeepFakeDetection__17_16__walk_down_hall_angry__EWJJTZHY.mp4,data\raw\FaceForensics++_C23\DeepFakeDetection\17_16__walk_down_hall_angry__EWJJTZHY.mp4,1,DeepFakeDetection,c23
FaceForensics++,FaceForensics++__DeepFakeDetection__17_16__walk_down_hall_angry__P141P1QH.mp4,data\raw\FaceForensics++_C23\DeepFakeDetection\17_16__walk_down_hall_angry__P141P1QH.mp4,1,DeepFakeDetection,c23
FaceForensics++,FaceForensics++__DeepFakeDetection__18_02__exit_phone_room__B95S4G6F.mp4,data\raw\FaceForensics++_C23\DeepFakeDetection\18_02__exit_phone_room__B95S4G6F.mp4,1,DeepFakeDetection,c23
FaceForensics++,FaceForensics++__DeepFakeDetection__18_02__kitchen_still__B95S4G6F.mp4,data\raw\FaceForensics++_C23\DeepFakeDetection\18_02__kitchen_still__B95S4G6F.mp4,1,DeepFakeDetection,c23
FaceForensics++,FaceForensics++__DeepFakeDetection__18_03__exit_phone_room__22UBC0BS.mp4,data\raw\FaceForensics++_C23\DeepFakeDetection\18_03__exit_phone_room__22UBC0BS.mp4,1,DeepFakeDetection,c23
FaceForensics++,FaceForensics++__DeepFakeDetection__18_03__exit_phone_room__32DBR8L4.mp4,data\raw\FaceForensics++_C23\DeepFakeDetection\18_03__exit_phone_room__32DBR8L4.mp4,1,DeepFakeDetection,c23
FaceForensics++,FaceForensics++__DeepFakeDetection__18_03__kitchen_still__22UBC0BS.mp4,data\raw\FaceForensics++_C23\DeepFakeDetection\18_03__kitchen_still__22UBC0BS.mp4,1,DeepFakeDetection,c23
FaceForensics++,FaceForensics++__DeepFakeDetection__18_03__walking_down_street_outside_angry__22UBC0BS.mp4,data\raw\FaceForensics++_C23\DeepFakeDetection\18_03__walking_down_street_outside_angry__22UBC0BS.mp4,1,DeepFakeDetection,c23
FaceForensics++,FaceForensics++__DeepFakeDetection__18_04__walking_outside_cafe_disgusted__6J3ZFEJQ.mp4,data\raw\FaceForensics++_C23\DeepFakeDetection\18_04__walking_outside_cafe_disgusted__6J3ZFEJQ.mp4,1,DeepFakeDetection,c23
FaceForensics++,FaceForensics++__DeepFakeDetection__18_06__kitchen_pan__XJ76YU5A.mp4,data\raw\FaceForensics++_C23\DeepFakeDetection\18_06__kitchen_pan__XJ76YU5A.mp4,1,DeepFakeDetection,c23
FaceForensics++,FaceForensics++__DeepFakeDetection__18_06__outside_talking_pan_laughing__DEA1TCLN.mp4,data\raw\FaceForensics++_C23\DeepFakeDetection\18_06__outside_talking_pan_laughing__DEA1TCLN.mp4,1,DeepFakeDetection,c23
FaceForensics++,FaceForensics++__DeepFakeDetection__18_06__walking_down_street_outside_angry__MVXBDKGB.mp4,data\raw\FaceForensics++_C23\DeepFakeDetection\18_06__walking_down_street_outside_angry__MVXBDKGB.mp4,1,DeepFakeDetection,c23
FaceForensics++,FaceForensics++__DeepFakeDetection__18_06__walking_outside_cafe_disgusted__OWJY9LQU.mp4,data\raw\FaceForensics++_C23\DeepFakeDetection\18_06__walking_outside_cafe_disgusted__OWJY9LQU.mp4,1,DeepFakeDetection,c23
FaceForensics++,FaceForensics++__DeepFakeDetection__18_09__kitchen_still__3VP8836C.mp4,data\raw\FaceForensics++_C23\DeepFakeDetection\18_09__kitchen_still__3VP8836C.mp4,1,DeepFakeDetection,c23
FaceForensics++,FaceForensics++__DeepFakeDetection__18_09__walking_outside_cafe_disgusted__3VP8836C.mp4,data\raw\FaceForensics++_C23\DeepFakeDetection\18_09__walking_outside_cafe_disgusted__3VP8836C.mp4,1,DeepFakeDetection,c23
FaceForensics++,FaceForensics++__DeepFakeDetection__18_11__secret_conversation__JJ1YREUN.mp4,data\raw\FaceForensics++_C23\DeepFakeDetection\18_11__secret_conversation__JJ1YREUN.mp4,1,DeepFakeDetection,c23
FaceForensics++,FaceForensics++__DeepFakeDetection__18_11__secret_conversation__PT4YKO2R.mp4,data\raw\FaceForensics++_C23\DeepFakeDetection\18_11__secret_conversation__PT4YKO2R.mp4,1,DeepFakeDetection,c23
FaceForensics++,FaceForensics++__DeepFakeDetection__18_11__walking_down_street_outside_angry__PT4YKO2R.mp4,data\raw\FaceForensics++_C23\DeepFakeDetection\18_11__walking_down_street_outside_angry__PT4YKO2R.mp4,1,DeepFakeDetection,c23
FaceForensics++,FaceForensics++__DeepFakeDetection__18_12__outside_talking_pan_laughing__IKH1LBBY.mp4,data\raw\FaceForensics++_C23\DeepFakeDetection\18_12__outside_talking_pan_laughing__IKH1LBBY.mp4,1,DeepFakeDetection,c23
FaceForensics++,FaceForensics++__DeepFakeDetection__18_12__outside_talking_still_laughing__IKH1LBBY.mp4,data\raw\FaceForensics++_C23\DeepFakeDetection\18_12__outside_talking_still_laughing__IKH1LBBY.mp4,1,DeepFakeDetection,c23
FaceForensics++,FaceForensics++__DeepFakeDetection__18_14__exit_phone_room__0YRBHIKG.mp4,data\raw\FaceForensics++_C23\DeepFakeDetection\18_14__exit_phone_room__0YRBHIKG.mp4,1,DeepFakeDetection,c23
FaceForensics++,FaceForensics++__DeepFakeDetection__18_14__outside_talking_still_laughing__6SB2BR0A.mp4,data\raw\FaceForensics++_C23\DeepFakeDetection\18_14__outside_talking_still_laughing__6SB2BR0A.mp4,1,DeepFakeDetection,c23
FaceForensics++,FaceForensics++__DeepFakeDetection__18_14__podium_speech_happy__0YRBHIKG.mp4,data\raw\FaceForensics++_C23\DeepFakeDetection\18_14__podium_speech_happy__0YRBHIKG.mp4,1,DeepFakeDetection,c23
FaceForensics++,FaceForensics++__DeepFakeDetection__18_14__secret_conversation__HYMNQ00Q.mp4,data\raw\FaceForensics++_C23\DeepFakeDetection\18_14__secret_conversation__HYMNQ00Q.mp4,1,DeepFakeDetection,c23
FaceForensics++,FaceForensics++__DeepFakeDetection__18_15__kitchen_pan__V5VHLCOW.mp4,data\raw\FaceForensics++_C23\DeepFakeDetection\18_15__kitchen_pan__V5VHLCOW.mp4,1,DeepFakeDetection,c23
FaceForensics++,FaceForensics++__DeepFakeDetection__18_15__kitchen_still__V5VHLCOW.mp4,data\raw\FaceForensics++_C23\DeepFakeDetection\18_15__kitchen_still__V5VHLCOW.mp4,1,DeepFakeDetection,c23
FaceForensics++,FaceForensics++__DeepFakeDetection__18_15__outside_talking_still_laughing__V5VHLCOW.mp4,data\raw\FaceForensics++_C23\DeepFakeDetection\18_15__outside_talking_still_laughing__V5VHLCOW.mp4,1,DeepFakeDetection,c23
FaceForensics++,FaceForensics++__DeepFakeDetection__18_15__walking_down_street_outside_angry__V5VHLCOW.mp4,data\raw\FaceForensics++_C23\DeepFakeDetection\18_15__walking_down_street_outside_angry__V5VHLCOW.mp4,1,DeepFakeDetection,c23
FaceForensics++,FaceForensics++__DeepFakeDetection__18_25__exit_phone_room__AUC0HY5T.mp4,data\raw\FaceForensics++_C23\DeepFakeDetection\18_25__exit_phone_room__AUC0HY5T.mp4,1,DeepFakeDetection,c23
FaceForensics++,FaceForensics++__DeepFakeDetection__18_25__outside_talking_pan_laughing__AUC0HY5T.mp4,data\raw\FaceForensics++_C23\DeepFakeDetection\18_25__outside_talking_pan_laughing__AUC0HY5T.mp4,1,DeepFakeDetection,c23
FaceForensics++,FaceForensics++__DeepFakeDetection__18_25__walking_outside_cafe_disgusted__SEGFKFJG.mp4,data\raw\FaceForensics++_C23\DeepFakeDetection\18_25__walking_outside_cafe_disgusted__SEGFKFJG.mp4,1,DeepFakeDetection,c23
FaceForensics++,FaceForensics++__DeepFakeDetection__18_26__kitchen_still__UMEX6HWU.mp4,data\raw\FaceForensics++_C23\DeepFakeDetection\18_26__kitchen_still__UMEX6HWU.mp4,1,DeepFakeDetection,c23
FaceForensics++,FaceForensics++__DeepFakeDetection__18_26__secret_conversation__UMEX6HWU.mp4,data\raw\FaceForensics++_C23\DeepFakeDetection\18_26__secret_conversation__UMEX6HWU.mp4,1,DeepFakeDetection,c23
FaceForensics++,FaceForensics++__DeepFakeDetection__18_26__walking_outside_cafe_disgusted__UMEX6HWU.mp4,data\raw\FaceForensics++_C23\DeepFakeDetection\18_26__walking_outside_cafe_disgusted__UMEX6HWU.mp4,1,DeepFakeDetection,c23
FaceForensics++,FaceForensics++__DeepFakeDetection__18_26__walk_down_hall_angry__AI94QW74.mp4,data\raw\FaceForensics++_C23\DeepFakeDetection\18_26__walk_down_hall_angry__AI94QW74.mp4,1,DeepFakeDetection,c23
FaceForensics++,FaceForensics++__DeepFakeDetection__18_27__kitchen_still__NYHE8D0J.mp4,data\raw\FaceForensics++_C23\DeepFakeDetection\18_27__kitchen_still__NYHE8D0J.mp4,1,DeepFakeDetection,c23
FaceForensics++,FaceForensics++__DeepFakeDetection__18_27__outside_talking_still_laughing__G7OOOUCX.mp4,data\raw\FaceForensics++_C23\DeepFakeDetection\18_27__outside_talking_still_laughing__G7OOOUCX.mp4,1,DeepFakeDetection,c23
FaceForensics++,FaceForensics++__DeepFakeDetection__18_27__walking_outside_cafe_disgusted__NYHE8D0J.mp4,data\raw\FaceForensics++_C23\DeepFakeDetection\18_27__walking_outside_cafe_disgusted__NYHE8D0J.mp4,1,DeepFakeDetection,c23
FaceForensics++,FaceForensics++__DeepFakeDetection__19_10__exit_phone_room__IDX76N5R.mp4,data\raw\FaceForensics++_C23\DeepFakeDetection\19_10__exit_phone_room__IDX76N5R.mp4,1,DeepFakeDetection,c23
FaceForensics++,FaceForensics++__DeepFakeDetection__19_10__podium_speech_happy__FFXB67PI.mp4,data\raw\FaceForensics++_C23\DeepFakeDetection\19_10__podium_speech_happy__FFXB67PI.mp4,1,DeepFakeDetection,c23
FaceForensics++,FaceForensics++__DeepFakeDetection__19_10__talking_against_wall__O2IKR6YM.mp4,data\raw\FaceForensics++_C23\DeepFakeDetection\19_10__talking_against_wall__O2IKR6YM.mp4,1,DeepFakeDetection,c23
FaceForensics++,FaceForensics++__DeepFakeDetection__19_10__walk_down_hall_angry__BVVPN5D5.mp4,data\raw\FaceForensics++_C23\DeepFakeDetection\19_10__walk_down_hall_angry__BVVPN5D5.mp4,1,DeepFakeDetection,c23
FaceForensics++,FaceForensics++__DeepFakeDetection__19_22__outside_talking_pan_laughing__VK6BF5NV.mp4,data\raw\FaceForensics++_C23\DeepFakeDetection\19_22__outside_talking_pan_laughing__VK6BF5NV.mp4,1,DeepFakeDetection,c23
FaceForensics++,FaceForensics++__DeepFakeDetection__19_22__talking_against_wall__VK6BF5NV.mp4,data\raw\FaceForensics++_C23\DeepFakeDetection\19_22__talking_against_wall__VK6BF5NV.mp4,1,DeepFakeDetection,c23
FaceForensics++,FaceForensics++__DeepFakeDetection__19_23__kitchen_pan__WHQ1229T.mp4,data\raw\FaceForensics++_C23\DeepFakeDetection\19_23__kitchen_pan__WHQ1229T.mp4,1,DeepFakeDetection,c23
FaceForensics++,FaceForensics++__DeepFakeDetection__19_23__outside_talking_pan_laughing__H4SUVFTL.mp4,data\raw\FaceForensics++_C23\DeepFakeDetection\19_23__outside_talking_pan_laughing__H4SUVFTL.mp4,1,DeepFakeDetection,c23
FaceForensics++,FaceForensics++__DeepFakeDetection__19_23__walking_outside_cafe_disgusted__F7U8UY7V.mp4,data\raw\FaceForensics++_C23\DeepFakeDetection\19_23__walking_outside_cafe_disgusted__F7U8UY7V.mp4,1,DeepFakeDetection,c23
FaceForensics++,FaceForensics++__DeepFakeDetection__19_23__walking_outside_cafe_disgusted__WHQ1229T.mp4,data\raw\FaceForensics++_C23\DeepFakeDetection\19_23__walking_outside_cafe_disgusted__WHQ1229T.mp4,1,DeepFakeDetection,c23
FaceForensics++,FaceForensics++__DeepFakeDetection__19_23__walk_down_hall_angry__F7U8UY7V.mp4,data\raw\FaceForensics++_C23\DeepFakeDetection\19_23__walk_down_hall_angry__F7U8UY7V.mp4,1,DeepFakeDetection,c23
FaceForensics++,FaceForensics++__DeepFakeDetection__19_24__kitchen_pan__QD5K7BP2.mp4,data\raw\FaceForensics++_C23\DeepFakeDetection\19_24__kitchen_pan__QD5K7BP2.mp4,1,DeepFakeDetection,c23
FaceForensics++,FaceForensics++__DeepFakeDetection__19_24__outside_talking_pan_laughing__59PN7WZ2.mp4,data\raw\FaceForensics++_C23\DeepFakeDetection\19_24__outside_talking_pan_laughing__59PN7WZ2.mp4,1,DeepFakeDetection,c23
FaceForensics++,FaceForensics++__DeepFakeDetection__19_24__outside_talking_pan_laughing__OF8LF68K.mp4,data\raw\FaceForensics++_C23\DeepFakeDetection\19_24__outside_talking_pan_laughing__OF8LF68K.mp4,1,DeepFakeDetection,c23
FaceForensics++,FaceForensics++__DeepFakeDetection__19_24__outside_talking_still_laughing__59PN7WZ2.mp4,data\raw\FaceForensics++_C23\DeepFakeDetection\19_24__outside_talking_still_laughing__59PN7WZ2.mp4,1,DeepFakeDetection,c23
FaceForensics++,FaceForensics++__DeepFakeDetection__19_24__outside_talking_still_laughing__DL7X7M6I.mp4,data\raw\FaceForensics++_C23\DeepFakeDetection\19_24__outside_talking_still_laughing__DL7X7M6I.mp4,1,DeepFakeDetection,c23
FaceForensics++,FaceForensics++__DeepFakeDetection__19_24__talking_angry_couch__W1DEM0XM.mp4,data\raw\FaceForensics++_C23\DeepFakeDetection\19_24__talking_angry_couch__W1DEM0XM.mp4,1,DeepFakeDetection,c23
FaceForensics++,FaceForensics++__DeepFakeDetection__19_24__walk_down_hall_angry__OF8LF68K.mp4,data\raw\FaceForensics++_C23\DeepFakeDetection\19_24__walk_down_hall_angry__OF8LF68K.mp4,1,DeepFakeDetection,c23
FaceForensics++,FaceForensics++__DeepFakeDetection__19_24__walk_down_hall_angry__RKQTC50P.mp4,data\raw\FaceForensics++_C23\DeepFakeDetection\19_24__walk_down_hall_angry__RKQTC50P.mp4,1,DeepFakeDetection,c23
FaceForensics++,FaceForensics++__DeepFakeDetection__19_24__walk_down_hall_angry__W1DEM0XM.mp4,data\raw\FaceForensics++_C23\DeepFakeDetection\19_24__walk_down_hall_angry__W1DEM0XM.mp4,1,DeepFakeDetection,c23
FaceForensics++,FaceForensics++__DeepFakeDetection__20_01__kitchen_pan__6UBMLXK3.mp4,data\raw\FaceForensics++_C23\DeepFakeDetection\20_01__kitchen_pan__6UBMLXK3.mp4,1,DeepFakeDetection,c23
FaceForensics++,FaceForensics++__DeepFakeDetection__20_01__kitchen_still__FW94AIMJ.mp4,data\raw\FaceForensics++_C23\DeepFakeDetection\20_01__kitchen_still__FW94AIMJ.mp4,1,DeepFakeDetection,c23
FaceForensics++,FaceForensics++__DeepFakeDetection__20_01__walking_and_outside_surprised__6UBMLXK3.mp4,data\raw\FaceForensics++_C23\DeepFakeDetection\20_01__walking_and_outside_surprised__6UBMLXK3.mp4,1,DeepFakeDetection,c23
FaceForensics++,FaceForensics++__DeepFakeDetection__20_03__hugging_happy__Z6V05FXO.mp4,data\raw\FaceForensics++_C23\DeepFakeDetection\20_03__hugging_happy__Z6V05FXO.mp4,1,DeepFakeDetection,c23
FaceForensics++,FaceForensics++__DeepFakeDetection__20_03__talking_angry_couch__61SVZ2J7.mp4,data\raw\FaceForensics++_C23\DeepFakeDetection\20_03__talking_angry_couch__61SVZ2J7.mp4,1,DeepFakeDetection,c23
FaceForensics++,FaceForensics++__DeepFakeDetection__20_03__walk_down_hall_angry__61SVZ2J7.mp4,data\raw\FaceForensics++_C23\DeepFakeDetection\20_03__walk_down_hall_angry__61SVZ2J7.mp4,1,DeepFakeDetection,c23
FaceForensics++,FaceForensics++__DeepFakeDetection__20_06__outside_talking_pan_laughing__6SUW7063.mp4,data\raw\FaceForensics++_C23\DeepFakeDetection\20_06__outside_talking_pan_laughing__6SUW7063.mp4,1,DeepFakeDetection,c23
FaceForensics++,FaceForensics++__DeepFakeDetection__20_06__podium_speech_happy__6SUW7063.mp4,data\raw\FaceForensics++_C23\DeepFakeDetection\20_06__podium_speech_happy__6SUW7063.mp4,1,DeepFakeDetection,c23
FaceForensics++,FaceForensics++__DeepFakeDetection__20_07__outside_talking_pan_laughing__5VT4USF9.mp4,data\raw\FaceForensics++_C23\DeepFakeDetection\20_07__outside_talking_pan_laughing__5VT4USF9.mp4,1,DeepFakeDetection,c23
FaceForensics++,FaceForensics++__DeepFakeDetection__20_09__kitchen_pan__HG1S0KHA.mp4,data\raw\FaceForensics++_C23\DeepFakeDetection\20_09__kitchen_pan__HG1S0KHA.mp4,1,DeepFakeDetection,c23
FaceForensics++,FaceForensics++__DeepFakeDetection__20_09__kitchen_pan__MKEWB4SM.mp4,data\raw\FaceForensics++_C23\DeepFakeDetection\20_09__kitchen_pan__MKEWB4SM.mp4,1,DeepFakeDetection,c23
FaceForensics++,FaceForensics++__DeepFakeDetection__20_09__outside_talking_still_laughing__98NUQ3E6.mp4,data\raw\FaceForensics++_C23\DeepFakeDetection\20_09__outside_talking_still_laughing__98NUQ3E6.mp4,1,DeepFakeDetection,c23
FaceForensics++,FaceForensics++__DeepFakeDetection__20_09__walking_down_indoor_hall_disgust__0IRM5ADD.mp4,data\raw\FaceForensics++_C23\DeepFakeDetection\20_09__walking_down_indoor_hall_disgust__0IRM5ADD.mp4,1,DeepFakeDetection,c23
FaceForensics++,FaceForensics++__DeepFakeDetection__20_09__walking_down_indoor_hall_disgust__RAGUKRMK.mp4,data\raw\FaceForensics++_C23\DeepFakeDetection\20_09__walking_down_indoor_hall_disgust__RAGUKRMK.mp4,1,DeepFakeDetection,c23
FaceForensics++,FaceForensics++__DeepFakeDetection__20_09__walk_down_hall_angry__RAGUKRMK.mp4,data\raw\FaceForensics++_C23\DeepFakeDetection\20_09__walk_down_hall_angry__RAGUKRMK.mp4,1,DeepFakeDetection,c23
FaceForensics++,FaceForensics++__DeepFakeDetection__20_12__kitchen_still__VD7BCF1U.mp4,data\raw\FaceForensics++_C23\DeepFakeDetection\20_12__kitchen_still__VD7BCF1U.mp4,1,DeepFakeDetection,c23
FaceForensics++,FaceForensics++__DeepFakeDetection__20_12__outside_talking_pan_laughing__VD7BCF1U.mp4,data\raw\FaceForensics++_C23\DeepFakeDetection\20_12__outside_talking_pan_laughing__VD7BCF1U.mp4,1,DeepFakeDetection,c23
FaceForensics++,FaceForensics++__DeepFakeDetection__20_12__walk_down_hall_angry__B0X1CGG2.mp4,data\raw\FaceForensics++_C23\DeepFakeDetection\20_12__walk_down_hall_angry__B0X1CGG2.mp4,1,DeepFakeDetection,c23
FaceForensics++,FaceForensics++__DeepFakeDetection__20_13__hugging_happy__C50CSOEX.mp4,data\raw\FaceForensics++_C23\DeepFakeDetection\20_13__hugging_happy__C50CSOEX.mp4,1,DeepFakeDetection,c23
FaceForensics++,FaceForensics++__DeepFakeDetection__20_13__hugging_happy__HQHYKNGK.mp4,data\raw\FaceForensics++_C23\DeepFakeDetection\20_13__hugging_happy__HQHYKNGK.mp4,1,DeepFakeDetection,c23
FaceForensics++,FaceForensics++__DeepFakeDetection__20_13__kitchen_pan__4SAX54BT.mp4,data\raw\FaceForensics++_C23\DeepFakeDetection\20_13__kitchen_pan__4SAX54BT.mp4,1,DeepFakeDetection,c23
FaceForensics++,FaceForensics++__DeepFakeDetection__20_13__kitchen_still__NJEO6L5O.mp4,data\raw\FaceForensics++_C23\DeepFakeDetection\20_13__kitchen_still__NJEO6L5O.mp4,1,DeepFakeDetection,c23
FaceForensics++,FaceForensics++__DeepFakeDetection__20_13__outside_talking_still_laughing__LXLR1B6N.mp4,data\raw\FaceForensics++_C23\DeepFakeDetection\20_13__outside_talking_still_laughing__LXLR1B6N.mp4,1,DeepFakeDetection,c23
FaceForensics++,FaceForensics++__DeepFakeDetection__20_13__walk_down_hall_angry__4SAX54BT.mp4,data\raw\FaceForensics++_C23\DeepFakeDetection\20_13__walk_down_hall_angry__4SAX54BT.mp4,1,DeepFakeDetection,c23
FaceForensics++,FaceForensics++__DeepFakeDetection__20_13__walk_down_hall_angry__HQHYKNGK.mp4,data\raw\FaceForensics++_C23\DeepFakeDetection\20_13__walk_down_hall_angry__HQHYKNGK.mp4,1,DeepFakeDetection,c23
FaceForensics++,FaceForensics++__DeepFakeDetection__20_14__outside_talking_pan_laughing__R7SPX6OK.mp4,data\raw\FaceForensics++_C23\DeepFakeDetection\20_14__outside_talking_pan_laughing__R7SPX6OK.mp4,1,DeepFakeDetection,c23
FaceForensics++,FaceForensics++__DeepFakeDetection__20_14__talking_angry_couch__R7SPX6OK.mp4,data\raw\FaceForensics++_C23\DeepFakeDetection\20_14__talking_angry_couch__R7SPX6OK.mp4,1,DeepFakeDetection,c23
FaceForensics++,FaceForensics++__DeepFakeDetection__20_15__outside_talking_pan_laughing__99NHTFBM.mp4,data\raw\FaceForensics++_C23\DeepFakeDetection\20_15__outside_talking_pan_laughing__99NHTFBM.mp4,1,DeepFakeDetection,c23
FaceForensics++,FaceForensics++__DeepFakeDetection__20_15__podium_speech_happy__99NHTFBM.mp4,data\raw\FaceForensics++_C23\DeepFakeDetection\20_15__podium_speech_happy__99NHTFBM.mp4,1,DeepFakeDetection,c23
FaceForensics++,FaceForensics++__DeepFakeDetection__20_15__secret_conversation__99NHTFBM.mp4,data\raw\FaceForensics++_C23\DeepFakeDetection\20_15__secret_conversation__99NHTFBM.mp4,1,DeepFakeDetection,c23
FaceForensics++,FaceForensics++__DeepFakeDetection__20_15__walking_down_indoor_hall_disgust__99NHTFBM.mp4,data\raw\FaceForensics++_C23\DeepFakeDetection\20_15__walking_down_indoor_hall_disgust__99NHTFBM.mp4,1,DeepFakeDetection,c23
FaceForensics++,FaceForensics++__DeepFakeDetection__20_15__walking_down_indoor_hall_disgust__CYD62VPP.mp4,data\raw\FaceForensics++_C23\DeepFakeDetection\20_15__walking_down_indoor_hall_disgust__CYD62VPP.mp4,1,DeepFakeDetection,c23
FaceForensics++,FaceForensics++__DeepFakeDetection__20_15__walking_outside_cafe_disgusted__99NHTFBM.mp4,data\raw\FaceForensics++_C23\DeepFakeDetection\20_15__walking_outside_cafe_disgusted__99NHTFBM.mp4,1,DeepFakeDetection,c23
FaceForensics++,FaceForensics++__DeepFakeDetection__20_21__kitchen_still__ZCB5OMEW.mp4,data\raw\FaceForensics++_C23\DeepFakeDetection\20_21__kitchen_still__ZCB5OMEW.mp4,1,DeepFakeDetection,c23
FaceForensics++,FaceForensics++__DeepFakeDetection__20_21__secret_conversation__ZCB5OMEW.mp4,data\raw\FaceForensics++_C23\DeepFakeDetection\20_21__secret_conversation__ZCB5OMEW.mp4,1,DeepFakeDetection,c23
FaceForensics++,FaceForensics++__DeepFakeDetection__20_21__walking_down_indoor_hall_disgust__ZCB5OMEW.mp4,data\raw\FaceForensics++_C23\DeepFakeDetection\20_21__walking_down_indoor_hall_disgust__ZCB5OMEW.mp4,1,DeepFakeDetection,c23
FaceForensics++,FaceForensics++__DeepFakeDetection__20_21__walking_down_street_outside_angry__ZCB5OMEW.mp4,data\raw\FaceForensics++_C23\DeepFakeDetection\20_21__walking_down_street_outside_angry__ZCB5OMEW.mp4,1,DeepFakeDetection,c23
FaceForensics++,FaceForensics++__DeepFakeDetection__20_25__exit_phone_room__MUS0X71T.mp4,data\raw\FaceForensics++_C23\DeepFakeDetection\20_25__exit_phone_room__MUS0X71T.mp4,1,DeepFakeDetection,c23
FaceForensics++,FaceForensics++__DeepFakeDetection__20_25__outside_talking_pan_laughing__M86GQTHK.mp4,data\raw\FaceForensics++_C23\DeepFakeDetection\20_25__outside_talking_pan_laughing__M86GQTHK.mp4,1,DeepFakeDetection,c23
FaceForensics++,FaceForensics++__DeepFakeDetection__20_25__outside_talking_still_laughing__DW2L6D2V.mp4,data\raw\FaceForensics++_C23\DeepFakeDetection\20_25__outside_talking_still_laughing__DW2L6D2V.mp4,1,DeepFakeDetection,c23
FaceForensics++,FaceForensics++__DeepFakeDetection__20_25__outside_talking_still_laughing__M786RTSM.mp4,data\raw\FaceForensics++_C23\DeepFakeDetection\20_25__outside_talking_still_laughing__M786RTSM.mp4,1,DeepFakeDetection,c23
FaceForensics++,FaceForensics++__DeepFakeDetection__20_25__outside_talking_still_laughing__RSCD7KXO.mp4,data\raw\FaceForensics++_C23\DeepFakeDetection\20_25__outside_talking_still_laughing__RSCD7KXO.mp4,1,DeepFakeDetection,c23
FaceForensics++,FaceForensics++__DeepFakeDetection__20_25__talking_against_wall__AMY6M1KL.mp4,data\raw\FaceForensics++_C23\DeepFakeDetection\20_25__talking_against_wall__AMY6M1KL.mp4,1,DeepFakeDetection,c23
FaceForensics++,FaceForensics++__DeepFakeDetection__20_25__walking_and_outside_surprised__RSCD7KXO.mp4,data\raw\FaceForensics++_C23\DeepFakeDetection\20_25__walking_and_outside_surprised__RSCD7KXO.mp4,1,DeepFakeDetection,c23
FaceForensics++,FaceForensics++__DeepFakeDetection__20_25__walk_down_hall_angry__DW2L6D2V.mp4,data\raw\FaceForensics++_C23\DeepFakeDetection\20_25__walk_down_hall_angry__DW2L6D2V.mp4,1,DeepFakeDetection,c23
FaceForensics++,FaceForensics++__DeepFakeDetection__20_26__outside_talking_pan_laughing__2VS0S1P5.mp4,data\raw\FaceForensics++_C23\DeepFakeDetection\20_26__outside_talking_pan_laughing__2VS0S1P5.mp4,1,DeepFakeDetection,c23
FaceForensics++,FaceForensics++__DeepFakeDetection__20_26__outside_talking_pan_laughing__KGFLR0PH.mp4,data\raw\FaceForensics++_C23\DeepFakeDetection\20_26__outside_talking_pan_laughing__KGFLR0PH.mp4,1,DeepFakeDetection,c23
FaceForensics++,FaceForensics++__DeepFakeDetection__20_26__talking_angry_couch__01OJA93K.mp4,data\raw\FaceForensics++_C23\DeepFakeDetection\20_26__talking_angry_couch__01OJA93K.mp4,1,DeepFakeDetection,c23
FaceForensics++,FaceForensics++__DeepFakeDetection__20_26__talking_angry_couch__34DJQS3E.mp4,data\raw\FaceForensics++_C23\DeepFakeDetection\20_26__talking_angry_couch__34DJQS3E.mp4,1,DeepFakeDetection,c23
FaceForensics++,FaceForensics++__DeepFakeDetection__20_27__kitchen_pan__LM907ECA.mp4,data\raw\FaceForensics++_C23\DeepFakeDetection\20_27__kitchen_pan__LM907ECA.mp4,1,DeepFakeDetection,c23
FaceForensics++,FaceForensics++__DeepFakeDetection__21_01__kitchen_pan__03X7CELV.mp4,data\raw\FaceForensics++_C23\DeepFakeDetection\21_01__kitchen_pan__03X7CELV.mp4,1,DeepFakeDetection,c23
FaceForensics++,FaceForensics++__DeepFakeDetection__21_01__walk_down_hall_angry__03X7CELV.mp4,data\raw\FaceForensics++_C23\DeepFakeDetection\21_01__walk_down_hall_angry__03X7CELV.mp4,1,DeepFakeDetection,c23
FaceForensics++,FaceForensics++__DeepFakeDetection__21_02__talking_angry_couch__Z0XHPQAR.mp4,data\raw\FaceForensics++_C23\DeepFakeDetection\21_02__talking_angry_couch__Z0XHPQAR.mp4,1,DeepFakeDetection,c23
FaceForensics++,FaceForensics++__DeepFakeDetection__21_03__hugging_happy__TEV3HIHZ.mp4,data\raw\FaceForensics++_C23\DeepFakeDetection\21_03__hugging_happy__TEV3HIHZ.mp4,1,DeepFakeDetection,c23
FaceForensics++,FaceForensics++__DeepFakeDetection__21_03__kitchen_still__V53E3RVB.mp4,data\raw\FaceForensics++_C23\DeepFakeDetection\21_03__kitchen_still__V53E3RVB.mp4,1,DeepFakeDetection,c23
FaceForensics++,FaceForensics++__DeepFakeDetection__21_03__outside_talking_still_laughing__V53E3RVB.mp4,data\raw\FaceForensics++_C23\DeepFakeDetection\21_03__outside_talking_still_laughing__V53E3RVB.mp4,1,DeepFakeDetection,c23
FaceForensics++,FaceForensics++__DeepFakeDetection__21_03__walking_down_street_outside_angry__YCSEBZO4.mp4,data\raw\FaceForensics++_C23\DeepFakeDetection\21_03__walking_down_street_outside_angry__YCSEBZO4.mp4,1,DeepFakeDetection,c23
FaceForensics++,FaceForensics++__DeepFakeDetection__21_04__talking_angry_couch__HY1VWEJK.mp4,data\raw\FaceForensics++_C23\DeepFakeDetection\21_04__talking_angry_couch__HY1VWEJK.mp4,1,DeepFakeDetection,c23
FaceForensics++,FaceForensics++__DeepFakeDetection__21_06__walking_down_indoor_hall_disgust__058I9NIZ.mp4,data\raw\FaceForensics++_C23\DeepFakeDetection\21_06__walking_down_indoor_hall_disgust__058I9NIZ.mp4,1,DeepFakeDetection,c23
FaceForensics++,FaceForensics++__DeepFakeDetection__21_06__walking_outside_cafe_disgusted__058I9NIZ.mp4,data\raw\FaceForensics++_C23\DeepFakeDetection\21_06__walking_outside_cafe_disgusted__058I9NIZ.mp4,1,DeepFakeDetection,c23
FaceForensics++,FaceForensics++__DeepFakeDetection__21_07__exit_phone_room__K7KXUHMU.mp4,data\raw\FaceForensics++_C23\DeepFakeDetection\21_07__exit_phone_room__K7KXUHMU.mp4,1,DeepFakeDetection,c23
FaceForensics++,FaceForensics++__DeepFakeDetection__21_07__kitchen_pan__K7KXUHMU.mp4,data\raw\FaceForensics++_C23\DeepFakeDetection\21_07__kitchen_pan__K7KXUHMU.mp4,1,DeepFakeDetection,c23
FaceForensics++,FaceForensics++__DeepFakeDetection__21_07__kitchen_still__K7KXUHMU.mp4,data\raw\FaceForensics++_C23\DeepFakeDetection\21_07__kitchen_still__K7KXUHMU.mp4,1,DeepFakeDetection,c23
FaceForensics++,FaceForensics++__DeepFakeDetection__21_07__talking_angry_couch__MKU99DVX.mp4,data\raw\FaceForensics++_C23\DeepFakeDetection\21_07__talking_angry_couch__MKU99DVX.mp4,1,DeepFakeDetection,c23
FaceForensics++,FaceForensics++__DeepFakeDetection__21_07__walking_down_street_outside_angry__MKU99DVX.mp4,data\raw\FaceForensics++_C23\DeepFakeDetection\21_07__walking_down_street_outside_angry__MKU99DVX.mp4,1,DeepFakeDetection,c23
FaceForensics++,FaceForensics++__DeepFakeDetection__21_09__hugging_happy__O9ER29Z6.mp4,data\raw\FaceForensics++_C23\DeepFakeDetection\21_09__hugging_happy__O9ER29Z6.mp4,1,DeepFakeDetection,c23
FaceForensics++,FaceForensics++__DeepFakeDetection__21_09__kitchen_still__LBQF8ZN1.mp4,data\raw\FaceForensics++_C23\DeepFakeDetection\21_09__kitchen_still__LBQF8ZN1.mp4,1,DeepFakeDetection,c23
FaceForensics++,FaceForensics++__DeepFakeDetection__21_09__talking_against_wall__JEELOMN2.mp4,data\raw\FaceForensics++_C23\DeepFakeDetection\21_09__talking_against_wall__JEELOMN2.mp4,1,DeepFakeDetection,c23
FaceForensics++,FaceForensics++__DeepFakeDetection__21_09__talking_against_wall__LBQF8ZN1.mp4,data\raw\FaceForensics++_C23\DeepFakeDetection\21_09__talking_against_wall__LBQF8ZN1.mp4,1,DeepFakeDetection,c23
FaceForensics++,FaceForensics++__DeepFakeDetection__21_09__walking_down_street_outside_angry__JEELOMN2.mp4,data\raw\FaceForensics++_C23\DeepFakeDetection\21_09__walking_down_street_outside_angry__JEELOMN2.mp4,1,DeepFakeDetection,c23
FaceForensics++,FaceForensics++__DeepFakeDetection__21_09__walking_outside_cafe_disgusted__J7SQKGUR.mp4,data\raw\FaceForensics++_C23\DeepFakeDetection\21_09__walking_outside_cafe_disgusted__J7SQKGUR.mp4,1,DeepFakeDetection,c23
FaceForensics++,FaceForensics++__DeepFakeDetection__21_09__walking_outside_cafe_disgusted__JEELOMN2.mp4,data\raw\FaceForensics++_C23\DeepFakeDetection\21_09__walking_outside_cafe_disgusted__JEELOMN2.mp4,1,DeepFakeDetection,c23
FaceForensics++,FaceForensics++__DeepFakeDetection__21_11__podium_speech_happy__T7DK03O1.mp4,data\raw\FaceForensics++_C23\DeepFakeDetection\21_11__podium_speech_happy__T7DK03O1.mp4,1,DeepFakeDetection,c23
FaceForensics++,FaceForensics++__DeepFakeDetection__21_11__walking_down_indoor_hall_disgust__T7DK03O1.mp4,data\raw\FaceForensics++_C23\DeepFakeDetection\21_11__walking_down_indoor_hall_disgust__T7DK03O1.mp4,1,DeepFakeDetection,c23
FaceForensics++,FaceForensics++__DeepFakeDetection__21_11__walking_down_street_outside_angry__USLHUQDI.mp4,data\raw\FaceForensics++_C23\DeepFakeDetection\21_11__walking_down_street_outside_angry__USLHUQDI.mp4,1,DeepFakeDetection,c23
FaceForensics++,FaceForensics++__DeepFakeDetection__21_11__walking_outside_cafe_disgusted__T7DK03O1.mp4,data\raw\FaceForensics++_C23\DeepFakeDetection\21_11__walking_outside_cafe_disgusted__T7DK03O1.mp4,1,DeepFakeDetection,c23
FaceForensics++,FaceForensics++__DeepFakeDetection__21_14__exit_phone_room__IRKML4J0.mp4,data\raw\FaceForensics++_C23\DeepFakeDetection\21_14__exit_phone_room__IRKML4J0.mp4,1,DeepFakeDetection,c23
FaceForensics++,FaceForensics++__DeepFakeDetection__21_14__hugging_happy__N0WM4GSV.mp4,data\raw\FaceForensics++_C23\DeepFakeDetection\21_14__hugging_happy__N0WM4GSV.mp4,1,DeepFakeDetection,c23
FaceForensics++,FaceForensics++__DeepFakeDetection__21_14__kitchen_still__IRKML4J0.mp4,data\raw\FaceForensics++_C23\DeepFakeDetection\21_14__kitchen_still__IRKML4J0.mp4,1,DeepFakeDetection,c23
FaceForensics++,FaceForensics++__DeepFakeDetection__21_14__podium_speech_happy__N0WM4GSV.mp4,data\raw\FaceForensics++_C23\DeepFakeDetection\21_14__podium_speech_happy__N0WM4GSV.mp4,1,DeepFakeDetection,c23
FaceForensics++,FaceForensics++__DeepFakeDetection__21_15__kitchen_pan__87WSBJP3.mp4,data\raw\FaceForensics++_C23\DeepFakeDetection\21_15__kitchen_pan__87WSBJP3.mp4,1,DeepFakeDetection,c23
FaceForensics++,FaceForensics++__DeepFakeDetection__21_15__outside_talking_pan_laughing__87WSBJP3.mp4,data\raw\FaceForensics++_C23\DeepFakeDetection\21_15__outside_talking_pan_laughing__87WSBJP3.mp4,1,DeepFakeDetection,c23
FaceForensics++,FaceForensics++__DeepFakeDetection__21_15__walking_down_indoor_hall_disgust__87WSBJP3.mp4,data\raw\FaceForensics++_C23\DeepFakeDetection\21_15__walking_down_indoor_hall_disgust__87WSBJP3.mp4,1,DeepFakeDetection,c23
FaceForensics++,FaceForensics++__DeepFakeDetection__21_15__walking_outside_cafe_disgusted__87WSBJP3.mp4,data\raw\FaceForensics++_C23\DeepFakeDetection\21_15__walking_outside_cafe_disgusted__87WSBJP3.mp4,1,DeepFakeDetection,c23
FaceForensics++,FaceForensics++__DeepFakeDetection__21_18__walking_down_indoor_hall_disgust__PQFTWVRQ.mp4,data\raw\FaceForensics++_C23\DeepFakeDetection\21_18__walking_down_indoor_hall_disgust__PQFTWVRQ.mp4,1,DeepFakeDetection,c23
FaceForensics++,FaceForensics++__DeepFakeDetection__21_25__walking_down_street_outside_angry__NFBISHIN.mp4,data\raw\FaceForensics++_C23\DeepFakeDetection\21_25__walking_down_street_outside_angry__NFBISHIN.mp4,1,DeepFakeDetection,c23
FaceForensics++,FaceForensics++__DeepFakeDetection__21_25__walk_down_hall_angry__NFBISHIN.mp4,data\raw\FaceForensics++_C23\DeepFakeDetection\21_25__walk_down_hall_angry__NFBISHIN.mp4,1,DeepFakeDetection,c23
FaceForensics++,FaceForensics++__DeepFakeDetection__22_10__exit_phone_room__8YQ2EUQP.mp4,data\raw\FaceForensics++_C23\DeepFakeDetection\22_10__exit_phone_room__8YQ2EUQP.mp4,1,DeepFakeDetection,c23
FaceForensics++,FaceForensics++__DeepFakeDetection__22_10__outside_talking_pan_laughing__8YQ2EUQP.mp4,data\raw\FaceForensics++_C23\DeepFakeDetection\22_10__outside_talking_pan_laughing__8YQ2EUQP.mp4,1,DeepFakeDetection,c23
FaceForensics++,FaceForensics++__DeepFakeDetection__22_10__walking_and_outside_surprised__C1U7OY5M.mp4,data\raw\FaceForensics++_C23\DeepFakeDetection\22_10__walking_and_outside_surprised__C1U7OY5M.mp4,1,DeepFakeDetection,c23
FaceForensics++,FaceForensics++__DeepFakeDetection__22_10__walk_down_hall_angry__FY7YI0AJ.mp4,data\raw\FaceForensics++_C23\DeepFakeDetection\22_10__walk_down_hall_angry__FY7YI0AJ.mp4,1,DeepFakeDetection,c23
FaceForensics++,FaceForensics++__DeepFakeDetection__22_19__walk_down_hall_angry__VK6BF5NV.mp4,data\raw\FaceForensics++_C23\DeepFakeDetection\22_19__walk_down_hall_angry__VK6BF5NV.mp4,1,DeepFakeDetection,c23
FaceForensics++,FaceForensics++__DeepFakeDetection__22_23__exit_phone_room__X2ZN5Q31.mp4,data\raw\FaceForensics++_C23\DeepFakeDetection\22_23__exit_phone_room__X2ZN5Q31.mp4,1,DeepFakeDetection,c23
FaceForensics++,FaceForensics++__DeepFakeDetection__22_23__kitchen_pan__TU7RHG0S.mp4,data\raw\FaceForensics++_C23\DeepFakeDetection\22_23__kitchen_pan__TU7RHG0S.mp4,1,DeepFakeDetection,c23
FaceForensics++,FaceForensics++__DeepFakeDetection__22_23__outside_talking_pan_laughing__J671JKCH.mp4,data\raw\FaceForensics++_C23\DeepFakeDetection\22_23__outside_talking_pan_laughing__J671JKCH.mp4,1,DeepFakeDetection,c23
FaceForensics++,FaceForensics++__DeepFakeDetection__22_23__outside_talking_pan_laughing__TU7RHG0S.mp4,data\raw\FaceForensics++_C23\DeepFakeDetection\22_23__outside_talking_pan_laughing__TU7RHG0S.mp4,1,DeepFakeDetection,c23
FaceForensics++,FaceForensics++__DeepFakeDetection__22_23__outside_talking_still_laughing__W9MT3Q5K.mp4,data\raw\FaceForensics++_C23\DeepFakeDetection\22_23__outside_talking_still_laughing__W9MT3Q5K.mp4,1,DeepFakeDetection,c23
FaceForensics++,FaceForensics++__DeepFakeDetection__22_23__walking_and_outside_surprised__NUTQ0HJ5.mp4,data\raw\FaceForensics++_C23\DeepFakeDetection\22_23__walking_and_outside_surprised__NUTQ0HJ5.mp4,1,DeepFakeDetection,c23
FaceForensics++,FaceForensics++__DeepFakeDetection__22_24__kitchen_pan__XL557XC6.mp4,data\raw\FaceForensics++_C23\DeepFakeDetection\22_24__kitchen_pan__XL557XC6.mp4,1,DeepFakeDetection,c23
FaceForensics++,FaceForensics++__DeepFakeDetection__22_24__outside_talking_still_laughing__XL557XC6.mp4,data\raw\FaceForensics++_C23\DeepFakeDetection\22_24__outside_talking_still_laughing__XL557XC6.mp4,1,DeepFakeDetection,c23
FaceForensics++,FaceForensics++__DeepFakeDetection__22_24__walking_and_outside_surprised__7E3GY85F.mp4,data\raw\FaceForensics++_C23\DeepFakeDetection\22_24__walking_and_outside_surprised__7E3GY85F.mp4,1,DeepFakeDetection,c23
FaceForensics++,FaceForensics++__DeepFakeDetection__22_24__walking_and_outside_surprised__XL557XC6.mp4,data\raw\FaceForensics++_C23\DeepFakeDetection\22_24__walking_and_outside_surprised__XL557XC6.mp4,1,DeepFakeDetection,c23
FaceForensics++,FaceForensics++__DeepFakeDetection__22_24__walking_down_street_outside_angry__7E3GY85F.mp4,data\raw\FaceForensics++_C23\DeepFakeDetection\22_24__walking_down_street_outside_angry__7E3GY85F.mp4,1,DeepFakeDetection,c23
FaceForensics++,FaceForensics++__DeepFakeDetection__22_24__walking_down_street_outside_angry__XL557XC6.mp4,data\raw\FaceForensics++_C23\DeepFakeDetection\22_24__walking_down_street_outside_angry__XL557XC6.mp4,1,DeepFakeDetection,c23
FaceForensics++,FaceForensics++__DeepFakeDetection__23_19__hugging_happy__H4SUVFTL.mp4,data\raw\FaceForensics++_C23\DeepFakeDetection\23_19__hugging_happy__H4SUVFTL.mp4,1,DeepFakeDetection,c23
FaceForensics++,FaceForensics++__DeepFakeDetection__23_19__secret_conversation__H4SUVFTL.mp4,data\raw\FaceForensics++_C23\DeepFakeDetection\23_19__secret_conversation__H4SUVFTL.mp4,1,DeepFakeDetection,c23
FaceForensics++,FaceForensics++__DeepFakeDetection__23_19__talking_angry_couch__WHQ1229T.mp4,data\raw\FaceForensics++_C23\DeepFakeDetection\23_19__talking_angry_couch__WHQ1229T.mp4,1,DeepFakeDetection,c23
FaceForensics++,FaceForensics++__DeepFakeDetection__23_19__walking_and_outside_surprised__F7U8UY7V.mp4,data\raw\FaceForensics++_C23\DeepFakeDetection\23_19__walking_and_outside_surprised__F7U8UY7V.mp4,1,DeepFakeDetection,c23
FaceForensics++,FaceForensics++__DeepFakeDetection__23_19__walking_down_indoor_hall_disgust__H4SUVFTL.mp4,data\raw\FaceForensics++_C23\DeepFakeDetection\23_19__walking_down_indoor_hall_disgust__H4SUVFTL.mp4,1,DeepFakeDetection,c23
FaceForensics++,FaceForensics++__DeepFakeDetection__23_19__walking_outside_cafe_disgusted__WHQ1229T.mp4,data\raw\FaceForensics++_C23\DeepFakeDetection\23_19__walking_outside_cafe_disgusted__WHQ1229T.mp4,1,DeepFakeDetection,c23
FaceForensics++,FaceForensics++__DeepFakeDetection__23_19__walk_down_hall_angry__H4SUVFTL.mp4,data\raw\FaceForensics++_C23\DeepFakeDetection\23_19__walk_down_hall_angry__H4SUVFTL.mp4,1,DeepFakeDetection,c23
FaceForensics++,FaceForensics++__DeepFakeDetection__23_22__kitchen_still__X2ZN5Q31.mp4,data\raw\FaceForensics++_C23\DeepFakeDetection\23_22__kitchen_still__X2ZN5Q31.mp4,1,DeepFakeDetection,c23
FaceForensics++,FaceForensics++__DeepFakeDetection__23_22__talking_against_wall__AKZRL2QD.mp4,data\raw\FaceForensics++_C23\DeepFakeDetection\23_22__talking_against_wall__AKZRL2QD.mp4,1,DeepFakeDetection,c23
FaceForensics++,FaceForensics++__DeepFakeDetection__23_22__walking_and_outside_surprised__J671JKCH.mp4,data\raw\FaceForensics++_C23\DeepFakeDetection\23_22__walking_and_outside_surprised__J671JKCH.mp4,1,DeepFakeDetection,c23
FaceForensics++,FaceForensics++__DeepFakeDetection__23_24__kitchen_pan__YR5OVD4S.mp4,data\raw\FaceForensics++_C23\DeepFakeDetection\23_24__kitchen_pan__YR5OVD4S.mp4,1,DeepFakeDetection,c23
FaceForensics++,FaceForensics++__DeepFakeDetection__23_24__kitchen_still__YR5OVD4S.mp4,data\raw\FaceForensics++_C23\DeepFakeDetection\23_24__kitchen_still__YR5OVD4S.mp4,1,DeepFakeDetection,c23
FaceForensics++,FaceForensics++__DeepFakeDetection__23_24__talking_angry_couch__MDSDXSNU.mp4,data\raw\FaceForensics++_C23\DeepFakeDetection\23_24__talking_angry_couch__MDSDXSNU.mp4,1,DeepFakeDetection,c23
FaceForensics++,FaceForensics++__DeepFakeDetection__23_24__talking_angry_couch__YR5OVD4S.mp4,data\raw\FaceForensics++_C23\DeepFakeDetection\23_24__talking_angry_couch__YR5OVD4S.mp4,1,DeepFakeDetection,c23
FaceForensics++,FaceForensics++__DeepFakeDetection__24_10__walking_down_street_outside_angry__356HPS7R.mp4,data\raw\FaceForensics++_C23\DeepFakeDetection\24_10__walking_down_street_outside_angry__356HPS7R.mp4,1,DeepFakeDetection,c23
FaceForensics++,FaceForensics++__DeepFakeDetection__24_19__exit_phone_room__QD5K7BP2.mp4,data\raw\FaceForensics++_C23\DeepFakeDetection\24_19__exit_phone_room__QD5K7BP2.mp4,1,DeepFakeDetection,c23
FaceForensics++,FaceForensics++__DeepFakeDetection__24_19__kitchen_pan__QD5K7BP2.mp4,data\raw\FaceForensics++_C23\DeepFakeDetection\24_19__kitchen_pan__QD5K7BP2.mp4,1,DeepFakeDetection,c23
FaceForensics++,FaceForensics++__DeepFakeDetection__24_19__outside_talking_pan_laughing__LVZNRK9S.mp4,data\raw\FaceForensics++_C23\DeepFakeDetection\24_19__outside_talking_pan_laughing__LVZNRK9S.mp4,1,DeepFakeDetection,c23
FaceForensics++,FaceForensics++__DeepFakeDetection__24_19__outside_talking_still_laughing__NPZW2Z9L.mp4,data\raw\FaceForensics++_C23\DeepFakeDetection\24_19__outside_talking_still_laughing__NPZW2Z9L.mp4,1,DeepFakeDetection,c23
FaceForensics++,FaceForensics++__DeepFakeDetection__24_19__outside_talking_still_laughing__RKQTC50P.mp4,data\raw\FaceForensics++_C23\DeepFakeDetection\24_19__outside_talking_still_laughing__RKQTC50P.mp4,1,DeepFakeDetection,c23
FaceForensics++,FaceForensics++__DeepFakeDetection__24_19__secret_conversation__LVZNRK9S.mp4,data\raw\FaceForensics++_C23\DeepFakeDetection\24_19__secret_conversation__LVZNRK9S.mp4,1,DeepFakeDetection,c23
FaceForensics++,FaceForensics++__DeepFakeDetection__24_19__secret_conversation__NPZW2Z9L.mp4,data\raw\FaceForensics++_C23\DeepFakeDetection\24_19__secret_conversation__NPZW2Z9L.mp4,1,DeepFakeDetection,c23
FaceForensics++,FaceForensics++__DeepFakeDetection__24_19__talking_against_wall__QD5K7BP2.mp4,data\raw\FaceForensics++_C23\DeepFakeDetection\24_19__talking_against_wall__QD5K7BP2.mp4,1,DeepFakeDetection,c23
FaceForensics++,FaceForensics++__DeepFakeDetection__24_19__walking_down_street_outside_angry__QD5K7BP2.mp4,data\raw\FaceForensics++_C23\DeepFakeDetection\24_19__walking_down_street_outside_angry__QD5K7BP2.mp4,1,DeepFakeDetection,c23
FaceForensics++,FaceForensics++__DeepFakeDetection__24_19__walking_outside_cafe_disgusted__GNHYZ84G.mp4,data\raw\FaceForensics++_C23\DeepFakeDetection\24_19__walking_outside_cafe_disgusted__GNHYZ84G.mp4,1,DeepFakeDetection,c23
FaceForensics++,FaceForensics++__DeepFakeDetection__24_19__walking_outside_cafe_disgusted__NPZW2Z9L.mp4,data\raw\FaceForensics++_C23\DeepFakeDetection\24_19__walking_outside_cafe_disgusted__NPZW2Z9L.mp4,1,DeepFakeDetection,c23
FaceForensics++,FaceForensics++__DeepFakeDetection__24_19__walk_down_hall_angry__OF8LF68K.mp4,data\raw\FaceForensics++_C23\DeepFakeDetection\24_19__walk_down_hall_angry__OF8LF68K.mp4,1,DeepFakeDetection,c23
FaceForensics++,FaceForensics++__DeepFakeDetection__24_19__walk_down_hall_angry__QD5K7BP2.mp4,data\raw\FaceForensics++_C23\DeepFakeDetection\24_19__walk_down_hall_angry__QD5K7BP2.mp4,1,DeepFakeDetection,c23
FaceForensics++,FaceForensics++__DeepFakeDetection__24_22__kitchen_pan__XL557XC6.mp4,data\raw\FaceForensics++_C23\DeepFakeDetection\24_22__kitchen_pan__XL557XC6.mp4,1,DeepFakeDetection,c23
FaceForensics++,FaceForensics++__DeepFakeDetection__24_22__walking_outside_cafe_disgusted__XL557XC6.mp4,data\raw\FaceForensics++_C23\DeepFakeDetection\24_22__walking_outside_cafe_disgusted__XL557XC6.mp4,1,DeepFakeDetection,c23
FaceForensics++,FaceForensics++__DeepFakeDetection__24_22__walk_down_hall_angry__7E3GY85F.mp4,data\raw\FaceForensics++_C23\DeepFakeDetection\24_22__walk_down_hall_angry__7E3GY85F.mp4,1,DeepFakeDetection,c23
FaceForensics++,FaceForensics++__DeepFakeDetection__24_23__kitchen_still__YR5OVD4S.mp4,data\raw\FaceForensics++_C23\DeepFakeDetection\24_23__kitchen_still__YR5OVD4S.mp4,1,DeepFakeDetection,c23
FaceForensics++,FaceForensics++__DeepFakeDetection__24_23__outside_talking_still_laughing__YR5OVD4S.mp4,data\raw\FaceForensics++_C23\DeepFakeDetection\24_23__outside_talking_still_laughing__YR5OVD4S.mp4,1,DeepFakeDetection,c23
FaceForensics++,FaceForensics++__DeepFakeDetection__24_23__walking_down_street_outside_angry__YR5OVD4S.mp4,data\raw\FaceForensics++_C23\DeepFakeDetection\24_23__walking_down_street_outside_angry__YR5OVD4S.mp4,1,DeepFakeDetection,c23
FaceForensics++,FaceForensics++__DeepFakeDetection__25_02__talking_against_wall__Z7FQ69VP.mp4,data\raw\FaceForensics++_C23\DeepFakeDetection\25_02__talking_against_wall__Z7FQ69VP.mp4,1,DeepFakeDetection,c23
FaceForensics++,FaceForensics++__DeepFakeDetection__25_06__outside_talking_pan_laughing__MI9BDQ7M.mp4,data\raw\FaceForensics++_C23\DeepFakeDetection\25_06__outside_talking_pan_laughing__MI9BDQ7M.mp4,1,DeepFakeDetection,c23
FaceForensics++,FaceForensics++__DeepFakeDetection__25_06__outside_talking_still_laughing__MI9BDQ7M.mp4,data\raw\FaceForensics++_C23\DeepFakeDetection\25_06__outside_talking_still_laughing__MI9BDQ7M.mp4,1,DeepFakeDetection,c23
FaceForensics++,FaceForensics++__DeepFakeDetection__25_09__talking_against_wall__ODAQ7BZL.mp4,data\raw\FaceForensics++_C23\DeepFakeDetection\25_09__talking_against_wall__ODAQ7BZL.mp4,1,DeepFakeDetection,c23
FaceForensics++,FaceForensics++__DeepFakeDetection__25_12__secret_conversation__0SA36BZ5.mp4,data\raw\FaceForensics++_C23\DeepFakeDetection\25_12__secret_conversation__0SA36BZ5.mp4,1,DeepFakeDetection,c23
FaceForensics++,FaceForensics++__DeepFakeDetection__25_12__secret_conversation__MA71PDNV.mp4,data\raw\FaceForensics++_C23\DeepFakeDetection\25_12__secret_conversation__MA71PDNV.mp4,1,DeepFakeDetection,c23
FaceForensics++,FaceForensics++__DeepFakeDetection__25_12__walking_down_street_outside_angry__MA71PDNV.mp4,data\raw\FaceForensics++_C23\DeepFakeDetection\25_12__walking_down_street_outside_angry__MA71PDNV.mp4,1,DeepFakeDetection,c23
FaceForensics++,FaceForensics++__DeepFakeDetection__25_15__walking_down_street_outside_angry__FF95NMIQ.mp4,data\raw\FaceForensics++_C23\DeepFakeDetection\25_15__walking_down_street_outside_angry__FF95NMIQ.mp4,1,DeepFakeDetection,c23
FaceForensics++,FaceForensics++__DeepFakeDetection__25_15__walk_down_hall_angry__BXVA6VQB.mp4,data\raw\FaceForensics++_C23\DeepFakeDetection\25_15__walk_down_hall_angry__BXVA6VQB.mp4,1,DeepFakeDetection,c23
FaceForensics++,FaceForensics++__DeepFakeDetection__25_18__walk_down_hall_angry__AUC0HY5T.mp4,data\raw\FaceForensics++_C23\DeepFakeDetection\25_18__walk_down_hall_angry__AUC0HY5T.mp4,1,DeepFakeDetection,c23
FaceForensics++,FaceForensics++__DeepFakeDetection__25_20__talking_against_wall__MUS0X71T.mp4,data\raw\FaceForensics++_C23\DeepFakeDetection\25_20__talking_against_wall__MUS0X71T.mp4,1,DeepFakeDetection,c23
FaceForensics++,FaceForensics++__DeepFakeDetection__25_20__walking_outside_cafe_disgusted__AMY6M1KL.mp4,data\raw\FaceForensics++_C23\DeepFakeDetection\25_20__walking_outside_cafe_disgusted__AMY6M1KL.mp4,1,DeepFakeDetection,c23
FaceForensics++,FaceForensics++__DeepFakeDetection__25_20__walking_outside_cafe_disgusted__RSCD7KXO.mp4,data\raw\FaceForensics++_C23\DeepFakeDetection\25_20__walking_outside_cafe_disgusted__RSCD7KXO.mp4,1,DeepFakeDetection,c23
FaceForensics++,FaceForensics++__DeepFakeDetection__25_21__outside_talking_pan_laughing__2R46UX3R.mp4,data\raw\FaceForensics++_C23\DeepFakeDetection\25_21__outside_talking_pan_laughing__2R46UX3R.mp4,1,DeepFakeDetection,c23
FaceForensics++,FaceForensics++__DeepFakeDetection__25_21__talking_against_wall__NFBISHIN.mp4,data\raw\FaceForensics++_C23\DeepFakeDetection\25_21__talking_against_wall__NFBISHIN.mp4,1,DeepFakeDetection,c23
FaceForensics++,FaceForensics++__DeepFakeDetection__25_21__walking_outside_cafe_disgusted__2R46UX3R.mp4,data\raw\FaceForensics++_C23\DeepFakeDetection\25_21__walking_outside_cafe_disgusted__2R46UX3R.mp4,1,DeepFakeDetection,c23
FaceForensics++,FaceForensics++__DeepFakeDetection__25_26__outside_talking_still_laughing__0UFFR3U1.mp4,data\raw\FaceForensics++_C23\DeepFakeDetection\25_26__outside_talking_still_laughing__0UFFR3U1.mp4,1,DeepFakeDetection,c23
FaceForensics++,FaceForensics++__DeepFakeDetection__25_26__podium_speech_happy__PQ41U3IJ.mp4,data\raw\FaceForensics++_C23\DeepFakeDetection\25_26__podium_speech_happy__PQ41U3IJ.mp4,1,DeepFakeDetection,c23
FaceForensics++,FaceForensics++__DeepFakeDetection__25_26__walking_outside_cafe_disgusted__7ZRKCFMS.mp4,data\raw\FaceForensics++_C23\DeepFakeDetection\25_26__walking_outside_cafe_disgusted__7ZRKCFMS.mp4,1,DeepFakeDetection,c23
FaceForensics++,FaceForensics++__DeepFakeDetection__25_27__outside_talking_pan_laughing__GNIMW95Z.mp4,data\raw\FaceForensics++_C23\DeepFakeDetection\25_27__outside_talking_pan_laughing__GNIMW95Z.mp4,1,DeepFakeDetection,c23
FaceForensics++,FaceForensics++__DeepFakeDetection__25_27__talking_against_wall__ZTV6TUQ9.mp4,data\raw\FaceForensics++_C23\DeepFakeDetection\25_27__talking_against_wall__ZTV6TUQ9.mp4,1,DeepFakeDetection,c23
FaceForensics++,FaceForensics++__DeepFakeDetection__25_27__walk_down_hall_angry__1KU29EUL.mp4,data\raw\FaceForensics++_C23\DeepFakeDetection\25_27__walk_down_hall_angry__1KU29EUL.mp4,1,DeepFakeDetection,c23
FaceForensics++,FaceForensics++__DeepFakeDetection__26_01__secret_conversation__BTVMWLG6.mp4,data\raw\FaceForensics++_C23\DeepFakeDetection\26_01__secret_conversation__BTVMWLG6.mp4,1,DeepFakeDetection,c23
FaceForensics++,FaceForensics++__DeepFakeDetection__26_03__kitchen_pan__WBSXBL82.mp4,data\raw\FaceForensics++_C23\DeepFakeDetection\26_03__kitchen_pan__WBSXBL82.mp4,1,DeepFakeDetection,c23
FaceForensics++,FaceForensics++__DeepFakeDetection__26_03__talking_angry_couch__WBSXBL82.mp4,data\raw\FaceForensics++_C23\DeepFakeDetection\26_03__talking_angry_couch__WBSXBL82.mp4,1,DeepFakeDetection,c23
FaceForensics++,FaceForensics++__DeepFakeDetection__26_04__kitchen_still__WX836VLY.mp4,data\raw\FaceForensics++_C23\DeepFakeDetection\26_04__kitchen_still__WX836VLY.mp4,1,DeepFakeDetection,c23
FaceForensics++,FaceForensics++__DeepFakeDetection__26_04__outside_talking_still_laughing__WX836VLY.mp4,data\raw\FaceForensics++_C23\DeepFakeDetection\26_04__outside_talking_still_laughing__WX836VLY.mp4,1,DeepFakeDetection,c23
FaceForensics++,FaceForensics++__DeepFakeDetection__26_04__talking_against_wall__WX836VLY.mp4,data\raw\FaceForensics++_C23\DeepFakeDetection\26_04__talking_against_wall__WX836VLY.mp4,1,DeepFakeDetection,c23
FaceForensics++,FaceForensics++__DeepFakeDetection__26_04__walking_down_street_outside_angry__WX836VLY.mp4,data\raw\FaceForensics++_C23\DeepFakeDetection\26_04__walking_down_street_outside_angry__WX836VLY.mp4,1,DeepFakeDetection,c23
FaceForensics++,FaceForensics++__DeepFakeDetection__26_04__walking_outside_cafe_disgusted__MS2MLJP1.mp4,data\raw\FaceForensics++_C23\DeepFakeDetection\26_04__walking_outside_cafe_disgusted__MS2MLJP1.mp4,1,DeepFakeDetection,c23
FaceForensics++,FaceForensics++__DeepFakeDetection__26_06__kitchen_still__L5BVR5L9.mp4,data\raw\FaceForensics++_C23\DeepFakeDetection\26_06__kitchen_still__L5BVR5L9.mp4,1,DeepFakeDetection,c23
FaceForensics++,FaceForensics++__DeepFakeDetection__26_06__podium_speech_happy__L5BVR5L9.mp4,data\raw\FaceForensics++_C23\DeepFakeDetection\26_06__podium_speech_happy__L5BVR5L9.mp4,1,DeepFakeDetection,c23
FaceForensics++,FaceForensics++__DeepFakeDetection__26_07__kitchen_pan__FGNGC2GT.mp4,data\raw\FaceForensics++_C23\DeepFakeDetection\26_07__kitchen_pan__FGNGC2GT.mp4,1,DeepFakeDetection,c23
FaceForensics++,FaceForensics++__DeepFakeDetection__26_11__outside_talking_pan_laughing__ALJ0OHNM.mp4,data\raw\FaceForensics++_C23\DeepFakeDetection\26_11__outside_talking_pan_laughing__ALJ0OHNM.mp4,1,DeepFakeDetection,c23
FaceForensics++,FaceForensics++__DeepFakeDetection__26_12__exit_phone_room__HEKDCIHW.mp4,data\raw\FaceForensics++_C23\DeepFakeDetection\26_12__exit_phone_room__HEKDCIHW.mp4,1,DeepFakeDetection,c23
FaceForensics++,FaceForensics++__DeepFakeDetection__26_12__outside_talking_still_laughing__FWFQ5YB8.mp4,data\raw\FaceForensics++_C23\DeepFakeDetection\26_12__outside_talking_still_laughing__FWFQ5YB8.mp4,1,DeepFakeDetection,c23
FaceForensics++,FaceForensics++__DeepFakeDetection__26_12__podium_speech_happy__BFBNM8FR.mp4,data\raw\FaceForensics++_C23\DeepFakeDetection\26_12__podium_speech_happy__BFBNM8FR.mp4,1,DeepFakeDetection,c23
FaceForensics++,FaceForensics++__DeepFakeDetection__26_12__walking_down_street_outside_angry__OVOQACG8.mp4,data\raw\FaceForensics++_C23\DeepFakeDetection\26_12__walking_down_street_outside_angry__OVOQACG8.mp4,1,DeepFakeDetection,c23
FaceForensics++,FaceForensics++__DeepFakeDetection__26_13__podium_speech_happy__U5ELHUN5.mp4,data\raw\FaceForensics++_C23\DeepFakeDetection\26_13__podium_speech_happy__U5ELHUN5.mp4,1,DeepFakeDetection,c23
FaceForensics++,FaceForensics++__DeepFakeDetection__26_13__secret_conversation__XRS5W2NC.mp4,data\raw\FaceForensics++_C23\DeepFakeDetection\26_13__secret_conversation__XRS5W2NC.mp4,1,DeepFakeDetection,c23
FaceForensics++,FaceForensics++__DeepFakeDetection__26_15__walk_down_hall_angry__JHMUZFIJ.mp4,data\raw\FaceForensics++_C23\DeepFakeDetection\26_15__walk_down_hall_angry__JHMUZFIJ.mp4,1,DeepFakeDetection,c23
FaceForensics++,FaceForensics++__DeepFakeDetection__26_18__kitchen_pan__C9VUQS9O.mp4,data\raw\FaceForensics++_C23\DeepFakeDetection\26_18__kitchen_pan__C9VUQS9O.mp4,1,DeepFakeDetection,c23
FaceForensics++,FaceForensics++__DeepFakeDetection__26_18__outside_talking_still_laughing__AI94QW74.mp4,data\raw\FaceForensics++_C23\DeepFakeDetection\26_18__outside_talking_still_laughing__AI94QW74.mp4,1,DeepFakeDetection,c23
FaceForensics++,FaceForensics++__DeepFakeDetection__26_18__walk_down_hall_angry__UMEX6HWU.mp4,data\raw\FaceForensics++_C23\DeepFakeDetection\26_18__walk_down_hall_angry__UMEX6HWU.mp4,1,DeepFakeDetection,c23
FaceForensics++,FaceForensics++__DeepFakeDetection__26_20__kitchen_pan__C8GN41DU.mp4,data\raw\FaceForensics++_C23\DeepFakeDetection\26_20__kitchen_pan__C8GN41DU.mp4,1,DeepFakeDetection,c23
FaceForensics++,FaceForensics++__DeepFakeDetection__26_20__outside_talking_pan_laughing__01OJA93K.mp4,data\raw\FaceForensics++_C23\DeepFakeDetection\26_20__outside_talking_pan_laughing__01OJA93K.mp4,1,DeepFakeDetection,c23
FaceForensics++,FaceForensics++__DeepFakeDetection__26_20__secret_conversation__34DJQS3E.mp4,data\raw\FaceForensics++_C23\DeepFakeDetection\26_20__secret_conversation__34DJQS3E.mp4,1,DeepFakeDetection,c23
FaceForensics++,FaceForensics++__DeepFakeDetection__26_20__talking_angry_couch__2VS0S1P5.mp4,data\raw\FaceForensics++_C23\DeepFakeDetection\26_20__talking_angry_couch__2VS0S1P5.mp4,1,DeepFakeDetection,c23
FaceForensics++,FaceForensics++__DeepFakeDetection__26_20__talking_angry_couch__34DJQS3E.mp4,data\raw\FaceForensics++_C23\DeepFakeDetection\26_20__talking_angry_couch__34DJQS3E.mp4,1,DeepFakeDetection,c23
FaceForensics++,FaceForensics++__DeepFakeDetection__26_20__walk_down_hall_angry__XWMKFMF6.mp4,data\raw\FaceForensics++_C23\DeepFakeDetection\26_20__walk_down_hall_angry__XWMKFMF6.mp4,1,DeepFakeDetection,c23
FaceForensics++,FaceForensics++__DeepFakeDetection__26_25__outside_talking_pan_laughing__157Z8P8P.mp4,data\raw\FaceForensics++_C23\DeepFakeDetection\26_25__outside_talking_pan_laughing__157Z8P8P.mp4,1,DeepFakeDetection,c23
FaceForensics++,FaceForensics++__DeepFakeDetection__26_25__outside_talking_pan_laughing__GJT740J9.mp4,data\raw\FaceForensics++_C23\DeepFakeDetection\26_25__outside_talking_pan_laughing__GJT740J9.mp4,1,DeepFakeDetection,c23
FaceForensics++,FaceForensics++__DeepFakeDetection__26_25__outside_talking_still_laughing__7ZRKCFMS.mp4,data\raw\FaceForensics++_C23\DeepFakeDetection\26_25__outside_talking_still_laughing__7ZRKCFMS.mp4,1,DeepFakeDetection,c23
FaceForensics++,FaceForensics++__DeepFakeDetection__26_25__secret_conversation__0UFFR3U1.mp4,data\raw\FaceForensics++_C23\DeepFakeDetection\26_25__secret_conversation__0UFFR3U1.mp4,1,DeepFakeDetection,c23
FaceForensics++,FaceForensics++__DeepFakeDetection__26_25__talking_against_wall__PQ41U3IJ.mp4,data\raw\FaceForensics++_C23\DeepFakeDetection\26_25__talking_against_wall__PQ41U3IJ.mp4,1,DeepFakeDetection,c23
FaceForensics++,FaceForensics++__DeepFakeDetection__26_25__walking_down_street_outside_angry__PQ41U3IJ.mp4,data\raw\FaceForensics++_C23\DeepFakeDetection\26_25__walking_down_street_outside_angry__PQ41U3IJ.mp4,1,DeepFakeDetection,c23
FaceForensics++,FaceForensics++__DeepFakeDetection__26_25__walking_outside_cafe_disgusted__0UFFR3U1.mp4,data\raw\FaceForensics++_C23\DeepFakeDetection\26_25__walking_outside_cafe_disgusted__0UFFR3U1.mp4,1,DeepFakeDetection,c23
FaceForensics++,FaceForensics++__DeepFakeDetection__26_25__walk_down_hall_angry__XKQAYTLI.mp4,data\raw\FaceForensics++_C23\DeepFakeDetection\26_25__walk_down_hall_angry__XKQAYTLI.mp4,1,DeepFakeDetection,c23
FaceForensics++,FaceForensics++__DeepFakeDetection__26_27__outside_talking_still_laughing__IE9N0ZI9.mp4,data\raw\FaceForensics++_C23\DeepFakeDetection\26_27__outside_talking_still_laughing__IE9N0ZI9.mp4,1,DeepFakeDetection,c23
FaceForensics++,FaceForensics++__DeepFakeDetection__26_27__talking_against_wall__IE9N0ZI9.mp4,data\raw\FaceForensics++_C23\DeepFakeDetection\26_27__talking_against_wall__IE9N0ZI9.mp4,1,DeepFakeDetection,c23
FaceForensics++,FaceForensics++__DeepFakeDetection__26_27__talking_angry_couch__IE9N0ZI9.mp4,data\raw\FaceForensics++_C23\DeepFakeDetection\26_27__talking_angry_couch__IE9N0ZI9.mp4,1,DeepFakeDetection,c23
FaceForensics++,FaceForensics++__DeepFakeDetection__27_01__hugging_happy__ZYCZ30C0.mp4,data\raw\FaceForensics++_C23\DeepFakeDetection\27_01__hugging_happy__ZYCZ30C0.mp4,1,DeepFakeDetection,c23
FaceForensics++,FaceForensics++__DeepFakeDetection__27_01__meeting_serious__ZYCZ30C0.mp4,data\raw\FaceForensics++_C23\DeepFakeDetection\27_01__meeting_serious__ZYCZ30C0.mp4,1,DeepFakeDetection,c23
FaceForensics++,FaceForensics++__DeepFakeDetection__27_01__talking_against_wall__ZYCZ30C0.mp4,data\raw\FaceForensics++_C23\DeepFakeDetection\27_01__talking_against_wall__ZYCZ30C0.mp4,1,DeepFakeDetection,c23
FaceForensics++,FaceForensics++__DeepFakeDetection__27_01__walking_and_outside_surprised__S2YCUY48.mp4,data\raw\FaceForensics++_C23\DeepFakeDetection\27_01__walking_and_outside_surprised__S2YCUY48.mp4,1,DeepFakeDetection,c23
FaceForensics++,FaceForensics++__DeepFakeDetection__27_01__walking_outside_cafe_disgusted__S2YCUY48.mp4,data\raw\FaceForensics++_C23\DeepFakeDetection\27_01__walking_outside_cafe_disgusted__S2YCUY48.mp4,1,DeepFakeDetection,c23
FaceForensics++,FaceForensics++__DeepFakeDetection__27_01__walking_outside_cafe_disgusted__ZYCZ30C0.mp4,data\raw\FaceForensics++_C23\DeepFakeDetection\27_01__walking_outside_cafe_disgusted__ZYCZ30C0.mp4,1,DeepFakeDetection,c23
FaceForensics++,FaceForensics++__DeepFakeDetection__27_02__kitchen_pan__3L1MLH3D.mp4,data\raw\FaceForensics++_C23\DeepFakeDetection\27_02__kitchen_pan__3L1MLH3D.mp4,1,DeepFakeDetection,c23
FaceForensics++,FaceForensics++__DeepFakeDetection__27_02__talking_angry_couch__FV8M8O2C.mp4,data\raw\FaceForensics++_C23\DeepFakeDetection\27_02__talking_angry_couch__FV8M8O2C.mp4,1,DeepFakeDetection,c23
FaceForensics++,FaceForensics++__DeepFakeDetection__27_03__podium_speech_happy__72BPN7A1.mp4,data\raw\FaceForensics++_C23\DeepFakeDetection\27_03__podium_speech_happy__72BPN7A1.mp4,1,DeepFakeDetection,c23
FaceForensics++,FaceForensics++__DeepFakeDetection__27_03__walking_and_outside_surprised__KWGI1LSZ.mp4,data\raw\FaceForensics++_C23\DeepFakeDetection\27_03__walking_and_outside_surprised__KWGI1LSZ.mp4,1,DeepFakeDetection,c23
FaceForensics++,FaceForensics++__DeepFakeDetection__27_13__kitchen_still__A1OSUJE9.mp4,data\raw\FaceForensics++_C23\DeepFakeDetection\27_13__kitchen_still__A1OSUJE9.mp4,1,DeepFakeDetection,c23
FaceForensics++,FaceForensics++__DeepFakeDetection__27_18__kitchen_pan__BSOLX3SI.mp4,data\raw\FaceForensics++_C23\DeepFakeDetection\27_18__kitchen_pan__BSOLX3SI.mp4,1,DeepFakeDetection,c23
FaceForensics++,FaceForensics++__DeepFakeDetection__27_18__kitchen_still__NYHE8D0J.mp4,data\raw\FaceForensics++_C23\DeepFakeDetection\27_18__kitchen_still__NYHE8D0J.mp4,1,DeepFakeDetection,c23
FaceForensics++,FaceForensics++__DeepFakeDetection__27_18__outside_talking_pan_laughing__NYHE8D0J.mp4,data\raw\FaceForensics++_C23\DeepFakeDetection\27_18__outside_talking_pan_laughing__NYHE8D0J.mp4,1,DeepFakeDetection,c23
FaceForensics++,FaceForensics++__DeepFakeDetection__27_25__exit_phone_room__1KU29EUL.mp4,data\raw\FaceForensics++_C23\DeepFakeDetection\27_25__exit_phone_room__1KU29EUL.mp4,1,DeepFakeDetection,c23
FaceForensics++,FaceForensics++__DeepFakeDetection__27_25__outside_talking_pan_laughing__1KU29EUL.mp4,data\raw\FaceForensics++_C23\DeepFakeDetection\27_25__outside_talking_pan_laughing__1KU29EUL.mp4,1,DeepFakeDetection,c23
FaceForensics++,FaceForensics++__DeepFakeDetection__27_25__walking_outside_cafe_disgusted__1KU29EUL.mp4,data\raw\FaceForensics++_C23\DeepFakeDetection\27_25__walking_outside_cafe_disgusted__1KU29EUL.mp4,1,DeepFakeDetection,c23
FaceForensics++,FaceForensics++__DeepFakeDetection__27_25__walk_down_hall_angry__1KU29EUL.mp4,data\raw\FaceForensics++_C23\DeepFakeDetection\27_25__walk_down_hall_angry__1KU29EUL.mp4,1,DeepFakeDetection,c23
FaceForensics++,FaceForensics++__DeepFakeDetection__27_26__meeting_serious__IE9N0ZI9.mp4,data\raw\FaceForensics++_C23\DeepFakeDetection\27_26__meeting_serious__IE9N0ZI9.mp4,1,DeepFakeDetection,c23
FaceForensics++,FaceForensics++__DeepFakeDetection__28_05__talking_angry_couch__V20UNLJ5.mp4,data\raw\FaceForensics++_C23\DeepFakeDetection\28_05__talking_angry_couch__V20UNLJ5.mp4,1,DeepFakeDetection,c23
FaceForensics++,FaceForensics++__DeepFakeDetection__28_05__walking_outside_cafe_disgusted__U9LRLJ6N.mp4,data\raw\FaceForensics++_C23\DeepFakeDetection\28_05__walking_outside_cafe_disgusted__U9LRLJ6N.mp4,1,DeepFakeDetection,c23
FaceForensics++,FaceForensics++__DeepFakeDetection__28_08__exit_phone_room__5DCAESDA.mp4,data\raw\FaceForensics++_C23\DeepFakeDetection\28_08__exit_phone_room__5DCAESDA.mp4,1,DeepFakeDetection,c23
FaceForensics++,FaceForensics++__DeepFakeDetection__28_08__exit_phone_room__KXO8S7OP.mp4,data\raw\FaceForensics++_C23\DeepFakeDetection\28_08__exit_phone_room__KXO8S7OP.mp4,1,DeepFakeDetection,c23
FaceForensics++,FaceForensics++__DeepFakeDetection__28_08__kitchen_pan__GQN9WHLD.mp4,data\raw\FaceForensics++_C23\DeepFakeDetection\28_08__kitchen_pan__GQN9WHLD.mp4,1,DeepFakeDetection,c23
FaceForensics++,FaceForensics++__DeepFakeDetection__28_08__kitchen_still__8BC35RFU.mp4,data\raw\FaceForensics++_C23\DeepFakeDetection\28_08__kitchen_still__8BC35RFU.mp4,1,DeepFakeDetection,c23
FaceForensics++,FaceForensics++__DeepFakeDetection__28_08__outside_talking_pan_laughing__GGCUYQA4.mp4,data\raw\FaceForensics++_C23\DeepFakeDetection\28_08__outside_talking_pan_laughing__GGCUYQA4.mp4,1,DeepFakeDetection,c23
FaceForensics++,FaceForensics++__DeepFakeDetection__28_08__talking_angry_couch__KXO8S7OP.mp4,data\raw\FaceForensics++_C23\DeepFakeDetection\28_08__talking_angry_couch__KXO8S7OP.mp4,1,DeepFakeDetection,c23
FaceForensics++,FaceForensics++__DeepFakeDetection__28_16__podium_speech_happy__6DWLCU6T.mp4,data\raw\FaceForensics++_C23\DeepFakeDetection\28_16__podium_speech_happy__6DWLCU6T.mp4,1,DeepFakeDetection,c23
FaceForensics++,FaceForensics++__DeepFakeDetection__28_16__walking_down_street_outside_angry__6DWLCU6T.mp4,data\raw\FaceForensics++_C23\DeepFakeDetection\28_16__walking_down_street_outside_angry__6DWLCU6T.mp4,1,DeepFakeDetection,c23
FaceForensics++,FaceForensics++__FaceShifter__000_003.mp4,data\raw\FaceForensics++_C23\FaceShifter\000_003.mp4,1,FaceShifter,c23
FaceForensics++,FaceForensics++__FaceShifter__001_870.mp4,data\raw\FaceForensics++_C23\FaceShifter\001_870.mp4,1,FaceShifter,c23
FaceForensics++,FaceForensics++__FaceShifter__003_000.mp4,data\raw\FaceForensics++_C23\FaceShifter\003_000.mp4,1,FaceShifter,c23
FaceForensics++,FaceForensics++__FaceShifter__004_982.mp4,data\raw\FaceForensics++_C23\FaceShifter\004_982.mp4,1,FaceShifter,c23
FaceForensics++,FaceForensics++__FaceShifter__005_010.mp4,data\raw\FaceForensics++_C23\FaceShifter\005_010.mp4,1,FaceShifter,c23
FaceForensics++,FaceForensics++__FaceShifter__006_002.mp4,data\raw\FaceForensics++_C23\FaceShifter\006_002.mp4,1,FaceShifter,c23
FaceForensics++,FaceForensics++__FaceShifter__007_132.mp4,data\raw\FaceForensics++_C23\FaceShifter\007_132.mp4,1,FaceShifter,c23
FaceForensics++,FaceForensics++__FaceShifter__008_990.mp4,data\raw\FaceForensics++_C23\FaceShifter\008_990.mp4,1,FaceShifter,c23
FaceForensics++,FaceForensics++__FaceShifter__009_027.mp4,data\raw\FaceForensics++_C23\FaceShifter\009_027.mp4,1,FaceShifter,c23
FaceForensics++,FaceForensics++__FaceShifter__010_005.mp4,data\raw\FaceForensics++_C23\FaceShifter\010_005.mp4,1,FaceShifter,c23
FaceForensics++,FaceForensics++__FaceShifter__012_026.mp4,data\raw\FaceForensics++_C23\FaceShifter\012_026.mp4,1,FaceShifter,c23
FaceForensics++,FaceForensics++__FaceShifter__013_883.mp4,data\raw\FaceForensics++_C23\FaceShifter\013_883.mp4,1,FaceShifter,c23
FaceForensics++,FaceForensics++__FaceShifter__014_790.mp4,data\raw\FaceForensics++_C23\FaceShifter\014_790.mp4,1,FaceShifter,c23
FaceForensics++,FaceForensics++__FaceShifter__015_919.mp4,data\raw\FaceForensics++_C23\FaceShifter\015_919.mp4,1,FaceShifter,c23
FaceForensics++,FaceForensics++__FaceShifter__016_209.mp4,data\raw\FaceForensics++_C23\FaceShifter\016_209.mp4,1,FaceShifter,c23
FaceForensics++,FaceForensics++__FaceShifter__017_803.mp4,data\raw\FaceForensics++_C23\FaceShifter\017_803.mp4,1,FaceShifter,c23
FaceForensics++,FaceForensics++__FaceShifter__019_018.mp4,data\raw\FaceForensics++_C23\FaceShifter\019_018.mp4,1,FaceShifter,c23
FaceForensics++,FaceForensics++__FaceShifter__020_344.mp4,data\raw\FaceForensics++_C23\FaceShifter\020_344.mp4,1,FaceShifter,c23
FaceForensics++,FaceForensics++__FaceShifter__022_489.mp4,data\raw\FaceForensics++_C23\FaceShifter\022_489.mp4,1,FaceShifter,c23
FaceForensics++,FaceForensics++__FaceShifter__023_923.mp4,data\raw\FaceForensics++_C23\FaceShifter\023_923.mp4,1,FaceShifter,c23
FaceForensics++,FaceForensics++__FaceShifter__024_073.mp4,data\raw\FaceForensics++_C23\FaceShifter\024_073.mp4,1,FaceShifter,c23
FaceForensics++,FaceForensics++__FaceShifter__025_067.mp4,data\raw\FaceForensics++_C23\FaceShifter\025_067.mp4,1,FaceShifter,c23
FaceForensics++,FaceForensics++__FaceShifter__026_012.mp4,data\raw\FaceForensics++_C23\FaceShifter\026_012.mp4,1,FaceShifter,c23
FaceForensics++,FaceForensics++__FaceShifter__029_048.mp4,data\raw\FaceForensics++_C23\FaceShifter\029_048.mp4,1,FaceShifter,c23
FaceForensics++,FaceForensics++__FaceShifter__030_193.mp4,data\raw\FaceForensics++_C23\FaceShifter\030_193.mp4,1,FaceShifter,c23
FaceForensics++,FaceForensics++__FaceShifter__031_163.mp4,data\raw\FaceForensics++_C23\FaceShifter\031_163.mp4,1,FaceShifter,c23
FaceForensics++,FaceForensics++__FaceShifter__032_944.mp4,data\raw\FaceForensics++_C23\FaceShifter\032_944.mp4,1,FaceShifter,c23
FaceForensics++,FaceForensics++__FaceShifter__034_590.mp4,data\raw\FaceForensics++_C23\FaceShifter\034_590.mp4,1,FaceShifter,c23
FaceForensics++,FaceForensics++__FaceShifter__035_036.mp4,data\raw\FaceForensics++_C23\FaceShifter\035_036.mp4,1,FaceShifter,c23
FaceForensics++,FaceForensics++__FaceShifter__036_035.mp4,data\raw\FaceForensics++_C23\FaceShifter\036_035.mp4,1,FaceShifter,c23
FaceForensics++,FaceForensics++__FaceShifter__038_125.mp4,data\raw\FaceForensics++_C23\FaceShifter\038_125.mp4,1,FaceShifter,c23
FaceForensics++,FaceForensics++__FaceShifter__039_058.mp4,data\raw\FaceForensics++_C23\FaceShifter\039_058.mp4,1,FaceShifter,c23
FaceForensics++,FaceForensics++__FaceShifter__040_997.mp4,data\raw\FaceForensics++_C23\FaceShifter\040_997.mp4,1,FaceShifter,c23
FaceForensics++,FaceForensics++__FaceShifter__041_063.mp4,data\raw\FaceForensics++_C23\FaceShifter\041_063.mp4,1,FaceShifter,c23
FaceForensics++,FaceForensics++__FaceShifter__042_084.mp4,data\raw\FaceForensics++_C23\FaceShifter\042_084.mp4,1,FaceShifter,c23
FaceForensics++,FaceForensics++__FaceShifter__043_110.mp4,data\raw\FaceForensics++_C23\FaceShifter\043_110.mp4,1,FaceShifter,c23
FaceForensics++,FaceForensics++__FaceShifter__044_945.mp4,data\raw\FaceForensics++_C23\FaceShifter\044_945.mp4,1,FaceShifter,c23
FaceForensics++,FaceForensics++__FaceShifter__045_889.mp4,data\raw\FaceForensics++_C23\FaceShifter\045_889.mp4,1,FaceShifter,c23
FaceForensics++,FaceForensics++__FaceShifter__046_904.mp4,data\raw\FaceForensics++_C23\FaceShifter\046_904.mp4,1,FaceShifter,c23
FaceForensics++,FaceForensics++__FaceShifter__047_862.mp4,data\raw\FaceForensics++_C23\FaceShifter\047_862.mp4,1,FaceShifter,c23
FaceForensics++,FaceForensics++__FaceShifter__048_029.mp4,data\raw\FaceForensics++_C23\FaceShifter\048_029.mp4,1,FaceShifter,c23
FaceForensics++,FaceForensics++__FaceShifter__049_946.mp4,data\raw\FaceForensics++_C23\FaceShifter\049_946.mp4,1,FaceShifter,c23
FaceForensics++,FaceForensics++__FaceShifter__050_059.mp4,data\raw\FaceForensics++_C23\FaceShifter\050_059.mp4,1,FaceShifter,c23
FaceForensics++,FaceForensics++__FaceShifter__051_332.mp4,data\raw\FaceForensics++_C23\FaceShifter\051_332.mp4,1,FaceShifter,c23
FaceForensics++,FaceForensics++__FaceShifter__052_108.mp4,data\raw\FaceForensics++_C23\FaceShifter\052_108.mp4,1,FaceShifter,c23
FaceForensics++,FaceForensics++__FaceShifter__053_095.mp4,data\raw\FaceForensics++_C23\FaceShifter\053_095.mp4,1,FaceShifter,c23
FaceForensics++,FaceForensics++__FaceShifter__054_071.mp4,data\raw\FaceForensics++_C23\FaceShifter\054_071.mp4,1,FaceShifter,c23
FaceForensics++,FaceForensics++__FaceShifter__055_147.mp4,data\raw\FaceForensics++_C23\FaceShifter\055_147.mp4,1,FaceShifter,c23
FaceForensics++,FaceForensics++__FaceShifter__056_996.mp4,data\raw\FaceForensics++_C23\FaceShifter\056_996.mp4,1,FaceShifter,c23
FaceForensics++,FaceForensics++__FaceShifter__057_070.mp4,data\raw\FaceForensics++_C23\FaceShifter\057_070.mp4,1,FaceShifter,c23
FaceForensics++,FaceForensics++__FaceShifter__058_039.mp4,data\raw\FaceForensics++_C23\FaceShifter\058_039.mp4,1,FaceShifter,c23
FaceForensics++,FaceForensics++__FaceShifter__059_050.mp4,data\raw\FaceForensics++_C23\FaceShifter\059_050.mp4,1,FaceShifter,c23
FaceForensics++,FaceForensics++__FaceShifter__060_088.mp4,data\raw\FaceForensics++_C23\FaceShifter\060_088.mp4,1,FaceShifter,c23
FaceForensics++,FaceForensics++__FaceShifter__061_080.mp4,data\raw\FaceForensics++_C23\FaceShifter\061_080.mp4,1,FaceShifter,c23
FaceForensics++,FaceForensics++__FaceShifter__063_041.mp4,data\raw\FaceForensics++_C23\FaceShifter\063_041.mp4,1,FaceShifter,c23
FaceForensics++,FaceForensics++__FaceShifter__065_089.mp4,data\raw\FaceForensics++_C23\FaceShifter\065_089.mp4,1,FaceShifter,c23
FaceForensics++,FaceForensics++__FaceShifter__066_062.mp4,data\raw\FaceForensics++_C23\FaceShifter\066_062.mp4,1,FaceShifter,c23
FaceForensics++,FaceForensics++__FaceShifter__068_028.mp4,data\raw\FaceForensics++_C23\FaceShifter\068_028.mp4,1,FaceShifter,c23
FaceForensics++,FaceForensics++__FaceShifter__069_961.mp4,data\raw\FaceForensics++_C23\FaceShifter\069_961.mp4,1,FaceShifter,c23
FaceForensics++,FaceForensics++__FaceShifter__070_057.mp4,data\raw\FaceForensics++_C23\FaceShifter\070_057.mp4,1,FaceShifter,c23
FaceForensics++,FaceForensics++__FaceShifter__071_054.mp4,data\raw\FaceForensics++_C23\FaceShifter\071_054.mp4,1,FaceShifter,c23
FaceForensics++,FaceForensics++__FaceShifter__073_024.mp4,data\raw\FaceForensics++_C23\FaceShifter\073_024.mp4,1,FaceShifter,c23
FaceForensics++,FaceForensics++__FaceShifter__075_977.mp4,data\raw\FaceForensics++_C23\FaceShifter\075_977.mp4,1,FaceShifter,c23
FaceForensics++,FaceForensics++__FaceShifter__076_079.mp4,data\raw\FaceForensics++_C23\FaceShifter\076_079.mp4,1,FaceShifter,c23
FaceForensics++,FaceForensics++__FaceShifter__077_100.mp4,data\raw\FaceForensics++_C23\FaceShifter\077_100.mp4,1,FaceShifter,c23
FaceForensics++,FaceForensics++__FaceShifter__079_076.mp4,data\raw\FaceForensics++_C23\FaceShifter\079_076.mp4,1,FaceShifter,c23
FaceForensics++,FaceForensics++__FaceShifter__080_061.mp4,data\raw\FaceForensics++_C23\FaceShifter\080_061.mp4,1,FaceShifter,c23
FaceForensics++,FaceForensics++__FaceShifter__082_103.mp4,data\raw\FaceForensics++_C23\FaceShifter\082_103.mp4,1,FaceShifter,c23
FaceForensics++,FaceForensics++__FaceShifter__083_213.mp4,data\raw\FaceForensics++_C23\FaceShifter\083_213.mp4,1,FaceShifter,c23
FaceForensics++,FaceForensics++__FaceShifter__084_042.mp4,data\raw\FaceForensics++_C23\FaceShifter\084_042.mp4,1,FaceShifter,c23
FaceForensics++,FaceForensics++__FaceShifter__085_124.mp4,data\raw\FaceForensics++_C23\FaceShifter\085_124.mp4,1,FaceShifter,c23
FaceForensics++,FaceForensics++__FaceShifter__087_081.mp4,data\raw\FaceForensics++_C23\FaceShifter\087_081.mp4,1,FaceShifter,c23
FaceForensics++,FaceForensics++__FaceShifter__088_060.mp4,data\raw\FaceForensics++_C23\FaceShifter\088_060.mp4,1,FaceShifter,c23
FaceForensics++,FaceForensics++__FaceShifter__089_065.mp4,data\raw\FaceForensics++_C23\FaceShifter\089_065.mp4,1,FaceShifter,c23
FaceForensics++,FaceForensics++__FaceShifter__090_086.mp4,data\raw\FaceForensics++_C23\FaceShifter\090_086.mp4,1,FaceShifter,c23
FaceForensics++,FaceForensics++__FaceShifter__091_116.mp4,data\raw\FaceForensics++_C23\FaceShifter\091_116.mp4,1,FaceShifter,c23
FaceForensics++,FaceForensics++__FaceShifter__093_121.mp4,data\raw\FaceForensics++_C23\FaceShifter\093_121.mp4,1,FaceShifter,c23
FaceForensics++,FaceForensics++__FaceShifter__094_111.mp4,data\raw\FaceForensics++_C23\FaceShifter\094_111.mp4,1,FaceShifter,c23
FaceForensics++,FaceForensics++__FaceShifter__095_053.mp4,data\raw\FaceForensics++_C23\FaceShifter\095_053.mp4,1,FaceShifter,c23
FaceForensics++,FaceForensics++__FaceShifter__096_101.mp4,data\raw\FaceForensics++_C23\FaceShifter\096_101.mp4,1,FaceShifter,c23
FaceForensics++,FaceForensics++__FaceShifter__097_033.mp4,data\raw\FaceForensics++_C23\FaceShifter\097_033.mp4,1,FaceShifter,c23
FaceForensics++,FaceForensics++__FaceShifter__098_092.mp4,data\raw\FaceForensics++_C23\FaceShifter\098_092.mp4,1,FaceShifter,c23
FaceForensics++,FaceForensics++__FaceShifter__099_295.mp4,data\raw\FaceForensics++_C23\FaceShifter\099_295.mp4,1,FaceShifter,c23
FaceForensics++,FaceForensics++__FaceShifter__100_077.mp4,data\raw\FaceForensics++_C23\FaceShifter\100_077.mp4,1,FaceShifter,c23
FaceForensics++,FaceForensics++__FaceShifter__101_096.mp4,data\raw\FaceForensics++_C23\FaceShifter\101_096.mp4,1,FaceShifter,c23
FaceForensics++,FaceForensics++__FaceShifter__103_082.mp4,data\raw\FaceForensics++_C23\FaceShifter\103_082.mp4,1,FaceShifter,c23
FaceForensics++,FaceForensics++__FaceShifter__104_126.mp4,data\raw\FaceForensics++_C23\FaceShifter\104_126.mp4,1,FaceShifter,c23
FaceForensics++,FaceForensics++__FaceShifter__105_180.mp4,data\raw\FaceForensics++_C23\FaceShifter\105_180.mp4,1,FaceShifter,c23
FaceForensics++,FaceForensics++__FaceShifter__106_198.mp4,data\raw\FaceForensics++_C23\FaceShifter\106_198.mp4,1,FaceShifter,c23
FaceForensics++,FaceForensics++__FaceShifter__107_109.mp4,data\raw\FaceForensics++_C23\FaceShifter\107_109.mp4,1,FaceShifter,c23
FaceForensics++,FaceForensics++__FaceShifter__108_052.mp4,data\raw\FaceForensics++_C23\FaceShifter\108_052.mp4,1,FaceShifter,c23
FaceForensics++,FaceForensics++__FaceShifter__109_107.mp4,data\raw\FaceForensics++_C23\FaceShifter\109_107.mp4,1,FaceShifter,c23
FaceForensics++,FaceForensics++__FaceShifter__110_043.mp4,data\raw\FaceForensics++_C23\FaceShifter\110_043.mp4,1,FaceShifter,c23
FaceForensics++,FaceForensics++__FaceShifter__111_094.mp4,data\raw\FaceForensics++_C23\FaceShifter\111_094.mp4,1,FaceShifter,c23
FaceForensics++,FaceForensics++__FaceShifter__112_892.mp4,data\raw\FaceForensics++_C23\FaceShifter\112_892.mp4,1,FaceShifter,c23
FaceForensics++,FaceForensics++__FaceShifter__113_983.mp4,data\raw\FaceForensics++_C23\FaceShifter\113_983.mp4,1,FaceShifter,c23
FaceForensics++,FaceForensics++__FaceShifter__114_102.mp4,data\raw\FaceForensics++_C23\FaceShifter\114_102.mp4,1,FaceShifter,c23
FaceForensics++,FaceForensics++__FaceShifter__115_939.mp4,data\raw\FaceForensics++_C23\FaceShifter\115_939.mp4,1,FaceShifter,c23
FaceForensics++,FaceForensics++__FaceShifter__116_091.mp4,data\raw\FaceForensics++_C23\FaceShifter\116_091.mp4,1,FaceShifter,c23
FaceForensics++,FaceForensics++__FaceShifter__117_217.mp4,data\raw\FaceForensics++_C23\FaceShifter\117_217.mp4,1,FaceShifter,c23
FaceForensics++,FaceForensics++__FaceShifter__118_120.mp4,data\raw\FaceForensics++_C23\FaceShifter\118_120.mp4,1,FaceShifter,c23
FaceForensics++,FaceForensics++__FaceShifter__120_118.mp4,data\raw\FaceForensics++_C23\FaceShifter\120_118.mp4,1,FaceShifter,c23
FaceForensics++,FaceForensics++__FaceShifter__122_144.mp4,data\raw\FaceForensics++_C23\FaceShifter\122_144.mp4,1,FaceShifter,c23
FaceForensics++,FaceForensics++__FaceShifter__124_085.mp4,data\raw\FaceForensics++_C23\FaceShifter\124_085.mp4,1,FaceShifter,c23
FaceForensics++,FaceForensics++__FaceShifter__125_038.mp4,data\raw\FaceForensics++_C23\FaceShifter\125_038.mp4,1,FaceShifter,c23
FaceForensics++,FaceForensics++__FaceShifter__126_104.mp4,data\raw\FaceForensics++_C23\FaceShifter\126_104.mp4,1,FaceShifter,c23
FaceForensics++,FaceForensics++__FaceShifter__129_127.mp4,data\raw\FaceForensics++_C23\FaceShifter\129_127.mp4,1,FaceShifter,c23
FaceForensics++,FaceForensics++__FaceShifter__131_518.mp4,data\raw\FaceForensics++_C23\FaceShifter\131_518.mp4,1,FaceShifter,c23
FaceForensics++,FaceForensics++__FaceShifter__132_007.mp4,data\raw\FaceForensics++_C23\FaceShifter\132_007.mp4,1,FaceShifter,c23
FaceForensics++,FaceForensics++__FaceShifter__133_148.mp4,data\raw\FaceForensics++_C23\FaceShifter\133_148.mp4,1,FaceShifter,c23
FaceForensics++,FaceForensics++__FaceShifter__134_192.mp4,data\raw\FaceForensics++_C23\FaceShifter\134_192.mp4,1,FaceShifter,c23
FaceForensics++,FaceForensics++__FaceShifter__135_880.mp4,data\raw\FaceForensics++_C23\FaceShifter\135_880.mp4,1,FaceShifter,c23
FaceForensics++,FaceForensics++__FaceShifter__137_165.mp4,data\raw\FaceForensics++_C23\FaceShifter\137_165.mp4,1,FaceShifter,c23
FaceForensics++,FaceForensics++__FaceShifter__138_142.mp4,data\raw\FaceForensics++_C23\FaceShifter\138_142.mp4,1,FaceShifter,c23
FaceForensics++,FaceForensics++__FaceShifter__140_143.mp4,data\raw\FaceForensics++_C23\FaceShifter\140_143.mp4,1,FaceShifter,c23
FaceForensics++,FaceForensics++__FaceShifter__141_161.mp4,data\raw\FaceForensics++_C23\FaceShifter\141_161.mp4,1,FaceShifter,c23
FaceForensics++,FaceForensics++__FaceShifter__142_138.mp4,data\raw\FaceForensics++_C23\FaceShifter\142_138.mp4,1,FaceShifter,c23
FaceForensics++,FaceForensics++__FaceShifter__143_140.mp4,data\raw\FaceForensics++_C23\FaceShifter\143_140.mp4,1,FaceShifter,c23
FaceForensics++,FaceForensics++__FaceShifter__144_122.mp4,data\raw\FaceForensics++_C23\FaceShifter\144_122.mp4,1,FaceShifter,c23
FaceForensics++,FaceForensics++__FaceShifter__145_299.mp4,data\raw\FaceForensics++_C23\FaceShifter\145_299.mp4,1,FaceShifter,c23
FaceForensics++,FaceForensics++__FaceShifter__146_256.mp4,data\raw\FaceForensics++_C23\FaceShifter\146_256.mp4,1,FaceShifter,c23
FaceForensics++,FaceForensics++__FaceShifter__147_055.mp4,data\raw\FaceForensics++_C23\FaceShifter\147_055.mp4,1,FaceShifter,c23
FaceForensics++,FaceForensics++__FaceShifter__148_133.mp4,data\raw\FaceForensics++_C23\FaceShifter\148_133.mp4,1,FaceShifter,c23
FaceForensics++,FaceForensics++__FaceShifter__149_152.mp4,data\raw\FaceForensics++_C23\FaceShifter\149_152.mp4,1,FaceShifter,c23
FaceForensics++,FaceForensics++__FaceShifter__150_153.mp4,data\raw\FaceForensics++_C23\FaceShifter\150_153.mp4,1,FaceShifter,c23
FaceForensics++,FaceForensics++__FaceShifter__152_149.mp4,data\raw\FaceForensics++_C23\FaceShifter\152_149.mp4,1,FaceShifter,c23
FaceForensics++,FaceForensics++__FaceShifter__154_386.mp4,data\raw\FaceForensics++_C23\FaceShifter\154_386.mp4,1,FaceShifter,c23
FaceForensics++,FaceForensics++__FaceShifter__155_576.mp4,data\raw\FaceForensics++_C23\FaceShifter\155_576.mp4,1,FaceShifter,c23
FaceForensics++,FaceForensics++__FaceShifter__156_243.mp4,data\raw\FaceForensics++_C23\FaceShifter\156_243.mp4,1,FaceShifter,c23
FaceForensics++,FaceForensics++__FaceShifter__157_245.mp4,data\raw\FaceForensics++_C23\FaceShifter\157_245.mp4,1,FaceShifter,c23
FaceForensics++,FaceForensics++__FaceShifter__161_141.mp4,data\raw\FaceForensics++_C23\FaceShifter\161_141.mp4,1,FaceShifter,c23
FaceForensics++,FaceForensics++__FaceShifter__162_330.mp4,data\raw\FaceForensics++_C23\FaceShifter\162_330.mp4,1,FaceShifter,c23
FaceForensics++,FaceForensics++__FaceShifter__163_031.mp4,data\raw\FaceForensics++_C23\FaceShifter\163_031.mp4,1,FaceShifter,c23
FaceForensics++,FaceForensics++__FaceShifter__164_216.mp4,data\raw\FaceForensics++_C23\FaceShifter\164_216.mp4,1,FaceShifter,c23
FaceForensics++,FaceForensics++__FaceShifter__165_137.mp4,data\raw\FaceForensics++_C23\FaceShifter\165_137.mp4,1,FaceShifter,c23
FaceForensics++,FaceForensics++__FaceShifter__166_167.mp4,data\raw\FaceForensics++_C23\FaceShifter\166_167.mp4,1,FaceShifter,c23
FaceForensics++,FaceForensics++__FaceShifter__167_166.mp4,data\raw\FaceForensics++_C23\FaceShifter\167_166.mp4,1,FaceShifter,c23
FaceForensics++,FaceForensics++__FaceShifter__169_227.mp4,data\raw\FaceForensics++_C23\FaceShifter\169_227.mp4,1,FaceShifter,c23
FaceForensics++,FaceForensics++__FaceShifter__170_186.mp4,data\raw\FaceForensics++_C23\FaceShifter\170_186.mp4,1,FaceShifter,c23
FaceForensics++,FaceForensics++__FaceShifter__171_173.mp4,data\raw\FaceForensics++_C23\FaceShifter\171_173.mp4,1,FaceShifter,c23
FaceForensics++,FaceForensics++__FaceShifter__174_964.mp4,data\raw\FaceForensics++_C23\FaceShifter\174_964.mp4,1,FaceShifter,c23
FaceForensics++,FaceForensics++__FaceShifter__175_159.mp4,data\raw\FaceForensics++_C23\FaceShifter\175_159.mp4,1,FaceShifter,c23
FaceForensics++,FaceForensics++__FaceShifter__176_190.mp4,data\raw\FaceForensics++_C23\FaceShifter\176_190.mp4,1,FaceShifter,c23
FaceForensics++,FaceForensics++__FaceShifter__177_211.mp4,data\raw\FaceForensics++_C23\FaceShifter\177_211.mp4,1,FaceShifter,c23
FaceForensics++,FaceForensics++__FaceShifter__178_598.mp4,data\raw\FaceForensics++_C23\FaceShifter\178_598.mp4,1,FaceShifter,c23
FaceForensics++,FaceForensics++__FaceShifter__179_212.mp4,data\raw\FaceForensics++_C23\FaceShifter\179_212.mp4,1,FaceShifter,c23
FaceForensics++,FaceForensics++__FaceShifter__180_105.mp4,data\raw\FaceForensics++_C23\FaceShifter\180_105.mp4,1,FaceShifter,c23
FaceForensics++,FaceForensics++__FaceShifter__181_199.mp4,data\raw\FaceForensics++_C23\FaceShifter\181_199.mp4,1,FaceShifter,c23
FaceForensics++,FaceForensics++__FaceShifter__183_253.mp4,data\raw\FaceForensics++_C23\FaceShifter\183_253.mp4,1,FaceShifter,c23
FaceForensics++,FaceForensics++__FaceShifter__184_205.mp4,data\raw\FaceForensics++_C23\FaceShifter\184_205.mp4,1,FaceShifter,c23
FaceForensics++,FaceForensics++__FaceShifter__185_276.mp4,data\raw\FaceForensics++_C23\FaceShifter\185_276.mp4,1,FaceShifter,c23
FaceForensics++,FaceForensics++__FaceShifter__186_170.mp4,data\raw\FaceForensics++_C23\FaceShifter\186_170.mp4,1,FaceShifter,c23
FaceForensics++,FaceForensics++__FaceShifter__188_191.mp4,data\raw\FaceForensics++_C23\FaceShifter\188_191.mp4,1,FaceShifter,c23
FaceForensics++,FaceForensics++__FaceShifter__189_200.mp4,data\raw\FaceForensics++_C23\FaceShifter\189_200.mp4,1,FaceShifter,c23
FaceForensics++,FaceForensics++__FaceShifter__192_134.mp4,data\raw\FaceForensics++_C23\FaceShifter\192_134.mp4,1,FaceShifter,c23
FaceForensics++,FaceForensics++__FaceShifter__193_030.mp4,data\raw\FaceForensics++_C23\FaceShifter\193_030.mp4,1,FaceShifter,c23
FaceForensics++,FaceForensics++__FaceShifter__194_235.mp4,data\raw\FaceForensics++_C23\FaceShifter\194_235.mp4,1,FaceShifter,c23
FaceForensics++,FaceForensics++__FaceShifter__195_442.mp4,data\raw\FaceForensics++_C23\FaceShifter\195_442.mp4,1,FaceShifter,c23
FaceForensics++,FaceForensics++__FaceShifter__196_310.mp4,data\raw\FaceForensics++_C23\FaceShifter\196_310.mp4,1,FaceShifter,c23
FaceForensics++,FaceForensics++__FaceShifter__197_224.mp4,data\raw\FaceForensics++_C23\FaceShifter\197_224.mp4,1,FaceShifter,c23
FaceForensics++,FaceForensics++__FaceShifter__198_106.mp4,data\raw\FaceForensics++_C23\FaceShifter\198_106.mp4,1,FaceShifter,c23
FaceForensics++,FaceForensics++__FaceShifter__199_181.mp4,data\raw\FaceForensics++_C23\FaceShifter\199_181.mp4,1,FaceShifter,c23
FaceForensics++,FaceForensics++__FaceShifter__200_189.mp4,data\raw\FaceForensics++_C23\FaceShifter\200_189.mp4,1,FaceShifter,c23
FaceForensics++,FaceForensics++__FaceShifter__201_203.mp4,data\raw\FaceForensics++_C23\FaceShifter\201_203.mp4,1,FaceShifter,c23
FaceForensics++,FaceForensics++__FaceShifter__202_348.mp4,data\raw\FaceForensics++_C23\FaceShifter\202_348.mp4,1,FaceShifter,c23
FaceForensics++,FaceForensics++__FaceShifter__203_201.mp4,data\raw\FaceForensics++_C23\FaceShifter\203_201.mp4,1,FaceShifter,c23
FaceForensics++,FaceForensics++__FaceShifter__204_230.mp4,data\raw\FaceForensics++_C23\FaceShifter\204_230.mp4,1,FaceShifter,c23
FaceForensics++,FaceForensics++__FaceShifter__206_221.mp4,data\raw\FaceForensics++_C23\FaceShifter\206_221.mp4,1,FaceShifter,c23
FaceForensics++,FaceForensics++__FaceShifter__207_908.mp4,data\raw\FaceForensics++_C23\FaceShifter\207_908.mp4,1,FaceShifter,c23
FaceForensics++,FaceForensics++__FaceShifter__208_215.mp4,data\raw\FaceForensics++_C23\FaceShifter\208_215.mp4,1,FaceShifter,c23
FaceForensics++,FaceForensics++__FaceShifter__209_016.mp4,data\raw\FaceForensics++_C23\FaceShifter\209_016.mp4,1,FaceShifter,c23
FaceForensics++,FaceForensics++__FaceShifter__212_179.mp4,data\raw\FaceForensics++_C23\FaceShifter\212_179.mp4,1,FaceShifter,c23
FaceForensics++,FaceForensics++__FaceShifter__213_083.mp4,data\raw\FaceForensics++_C23\FaceShifter\213_083.mp4,1,FaceShifter,c23
FaceForensics++,FaceForensics++__FaceShifter__214_255.mp4,data\raw\FaceForensics++_C23\FaceShifter\214_255.mp4,1,FaceShifter,c23
FaceForensics++,FaceForensics++__FaceShifter__215_208.mp4,data\raw\FaceForensics++_C23\FaceShifter\215_208.mp4,1,FaceShifter,c23
FaceForensics++,FaceForensics++__FaceShifter__217_117.mp4,data\raw\FaceForensics++_C23\FaceShifter\217_117.mp4,1,FaceShifter,c23
FaceForensics++,FaceForensics++__FaceShifter__219_220.mp4,data\raw\FaceForensics++_C23\FaceShifter\219_220.mp4,1,FaceShifter,c23
FaceForensics++,FaceForensics++__FaceShifter__220_219.mp4,data\raw\FaceForensics++_C23\FaceShifter\220_219.mp4,1,FaceShifter,c23
FaceForensics++,FaceForensics++__FaceShifter__221_206.mp4,data\raw\FaceForensics++_C23\FaceShifter\221_206.mp4,1,FaceShifter,c23
FaceForensics++,FaceForensics++__FaceShifter__222_168.mp4,data\raw\FaceForensics++_C23\FaceShifter\222_168.mp4,1,FaceShifter,c23
FaceForensics++,FaceForensics++__FaceShifter__223_586.mp4,data\raw\FaceForensics++_C23\FaceShifter\223_586.mp4,1,FaceShifter,c23
FaceForensics++,FaceForensics++__FaceShifter__224_197.mp4,data\raw\FaceForensics++_C23\FaceShifter\224_197.mp4,1,FaceShifter,c23
FaceForensics++,FaceForensics++__FaceShifter__225_151.mp4,data\raw\FaceForensics++_C23\FaceShifter\225_151.mp4,1,FaceShifter,c23
FaceForensics++,FaceForensics++__FaceShifter__226_491.mp4,data\raw\FaceForensics++_C23\FaceShifter\226_491.mp4,1,FaceShifter,c23
FaceForensics++,FaceForensics++__FaceShifter__227_169.mp4,data\raw\FaceForensics++_C23\FaceShifter\227_169.mp4,1,FaceShifter,c23
FaceForensics++,FaceForensics++__FaceShifter__228_289.mp4,data\raw\FaceForensics++_C23\FaceShifter\228_289.mp4,1,FaceShifter,c23
FaceForensics++,FaceForensics++__FaceShifter__229_247.mp4,data\raw\FaceForensics++_C23\FaceShifter\229_247.mp4,1,FaceShifter,c23
FaceForensics++,FaceForensics++__FaceShifter__231_663.mp4,data\raw\FaceForensics++_C23\FaceShifter\231_663.mp4,1,FaceShifter,c23
FaceForensics++,FaceForensics++__FaceShifter__232_248.mp4,data\raw\FaceForensics++_C23\FaceShifter\232_248.mp4,1,FaceShifter,c23
FaceForensics++,FaceForensics++__FaceShifter__233_995.mp4,data\raw\FaceForensics++_C23\FaceShifter\233_995.mp4,1,FaceShifter,c23
FaceForensics++,FaceForensics++__FaceShifter__234_187.mp4,data\raw\FaceForensics++_C23\FaceShifter\234_187.mp4,1,FaceShifter,c23
FaceForensics++,FaceForensics++__FaceShifter__237_236.mp4,data\raw\FaceForensics++_C23\FaceShifter\237_236.mp4,1,FaceShifter,c23
FaceForensics++,FaceForensics++__FaceShifter__238_282.mp4,data\raw\FaceForensics++_C23\FaceShifter\238_282.mp4,1,FaceShifter,c23
FaceForensics++,FaceForensics++__FaceShifter__239_218.mp4,data\raw\FaceForensics++_C23\FaceShifter\239_218.mp4,1,FaceShifter,c23
FaceForensics++,FaceForensics++__FaceShifter__240_290.mp4,data\raw\FaceForensics++_C23\FaceShifter\240_290.mp4,1,FaceShifter,c23
FaceForensics++,FaceForensics++__FaceShifter__242_182.mp4,data\raw\FaceForensics++_C23\FaceShifter\242_182.mp4,1,FaceShifter,c23
FaceForensics++,FaceForensics++__FaceShifter__243_156.mp4,data\raw\FaceForensics++_C23\FaceShifter\243_156.mp4,1,FaceShifter,c23
FaceForensics++,FaceForensics++__FaceShifter__244_822.mp4,data\raw\FaceForensics++_C23\FaceShifter\244_822.mp4,1,FaceShifter,c23
FaceForensics++,FaceForensics++__FaceShifter__245_157.mp4,data\raw\FaceForensics++_C23\FaceShifter\245_157.mp4,1,FaceShifter,c23
FaceForensics++,FaceForensics++__FaceShifter__247_229.mp4,data\raw\FaceForensics++_C23\FaceShifter\247_229.mp4,1,FaceShifter,c23
FaceForensics++,FaceForensics++__FaceShifter__248_232.mp4,data\raw\FaceForensics++_C23\FaceShifter\248_232.mp4,1,FaceShifter,c23
FaceForensics++,FaceForensics++__FaceShifter__249_280.mp4,data\raw\FaceForensics++_C23\FaceShifter\249_280.mp4,1,FaceShifter,c23
FaceForensics++,FaceForensics++__FaceShifter__250_461.mp4,data\raw\FaceForensics++_C23\FaceShifter\250_461.mp4,1,FaceShifter,c23
FaceForensics++,FaceForensics++__FaceShifter__251_375.mp4,data\raw\FaceForensics++_C23\FaceShifter\251_375.mp4,1,FaceShifter,c23
FaceForensics++,FaceForensics++__FaceShifter__252_266.mp4,data\raw\FaceForensics++_C23\FaceShifter\252_266.mp4,1,FaceShifter,c23
FaceForensics++,FaceForensics++__FaceShifter__253_183.mp4,data\raw\FaceForensics++_C23\FaceShifter\253_183.mp4,1,FaceShifter,c23
FaceForensics++,FaceForensics++__FaceShifter__256_146.mp4,data\raw\FaceForensics++_C23\FaceShifter\256_146.mp4,1,FaceShifter,c23
FaceForensics++,FaceForensics++__FaceShifter__257_420.mp4,data\raw\FaceForensics++_C23\FaceShifter\257_420.mp4,1,FaceShifter,c23
FaceForensics++,FaceForensics++__FaceShifter__258_246.mp4,data\raw\FaceForensics++_C23\FaceShifter\258_246.mp4,1,FaceShifter,c23
FaceForensics++,FaceForensics++__FaceShifter__259_345.mp4,data\raw\FaceForensics++_C23\FaceShifter\259_345.mp4,1,FaceShifter,c23
FaceForensics++,FaceForensics++__FaceShifter__260_331.mp4,data\raw\FaceForensics++_C23\FaceShifter\260_331.mp4,1,FaceShifter,c23
FaceForensics++,FaceForensics++__FaceShifter__261_254.mp4,data\raw\FaceForensics++_C23\FaceShifter\261_254.mp4,1,FaceShifter,c23
FaceForensics++,FaceForensics++__FaceShifter__262_301.mp4,data\raw\FaceForensics++_C23\FaceShifter\262_301.mp4,1,FaceShifter,c23
FaceForensics++,FaceForensics++__FaceShifter__263_284.mp4,data\raw\FaceForensics++_C23\FaceShifter\263_284.mp4,1,FaceShifter,c23
FaceForensics++,FaceForensics++__FaceShifter__264_271.mp4,data\raw\FaceForensics++_C23\FaceShifter\264_271.mp4,1,FaceShifter,c23
FaceForensics++,FaceForensics++__FaceShifter__265_475.mp4,data\raw\FaceForensics++_C23\FaceShifter\265_475.mp4,1,FaceShifter,c23
FaceForensics++,FaceForensics++__FaceShifter__266_252.mp4,data\raw\FaceForensics++_C23\FaceShifter\266_252.mp4,1,FaceShifter,c23
FaceForensics++,FaceForensics++__FaceShifter__267_286.mp4,data\raw\FaceForensics++_C23\FaceShifter\267_286.mp4,1,FaceShifter,c23
FaceForensics++,FaceForensics++__FaceShifter__268_269.mp4,data\raw\FaceForensics++_C23\FaceShifter\268_269.mp4,1,FaceShifter,c23
FaceForensics++,FaceForensics++__FaceShifter__269_268.mp4,data\raw\FaceForensics++_C23\FaceShifter\269_268.mp4,1,FaceShifter,c23
FaceForensics++,FaceForensics++__FaceShifter__270_297.mp4,data\raw\FaceForensics++_C23\FaceShifter\270_297.mp4,1,FaceShifter,c23
FaceForensics++,FaceForensics++__FaceShifter__272_396.mp4,data\raw\FaceForensics++_C23\FaceShifter\272_396.mp4,1,FaceShifter,c23
FaceForensics++,FaceForensics++__FaceShifter__274_412.mp4,data\raw\FaceForensics++_C23\FaceShifter\274_412.mp4,1,FaceShifter,c23
FaceForensics++,FaceForensics++__FaceShifter__275_887.mp4,data\raw\FaceForensics++_C23\FaceShifter\275_887.mp4,1,FaceShifter,c23
FaceForensics++,FaceForensics++__FaceShifter__276_185.mp4,data\raw\FaceForensics++_C23\FaceShifter\276_185.mp4,1,FaceShifter,c23
FaceForensics++,FaceForensics++__FaceShifter__278_306.mp4,data\raw\FaceForensics++_C23\FaceShifter\278_306.mp4,1,FaceShifter,c23
FaceForensics++,FaceForensics++__FaceShifter__279_298.mp4,data\raw\FaceForensics++_C23\FaceShifter\279_298.mp4,1,FaceShifter,c23
FaceForensics++,FaceForensics++__FaceShifter__280_249.mp4,data\raw\FaceForensics++_C23\FaceShifter\280_249.mp4,1,FaceShifter,c23
FaceForensics++,FaceForensics++__FaceShifter__281_474.mp4,data\raw\FaceForensics++_C23\FaceShifter\281_474.mp4,1,FaceShifter,c23
FaceForensics++,FaceForensics++__FaceShifter__282_238.mp4,data\raw\FaceForensics++_C23\FaceShifter\282_238.mp4,1,FaceShifter,c23
FaceForensics++,FaceForensics++__FaceShifter__283_313.mp4,data\raw\FaceForensics++_C23\FaceShifter\283_313.mp4,1,FaceShifter,c23
FaceForensics++,FaceForensics++__FaceShifter__284_263.mp4,data\raw\FaceForensics++_C23\FaceShifter\284_263.mp4,1,FaceShifter,c23
FaceForensics++,FaceForensics++__FaceShifter__285_136.mp4,data\raw\FaceForensics++_C23\FaceShifter\285_136.mp4,1,FaceShifter,c23
FaceForensics++,FaceForensics++__FaceShifter__286_267.mp4,data\raw\FaceForensics++_C23\FaceShifter\286_267.mp4,1,FaceShifter,c23
FaceForensics++,FaceForensics++__FaceShifter__287_426.mp4,data\raw\FaceForensics++_C23\FaceShifter\287_426.mp4,1,FaceShifter,c23
FaceForensics++,FaceForensics++__FaceShifter__288_321.mp4,data\raw\FaceForensics++_C23\FaceShifter\288_321.mp4,1,FaceShifter,c23
FaceForensics++,FaceForensics++__FaceShifter__289_228.mp4,data\raw\FaceForensics++_C23\FaceShifter\289_228.mp4,1,FaceShifter,c23
FaceForensics++,FaceForensics++__FaceShifter__290_240.mp4,data\raw\FaceForensics++_C23\FaceShifter\290_240.mp4,1,FaceShifter,c23
FaceForensics++,FaceForensics++__FaceShifter__291_874.mp4,data\raw\FaceForensics++_C23\FaceShifter\291_874.mp4,1,FaceShifter,c23
FaceForensics++,FaceForensics++__FaceShifter__292_294.mp4,data\raw\FaceForensics++_C23\FaceShifter\292_294.mp4,1,FaceShifter,c23
FaceForensics++,FaceForensics++__FaceShifter__293_296.mp4,data\raw\FaceForensics++_C23\FaceShifter\293_296.mp4,1,FaceShifter,c23
FaceForensics++,FaceForensics++__FaceShifter__298_279.mp4,data\raw\FaceForensics++_C23\FaceShifter\298_279.mp4,1,FaceShifter,c23
FaceForensics++,FaceForensics++__FaceShifter__299_145.mp4,data\raw\FaceForensics++_C23\FaceShifter\299_145.mp4,1,FaceShifter,c23
FaceForensics++,FaceForensics++__FaceShifter__301_262.mp4,data\raw\FaceForensics++_C23\FaceShifter\301_262.mp4,1,FaceShifter,c23
FaceForensics++,FaceForensics++__FaceShifter__302_323.mp4,data\raw\FaceForensics++_C23\FaceShifter\302_323.mp4,1,FaceShifter,c23
FaceForensics++,FaceForensics++__FaceShifter__304_300.mp4,data\raw\FaceForensics++_C23\FaceShifter\304_300.mp4,1,FaceShifter,c23
FaceForensics++,FaceForensics++__FaceShifter__305_513.mp4,data\raw\FaceForensics++_C23\FaceShifter\305_513.mp4,1,FaceShifter,c23
FaceForensics++,FaceForensics++__FaceShifter__306_278.mp4,data\raw\FaceForensics++_C23\FaceShifter\306_278.mp4,1,FaceShifter,c23
FaceForensics++,FaceForensics++__FaceShifter__307_365.mp4,data\raw\FaceForensics++_C23\FaceShifter\307_365.mp4,1,FaceShifter,c23
FaceForensics++,FaceForensics++__FaceShifter__311_387.mp4,data\raw\FaceForensics++_C23\FaceShifter\311_387.mp4,1,FaceShifter,c23
FaceForensics++,FaceForensics++__FaceShifter__312_021.mp4,data\raw\FaceForensics++_C23\FaceShifter\312_021.mp4,1,FaceShifter,c23
FaceForensics++,FaceForensics++__FaceShifter__313_283.mp4,data\raw\FaceForensics++_C23\FaceShifter\313_283.mp4,1,FaceShifter,c23
FaceForensics++,FaceForensics++__FaceShifter__314_347.mp4,data\raw\FaceForensics++_C23\FaceShifter\314_347.mp4,1,FaceShifter,c23
FaceForensics++,FaceForensics++__FaceShifter__315_322.mp4,data\raw\FaceForensics++_C23\FaceShifter\315_322.mp4,1,FaceShifter,c23
FaceForensics++,FaceForensics++__FaceShifter__316_369.mp4,data\raw\FaceForensics++_C23\FaceShifter\316_369.mp4,1,FaceShifter,c23
FaceForensics++,FaceForensics++__FaceShifter__318_334.mp4,data\raw\FaceForensics++_C23\FaceShifter\318_334.mp4,1,FaceShifter,c23
FaceForensics++,FaceForensics++__FaceShifter__320_328.mp4,data\raw\FaceForensics++_C23\FaceShifter\320_328.mp4,1,FaceShifter,c23
FaceForensics++,FaceForensics++__FaceShifter__321_288.mp4,data\raw\FaceForensics++_C23\FaceShifter\321_288.mp4,1,FaceShifter,c23
FaceForensics++,FaceForensics++__FaceShifter__323_302.mp4,data\raw\FaceForensics++_C23\FaceShifter\323_302.mp4,1,FaceShifter,c23
FaceForensics++,FaceForensics++__FaceShifter__324_356.mp4,data\raw\FaceForensics++_C23\FaceShifter\324_356.mp4,1,FaceShifter,c23
FaceForensics++,FaceForensics++__FaceShifter__325_492.mp4,data\raw\FaceForensics++_C23\FaceShifter\325_492.mp4,1,FaceShifter,c23
FaceForensics++,FaceForensics++__FaceShifter__326_501.mp4,data\raw\FaceForensics++_C23\FaceShifter\326_501.mp4,1,FaceShifter,c23
FaceForensics++,FaceForensics++__FaceShifter__328_320.mp4,data\raw\FaceForensics++_C23\FaceShifter\328_320.mp4,1,FaceShifter,c23
FaceForensics++,FaceForensics++__FaceShifter__330_162.mp4,data\raw\FaceForensics++_C23\FaceShifter\330_162.mp4,1,FaceShifter,c23
FaceForensics++,FaceForensics++__FaceShifter__331_260.mp4,data\raw\FaceForensics++_C23\FaceShifter\331_260.mp4,1,FaceShifter,c23
FaceForensics++,FaceForensics++__FaceShifter__333_377.mp4,data\raw\FaceForensics++_C23\FaceShifter\333_377.mp4,1,FaceShifter,c23
FaceForensics++,FaceForensics++__FaceShifter__334_318.mp4,data\raw\FaceForensics++_C23\FaceShifter\334_318.mp4,1,FaceShifter,c23
FaceForensics++,FaceForensics++__FaceShifter__338_336.mp4,data\raw\FaceForensics++_C23\FaceShifter\338_336.mp4,1,FaceShifter,c23
FaceForensics++,FaceForensics++__FaceShifter__339_392.mp4,data\raw\FaceForensics++_C23\FaceShifter\339_392.mp4,1,FaceShifter,c23
FaceForensics++,FaceForensics++__FaceShifter__340_341.mp4,data\raw\FaceForensics++_C23\FaceShifter\340_341.mp4,1,FaceShifter,c23
FaceForensics++,FaceForensics++__FaceShifter__341_340.mp4,data\raw\FaceForensics++_C23\FaceShifter\341_340.mp4,1,FaceShifter,c23
FaceForensics++,FaceForensics++__FaceShifter__342_416.mp4,data\raw\FaceForensics++_C23\FaceShifter\342_416.mp4,1,FaceShifter,c23
FaceForensics++,FaceForensics++__FaceShifter__343_363.mp4,data\raw\FaceForensics++_C23\FaceShifter\343_363.mp4,1,FaceShifter,c23
FaceForensics++,FaceForensics++__FaceShifter__344_020.mp4,data\raw\FaceForensics++_C23\FaceShifter\344_020.mp4,1,FaceShifter,c23
FaceForensics++,FaceForensics++__FaceShifter__345_259.mp4,data\raw\FaceForensics++_C23\FaceShifter\345_259.mp4,1,FaceShifter,c23
FaceForensics++,FaceForensics++__FaceShifter__346_351.mp4,data\raw\FaceForensics++_C23\FaceShifter\346_351.mp4,1,FaceShifter,c23
FaceForensics++,FaceForensics++__FaceShifter__347_314.mp4,data\raw\FaceForensics++_C23\FaceShifter\347_314.mp4,1,FaceShifter,c23
FaceForensics++,FaceForensics++__FaceShifter__348_202.mp4,data\raw\FaceForensics++_C23\FaceShifter\348_202.mp4,1,FaceShifter,c23
FaceForensics++,FaceForensics++__FaceShifter__349_350.mp4,data\raw\FaceForensics++_C23\FaceShifter\349_350.mp4,1,FaceShifter,c23
FaceForensics++,FaceForensics++__FaceShifter__350_349.mp4,data\raw\FaceForensics++_C23\FaceShifter\350_349.mp4,1,FaceShifter,c23
FaceForensics++,FaceForensics++__FaceShifter__351_346.mp4,data\raw\FaceForensics++_C23\FaceShifter\351_346.mp4,1,FaceShifter,c23
FaceForensics++,FaceForensics++__FaceShifter__352_319.mp4,data\raw\FaceForensics++_C23\FaceShifter\352_319.mp4,1,FaceShifter,c23
FaceForensics++,FaceForensics++__FaceShifter__354_362.mp4,data\raw\FaceForensics++_C23\FaceShifter\354_362.mp4,1,FaceShifter,c23
FaceForensics++,FaceForensics++__FaceShifter__355_748.mp4,data\raw\FaceForensics++_C23\FaceShifter\355_748.mp4,1,FaceShifter,c23
FaceForensics++,FaceForensics++__FaceShifter__358_380.mp4,data\raw\FaceForensics++_C23\FaceShifter\358_380.mp4,1,FaceShifter,c23
FaceForensics++,FaceForensics++__FaceShifter__360_437.mp4,data\raw\FaceForensics++_C23\FaceShifter\360_437.mp4,1,FaceShifter,c23
FaceForensics++,FaceForensics++__FaceShifter__362_354.mp4,data\raw\FaceForensics++_C23\FaceShifter\362_354.mp4,1,FaceShifter,c23
FaceForensics++,FaceForensics++__FaceShifter__363_343.mp4,data\raw\FaceForensics++_C23\FaceShifter\363_343.mp4,1,FaceShifter,c23
FaceForensics++,FaceForensics++__FaceShifter__364_440.mp4,data\raw\FaceForensics++_C23\FaceShifter\364_440.mp4,1,FaceShifter,c23
FaceForensics++,FaceForensics++__FaceShifter__365_307.mp4,data\raw\FaceForensics++_C23\FaceShifter\365_307.mp4,1,FaceShifter,c23
FaceForensics++,FaceForensics++__FaceShifter__366_473.mp4,data\raw\FaceForensics++_C23\FaceShifter\366_473.mp4,1,FaceShifter,c23
FaceForensics++,FaceForensics++__FaceShifter__368_378.mp4,data\raw\FaceForensics++_C23\FaceShifter\368_378.mp4,1,FaceShifter,c23
FaceForensics++,FaceForensics++__FaceShifter__370_483.mp4,data\raw\FaceForensics++_C23\FaceShifter\370_483.mp4,1,FaceShifter,c23
FaceForensics++,FaceForensics++__FaceShifter__371_367.mp4,data\raw\FaceForensics++_C23\FaceShifter\371_367.mp4,1,FaceShifter,c23
FaceForensics++,FaceForensics++__FaceShifter__373_394.mp4,data\raw\FaceForensics++_C23\FaceShifter\373_394.mp4,1,FaceShifter,c23
FaceForensics++,FaceForensics++__FaceShifter__374_407.mp4,data\raw\FaceForensics++_C23\FaceShifter\374_407.mp4,1,FaceShifter,c23
FaceForensics++,FaceForensics++__FaceShifter__375_251.mp4,data\raw\FaceForensics++_C23\FaceShifter\375_251.mp4,1,FaceShifter,c23
FaceForensics++,FaceForensics++__FaceShifter__379_158.mp4,data\raw\FaceForensics++_C23\FaceShifter\379_158.mp4,1,FaceShifter,c23
FaceForensics++,FaceForensics++__FaceShifter__380_358.mp4,data\raw\FaceForensics++_C23\FaceShifter\380_358.mp4,1,FaceShifter,c23
FaceForensics++,FaceForensics++__FaceShifter__381_376.mp4,data\raw\FaceForensics++_C23\FaceShifter\381_376.mp4,1,FaceShifter,c23
FaceForensics++,FaceForensics++__FaceShifter__382_409.mp4,data\raw\FaceForensics++_C23\FaceShifter\382_409.mp4,1,FaceShifter,c23
FaceForensics++,FaceForensics++__FaceShifter__383_353.mp4,data\raw\FaceForensics++_C23\FaceShifter\383_353.mp4,1,FaceShifter,c23
FaceForensics++,FaceForensics++__FaceShifter__385_414.mp4,data\raw\FaceForensics++_C23\FaceShifter\385_414.mp4,1,FaceShifter,c23
FaceForensics++,FaceForensics++__FaceShifter__386_154.mp4,data\raw\FaceForensics++_C23\FaceShifter\386_154.mp4,1,FaceShifter,c23
FaceForensics++,FaceForensics++__FaceShifter__388_308.mp4,data\raw\FaceForensics++_C23\FaceShifter\388_308.mp4,1,FaceShifter,c23
FaceForensics++,FaceForensics++__FaceShifter__389_480.mp4,data\raw\FaceForensics++_C23\FaceShifter\389_480.mp4,1,FaceShifter,c23
FaceForensics++,FaceForensics++__FaceShifter__391_406.mp4,data\raw\FaceForensics++_C23\FaceShifter\391_406.mp4,1,FaceShifter,c23
FaceForensics++,FaceForensics++__FaceShifter__392_339.mp4,data\raw\FaceForensics++_C23\FaceShifter\392_339.mp4,1,FaceShifter,c23
FaceForensics++,FaceForensics++__FaceShifter__393_405.mp4,data\raw\FaceForensics++_C23\FaceShifter\393_405.mp4,1,FaceShifter,c23
FaceForensics++,FaceForensics++__FaceShifter__394_373.mp4,data\raw\FaceForensics++_C23\FaceShifter\394_373.mp4,1,FaceShifter,c23
FaceForensics++,FaceForensics++__FaceShifter__395_401.mp4,data\raw\FaceForensics++_C23\FaceShifter\395_401.mp4,1,FaceShifter,c23
FaceForensics++,FaceForensics++__FaceShifter__396_272.mp4,data\raw\FaceForensics++_C23\FaceShifter\396_272.mp4,1,FaceShifter,c23
FaceForensics++,FaceForensics++__FaceShifter__397_602.mp4,data\raw\FaceForensics++_C23\FaceShifter\397_602.mp4,1,FaceShifter,c23
FaceForensics++,FaceForensics++__FaceShifter__398_457.mp4,data\raw\FaceForensics++_C23\FaceShifter\398_457.mp4,1,FaceShifter,c23
FaceForensics++,FaceForensics++__FaceShifter__399_488.mp4,data\raw\FaceForensics++_C23\FaceShifter\399_488.mp4,1,FaceShifter,c23
FaceForensics++,FaceForensics++__FaceShifter__400_476.mp4,data\raw\FaceForensics++_C23\FaceShifter\400_476.mp4,1,FaceShifter,c23
FaceForensics++,FaceForensics++__FaceShifter__401_395.mp4,data\raw\FaceForensics++_C23\FaceShifter\401_395.mp4,1,FaceShifter,c23
FaceForensics++,FaceForensics++__FaceShifter__402_453.mp4,data\raw\FaceForensics++_C23\FaceShifter\402_453.mp4,1,FaceShifter,c23
FaceForensics++,FaceForensics++__FaceShifter__403_497.mp4,data\raw\FaceForensics++_C23\FaceShifter\403_497.mp4,1,FaceShifter,c23
FaceForensics++,FaceForensics++__FaceShifter__404_429.mp4,data\raw\FaceForensics++_C23\FaceShifter\404_429.mp4,1,FaceShifter,c23
FaceForensics++,FaceForensics++__FaceShifter__405_393.mp4,data\raw\FaceForensics++_C23\FaceShifter\405_393.mp4,1,FaceShifter,c23
FaceForensics++,FaceForensics++__FaceShifter__406_391.mp4,data\raw\FaceForensics++_C23\FaceShifter\406_391.mp4,1,FaceShifter,c23
FaceForensics++,FaceForensics++__FaceShifter__407_374.mp4,data\raw\FaceForensics++_C23\FaceShifter\407_374.mp4,1,FaceShifter,c23
FaceForensics++,FaceForensics++__FaceShifter__408_424.mp4,data\raw\FaceForensics++_C23\FaceShifter\408_424.mp4,1,FaceShifter,c23
FaceForensics++,FaceForensics++__FaceShifter__410_411.mp4,data\raw\FaceForensics++_C23\FaceShifter\410_411.mp4,1,FaceShifter,c23
FaceForensics++,FaceForensics++__FaceShifter__411_410.mp4,data\raw\FaceForensics++_C23\FaceShifter\411_410.mp4,1,FaceShifter,c23
FaceForensics++,FaceForensics++__FaceShifter__412_274.mp4,data\raw\FaceForensics++_C23\FaceShifter\412_274.mp4,1,FaceShifter,c23
FaceForensics++,FaceForensics++__FaceShifter__413_372.mp4,data\raw\FaceForensics++_C23\FaceShifter\413_372.mp4,1,FaceShifter,c23
FaceForensics++,FaceForensics++__FaceShifter__414_385.mp4,data\raw\FaceForensics++_C23\FaceShifter\414_385.mp4,1,FaceShifter,c23
FaceForensics++,FaceForensics++__FaceShifter__416_342.mp4,data\raw\FaceForensics++_C23\FaceShifter\416_342.mp4,1,FaceShifter,c23
FaceForensics++,FaceForensics++__FaceShifter__418_507.mp4,data\raw\FaceForensics++_C23\FaceShifter\418_507.mp4,1,FaceShifter,c23
FaceForensics++,FaceForensics++__FaceShifter__419_824.mp4,data\raw\FaceForensics++_C23\FaceShifter\419_824.mp4,1,FaceShifter,c23
FaceForensics++,FaceForensics++__FaceShifter__421_423.mp4,data\raw\FaceForensics++_C23\FaceShifter\421_423.mp4,1,FaceShifter,c23
FaceForensics++,FaceForensics++__FaceShifter__422_695.mp4,data\raw\FaceForensics++_C23\FaceShifter\422_695.mp4,1,FaceShifter,c23
FaceForensics++,FaceForensics++__FaceShifter__424_408.mp4,data\raw\FaceForensics++_C23\FaceShifter\424_408.mp4,1,FaceShifter,c23
FaceForensics++,FaceForensics++__FaceShifter__425_485.mp4,data\raw\FaceForensics++_C23\FaceShifter\425_485.mp4,1,FaceShifter,c23
FaceForensics++,FaceForensics++__FaceShifter__426_287.mp4,data\raw\FaceForensics++_C23\FaceShifter\426_287.mp4,1,FaceShifter,c23
FaceForensics++,FaceForensics++__FaceShifter__428_466.mp4,data\raw\FaceForensics++_C23\FaceShifter\428_466.mp4,1,FaceShifter,c23
FaceForensics++,FaceForensics++__FaceShifter__429_404.mp4,data\raw\FaceForensics++_C23\FaceShifter\429_404.mp4,1,FaceShifter,c23
FaceForensics++,FaceForensics++__FaceShifter__430_459.mp4,data\raw\FaceForensics++_C23\FaceShifter\430_459.mp4,1,FaceShifter,c23
FaceForensics++,FaceForensics++__FaceShifter__432_357.mp4,data\raw\FaceForensics++_C23\FaceShifter\432_357.mp4,1,FaceShifter,c23
FaceForensics++,FaceForensics++__FaceShifter__433_498.mp4,data\raw\FaceForensics++_C23\FaceShifter\433_498.mp4,1,FaceShifter,c23
FaceForensics++,FaceForensics++__FaceShifter__434_438.mp4,data\raw\FaceForensics++_C23\FaceShifter\434_438.mp4,1,FaceShifter,c23
FaceForensics++,FaceForensics++__FaceShifter__435_456.mp4,data\raw\FaceForensics++_C23\FaceShifter\435_456.mp4,1,FaceShifter,c23
FaceForensics++,FaceForensics++__FaceShifter__436_526.mp4,data\raw\FaceForensics++_C23\FaceShifter\436_526.mp4,1,FaceShifter,c23
FaceForensics++,FaceForensics++__FaceShifter__437_360.mp4,data\raw\FaceForensics++_C23\FaceShifter\437_360.mp4,1,FaceShifter,c23
FaceForensics++,FaceForensics++__FaceShifter__438_434.mp4,data\raw\FaceForensics++_C23\FaceShifter\438_434.mp4,1,FaceShifter,c23
FaceForensics++,FaceForensics++__FaceShifter__439_441.mp4,data\raw\FaceForensics++_C23\FaceShifter\439_441.mp4,1,FaceShifter,c23
FaceForensics++,FaceForensics++__FaceShifter__440_364.mp4,data\raw\FaceForensics++_C23\FaceShifter\440_364.mp4,1,FaceShifter,c23
FaceForensics++,FaceForensics++__FaceShifter__441_439.mp4,data\raw\FaceForensics++_C23\FaceShifter\441_439.mp4,1,FaceShifter,c23
FaceForensics++,FaceForensics++__FaceShifter__442_195.mp4,data\raw\FaceForensics++_C23\FaceShifter\442_195.mp4,1,FaceShifter,c23
FaceForensics++,FaceForensics++__FaceShifter__443_514.mp4,data\raw\FaceForensics++_C23\FaceShifter\443_514.mp4,1,FaceShifter,c23
FaceForensics++,FaceForensics++__FaceShifter__444_655.mp4,data\raw\FaceForensics++_C23\FaceShifter\444_655.mp4,1,FaceShifter,c23
FaceForensics++,FaceForensics++__FaceShifter__445_494.mp4,data\raw\FaceForensics++_C23\FaceShifter\445_494.mp4,1,FaceShifter,c23
FaceForensics++,FaceForensics++__FaceShifter__446_667.mp4,data\raw\FaceForensics++_C23\FaceShifter\446_667.mp4,1,FaceShifter,c23
FaceForensics++,FaceForensics++__FaceShifter__447_431.mp4,data\raw\FaceForensics++_C23\FaceShifter\447_431.mp4,1,FaceShifter,c23
FaceForensics++,FaceForensics++__FaceShifter__448_361.mp4,data\raw\FaceForensics++_C23\FaceShifter\448_361.mp4,1,FaceShifter,c23
FaceForensics++,FaceForensics++__FaceShifter__451_449.mp4,data\raw\FaceForensics++_C23\FaceShifter\451_449.mp4,1,FaceShifter,c23
FaceForensics++,FaceForensics++__FaceShifter__452_550.mp4,data\raw\FaceForensics++_C23\FaceShifter\452_550.mp4,1,FaceShifter,c23
FaceForensics++,FaceForensics++__FaceShifter__453_402.mp4,data\raw\FaceForensics++_C23\FaceShifter\453_402.mp4,1,FaceShifter,c23
FaceForensics++,FaceForensics++__FaceShifter__454_527.mp4,data\raw\FaceForensics++_C23\FaceShifter\454_527.mp4,1,FaceShifter,c23
FaceForensics++,FaceForensics++__FaceShifter__455_471.mp4,data\raw\FaceForensics++_C23\FaceShifter\455_471.mp4,1,FaceShifter,c23
FaceForensics++,FaceForensics++__FaceShifter__456_435.mp4,data\raw\FaceForensics++_C23\FaceShifter\456_435.mp4,1,FaceShifter,c23
FaceForensics++,FaceForensics++__FaceShifter__457_398.mp4,data\raw\FaceForensics++_C23\FaceShifter\457_398.mp4,1,FaceShifter,c23
FaceForensics++,FaceForensics++__FaceShifter__458_722.mp4,data\raw\FaceForensics++_C23\FaceShifter\458_722.mp4,1,FaceShifter,c23
FaceForensics++,FaceForensics++__FaceShifter__459_430.mp4,data\raw\FaceForensics++_C23\FaceShifter\459_430.mp4,1,FaceShifter,c23
FaceForensics++,FaceForensics++__FaceShifter__463_464.mp4,data\raw\FaceForensics++_C23\FaceShifter\463_464.mp4,1,FaceShifter,c23
FaceForensics++,FaceForensics++__FaceShifter__464_463.mp4,data\raw\FaceForensics++_C23\FaceShifter\464_463.mp4,1,FaceShifter,c23
FaceForensics++,FaceForensics++__FaceShifter__465_482.mp4,data\raw\FaceForensics++_C23\FaceShifter\465_482.mp4,1,FaceShifter,c23
FaceForensics++,FaceForensics++__FaceShifter__466_428.mp4,data\raw\FaceForensics++_C23\FaceShifter\466_428.mp4,1,FaceShifter,c23
FaceForensics++,FaceForensics++__FaceShifter__467_462.mp4,data\raw\FaceForensics++_C23\FaceShifter\467_462.mp4,1,FaceShifter,c23
FaceForensics++,FaceForensics++__FaceShifter__468_470.mp4,data\raw\FaceForensics++_C23\FaceShifter\468_470.mp4,1,FaceShifter,c23
FaceForensics++,FaceForensics++__FaceShifter__470_468.mp4,data\raw\FaceForensics++_C23\FaceShifter\470_468.mp4,1,FaceShifter,c23
FaceForensics++,FaceForensics++__FaceShifter__471_455.mp4,data\raw\FaceForensics++_C23\FaceShifter\471_455.mp4,1,FaceShifter,c23
FaceForensics++,FaceForensics++__FaceShifter__472_511.mp4,data\raw\FaceForensics++_C23\FaceShifter\472_511.mp4,1,FaceShifter,c23
FaceForensics++,FaceForensics++__FaceShifter__474_281.mp4,data\raw\FaceForensics++_C23\FaceShifter\474_281.mp4,1,FaceShifter,c23
FaceForensics++,FaceForensics++__FaceShifter__475_265.mp4,data\raw\FaceForensics++_C23\FaceShifter\475_265.mp4,1,FaceShifter,c23
FaceForensics++,FaceForensics++__FaceShifter__476_400.mp4,data\raw\FaceForensics++_C23\FaceShifter\476_400.mp4,1,FaceShifter,c23
FaceForensics++,FaceForensics++__FaceShifter__477_487.mp4,data\raw\FaceForensics++_C23\FaceShifter\477_487.mp4,1,FaceShifter,c23
FaceForensics++,FaceForensics++__FaceShifter__478_506.mp4,data\raw\FaceForensics++_C23\FaceShifter\478_506.mp4,1,FaceShifter,c23
FaceForensics++,FaceForensics++__FaceShifter__479_706.mp4,data\raw\FaceForensics++_C23\FaceShifter\479_706.mp4,1,FaceShifter,c23
FaceForensics++,FaceForensics++__FaceShifter__480_389.mp4,data\raw\FaceForensics++_C23\FaceShifter\480_389.mp4,1,FaceShifter,c23
FaceForensics++,FaceForensics++__FaceShifter__481_469.mp4,data\raw\FaceForensics++_C23\FaceShifter\481_469.mp4,1,FaceShifter,c23
FaceForensics++,FaceForensics++__FaceShifter__483_370.mp4,data\raw\FaceForensics++_C23\FaceShifter\483_370.mp4,1,FaceShifter,c23
FaceForensics++,FaceForensics++__FaceShifter__484_415.mp4,data\raw\FaceForensics++_C23\FaceShifter\484_415.mp4,1,FaceShifter,c23
FaceForensics++,FaceForensics++__FaceShifter__485_425.mp4,data\raw\FaceForensics++_C23\FaceShifter\485_425.mp4,1,FaceShifter,c23
FaceForensics++,FaceForensics++__FaceShifter__486_680.mp4,data\raw\FaceForensics++_C23\FaceShifter\486_680.mp4,1,FaceShifter,c23
FaceForensics++,FaceForensics++__FaceShifter__489_022.mp4,data\raw\FaceForensics++_C23\FaceShifter\489_022.mp4,1,FaceShifter,c23
FaceForensics++,FaceForensics++__FaceShifter__490_534.mp4,data\raw\FaceForensics++_C23\FaceShifter\490_534.mp4,1,FaceShifter,c23
FaceForensics++,FaceForensics++__FaceShifter__491_226.mp4,data\raw\FaceForensics++_C23\FaceShifter\491_226.mp4,1,FaceShifter,c23
FaceForensics++,FaceForensics++__FaceShifter__493_538.mp4,data\raw\FaceForensics++_C23\FaceShifter\493_538.mp4,1,FaceShifter,c23
FaceForensics++,FaceForensics++__FaceShifter__494_445.mp4,data\raw\FaceForensics++_C23\FaceShifter\494_445.mp4,1,FaceShifter,c23
FaceForensics++,FaceForensics++__FaceShifter__495_512.mp4,data\raw\FaceForensics++_C23\FaceShifter\495_512.mp4,1,FaceShifter,c23
FaceForensics++,FaceForensics++__FaceShifter__496_417.mp4,data\raw\FaceForensics++_C23\FaceShifter\496_417.mp4,1,FaceShifter,c23
FaceForensics++,FaceForensics++__FaceShifter__497_403.mp4,data\raw\FaceForensics++_C23\FaceShifter\497_403.mp4,1,FaceShifter,c23
FaceForensics++,FaceForensics++__FaceShifter__498_433.mp4,data\raw\FaceForensics++_C23\FaceShifter\498_433.mp4,1,FaceShifter,c23
FaceForensics++,FaceForensics++__FaceShifter__499_539.mp4,data\raw\FaceForensics++_C23\FaceShifter\499_539.mp4,1,FaceShifter,c23
FaceForensics++,FaceForensics++__FaceShifter__500_592.mp4,data\raw\FaceForensics++_C23\FaceShifter\500_592.mp4,1,FaceShifter,c23
FaceForensics++,FaceForensics++__FaceShifter__501_326.mp4,data\raw\FaceForensics++_C23\FaceShifter\501_326.mp4,1,FaceShifter,c23
FaceForensics++,FaceForensics++__FaceShifter__502_504.mp4,data\raw\FaceForensics++_C23\FaceShifter\502_504.mp4,1,FaceShifter,c23
FaceForensics++,FaceForensics++__FaceShifter__503_756.mp4,data\raw\FaceForensics++_C23\FaceShifter\503_756.mp4,1,FaceShifter,c23
FaceForensics++,FaceForensics++__FaceShifter__504_502.mp4,data\raw\FaceForensics++_C23\FaceShifter\504_502.mp4,1,FaceShifter,c23
FaceForensics++,FaceForensics++__FaceShifter__505_600.mp4,data\raw\FaceForensics++_C23\FaceShifter\505_600.mp4,1,FaceShifter,c23
FaceForensics++,FaceForensics++__FaceShifter__506_478.mp4,data\raw\FaceForensics++_C23\FaceShifter\506_478.mp4,1,FaceShifter,c23
FaceForensics++,FaceForensics++__FaceShifter__507_418.mp4,data\raw\FaceForensics++_C23\FaceShifter\507_418.mp4,1,FaceShifter,c23
FaceForensics++,FaceForensics++__FaceShifter__508_831.mp4,data\raw\FaceForensics++_C23\FaceShifter\508_831.mp4,1,FaceShifter,c23
FaceForensics++,FaceForensics++__FaceShifter__509_525.mp4,data\raw\FaceForensics++_C23\FaceShifter\509_525.mp4,1,FaceShifter,c23
FaceForensics++,FaceForensics++__FaceShifter__510_528.mp4,data\raw\FaceForensics++_C23\FaceShifter\510_528.mp4,1,FaceShifter,c23
FaceForensics++,FaceForensics++__FaceShifter__511_472.mp4,data\raw\FaceForensics++_C23\FaceShifter\511_472.mp4,1,FaceShifter,c23
FaceForensics++,FaceForensics++__FaceShifter__512_495.mp4,data\raw\FaceForensics++_C23\FaceShifter\512_495.mp4,1,FaceShifter,c23
FaceForensics++,FaceForensics++__FaceShifter__514_443.mp4,data\raw\FaceForensics++_C23\FaceShifter\514_443.mp4,1,FaceShifter,c23
FaceForensics++,FaceForensics++__FaceShifter__515_519.mp4,data\raw\FaceForensics++_C23\FaceShifter\515_519.mp4,1,FaceShifter,c23
FaceForensics++,FaceForensics++__FaceShifter__516_555.mp4,data\raw\FaceForensics++_C23\FaceShifter\516_555.mp4,1,FaceShifter,c23
FaceForensics++,FaceForensics++__FaceShifter__517_521.mp4,data\raw\FaceForensics++_C23\FaceShifter\517_521.mp4,1,FaceShifter,c23
FaceForensics++,FaceForensics++__FaceShifter__518_131.mp4,data\raw\FaceForensics++_C23\FaceShifter\518_131.mp4,1,FaceShifter,c23
FaceForensics++,FaceForensics++__FaceShifter__519_515.mp4,data\raw\FaceForensics++_C23\FaceShifter\519_515.mp4,1,FaceShifter,c23
FaceForensics++,FaceForensics++__FaceShifter__520_542.mp4,data\raw\FaceForensics++_C23\FaceShifter\520_542.mp4,1,FaceShifter,c23
FaceForensics++,FaceForensics++__FaceShifter__521_517.mp4,data\raw\FaceForensics++_C23\FaceShifter\521_517.mp4,1,FaceShifter,c23
FaceForensics++,FaceForensics++__FaceShifter__522_337.mp4,data\raw\FaceForensics++_C23\FaceShifter\522_337.mp4,1,FaceShifter,c23
FaceForensics++,FaceForensics++__FaceShifter__523_541.mp4,data\raw\FaceForensics++_C23\FaceShifter\523_541.mp4,1,FaceShifter,c23
FaceForensics++,FaceForensics++__FaceShifter__524_580.mp4,data\raw\FaceForensics++_C23\FaceShifter\524_580.mp4,1,FaceShifter,c23
FaceForensics++,FaceForensics++__FaceShifter__525_509.mp4,data\raw\FaceForensics++_C23\FaceShifter\525_509.mp4,1,FaceShifter,c23
FaceForensics++,FaceForensics++__FaceShifter__526_436.mp4,data\raw\FaceForensics++_C23\FaceShifter\526_436.mp4,1,FaceShifter,c23
FaceForensics++,FaceForensics++__FaceShifter__527_454.mp4,data\raw\FaceForensics++_C23\FaceShifter\527_454.mp4,1,FaceShifter,c23
FaceForensics++,FaceForensics++__FaceShifter__528_510.mp4,data\raw\FaceForensics++_C23\FaceShifter\528_510.mp4,1,FaceShifter,c23
FaceForensics++,FaceForensics++__FaceShifter__530_594.mp4,data\raw\FaceForensics++_C23\FaceShifter\530_594.mp4,1,FaceShifter,c23
FaceForensics++,FaceForensics++__FaceShifter__531_549.mp4,data\raw\FaceForensics++_C23\FaceShifter\531_549.mp4,1,FaceShifter,c23
FaceForensics++,FaceForensics++__FaceShifter__532_544.mp4,data\raw\FaceForensics++_C23\FaceShifter\532_544.mp4,1,FaceShifter,c23
FaceForensics++,FaceForensics++__FaceShifter__535_587.mp4,data\raw\FaceForensics++_C23\FaceShifter\535_587.mp4,1,FaceShifter,c23
FaceForensics++,FaceForensics++__FaceShifter__536_540.mp4,data\raw\FaceForensics++_C23\FaceShifter\536_540.mp4,1,FaceShifter,c23
FaceForensics++,FaceForensics++__FaceShifter__537_563.mp4,data\raw\FaceForensics++_C23\FaceShifter\537_563.mp4,1,FaceShifter,c23
FaceForensics++,FaceForensics++__FaceShifter__538_493.mp4,data\raw\FaceForensics++_C23\FaceShifter\538_493.mp4,1,FaceShifter,c23
FaceForensics++,FaceForensics++__FaceShifter__539_499.mp4,data\raw\FaceForensics++_C23\FaceShifter\539_499.mp4,1,FaceShifter,c23
FaceForensics++,FaceForensics++__FaceShifter__540_536.mp4,data\raw\FaceForensics++_C23\FaceShifter\540_536.mp4,1,FaceShifter,c23
FaceForensics++,FaceForensics++__FaceShifter__541_523.mp4,data\raw\FaceForensics++_C23\FaceShifter\541_523.mp4,1,FaceShifter,c23
FaceForensics++,FaceForensics++__FaceShifter__542_520.mp4,data\raw\FaceForensics++_C23\FaceShifter\542_520.mp4,1,FaceShifter,c23
FaceForensics++,FaceForensics++__FaceShifter__543_559.mp4,data\raw\FaceForensics++_C23\FaceShifter\543_559.mp4,1,FaceShifter,c23
FaceForensics++,FaceForensics++__FaceShifter__544_532.mp4,data\raw\FaceForensics++_C23\FaceShifter\544_532.mp4,1,FaceShifter,c23
FaceForensics++,FaceForensics++__FaceShifter__545_553.mp4,data\raw\FaceForensics++_C23\FaceShifter\545_553.mp4,1,FaceShifter,c23
FaceForensics++,FaceForensics++__FaceShifter__546_621.mp4,data\raw\FaceForensics++_C23\FaceShifter\546_621.mp4,1,FaceShifter,c23
FaceForensics++,FaceForensics++__FaceShifter__547_574.mp4,data\raw\FaceForensics++_C23\FaceShifter\547_574.mp4,1,FaceShifter,c23
FaceForensics++,FaceForensics++__FaceShifter__548_632.mp4,data\raw\FaceForensics++_C23\FaceShifter\548_632.mp4,1,FaceShifter,c23
FaceForensics++,FaceForensics++__FaceShifter__550_452.mp4,data\raw\FaceForensics++_C23\FaceShifter\550_452.mp4,1,FaceShifter,c23
FaceForensics++,FaceForensics++__FaceShifter__551_631.mp4,data\raw\FaceForensics++_C23\FaceShifter\551_631.mp4,1,FaceShifter,c23
FaceForensics++,FaceForensics++__FaceShifter__552_851.mp4,data\raw\FaceForensics++_C23\FaceShifter\552_851.mp4,1,FaceShifter,c23
FaceForensics++,FaceForensics++__FaceShifter__553_545.mp4,data\raw\FaceForensics++_C23\FaceShifter\553_545.mp4,1,FaceShifter,c23
FaceForensics++,FaceForensics++__FaceShifter__554_572.mp4,data\raw\FaceForensics++_C23\FaceShifter\554_572.mp4,1,FaceShifter,c23
FaceForensics++,FaceForensics++__FaceShifter__555_516.mp4,data\raw\FaceForensics++_C23\FaceShifter\555_516.mp4,1,FaceShifter,c23
FaceForensics++,FaceForensics++__FaceShifter__556_588.mp4,data\raw\FaceForensics++_C23\FaceShifter\556_588.mp4,1,FaceShifter,c23
FaceForensics++,FaceForensics++__FaceShifter__557_560.mp4,data\raw\FaceForensics++_C23\FaceShifter\557_560.mp4,1,FaceShifter,c23
FaceForensics++,FaceForensics++__FaceShifter__559_543.mp4,data\raw\FaceForensics++_C23\FaceShifter\559_543.mp4,1,FaceShifter,c23
FaceForensics++,FaceForensics++__FaceShifter__561_998.mp4,data\raw\FaceForensics++_C23\FaceShifter\561_998.mp4,1,FaceShifter,c23
FaceForensics++,FaceForensics++__FaceShifter__562_626.mp4,data\raw\FaceForensics++_C23\FaceShifter\562_626.mp4,1,FaceShifter,c23
FaceForensics++,FaceForensics++__FaceShifter__563_537.mp4,data\raw\FaceForensics++_C23\FaceShifter\563_537.mp4,1,FaceShifter,c23
FaceForensics++,FaceForensics++__FaceShifter__564_971.mp4,data\raw\FaceForensics++_C23\FaceShifter\564_971.mp4,1,FaceShifter,c23
FaceForensics++,FaceForensics++__FaceShifter__565_589.mp4,data\raw\FaceForensics++_C23\FaceShifter\565_589.mp4,1,FaceShifter,c23
FaceForensics++,FaceForensics++__FaceShifter__566_617.mp4,data\raw\FaceForensics++_C23\FaceShifter\566_617.mp4,1,FaceShifter,c23
FaceForensics++,FaceForensics++__FaceShifter__567_606.mp4,data\raw\FaceForensics++_C23\FaceShifter\567_606.mp4,1,FaceShifter,c23
FaceForensics++,FaceForensics++__FaceShifter__568_628.mp4,data\raw\FaceForensics++_C23\FaceShifter\568_628.mp4,1,FaceShifter,c23
FaceForensics++,FaceForensics++__FaceShifter__570_624.mp4,data\raw\FaceForensics++_C23\FaceShifter\570_624.mp4,1,FaceShifter,c23
FaceForensics++,FaceForensics++__FaceShifter__571_746.mp4,data\raw\FaceForensics++_C23\FaceShifter\571_746.mp4,1,FaceShifter,c23
FaceForensics++,FaceForensics++__FaceShifter__572_554.mp4,data\raw\FaceForensics++_C23\FaceShifter\572_554.mp4,1,FaceShifter,c23
FaceForensics++,FaceForensics++__FaceShifter__573_757.mp4,data\raw\FaceForensics++_C23\FaceShifter\573_757.mp4,1,FaceShifter,c23
FaceForensics++,FaceForensics++__FaceShifter__574_547.mp4,data\raw\FaceForensics++_C23\FaceShifter\574_547.mp4,1,FaceShifter,c23
FaceForensics++,FaceForensics++__FaceShifter__575_603.mp4,data\raw\FaceForensics++_C23\FaceShifter\575_603.mp4,1,FaceShifter,c23
FaceForensics++,FaceForensics++__FaceShifter__576_155.mp4,data\raw\FaceForensics++_C23\FaceShifter\576_155.mp4,1,FaceShifter,c23
FaceForensics++,FaceForensics++__FaceShifter__578_636.mp4,data\raw\FaceForensics++_C23\FaceShifter\578_636.mp4,1,FaceShifter,c23
FaceForensics++,FaceForensics++__FaceShifter__579_701.mp4,data\raw\FaceForensics++_C23\FaceShifter\579_701.mp4,1,FaceShifter,c23
FaceForensics++,FaceForensics++__FaceShifter__580_524.mp4,data\raw\FaceForensics++_C23\FaceShifter\580_524.mp4,1,FaceShifter,c23
FaceForensics++,FaceForensics++__FaceShifter__581_697.mp4,data\raw\FaceForensics++_C23\FaceShifter\581_697.mp4,1,FaceShifter,c23
FaceForensics++,FaceForensics++__FaceShifter__582_172.mp4,data\raw\FaceForensics++_C23\FaceShifter\582_172.mp4,1,FaceShifter,c23
FaceForensics++,FaceForensics++__FaceShifter__583_558.mp4,data\raw\FaceForensics++_C23\FaceShifter\583_558.mp4,1,FaceShifter,c23
FaceForensics++,FaceForensics++__FaceShifter__584_823.mp4,data\raw\FaceForensics++_C23\FaceShifter\584_823.mp4,1,FaceShifter,c23
FaceForensics++,FaceForensics++__FaceShifter__585_599.mp4,data\raw\FaceForensics++_C23\FaceShifter\585_599.mp4,1,FaceShifter,c23
FaceForensics++,FaceForensics++__FaceShifter__587_535.mp4,data\raw\FaceForensics++_C23\FaceShifter\587_535.mp4,1,FaceShifter,c23
FaceForensics++,FaceForensics++__FaceShifter__588_556.mp4,data\raw\FaceForensics++_C23\FaceShifter\588_556.mp4,1,FaceShifter,c23
FaceForensics++,FaceForensics++__FaceShifter__589_565.mp4,data\raw\FaceForensics++_C23\FaceShifter\589_565.mp4,1,FaceShifter,c23
FaceForensics++,FaceForensics++__FaceShifter__590_034.mp4,data\raw\FaceForensics++_C23\FaceShifter\590_034.mp4,1,FaceShifter,c23
FaceForensics++,FaceForensics++__FaceShifter__591_605.mp4,data\raw\FaceForensics++_C23\FaceShifter\591_605.mp4,1,FaceShifter,c23
FaceForensics++,FaceForensics++__FaceShifter__592_500.mp4,data\raw\FaceForensics++_C23\FaceShifter\592_500.mp4,1,FaceShifter,c23
FaceForensics++,FaceForensics++__FaceShifter__593_577.mp4,data\raw\FaceForensics++_C23\FaceShifter\593_577.mp4,1,FaceShifter,c23
FaceForensics++,FaceForensics++__FaceShifter__595_597.mp4,data\raw\FaceForensics++_C23\FaceShifter\595_597.mp4,1,FaceShifter,c23
FaceForensics++,FaceForensics++__FaceShifter__596_609.mp4,data\raw\FaceForensics++_C23\FaceShifter\596_609.mp4,1,FaceShifter,c23
FaceForensics++,FaceForensics++__FaceShifter__597_595.mp4,data\raw\FaceForensics++_C23\FaceShifter\597_595.mp4,1,FaceShifter,c23
FaceForensics++,FaceForensics++__FaceShifter__598_178.mp4,data\raw\FaceForensics++_C23\FaceShifter\598_178.mp4,1,FaceShifter,c23
FaceForensics++,FaceForensics++__FaceShifter__599_585.mp4,data\raw\FaceForensics++_C23\FaceShifter\599_585.mp4,1,FaceShifter,c23
FaceForensics++,FaceForensics++__FaceShifter__600_505.mp4,data\raw\FaceForensics++_C23\FaceShifter\600_505.mp4,1,FaceShifter,c23
FaceForensics++,FaceForensics++__FaceShifter__602_397.mp4,data\raw\FaceForensics++_C23\FaceShifter\602_397.mp4,1,FaceShifter,c23
FaceForensics++,FaceForensics++__FaceShifter__603_575.mp4,data\raw\FaceForensics++_C23\FaceShifter\603_575.mp4,1,FaceShifter,c23
FaceForensics++,FaceForensics++__FaceShifter__604_703.mp4,data\raw\FaceForensics++_C23\FaceShifter\604_703.mp4,1,FaceShifter,c23
FaceForensics++,FaceForensics++__FaceShifter__605_591.mp4,data\raw\FaceForensics++_C23\FaceShifter\605_591.mp4,1,FaceShifter,c23
FaceForensics++,FaceForensics++__FaceShifter__606_567.mp4,data\raw\FaceForensics++_C23\FaceShifter\606_567.mp4,1,FaceShifter,c23
FaceForensics++,FaceForensics++__FaceShifter__607_683.mp4,data\raw\FaceForensics++_C23\FaceShifter\607_683.mp4,1,FaceShifter,c23
FaceForensics++,FaceForensics++__FaceShifter__608_675.mp4,data\raw\FaceForensics++_C23\FaceShifter\608_675.mp4,1,FaceShifter,c23
FaceForensics++,FaceForensics++__FaceShifter__610_692.mp4,data\raw\FaceForensics++_C23\FaceShifter\610_692.mp4,1,FaceShifter,c23
FaceForensics++,FaceForensics++__FaceShifter__613_685.mp4,data\raw\FaceForensics++_C23\FaceShifter\613_685.mp4,1,FaceShifter,c23
FaceForensics++,FaceForensics++__FaceShifter__614_616.mp4,data\raw\FaceForensics++_C23\FaceShifter\614_616.mp4,1,FaceShifter,c23
FaceForensics++,FaceForensics++__FaceShifter__616_614.mp4,data\raw\FaceForensics++_C23\FaceShifter\616_614.mp4,1,FaceShifter,c23
FaceForensics++,FaceForensics++__FaceShifter__617_566.mp4,data\raw\FaceForensics++_C23\FaceShifter\617_566.mp4,1,FaceShifter,c23
FaceForensics++,FaceForensics++__FaceShifter__618_629.mp4,data\raw\FaceForensics++_C23\FaceShifter\618_629.mp4,1,FaceShifter,c23
FaceForensics++,FaceForensics++__FaceShifter__620_619.mp4,data\raw\FaceForensics++_C23\FaceShifter\620_619.mp4,1,FaceShifter,c23
FaceForensics++,FaceForensics++__FaceShifter__621_546.mp4,data\raw\FaceForensics++_C23\FaceShifter\621_546.mp4,1,FaceShifter,c23
FaceForensics++,FaceForensics++__FaceShifter__622_647.mp4,data\raw\FaceForensics++_C23\FaceShifter\622_647.mp4,1,FaceShifter,c23
FaceForensics++,FaceForensics++__FaceShifter__623_630.mp4,data\raw\FaceForensics++_C23\FaceShifter\623_630.mp4,1,FaceShifter,c23
FaceForensics++,FaceForensics++__FaceShifter__624_570.mp4,data\raw\FaceForensics++_C23\FaceShifter\624_570.mp4,1,FaceShifter,c23
FaceForensics++,FaceForensics++__FaceShifter__627_658.mp4,data\raw\FaceForensics++_C23\FaceShifter\627_658.mp4,1,FaceShifter,c23
FaceForensics++,FaceForensics++__FaceShifter__628_568.mp4,data\raw\FaceForensics++_C23\FaceShifter\628_568.mp4,1,FaceShifter,c23
FaceForensics++,FaceForensics++__FaceShifter__629_618.mp4,data\raw\FaceForensics++_C23\FaceShifter\629_618.mp4,1,FaceShifter,c23
FaceForensics++,FaceForensics++__FaceShifter__631_551.mp4,data\raw\FaceForensics++_C23\FaceShifter\631_551.mp4,1,FaceShifter,c23
FaceForensics++,FaceForensics++__FaceShifter__632_548.mp4,data\raw\FaceForensics++_C23\FaceShifter\632_548.mp4,1,FaceShifter,c23
FaceForensics++,FaceForensics++__FaceShifter__633_529.mp4,data\raw\FaceForensics++_C23\FaceShifter\633_529.mp4,1,FaceShifter,c23
FaceForensics++,FaceForensics++__FaceShifter__634_660.mp4,data\raw\FaceForensics++_C23\FaceShifter\634_660.mp4,1,FaceShifter,c23
FaceForensics++,FaceForensics++__FaceShifter__635_642.mp4,data\raw\FaceForensics++_C23\FaceShifter\635_642.mp4,1,FaceShifter,c23
FaceForensics++,FaceForensics++__FaceShifter__636_578.mp4,data\raw\FaceForensics++_C23\FaceShifter\636_578.mp4,1,FaceShifter,c23
FaceForensics++,FaceForensics++__FaceShifter__637_427.mp4,data\raw\FaceForensics++_C23\FaceShifter\637_427.mp4,1,FaceShifter,c23
FaceForensics++,FaceForensics++__FaceShifter__638_640.mp4,data\raw\FaceForensics++_C23\FaceShifter\638_640.mp4,1,FaceShifter,c23
FaceForensics++,FaceForensics++__FaceShifter__639_841.mp4,data\raw\FaceForensics++_C23\FaceShifter\639_841.mp4,1,FaceShifter,c23
FaceForensics++,FaceForensics++__FaceShifter__640_638.mp4,data\raw\FaceForensics++_C23\FaceShifter\640_638.mp4,1,FaceShifter,c23
FaceForensics++,FaceForensics++__FaceShifter__642_635.mp4,data\raw\FaceForensics++_C23\FaceShifter\642_635.mp4,1,FaceShifter,c23
FaceForensics++,FaceForensics++__FaceShifter__643_646.mp4,data\raw\FaceForensics++_C23\FaceShifter\643_646.mp4,1,FaceShifter,c23
FaceForensics++,FaceForensics++__FaceShifter__644_657.mp4,data\raw\FaceForensics++_C23\FaceShifter\644_657.mp4,1,FaceShifter,c23
FaceForensics++,FaceForensics++__FaceShifter__645_688.mp4,data\raw\FaceForensics++_C23\FaceShifter\645_688.mp4,1,FaceShifter,c23
FaceForensics++,FaceForensics++__FaceShifter__646_643.mp4,data\raw\FaceForensics++_C23\FaceShifter\646_643.mp4,1,FaceShifter,c23
FaceForensics++,FaceForensics++__FaceShifter__647_622.mp4,data\raw\FaceForensics++_C23\FaceShifter\647_622.mp4,1,FaceShifter,c23
FaceForensics++,FaceForensics++__FaceShifter__649_816.mp4,data\raw\FaceForensics++_C23\FaceShifter\649_816.mp4,1,FaceShifter,c23
FaceForensics++,FaceForensics++__FaceShifter__650_625.mp4,data\raw\FaceForensics++_C23\FaceShifter\650_625.mp4,1,FaceShifter,c23
FaceForensics++,FaceForensics++__FaceShifter__652_773.mp4,data\raw\FaceForensics++_C23\FaceShifter\652_773.mp4,1,FaceShifter,c23
FaceForensics++,FaceForensics++__FaceShifter__653_601.mp4,data\raw\FaceForensics++_C23\FaceShifter\653_601.mp4,1,FaceShifter,c23
FaceForensics++,FaceForensics++__FaceShifter__654_648.mp4,data\raw\FaceForensics++_C23\FaceShifter\654_648.mp4,1,FaceShifter,c23
FaceForensics++,FaceForensics++__FaceShifter__655_444.mp4,data\raw\FaceForensics++_C23\FaceShifter\655_444.mp4,1,FaceShifter,c23
FaceForensics++,FaceForensics++__FaceShifter__656_666.mp4,data\raw\FaceForensics++_C23\FaceShifter\656_666.mp4,1,FaceShifter,c23
FaceForensics++,FaceForensics++__FaceShifter__660_634.mp4,data\raw\FaceForensics++_C23\FaceShifter\660_634.mp4,1,FaceShifter,c23
FaceForensics++,FaceForensics++__FaceShifter__661_670.mp4,data\raw\FaceForensics++_C23\FaceShifter\661_670.mp4,1,FaceShifter,c23
FaceForensics++,FaceForensics++__FaceShifter__662_641.mp4,data\raw\FaceForensics++_C23\FaceShifter\662_641.mp4,1,FaceShifter,c23
FaceForensics++,FaceForensics++__FaceShifter__663_231.mp4,data\raw\FaceForensics++_C23\FaceShifter\663_231.mp4,1,FaceShifter,c23
FaceForensics++,FaceForensics++__FaceShifter__664_668.mp4,data\raw\FaceForensics++_C23\FaceShifter\664_668.mp4,1,FaceShifter,c23
FaceForensics++,FaceForensics++__FaceShifter__665_679.mp4,data\raw\FaceForensics++_C23\FaceShifter\665_679.mp4,1,FaceShifter,c23
FaceForensics++,FaceForensics++__FaceShifter__666_656.mp4,data\raw\FaceForensics++_C23\FaceShifter\666_656.mp4,1,FaceShifter,c23
FaceForensics++,FaceForensics++__FaceShifter__667_446.mp4,data\raw\FaceForensics++_C23\FaceShifter\667_446.mp4,1,FaceShifter,c23
FaceForensics++,FaceForensics++__FaceShifter__669_682.mp4,data\raw\FaceForensics++_C23\FaceShifter\669_682.mp4,1,FaceShifter,c23
FaceForensics++,FaceForensics++__FaceShifter__670_661.mp4,data\raw\FaceForensics++_C23\FaceShifter\670_661.mp4,1,FaceShifter,c23
FaceForensics++,FaceForensics++__FaceShifter__671_677.mp4,data\raw\FaceForensics++_C23\FaceShifter\671_677.mp4,1,FaceShifter,c23
FaceForensics++,FaceForensics++__FaceShifter__672_720.mp4,data\raw\FaceForensics++_C23\FaceShifter\672_720.mp4,1,FaceShifter,c23
FaceForensics++,FaceForensics++__FaceShifter__673_728.mp4,data\raw\FaceForensics++_C23\FaceShifter\673_728.mp4,1,FaceShifter,c23
FaceForensics++,FaceForensics++__FaceShifter__674_744.mp4,data\raw\FaceForensics++_C23\FaceShifter\674_744.mp4,1,FaceShifter,c23
FaceForensics++,FaceForensics++__FaceShifter__675_608.mp4,data\raw\FaceForensics++_C23\FaceShifter\675_608.mp4,1,FaceShifter,c23
FaceForensics++,FaceForensics++__FaceShifter__676_776.mp4,data\raw\FaceForensics++_C23\FaceShifter\676_776.mp4,1,FaceShifter,c23
FaceForensics++,FaceForensics++__FaceShifter__677_671.mp4,data\raw\FaceForensics++_C23\FaceShifter\677_671.mp4,1,FaceShifter,c23
FaceForensics++,FaceForensics++__FaceShifter__678_460.mp4,data\raw\FaceForensics++_C23\FaceShifter\678_460.mp4,1,FaceShifter,c23
FaceForensics++,FaceForensics++__FaceShifter__679_665.mp4,data\raw\FaceForensics++_C23\FaceShifter\679_665.mp4,1,FaceShifter,c23
FaceForensics++,FaceForensics++__FaceShifter__680_486.mp4,data\raw\FaceForensics++_C23\FaceShifter\680_486.mp4,1,FaceShifter,c23
FaceForensics++,FaceForensics++__FaceShifter__682_669.mp4,data\raw\FaceForensics++_C23\FaceShifter\682_669.mp4,1,FaceShifter,c23
FaceForensics++,FaceForensics++__FaceShifter__683_607.mp4,data\raw\FaceForensics++_C23\FaceShifter\683_607.mp4,1,FaceShifter,c23
FaceForensics++,FaceForensics++__FaceShifter__685_613.mp4,data\raw\FaceForensics++_C23\FaceShifter\685_613.mp4,1,FaceShifter,c23
FaceForensics++,FaceForensics++__FaceShifter__686_696.mp4,data\raw\FaceForensics++_C23\FaceShifter\686_696.mp4,1,FaceShifter,c23
FaceForensics++,FaceForensics++__FaceShifter__687_615.mp4,data\raw\FaceForensics++_C23\FaceShifter\687_615.mp4,1,FaceShifter,c23
FaceForensics++,FaceForensics++__FaceShifter__688_645.mp4,data\raw\FaceForensics++_C23\FaceShifter\688_645.mp4,1,FaceShifter,c23
FaceForensics++,FaceForensics++__FaceShifter__690_689.mp4,data\raw\FaceForensics++_C23\FaceShifter\690_689.mp4,1,FaceShifter,c23
FaceForensics++,FaceForensics++__FaceShifter__691_732.mp4,data\raw\FaceForensics++_C23\FaceShifter\691_732.mp4,1,FaceShifter,c23
FaceForensics++,FaceForensics++__FaceShifter__692_610.mp4,data\raw\FaceForensics++_C23\FaceShifter\692_610.mp4,1,FaceShifter,c23
FaceForensics++,FaceForensics++__FaceShifter__693_698.mp4,data\raw\FaceForensics++_C23\FaceShifter\693_698.mp4,1,FaceShifter,c23
FaceForensics++,FaceForensics++__FaceShifter__694_767.mp4,data\raw\FaceForensics++_C23\FaceShifter\694_767.mp4,1,FaceShifter,c23
FaceForensics++,FaceForensics++__FaceShifter__695_422.mp4,data\raw\FaceForensics++_C23\FaceShifter\695_422.mp4,1,FaceShifter,c23
FaceForensics++,FaceForensics++__FaceShifter__696_686.mp4,data\raw\FaceForensics++_C23\FaceShifter\696_686.mp4,1,FaceShifter,c23
FaceForensics++,FaceForensics++__FaceShifter__698_693.mp4,data\raw\FaceForensics++_C23\FaceShifter\698_693.mp4,1,FaceShifter,c23
FaceForensics++,FaceForensics++__FaceShifter__699_734.mp4,data\raw\FaceForensics++_C23\FaceShifter\699_734.mp4,1,FaceShifter,c23
FaceForensics++,FaceForensics++__FaceShifter__700_813.mp4,data\raw\FaceForensics++_C23\FaceShifter\700_813.mp4,1,FaceShifter,c23
FaceForensics++,FaceForensics++__FaceShifter__701_579.mp4,data\raw\FaceForensics++_C23\FaceShifter\701_579.mp4,1,FaceShifter,c23
FaceForensics++,FaceForensics++__FaceShifter__702_612.mp4,data\raw\FaceForensics++_C23\FaceShifter\702_612.mp4,1,FaceShifter,c23
FaceForensics++,FaceForensics++__FaceShifter__703_604.mp4,data\raw\FaceForensics++_C23\FaceShifter\703_604.mp4,1,FaceShifter,c23
FaceForensics++,FaceForensics++__FaceShifter__704_723.mp4,data\raw\FaceForensics++_C23\FaceShifter\704_723.mp4,1,FaceShifter,c23
FaceForensics++,FaceForensics++__FaceShifter__705_707.mp4,data\raw\FaceForensics++_C23\FaceShifter\705_707.mp4,1,FaceShifter,c23
FaceForensics++,FaceForensics++__FaceShifter__707_705.mp4,data\raw\FaceForensics++_C23\FaceShifter\707_705.mp4,1,FaceShifter,c23
FaceForensics++,FaceForensics++__FaceShifter__708_772.mp4,data\raw\FaceForensics++_C23\FaceShifter\708_772.mp4,1,FaceShifter,c23
FaceForensics++,FaceForensics++__FaceShifter__709_390.mp4,data\raw\FaceForensics++_C23\FaceShifter\709_390.mp4,1,FaceShifter,c23
FaceForensics++,FaceForensics++__FaceShifter__711_681.mp4,data\raw\FaceForensics++_C23\FaceShifter\711_681.mp4,1,FaceShifter,c23
FaceForensics++,FaceForensics++__FaceShifter__712_716.mp4,data\raw\FaceForensics++_C23\FaceShifter\712_716.mp4,1,FaceShifter,c23
FaceForensics++,FaceForensics++__FaceShifter__713_726.mp4,data\raw\FaceForensics++_C23\FaceShifter\713_726.mp4,1,FaceShifter,c23
FaceForensics++,FaceForensics++__FaceShifter__714_842.mp4,data\raw\FaceForensics++_C23\FaceShifter\714_842.mp4,1,FaceShifter,c23
FaceForensics++,FaceForensics++__FaceShifter__715_721.mp4,data\raw\FaceForensics++_C23\FaceShifter\715_721.mp4,1,FaceShifter,c23
FaceForensics++,FaceForensics++__FaceShifter__716_712.mp4,data\raw\FaceForensics++_C23\FaceShifter\716_712.mp4,1,FaceShifter,c23
FaceForensics++,FaceForensics++__FaceShifter__717_684.mp4,data\raw\FaceForensics++_C23\FaceShifter\717_684.mp4,1,FaceShifter,c23
FaceForensics++,FaceForensics++__FaceShifter__719_737.mp4,data\raw\FaceForensics++_C23\FaceShifter\719_737.mp4,1,FaceShifter,c23
FaceForensics++,FaceForensics++__FaceShifter__720_672.mp4,data\raw\FaceForensics++_C23\FaceShifter\720_672.mp4,1,FaceShifter,c23
FaceForensics++,FaceForensics++__FaceShifter__721_715.mp4,data\raw\FaceForensics++_C23\FaceShifter\721_715.mp4,1,FaceShifter,c23
FaceForensics++,FaceForensics++__FaceShifter__722_458.mp4,data\raw\FaceForensics++_C23\FaceShifter\722_458.mp4,1,FaceShifter,c23
FaceForensics++,FaceForensics++__FaceShifter__723_704.mp4,data\raw\FaceForensics++_C23\FaceShifter\723_704.mp4,1,FaceShifter,c23
FaceForensics++,FaceForensics++__FaceShifter__724_725.mp4,data\raw\FaceForensics++_C23\FaceShifter\724_725.mp4,1,FaceShifter,c23
FaceForensics++,FaceForensics++__FaceShifter__726_713.mp4,data\raw\FaceForensics++_C23\FaceShifter\726_713.mp4,1,FaceShifter,c23
FaceForensics++,FaceForensics++__FaceShifter__727_729.mp4,data\raw\FaceForensics++_C23\FaceShifter\727_729.mp4,1,FaceShifter,c23
FaceForensics++,FaceForensics++__FaceShifter__728_673.mp4,data\raw\FaceForensics++_C23\FaceShifter\728_673.mp4,1,FaceShifter,c23
FaceForensics++,FaceForensics++__FaceShifter__729_727.mp4,data\raw\FaceForensics++_C23\FaceShifter\729_727.mp4,1,FaceShifter,c23
FaceForensics++,FaceForensics++__FaceShifter__730_815.mp4,data\raw\FaceForensics++_C23\FaceShifter\730_815.mp4,1,FaceShifter,c23
FaceForensics++,FaceForensics++__FaceShifter__731_741.mp4,data\raw\FaceForensics++_C23\FaceShifter\731_741.mp4,1,FaceShifter,c23
FaceForensics++,FaceForensics++__FaceShifter__734_699.mp4,data\raw\FaceForensics++_C23\FaceShifter\734_699.mp4,1,FaceShifter,c23
FaceForensics++,FaceForensics++__FaceShifter__735_774.mp4,data\raw\FaceForensics++_C23\FaceShifter\735_774.mp4,1,FaceShifter,c23
FaceForensics++,FaceForensics++__FaceShifter__736_785.mp4,data\raw\FaceForensics++_C23\FaceShifter\736_785.mp4,1,FaceShifter,c23
FaceForensics++,FaceForensics++__FaceShifter__737_719.mp4,data\raw\FaceForensics++_C23\FaceShifter\737_719.mp4,1,FaceShifter,c23
FaceForensics++,FaceForensics++__FaceShifter__738_804.mp4,data\raw\FaceForensics++_C23\FaceShifter\738_804.mp4,1,FaceShifter,c23
FaceForensics++,FaceForensics++__FaceShifter__740_796.mp4,data\raw\FaceForensics++_C23\FaceShifter\740_796.mp4,1,FaceShifter,c23
FaceForensics++,FaceForensics++__FaceShifter__742_775.mp4,data\raw\FaceForensics++_C23\FaceShifter\742_775.mp4,1,FaceShifter,c23
FaceForensics++,FaceForensics++__FaceShifter__743_750.mp4,data\raw\FaceForensics++_C23\FaceShifter\743_750.mp4,1,FaceShifter,c23
FaceForensics++,FaceForensics++__FaceShifter__744_674.mp4,data\raw\FaceForensics++_C23\FaceShifter\744_674.mp4,1,FaceShifter,c23
FaceForensics++,FaceForensics++__FaceShifter__745_777.mp4,data\raw\FaceForensics++_C23\FaceShifter\745_777.mp4,1,FaceShifter,c23
FaceForensics++,FaceForensics++__FaceShifter__748_355.mp4,data\raw\FaceForensics++_C23\FaceShifter\748_355.mp4,1,FaceShifter,c23
FaceForensics++,FaceForensics++__FaceShifter__749_659.mp4,data\raw\FaceForensics++_C23\FaceShifter\749_659.mp4,1,FaceShifter,c23
FaceForensics++,FaceForensics++__FaceShifter__750_743.mp4,data\raw\FaceForensics++_C23\FaceShifter\750_743.mp4,1,FaceShifter,c23
FaceForensics++,FaceForensics++__FaceShifter__751_752.mp4,data\raw\FaceForensics++_C23\FaceShifter\751_752.mp4,1,FaceShifter,c23
FaceForensics++,FaceForensics++__FaceShifter__752_751.mp4,data\raw\FaceForensics++_C23\FaceShifter\752_751.mp4,1,FaceShifter,c23
FaceForensics++,FaceForensics++__FaceShifter__753_789.mp4,data\raw\FaceForensics++_C23\FaceShifter\753_789.mp4,1,FaceShifter,c23
FaceForensics++,FaceForensics++__FaceShifter__756_503.mp4,data\raw\FaceForensics++_C23\FaceShifter\756_503.mp4,1,FaceShifter,c23
FaceForensics++,FaceForensics++__FaceShifter__757_573.mp4,data\raw\FaceForensics++_C23\FaceShifter\757_573.mp4,1,FaceShifter,c23
FaceForensics++,FaceForensics++__FaceShifter__759_755.mp4,data\raw\FaceForensics++_C23\FaceShifter\759_755.mp4,1,FaceShifter,c23
FaceForensics++,FaceForensics++__FaceShifter__762_832.mp4,data\raw\FaceForensics++_C23\FaceShifter\762_832.mp4,1,FaceShifter,c23
FaceForensics++,FaceForensics++__FaceShifter__763_930.mp4,data\raw\FaceForensics++_C23\FaceShifter\763_930.mp4,1,FaceShifter,c23
FaceForensics++,FaceForensics++__FaceShifter__764_850.mp4,data\raw\FaceForensics++_C23\FaceShifter\764_850.mp4,1,FaceShifter,c23
FaceForensics++,FaceForensics++__FaceShifter__765_867.mp4,data\raw\FaceForensics++_C23\FaceShifter\765_867.mp4,1,FaceShifter,c23
FaceForensics++,FaceForensics++__FaceShifter__766_761.mp4,data\raw\FaceForensics++_C23\FaceShifter\766_761.mp4,1,FaceShifter,c23
FaceForensics++,FaceForensics++__FaceShifter__768_793.mp4,data\raw\FaceForensics++_C23\FaceShifter\768_793.mp4,1,FaceShifter,c23
FaceForensics++,FaceForensics++__FaceShifter__769_784.mp4,data\raw\FaceForensics++_C23\FaceShifter\769_784.mp4,1,FaceShifter,c23
FaceForensics++,FaceForensics++__FaceShifter__770_791.mp4,data\raw\FaceForensics++_C23\FaceShifter\770_791.mp4,1,FaceShifter,c23
FaceForensics++,FaceForensics++__FaceShifter__771_849.mp4,data\raw\FaceForensics++_C23\FaceShifter\771_849.mp4,1,FaceShifter,c23
FaceForensics++,FaceForensics++__FaceShifter__772_708.mp4,data\raw\FaceForensics++_C23\FaceShifter\772_708.mp4,1,FaceShifter,c23
FaceForensics++,FaceForensics++__FaceShifter__773_652.mp4,data\raw\FaceForensics++_C23\FaceShifter\773_652.mp4,1,FaceShifter,c23
FaceForensics++,FaceForensics++__FaceShifter__775_742.mp4,data\raw\FaceForensics++_C23\FaceShifter\775_742.mp4,1,FaceShifter,c23
FaceForensics++,FaceForensics++__FaceShifter__776_676.mp4,data\raw\FaceForensics++_C23\FaceShifter\776_676.mp4,1,FaceShifter,c23
FaceForensics++,FaceForensics++__FaceShifter__777_745.mp4,data\raw\FaceForensics++_C23\FaceShifter\777_745.mp4,1,FaceShifter,c23
FaceForensics++,FaceForensics++__FaceShifter__778_798.mp4,data\raw\FaceForensics++_C23\FaceShifter\778_798.mp4,1,FaceShifter,c23
FaceForensics++,FaceForensics++__FaceShifter__779_794.mp4,data\raw\FaceForensics++_C23\FaceShifter\779_794.mp4,1,FaceShifter,c23
FaceForensics++,FaceForensics++__FaceShifter__781_806.mp4,data\raw\FaceForensics++_C23\FaceShifter\781_806.mp4,1,FaceShifter,c23
FaceForensics++,FaceForensics++__FaceShifter__782_787.mp4,data\raw\FaceForensics++_C23\FaceShifter\782_787.mp4,1,FaceShifter,c23
FaceForensics++,FaceForensics++__FaceShifter__784_769.mp4,data\raw\FaceForensics++_C23\FaceShifter\784_769.mp4,1,FaceShifter,c23
FaceForensics++,FaceForensics++__FaceShifter__786_819.mp4,data\raw\FaceForensics++_C23\FaceShifter\786_819.mp4,1,FaceShifter,c23
FaceForensics++,FaceForensics++__FaceShifter__787_782.mp4,data\raw\FaceForensics++_C23\FaceShifter\787_782.mp4,1,FaceShifter,c23
FaceForensics++,FaceForensics++__FaceShifter__788_710.mp4,data\raw\FaceForensics++_C23\FaceShifter\788_710.mp4,1,FaceShifter,c23
FaceForensics++,FaceForensics++__FaceShifter__789_753.mp4,data\raw\FaceForensics++_C23\FaceShifter\789_753.mp4,1,FaceShifter,c23
FaceForensics++,FaceForensics++__FaceShifter__790_014.mp4,data\raw\FaceForensics++_C23\FaceShifter\790_014.mp4,1,FaceShifter,c23
FaceForensics++,FaceForensics++__FaceShifter__793_768.mp4,data\raw\FaceForensics++_C23\FaceShifter\793_768.mp4,1,FaceShifter,c23
FaceForensics++,FaceForensics++__FaceShifter__795_907.mp4,data\raw\FaceForensics++_C23\FaceShifter\795_907.mp4,1,FaceShifter,c23
FaceForensics++,FaceForensics++__FaceShifter__796_740.mp4,data\raw\FaceForensics++_C23\FaceShifter\796_740.mp4,1,FaceShifter,c23
FaceForensics++,FaceForensics++__FaceShifter__797_844.mp4,data\raw\FaceForensics++_C23\FaceShifter\797_844.mp4,1,FaceShifter,c23
FaceForensics++,FaceForensics++__FaceShifter__798_778.mp4,data\raw\FaceForensics++_C23\FaceShifter\798_778.mp4,1,FaceShifter,c23
FaceForensics++,FaceForensics++__FaceShifter__800_840.mp4,data\raw\FaceForensics++_C23\FaceShifter\800_840.mp4,1,FaceShifter,c23
FaceForensics++,FaceForensics++__FaceShifter__801_855.mp4,data\raw\FaceForensics++_C23\FaceShifter\801_855.mp4,1,FaceShifter,c23
FaceForensics++,FaceForensics++__FaceShifter__802_885.mp4,data\raw\FaceForensics++_C23\FaceShifter\802_885.mp4,1,FaceShifter,c23
FaceForensics++,FaceForensics++__FaceShifter__804_738.mp4,data\raw\FaceForensics++_C23\FaceShifter\804_738.mp4,1,FaceShifter,c23
FaceForensics++,FaceForensics++__FaceShifter__806_781.mp4,data\raw\FaceForensics++_C23\FaceShifter\806_781.mp4,1,FaceShifter,c23
FaceForensics++,FaceForensics++__FaceShifter__807_273.mp4,data\raw\FaceForensics++_C23\FaceShifter\807_273.mp4,1,FaceShifter,c23
FaceForensics++,FaceForensics++__FaceShifter__808_829.mp4,data\raw\FaceForensics++_C23\FaceShifter\808_829.mp4,1,FaceShifter,c23
FaceForensics++,FaceForensics++__FaceShifter__809_799.mp4,data\raw\FaceForensics++_C23\FaceShifter\809_799.mp4,1,FaceShifter,c23
FaceForensics++,FaceForensics++__FaceShifter__810_838.mp4,data\raw\FaceForensics++_C23\FaceShifter\810_838.mp4,1,FaceShifter,c23
FaceForensics++,FaceForensics++__FaceShifter__811_920.mp4,data\raw\FaceForensics++_C23\FaceShifter\811_920.mp4,1,FaceShifter,c23
FaceForensics++,FaceForensics++__FaceShifter__812_821.mp4,data\raw\FaceForensics++_C23\FaceShifter\812_821.mp4,1,FaceShifter,c23
FaceForensics++,FaceForensics++__FaceShifter__813_700.mp4,data\raw\FaceForensics++_C23\FaceShifter\813_700.mp4,1,FaceShifter,c23
FaceForensics++,FaceForensics++__FaceShifter__814_871.mp4,data\raw\FaceForensics++_C23\FaceShifter\814_871.mp4,1,FaceShifter,c23
FaceForensics++,FaceForensics++__FaceShifter__815_730.mp4,data\raw\FaceForensics++_C23\FaceShifter\815_730.mp4,1,FaceShifter,c23
FaceForensics++,FaceForensics++__FaceShifter__816_649.mp4,data\raw\FaceForensics++_C23\FaceShifter\816_649.mp4,1,FaceShifter,c23
FaceForensics++,FaceForensics++__FaceShifter__817_827.mp4,data\raw\FaceForensics++_C23\FaceShifter\817_827.mp4,1,FaceShifter,c23
FaceForensics++,FaceForensics++__FaceShifter__818_820.mp4,data\raw\FaceForensics++_C23\FaceShifter\818_820.mp4,1,FaceShifter,c23
FaceForensics++,FaceForensics++__FaceShifter__821_812.mp4,data\raw\FaceForensics++_C23\FaceShifter\821_812.mp4,1,FaceShifter,c23
FaceForensics++,FaceForensics++__FaceShifter__822_244.mp4,data\raw\FaceForensics++_C23\FaceShifter\822_244.mp4,1,FaceShifter,c23
FaceForensics++,FaceForensics++__FaceShifter__824_419.mp4,data\raw\FaceForensics++_C23\FaceShifter\824_419.mp4,1,FaceShifter,c23
FaceForensics++,FaceForensics++__FaceShifter__825_074.mp4,data\raw\FaceForensics++_C23\FaceShifter\825_074.mp4,1,FaceShifter,c23
FaceForensics++,FaceForensics++__FaceShifter__826_833.mp4,data\raw\FaceForensics++_C23\FaceShifter\826_833.mp4,1,FaceShifter,c23
FaceForensics++,FaceForensics++__FaceShifter__829_808.mp4,data\raw\FaceForensics++_C23\FaceShifter\829_808.mp4,1,FaceShifter,c23
FaceForensics++,FaceForensics++__FaceShifter__830_828.mp4,data\raw\FaceForensics++_C23\FaceShifter\830_828.mp4,1,FaceShifter,c23
FaceForensics++,FaceForensics++__FaceShifter__831_508.mp4,data\raw\FaceForensics++_C23\FaceShifter\831_508.mp4,1,FaceShifter,c23
FaceForensics++,FaceForensics++__FaceShifter__832_762.mp4,data\raw\FaceForensics++_C23\FaceShifter\832_762.mp4,1,FaceShifter,c23
FaceForensics++,FaceForensics++__FaceShifter__834_852.mp4,data\raw\FaceForensics++_C23\FaceShifter\834_852.mp4,1,FaceShifter,c23
FaceForensics++,FaceForensics++__FaceShifter__835_651.mp4,data\raw\FaceForensics++_C23\FaceShifter\835_651.mp4,1,FaceShifter,c23
FaceForensics++,FaceForensics++__FaceShifter__836_950.mp4,data\raw\FaceForensics++_C23\FaceShifter\836_950.mp4,1,FaceShifter,c23
FaceForensics++,FaceForensics++__FaceShifter__837_890.mp4,data\raw\FaceForensics++_C23\FaceShifter\837_890.mp4,1,FaceShifter,c23
FaceForensics++,FaceForensics++__FaceShifter__838_810.mp4,data\raw\FaceForensics++_C23\FaceShifter\838_810.mp4,1,FaceShifter,c23
FaceForensics++,FaceForensics++__FaceShifter__839_864.mp4,data\raw\FaceForensics++_C23\FaceShifter\839_864.mp4,1,FaceShifter,c23
FaceForensics++,FaceForensics++__FaceShifter__840_800.mp4,data\raw\FaceForensics++_C23\FaceShifter\840_800.mp4,1,FaceShifter,c23
FaceForensics++,FaceForensics++__FaceShifter__842_714.mp4,data\raw\FaceForensics++_C23\FaceShifter\842_714.mp4,1,FaceShifter,c23
FaceForensics++,FaceForensics++__FaceShifter__843_859.mp4,data\raw\FaceForensics++_C23\FaceShifter\843_859.mp4,1,FaceShifter,c23
FaceForensics++,FaceForensics++__FaceShifter__844_797.mp4,data\raw\FaceForensics++_C23\FaceShifter\844_797.mp4,1,FaceShifter,c23
FaceForensics++,FaceForensics++__FaceShifter__845_846.mp4,data\raw\FaceForensics++_C23\FaceShifter\845_846.mp4,1,FaceShifter,c23
FaceForensics++,FaceForensics++__FaceShifter__846_845.mp4,data\raw\FaceForensics++_C23\FaceShifter\846_845.mp4,1,FaceShifter,c23
FaceForensics++,FaceForensics++__FaceShifter__847_906.mp4,data\raw\FaceForensics++_C23\FaceShifter\847_906.mp4,1,FaceShifter,c23
FaceForensics++,FaceForensics++__FaceShifter__849_771.mp4,data\raw\FaceForensics++_C23\FaceShifter\849_771.mp4,1,FaceShifter,c23
FaceForensics++,FaceForensics++__FaceShifter__850_764.mp4,data\raw\FaceForensics++_C23\FaceShifter\850_764.mp4,1,FaceShifter,c23
FaceForensics++,FaceForensics++__FaceShifter__851_552.mp4,data\raw\FaceForensics++_C23\FaceShifter\851_552.mp4,1,FaceShifter,c23
FaceForensics++,FaceForensics++__FaceShifter__852_834.mp4,data\raw\FaceForensics++_C23\FaceShifter\852_834.mp4,1,FaceShifter,c23
FaceForensics++,FaceForensics++__FaceShifter__854_747.mp4,data\raw\FaceForensics++_C23\FaceShifter\854_747.mp4,1,FaceShifter,c23
FaceForensics++,FaceForensics++__FaceShifter__855_801.mp4,data\raw\FaceForensics++_C23\FaceShifter\855_801.mp4,1,FaceShifter,c23
FaceForensics++,FaceForensics++__FaceShifter__856_881.mp4,data\raw\FaceForensics++_C23\FaceShifter\856_881.mp4,1,FaceShifter,c23
FaceForensics++,FaceForensics++__FaceShifter__857_909.mp4,data\raw\FaceForensics++_C23\FaceShifter\857_909.mp4,1,FaceShifter,c23
FaceForensics++,FaceForensics++__FaceShifter__858_861.mp4,data\raw\FaceForensics++_C23\FaceShifter\858_861.mp4,1,FaceShifter,c23
FaceForensics++,FaceForensics++__FaceShifter__859_843.mp4,data\raw\FaceForensics++_C23\FaceShifter\859_843.mp4,1,FaceShifter,c23
FaceForensics++,FaceForensics++__FaceShifter__860_905.mp4,data\raw\FaceForensics++_C23\FaceShifter\860_905.mp4,1,FaceShifter,c23
FaceForensics++,FaceForensics++__FaceShifter__861_858.mp4,data\raw\FaceForensics++_C23\FaceShifter\861_858.mp4,1,FaceShifter,c23
FaceForensics++,FaceForensics++__FaceShifter__862_047.mp4,data\raw\FaceForensics++_C23\FaceShifter\862_047.mp4,1,FaceShifter,c23
FaceForensics++,FaceForensics++__FaceShifter__863_853.mp4,data\raw\FaceForensics++_C23\FaceShifter\863_853.mp4,1,FaceShifter,c23
FaceForensics++,FaceForensics++__FaceShifter__864_839.mp4,data\raw\FaceForensics++_C23\FaceShifter\864_839.mp4,1,FaceShifter,c23
FaceForensics++,FaceForensics++__FaceShifter__865_739.mp4,data\raw\FaceForensics++_C23\FaceShifter\865_739.mp4,1,FaceShifter,c23
FaceForensics++,FaceForensics++__FaceShifter__866_878.mp4,data\raw\FaceForensics++_C23\FaceShifter\866_878.mp4,1,FaceShifter,c23
FaceForensics++,FaceForensics++__FaceShifter__867_765.mp4,data\raw\FaceForensics++_C23\FaceShifter\867_765.mp4,1,FaceShifter,c23
FaceForensics++,FaceForensics++__FaceShifter__868_949.mp4,data\raw\FaceForensics++_C23\FaceShifter\868_949.mp4,1,FaceShifter,c23
FaceForensics++,FaceForensics++__FaceShifter__869_780.mp4,data\raw\FaceForensics++_C23\FaceShifter\869_780.mp4,1,FaceShifter,c23
FaceForensics++,FaceForensics++__FaceShifter__870_001.mp4,data\raw\FaceForensics++_C23\FaceShifter\870_001.mp4,1,FaceShifter,c23
FaceForensics++,FaceForensics++__FaceShifter__871_814.mp4,data\raw\FaceForensics++_C23\FaceShifter\871_814.mp4,1,FaceShifter,c23
FaceForensics++,FaceForensics++__FaceShifter__872_873.mp4,data\raw\FaceForensics++_C23\FaceShifter\872_873.mp4,1,FaceShifter,c23
FaceForensics++,FaceForensics++__FaceShifter__874_291.mp4,data\raw\FaceForensics++_C23\FaceShifter\874_291.mp4,1,FaceShifter,c23
FaceForensics++,FaceForensics++__FaceShifter__875_979.mp4,data\raw\FaceForensics++_C23\FaceShifter\875_979.mp4,1,FaceShifter,c23
FaceForensics++,FaceForensics++__FaceShifter__876_891.mp4,data\raw\FaceForensics++_C23\FaceShifter\876_891.mp4,1,FaceShifter,c23
FaceForensics++,FaceForensics++__FaceShifter__878_866.mp4,data\raw\FaceForensics++_C23\FaceShifter\878_866.mp4,1,FaceShifter,c23
FaceForensics++,FaceForensics++__FaceShifter__879_963.mp4,data\raw\FaceForensics++_C23\FaceShifter\879_963.mp4,1,FaceShifter,c23
FaceForensics++,FaceForensics++__FaceShifter__880_135.mp4,data\raw\FaceForensics++_C23\FaceShifter\880_135.mp4,1,FaceShifter,c23
FaceForensics++,FaceForensics++__FaceShifter__881_856.mp4,data\raw\FaceForensics++_C23\FaceShifter\881_856.mp4,1,FaceShifter,c23
FaceForensics++,FaceForensics++__FaceShifter__882_952.mp4,data\raw\FaceForensics++_C23\FaceShifter\882_952.mp4,1,FaceShifter,c23
FaceForensics++,FaceForensics++__FaceShifter__883_013.mp4,data\raw\FaceForensics++_C23\FaceShifter\883_013.mp4,1,FaceShifter,c23
FaceForensics++,FaceForensics++__FaceShifter__884_968.mp4,data\raw\FaceForensics++_C23\FaceShifter\884_968.mp4,1,FaceShifter,c23
FaceForensics++,FaceForensics++__FaceShifter__885_802.mp4,data\raw\FaceForensics++_C23\FaceShifter\885_802.mp4,1,FaceShifter,c23
FaceForensics++,FaceForensics++__FaceShifter__886_877.mp4,data\raw\FaceForensics++_C23\FaceShifter\886_877.mp4,1,FaceShifter,c23
FaceForensics++,FaceForensics++__FaceShifter__887_275.mp4,data\raw\FaceForensics++_C23\FaceShifter\887_275.mp4,1,FaceShifter,c23
FaceForensics++,FaceForensics++__FaceShifter__888_937.mp4,data\raw\FaceForensics++_C23\FaceShifter\888_937.mp4,1,FaceShifter,c23
FaceForensics++,FaceForensics++__FaceShifter__889_045.mp4,data\raw\FaceForensics++_C23\FaceShifter\889_045.mp4,1,FaceShifter,c23
FaceForensics++,FaceForensics++__FaceShifter__890_837.mp4,data\raw\FaceForensics++_C23\FaceShifter\890_837.mp4,1,FaceShifter,c23
FaceForensics++,FaceForensics++__FaceShifter__891_876.mp4,data\raw\FaceForensics++_C23\FaceShifter\891_876.mp4,1,FaceShifter,c23
FaceForensics++,FaceForensics++__FaceShifter__892_112.mp4,data\raw\FaceForensics++_C23\FaceShifter\892_112.mp4,1,FaceShifter,c23
FaceForensics++,FaceForensics++__FaceShifter__893_913.mp4,data\raw\FaceForensics++_C23\FaceShifter\893_913.mp4,1,FaceShifter,c23
FaceForensics++,FaceForensics++__FaceShifter__894_848.mp4,data\raw\FaceForensics++_C23\FaceShifter\894_848.mp4,1,FaceShifter,c23
FaceForensics++,FaceForensics++__FaceShifter__896_128.mp4,data\raw\FaceForensics++_C23\FaceShifter\896_128.mp4,1,FaceShifter,c23
FaceForensics++,FaceForensics++__FaceShifter__898_922.mp4,data\raw\FaceForensics++_C23\FaceShifter\898_922.mp4,1,FaceShifter,c23
FaceForensics++,FaceForensics++__FaceShifter__899_914.mp4,data\raw\FaceForensics++_C23\FaceShifter\899_914.mp4,1,FaceShifter,c23
FaceForensics++,FaceForensics++__FaceShifter__900_926.mp4,data\raw\FaceForensics++_C23\FaceShifter\900_926.mp4,1,FaceShifter,c23
FaceForensics++,FaceForensics++__FaceShifter__902_901.mp4,data\raw\FaceForensics++_C23\FaceShifter\902_901.mp4,1,FaceShifter,c23
FaceForensics++,FaceForensics++__FaceShifter__903_792.mp4,data\raw\FaceForensics++_C23\FaceShifter\903_792.mp4,1,FaceShifter,c23
FaceForensics++,FaceForensics++__FaceShifter__904_046.mp4,data\raw\FaceForensics++_C23\FaceShifter\904_046.mp4,1,FaceShifter,c23
FaceForensics++,FaceForensics++__FaceShifter__906_847.mp4,data\raw\FaceForensics++_C23\FaceShifter\906_847.mp4,1,FaceShifter,c23
FaceForensics++,FaceForensics++__FaceShifter__907_795.mp4,data\raw\FaceForensics++_C23\FaceShifter\907_795.mp4,1,FaceShifter,c23
FaceForensics++,FaceForensics++__FaceShifter__908_207.mp4,data\raw\FaceForensics++_C23\FaceShifter\908_207.mp4,1,FaceShifter,c23
FaceForensics++,FaceForensics++__FaceShifter__909_857.mp4,data\raw\FaceForensics++_C23\FaceShifter\909_857.mp4,1,FaceShifter,c23
FaceForensics++,FaceForensics++__FaceShifter__910_911.mp4,data\raw\FaceForensics++_C23\FaceShifter\910_911.mp4,1,FaceShifter,c23
FaceForensics++,FaceForensics++__FaceShifter__911_910.mp4,data\raw\FaceForensics++_C23\FaceShifter\911_910.mp4,1,FaceShifter,c23
FaceForensics++,FaceForensics++__FaceShifter__912_927.mp4,data\raw\FaceForensics++_C23\FaceShifter\912_927.mp4,1,FaceShifter,c23
FaceForensics++,FaceForensics++__FaceShifter__913_893.mp4,data\raw\FaceForensics++_C23\FaceShifter\913_893.mp4,1,FaceShifter,c23
FaceForensics++,FaceForensics++__FaceShifter__914_899.mp4,data\raw\FaceForensics++_C23\FaceShifter\914_899.mp4,1,FaceShifter,c23
FaceForensics++,FaceForensics++__FaceShifter__915_895.mp4,data\raw\FaceForensics++_C23\FaceShifter\915_895.mp4,1,FaceShifter,c23
FaceForensics++,FaceForensics++__FaceShifter__917_924.mp4,data\raw\FaceForensics++_C23\FaceShifter\917_924.mp4,1,FaceShifter,c23
FaceForensics++,FaceForensics++__FaceShifter__918_934.mp4,data\raw\FaceForensics++_C23\FaceShifter\918_934.mp4,1,FaceShifter,c23
FaceForensics++,FaceForensics++__FaceShifter__919_015.mp4,data\raw\FaceForensics++_C23\FaceShifter\919_015.mp4,1,FaceShifter,c23
FaceForensics++,FaceForensics++__FaceShifter__920_811.mp4,data\raw\FaceForensics++_C23\FaceShifter\920_811.mp4,1,FaceShifter,c23
FaceForensics++,FaceForensics++__FaceShifter__921_569.mp4,data\raw\FaceForensics++_C23\FaceShifter\921_569.mp4,1,FaceShifter,c23
FaceForensics++,FaceForensics++__FaceShifter__922_898.mp4,data\raw\FaceForensics++_C23\FaceShifter\922_898.mp4,1,FaceShifter,c23
FaceForensics++,FaceForensics++__FaceShifter__923_023.mp4,data\raw\FaceForensics++_C23\FaceShifter\923_023.mp4,1,FaceShifter,c23
FaceForensics++,FaceForensics++__FaceShifter__924_917.mp4,data\raw\FaceForensics++_C23\FaceShifter\924_917.mp4,1,FaceShifter,c23
FaceForensics++,FaceForensics++__FaceShifter__925_933.mp4,data\raw\FaceForensics++_C23\FaceShifter\925_933.mp4,1,FaceShifter,c23
FaceForensics++,FaceForensics++__FaceShifter__926_900.mp4,data\raw\FaceForensics++_C23\FaceShifter\926_900.mp4,1,FaceShifter,c23
FaceForensics++,FaceForensics++__FaceShifter__927_912.mp4,data\raw\FaceForensics++_C23\FaceShifter\927_912.mp4,1,FaceShifter,c23
FaceForensics++,FaceForensics++__FaceShifter__928_160.mp4,data\raw\FaceForensics++_C23\FaceShifter\928_160.mp4,1,FaceShifter,c23
FaceForensics++,FaceForensics++__FaceShifter__929_962.mp4,data\raw\FaceForensics++_C23\FaceShifter\929_962.mp4,1,FaceShifter,c23
FaceForensics++,FaceForensics++__FaceShifter__931_936.mp4,data\raw\FaceForensics++_C23\FaceShifter\931_936.mp4,1,FaceShifter,c23
FaceForensics++,FaceForensics++__FaceShifter__932_384.mp4,data\raw\FaceForensics++_C23\FaceShifter\932_384.mp4,1,FaceShifter,c23
FaceForensics++,FaceForensics++__FaceShifter__933_925.mp4,data\raw\FaceForensics++_C23\FaceShifter\933_925.mp4,1,FaceShifter,c23
FaceForensics++,FaceForensics++__FaceShifter__934_918.mp4,data\raw\FaceForensics++_C23\FaceShifter\934_918.mp4,1,FaceShifter,c23
FaceForensics++,FaceForensics++__FaceShifter__936_931.mp4,data\raw\FaceForensics++_C23\FaceShifter\936_931.mp4,1,FaceShifter,c23
FaceForensics++,FaceForensics++__FaceShifter__937_888.mp4,data\raw\FaceForensics++_C23\FaceShifter\937_888.mp4,1,FaceShifter,c23
FaceForensics++,FaceForensics++__FaceShifter__939_115.mp4,data\raw\FaceForensics++_C23\FaceShifter\939_115.mp4,1,FaceShifter,c23
FaceForensics++,FaceForensics++__FaceShifter__940_941.mp4,data\raw\FaceForensics++_C23\FaceShifter\940_941.mp4,1,FaceShifter,c23
FaceForensics++,FaceForensics++__FaceShifter__941_940.mp4,data\raw\FaceForensics++_C23\FaceShifter\941_940.mp4,1,FaceShifter,c23
FaceForensics++,FaceForensics++__FaceShifter__945_044.mp4,data\raw\FaceForensics++_C23\FaceShifter\945_044.mp4,1,FaceShifter,c23
FaceForensics++,FaceForensics++__FaceShifter__946_049.mp4,data\raw\FaceForensics++_C23\FaceShifter\946_049.mp4,1,FaceShifter,c23
FaceForensics++,FaceForensics++__FaceShifter__948_965.mp4,data\raw\FaceForensics++_C23\FaceShifter\948_965.mp4,1,FaceShifter,c23
FaceForensics++,FaceForensics++__FaceShifter__949_868.mp4,data\raw\FaceForensics++_C23\FaceShifter\949_868.mp4,1,FaceShifter,c23
FaceForensics++,FaceForensics++__FaceShifter__950_836.mp4,data\raw\FaceForensics++_C23\FaceShifter\950_836.mp4,1,FaceShifter,c23
FaceForensics++,FaceForensics++__FaceShifter__951_947.mp4,data\raw\FaceForensics++_C23\FaceShifter\951_947.mp4,1,FaceShifter,c23
FaceForensics++,FaceForensics++__FaceShifter__952_882.mp4,data\raw\FaceForensics++_C23\FaceShifter\952_882.mp4,1,FaceShifter,c23
FaceForensics++,FaceForensics++__FaceShifter__953_974.mp4,data\raw\FaceForensics++_C23\FaceShifter\953_974.mp4,1,FaceShifter,c23
FaceForensics++,FaceForensics++__FaceShifter__954_976.mp4,data\raw\FaceForensics++_C23\FaceShifter\954_976.mp4,1,FaceShifter,c23
FaceForensics++,FaceForensics++__FaceShifter__956_958.mp4,data\raw\FaceForensics++_C23\FaceShifter\956_958.mp4,1,FaceShifter,c23
FaceForensics++,FaceForensics++__FaceShifter__957_959.mp4,data\raw\FaceForensics++_C23\FaceShifter\957_959.mp4,1,FaceShifter,c23
FaceForensics++,FaceForensics++__FaceShifter__958_956.mp4,data\raw\FaceForensics++_C23\FaceShifter\958_956.mp4,1,FaceShifter,c23
FaceForensics++,FaceForensics++__FaceShifter__959_957.mp4,data\raw\FaceForensics++_C23\FaceShifter\959_957.mp4,1,FaceShifter,c23
FaceForensics++,FaceForensics++__FaceShifter__960_999.mp4,data\raw\FaceForensics++_C23\FaceShifter\960_999.mp4,1,FaceShifter,c23
FaceForensics++,FaceForensics++__FaceShifter__961_069.mp4,data\raw\FaceForensics++_C23\FaceShifter\961_069.mp4,1,FaceShifter,c23
FaceForensics++,FaceForensics++__FaceShifter__963_879.mp4,data\raw\FaceForensics++_C23\FaceShifter\963_879.mp4,1,FaceShifter,c23
FaceForensics++,FaceForensics++__FaceShifter__964_174.mp4,data\raw\FaceForensics++_C23\FaceShifter\964_174.mp4,1,FaceShifter,c23
FaceForensics++,FaceForensics++__FaceShifter__966_988.mp4,data\raw\FaceForensics++_C23\FaceShifter\966_988.mp4,1,FaceShifter,c23
FaceForensics++,FaceForensics++__FaceShifter__967_984.mp4,data\raw\FaceForensics++_C23\FaceShifter\967_984.mp4,1,FaceShifter,c23
FaceForensics++,FaceForensics++__FaceShifter__968_884.mp4,data\raw\FaceForensics++_C23\FaceShifter\968_884.mp4,1,FaceShifter,c23
FaceForensics++,FaceForensics++__FaceShifter__969_897.mp4,data\raw\FaceForensics++_C23\FaceShifter\969_897.mp4,1,FaceShifter,c23
FaceForensics++,FaceForensics++__FaceShifter__970_973.mp4,data\raw\FaceForensics++_C23\FaceShifter\970_973.mp4,1,FaceShifter,c23
FaceForensics++,FaceForensics++__FaceShifter__971_564.mp4,data\raw\FaceForensics++_C23\FaceShifter\971_564.mp4,1,FaceShifter,c23
FaceForensics++,FaceForensics++__FaceShifter__973_970.mp4,data\raw\FaceForensics++_C23\FaceShifter\973_970.mp4,1,FaceShifter,c23
FaceForensics++,FaceForensics++__FaceShifter__974_953.mp4,data\raw\FaceForensics++_C23\FaceShifter\974_953.mp4,1,FaceShifter,c23
FaceForensics++,FaceForensics++__FaceShifter__975_978.mp4,data\raw\FaceForensics++_C23\FaceShifter\975_978.mp4,1,FaceShifter,c23
FaceForensics++,FaceForensics++__FaceShifter__976_954.mp4,data\raw\FaceForensics++_C23\FaceShifter\976_954.mp4,1,FaceShifter,c23
FaceForensics++,FaceForensics++__FaceShifter__977_075.mp4,data\raw\FaceForensics++_C23\FaceShifter\977_075.mp4,1,FaceShifter,c23
FaceForensics++,FaceForensics++__FaceShifter__978_975.mp4,data\raw\FaceForensics++_C23\FaceShifter\978_975.mp4,1,FaceShifter,c23
FaceForensics++,FaceForensics++__FaceShifter__979_875.mp4,data\raw\FaceForensics++_C23\FaceShifter\979_875.mp4,1,FaceShifter,c23
FaceForensics++,FaceForensics++__FaceShifter__980_992.mp4,data\raw\FaceForensics++_C23\FaceShifter\980_992.mp4,1,FaceShifter,c23
FaceForensics++,FaceForensics++__FaceShifter__981_985.mp4,data\raw\FaceForensics++_C23\FaceShifter\981_985.mp4,1,FaceShifter,c23
FaceForensics++,FaceForensics++__FaceShifter__982_004.mp4,data\raw\FaceForensics++_C23\FaceShifter\982_004.mp4,1,FaceShifter,c23
FaceForensics++,FaceForensics++__FaceShifter__983_113.mp4,data\raw\FaceForensics++_C23\FaceShifter\983_113.mp4,1,FaceShifter,c23
FaceForensics++,FaceForensics++__FaceShifter__985_981.mp4,data\raw\FaceForensics++_C23\FaceShifter\985_981.mp4,1,FaceShifter,c23
FaceForensics++,FaceForensics++__FaceShifter__986_994.mp4,data\raw\FaceForensics++_C23\FaceShifter\986_994.mp4,1,FaceShifter,c23
FaceForensics++,FaceForensics++__FaceShifter__987_938.mp4,data\raw\FaceForensics++_C23\FaceShifter\987_938.mp4,1,FaceShifter,c23
FaceForensics++,FaceForensics++__FaceShifter__988_966.mp4,data\raw\FaceForensics++_C23\FaceShifter\988_966.mp4,1,FaceShifter,c23
FaceForensics++,FaceForensics++__FaceShifter__989_993.mp4,data\raw\FaceForensics++_C23\FaceShifter\989_993.mp4,1,FaceShifter,c23
FaceForensics++,FaceForensics++__FaceShifter__990_008.mp4,data\raw\FaceForensics++_C23\FaceShifter\990_008.mp4,1,FaceShifter,c23
FaceForensics++,FaceForensics++__FaceShifter__993_989.mp4,data\raw\FaceForensics++_C23\FaceShifter\993_989.mp4,1,FaceShifter,c23
FaceForensics++,FaceForensics++__FaceShifter__994_986.mp4,data\raw\FaceForensics++_C23\FaceShifter\994_986.mp4,1,FaceShifter,c23
FaceForensics++,FaceForensics++__FaceShifter__995_233.mp4,data\raw\FaceForensics++_C23\FaceShifter\995_233.mp4,1,FaceShifter,c23
FaceForensics++,FaceForensics++__FaceShifter__996_056.mp4,data\raw\FaceForensics++_C23\FaceShifter\996_056.mp4,1,FaceShifter,c23
FaceForensics++,FaceForensics++__FaceShifter__997_040.mp4,data\raw\FaceForensics++_C23\FaceShifter\997_040.mp4,1,FaceShifter,c23
FaceForensics++,FaceForensics++__FaceShifter__998_561.mp4,data\raw\FaceForensics++_C23\FaceShifter\998_561.mp4,1,FaceShifter,c23
FaceForensics++,FaceForensics++__FaceShifter__999_960.mp4,data\raw\FaceForensics++_C23\FaceShifter\999_960.mp4,1,FaceShifter,c23
