video_path,label,video_id
data/raw/FaceForensics++_C23/Face2Face/782_787.mp4,1,782_787
data/raw/FaceForensics++_C23/FaceSwap/917_924.mp4,1,917_924
data/raw/FaceForensics++_C23/Deepfakes/221_206.mp4,1,221_206
data/raw/FaceForensics++_C23/FaceShifter/135_880.mp4,1,135_880
data/raw/FaceForensics++_C23/original/224.mp4,0,224
data/raw/FaceForensics++_C23/Face2Face/168_222.mp4,1,168_222
data/raw/FaceForensics++_C23/Deepfakes/879_963.mp4,1,879_963
data/raw/FaceForensics++_C23/Deepfakes/156_243.mp4,1,156_243
data/raw/FaceForensics++_C23/Face2Face/657_644.mp4,1,657_644
data/raw/FaceForensics++_C23/Deepfakes/323_302.mp4,1,323_302
data/raw/FaceForensics++_C23/original/302.mp4,0,302
data/raw/FaceForensics++_C23/FaceShifter/611_760.mp4,1,611_760
data/raw/FaceForensics++_C23/Deepfakes/811_920.mp4,1,811_920
data/raw/FaceForensics++_C23/Deepfakes/393_405.mp4,1,393_405
data/raw/FaceForensics++_C23/FaceSwap/593_577.mp4,1,593_577
data/raw/FaceForensics++_C23/FaceShifter/638_640.mp4,1,638_640
data/raw/FaceForensics++_C23/FaceShifter/187_234.mp4,1,187_234
data/raw/FaceForensics++_C23/original/351.mp4,0,351
data/raw/FaceForensics++_C23/Deepfakes/319_352.mp4,1,319_352
data/raw/FaceForensics++_C23/Deepfakes/167_166.mp4,1,167_166
data/raw/FaceForensics++_C23/Deepfakes/746_571.mp4,1,746_571
data/raw/FaceForensics++_C23/original/470.mp4,0,470
data/raw/FaceForensics++_C23/FaceSwap/707_705.mp4,1,707_705
data/raw/FaceForensics++_C23/FaceShifter/764_850.mp4,1,764_850
data/raw/FaceForensics++_C23/original/112.mp4,0,112
data/raw/FaceForensics++_C23/NeuralTextures/006_002.mp4,1,006_002
data/raw/FaceForensics++_C23/Face2Face/871_814.mp4,1,871_814
data/raw/FaceForensics++_C23/original/756.mp4,0,756
data/raw/FaceForensics++_C23/FaceSwap/193_030.mp4,1,193_030
data/raw/FaceForensics++_C23/FaceSwap/754_758.mp4,1,754_758
data/raw/FaceForensics++_C23/original/625.mp4,0,625
data/raw/FaceForensics++_C23/NeuralTextures/894_848.mp4,1,894_848
data/raw/FaceForensics++_C23/NeuralTextures/102_114.mp4,1,102_114
data/raw/FaceForensics++_C23/Face2Face/261_254.mp4,1,261_254
data/raw/FaceForensics++_C23/FaceShifter/338_336.mp4,1,338_336
data/raw/FaceForensics++_C23/Deepfakes/084_042.mp4,1,084_042
data/raw/FaceForensics++_C23/FaceSwap/821_812.mp4,1,821_812
data/raw/FaceForensics++_C23/FaceShifter/653_601.mp4,1,653_601
data/raw/FaceForensics++_C23/original/545.mp4,0,545
data/raw/FaceForensics++_C23/FaceShifter/746_571.mp4,1,746_571
data/raw/FaceForensics++_C23/FaceShifter/858_861.mp4,1,858_861
data/raw/FaceForensics++_C23/Deepfakes/996_056.mp4,1,996_056
data/raw/FaceForensics++_C23/Deepfakes/228_289.mp4,1,228_289
data/raw/FaceForensics++_C23/FaceSwap/264_271.mp4,1,264_271
data/raw/FaceForensics++_C23/NeuralTextures/828_830.mp4,1,828_830
data/raw/FaceForensics++_C23/FaceSwap/942_943.mp4,1,942_943
data/raw/FaceForensics++_C23/original/459.mp4,0,459
data/raw/FaceForensics++_C23/FaceSwap/832_762.mp4,1,832_762
data/raw/FaceForensics++_C23/Face2Face/652_773.mp4,1,652_773
data/raw/FaceForensics++_C23/Deepfakes/079_076.mp4,1,079_076
data/raw/FaceForensics++_C23/Deepfakes/964_174.mp4,1,964_174
data/raw/FaceForensics++_C23/Deepfakes/926_900.mp4,1,926_900
data/raw/FaceForensics++_C23/Deepfakes/794_779.mp4,1,794_779
data/raw/FaceForensics++_C23/FaceSwap/379_158.mp4,1,379_158
data/raw/FaceForensics++_C23/FaceSwap/164_216.mp4,1,164_216
data/raw/FaceForensics++_C23/NeuralTextures/657_644.mp4,1,657_644
data/raw/FaceForensics++_C23/FaceSwap/311_387.mp4,1,311_387
data/raw/FaceForensics++_C23/FaceSwap/934_918.mp4,1,934_918
data/raw/FaceForensics++_C23/Face2Face/074_825.mp4,1,074_825
data/raw/FaceForensics++_C23/NeuralTextures/840_800.mp4,1,840_800
data/raw/FaceForensics++_C23/NeuralTextures/183_253.mp4,1,183_253
data/raw/FaceForensics++_C23/FaceShifter/024_073.mp4,1,024_073
data/raw/FaceForensics++_C23/original/677.mp4,0,677
data/raw/FaceForensics++_C23/NeuralTextures/634_660.mp4,1,634_660
data/raw/FaceForensics++_C23/Face2Face/745_777.mp4,1,745_777
data/raw/FaceForensics++_C23/FaceSwap/143_140.mp4,1,143_140
data/raw/FaceForensics++_C23/FaceSwap/263_284.mp4,1,263_284
data/raw/FaceForensics++_C23/FaceSwap/121_093.mp4,1,121_093
data/raw/FaceForensics++_C23/Face2Face/451_449.mp4,1,451_449
data/raw/FaceForensics++_C23/Deepfakes/439_441.mp4,1,439_441
data/raw/FaceForensics++_C23/FaceSwap/316_369.mp4,1,316_369
data/raw/FaceForensics++_C23/NeuralTextures/543_559.mp4,1,543_559
data/raw/FaceForensics++_C23/FaceShifter/981_985.mp4,1,981_985
data/raw/FaceForensics++_C23/FaceShifter/080_061.mp4,1,080_061
data/raw/FaceForensics++_C23/NeuralTextures/020_344.mp4,1,020_344
data/raw/FaceForensics++_C23/Face2Face/454_527.mp4,1,454_527
data/raw/FaceForensics++_C23/Deepfakes/254_261.mp4,1,254_261
data/raw/FaceForensics++_C23/Deepfakes/465_482.mp4,1,465_482
data/raw/FaceForensics++_C23/FaceShifter/117_217.mp4,1,117_217
data/raw/FaceForensics++_C23/Deepfakes/506_478.mp4,1,506_478
data/raw/FaceForensics++_C23/NeuralTextures/271_264.mp4,1,271_264
data/raw/FaceForensics++_C23/NeuralTextures/288_321.mp4,1,288_321
data/raw/FaceForensics++_C23/NeuralTextures/213_083.mp4,1,213_083
data/raw/FaceForensics++_C23/Deepfakes/233_995.mp4,1,233_995
data/raw/FaceForensics++_C23/Deepfakes/553_545.mp4,1,553_545
data/raw/FaceForensics++_C23/original/314.mp4,0,314
data/raw/FaceForensics++_C23/Deepfakes/544_532.mp4,1,544_532
data/raw/FaceForensics++_C23/FaceSwap/700_813.mp4,1,700_813
data/raw/FaceForensics++_C23/FaceSwap/540_536.mp4,1,540_536
data/raw/FaceForensics++_C23/FaceShifter/788_710.mp4,1,788_710
data/raw/FaceForensics++_C23/FaceShifter/864_839.mp4,1,864_839
data/raw/FaceForensics++_C23/FaceShifter/083_213.mp4,1,083_213
data/raw/FaceForensics++_C23/original/542.mp4,0,542
data/raw/FaceForensics++_C23/Deepfakes/308_388.mp4,1,308_388
data/raw/FaceForensics++_C23/Deepfakes/710_788.mp4,1,710_788
data/raw/FaceForensics++_C23/NeuralTextures/103_082.mp4,1,103_082
data/raw/FaceForensics++_C23/Face2Face/580_524.mp4,1,580_524
data/raw/FaceForensics++_C23/Face2Face/310_196.mp4,1,310_196
data/raw/FaceForensics++_C23/Deepfakes/625_650.mp4,1,625_650
data/raw/FaceForensics++_C23/Deepfakes/023_923.mp4,1,023_923
data/raw/FaceForensics++_C23/FaceShifter/531_549.mp4,1,531_549
data/raw/FaceForensics++_C23/Face2Face/870_001.mp4,1,870_001
data/raw/FaceForensics++_C23/original/110.mp4,0,110
data/raw/FaceForensics++_C23/FaceSwap/488_399.mp4,1,488_399
data/raw/FaceForensics++_C23/Face2Face/170_186.mp4,1,170_186
data/raw/FaceForensics++_C23/NeuralTextures/745_777.mp4,1,745_777
data/raw/FaceForensics++_C23/FaceShifter/118_120.mp4,1,118_120
data/raw/FaceForensics++_C23/FaceSwap/018_019.mp4,1,018_019
data/raw/FaceForensics++_C23/Face2Face/194_235.mp4,1,194_235
data/raw/FaceForensics++_C23/FaceShifter/245_157.mp4,1,245_157
data/raw/FaceForensics++_C23/FaceShifter/873_872.mp4,1,873_872
data/raw/FaceForensics++_C23/original/639.mp4,0,639
data/raw/FaceForensics++_C23/FaceShifter/549_531.mp4,1,549_531
data/raw/FaceForensics++_C23/FaceSwap/154_386.mp4,1,154_386
data/raw/FaceForensics++_C23/Deepfakes/093_121.mp4,1,093_121
data/raw/FaceForensics++_C23/FaceShifter/077_100.mp4,1,077_100
data/raw/FaceForensics++_C23/Deepfakes/469_481.mp4,1,469_481
data/raw/FaceForensics++_C23/Deepfakes/787_782.mp4,1,787_782
data/raw/FaceForensics++_C23/Face2Face/699_734.mp4,1,699_734
data/raw/FaceForensics++_C23/Face2Face/837_890.mp4,1,837_890
data/raw/FaceForensics++_C23/FaceSwap/063_041.mp4,1,063_041
data/raw/FaceForensics++_C23/Face2Face/706_479.mp4,1,706_479
data/raw/FaceForensics++_C23/FaceSwap/967_984.mp4,1,967_984
data/raw/FaceForensics++_C23/FaceSwap/862_047.mp4,1,862_047
data/raw/FaceForensics++_C23/FaceSwap/664_668.mp4,1,664_668
data/raw/FaceForensics++_C23/original/891.mp4,0,891
data/raw/FaceForensics++_C23/FaceSwap/204_230.mp4,1,204_230
data/raw/FaceForensics++_C23/Deepfakes/604_703.mp4,1,604_703
data/raw/FaceForensics++_C23/NeuralTextures/942_943.mp4,1,942_943
data/raw/FaceForensics++_C23/Face2Face/550_452.mp4,1,550_452
data/raw/FaceForensics++_C23/NeuralTextures/708_772.mp4,1,708_772
data/raw/FaceForensics++_C23/NeuralTextures/834_852.mp4,1,834_852
data/raw/FaceForensics++_C23/FaceSwap/185_276.mp4,1,185_276
data/raw/FaceForensics++_C23/NeuralTextures/386_154.mp4,1,386_154
data/raw/FaceForensics++_C23/Face2Face/586_223.mp4,1,586_223
data/raw/FaceForensics++_C23/FaceSwap/119_123.mp4,1,119_123
data/raw/FaceForensics++_C23/FaceSwap/399_488.mp4,1,399_488
data/raw/FaceForensics++_C23/Deepfakes/401_395.mp4,1,401_395
data/raw/FaceForensics++_C23/Deepfakes/031_163.mp4,1,031_163
data/raw/FaceForensics++_C23/Face2Face/483_370.mp4,1,483_370
data/raw/FaceForensics++_C23/FaceShifter/680_486.mp4,1,680_486
data/raw/FaceForensics++_C23/Deepfakes/599_585.mp4,1,599_585
data/raw/FaceForensics++_C23/FaceSwap/149_152.mp4,1,149_152
data/raw/FaceForensics++_C23/original/544.mp4,0,544
data/raw/FaceForensics++_C23/Face2Face/860_905.mp4,1,860_905
data/raw/FaceForensics++_C23/Deepfakes/565_589.mp4,1,565_589
data/raw/FaceForensics++_C23/FaceShifter/213_083.mp4,1,213_083
data/raw/FaceForensics++_C23/Face2Face/966_988.mp4,1,966_988
data/raw/FaceForensics++_C23/Deepfakes/865_739.mp4,1,865_739
data/raw/FaceForensics++_C23/NeuralTextures/607_683.mp4,1,607_683
data/raw/FaceForensics++_C23/FaceShifter/450_533.mp4,1,450_533
data/raw/FaceForensics++_C23/original/692.mp4,0,692
data/raw/FaceForensics++_C23/Deepfakes/812_821.mp4,1,812_821
data/raw/FaceForensics++_C23/Face2Face/477_487.mp4,1,477_487
data/raw/FaceForensics++_C23/NeuralTextures/734_699.mp4,1,734_699
data/raw/FaceForensics++_C23/FaceShifter/271_264.mp4,1,271_264
data/raw/FaceForensics++_C23/Face2Face/038_125.mp4,1,038_125
data/raw/FaceForensics++_C23/NeuralTextures/526_436.mp4,1,526_436
data/raw/FaceForensics++_C23/Deepfakes/080_061.mp4,1,080_061
data/raw/FaceForensics++_C23/Face2Face/204_230.mp4,1,204_230
data/raw/FaceForensics++_C23/FaceSwap/285_136.mp4,1,285_136
data/raw/FaceForensics++_C23/Face2Face/545_553.mp4,1,545_553
data/raw/FaceForensics++_C23/Deepfakes/177_211.mp4,1,177_211
data/raw/FaceForensics++_C23/FaceShifter/585_599.mp4,1,585_599
data/raw/FaceForensics++_C23/original/992.mp4,0,992
data/raw/FaceForensics++_C23/NeuralTextures/863_853.mp4,1,863_853
data/raw/FaceForensics++_C23/Face2Face/438_434.mp4,1,438_434
data/raw/FaceForensics++_C23/Deepfakes/296_293.mp4,1,296_293
data/raw/FaceForensics++_C23/FaceSwap/615_687.mp4,1,615_687
data/raw/FaceForensics++_C23/FaceSwap/647_622.mp4,1,647_622
data/raw/FaceForensics++_C23/Deepfakes/157_245.mp4,1,157_245
data/raw/FaceForensics++_C23/Face2Face/027_009.mp4,1,027_009
data/raw/FaceForensics++_C23/Deepfakes/410_411.mp4,1,410_411
data/raw/FaceForensics++_C23/FaceSwap/958_956.mp4,1,958_956
data/raw/FaceForensics++_C23/original/937.mp4,0,937
data/raw/FaceForensics++_C23/NeuralTextures/956_958.mp4,1,956_958
data/raw/FaceForensics++_C23/NeuralTextures/756_503.mp4,1,756_503
data/raw/FaceForensics++_C23/original/447.mp4,0,447
data/raw/FaceForensics++_C23/FaceShifter/181_199.mp4,1,181_199
data/raw/FaceForensics++_C23/original/808.mp4,0,808
data/raw/FaceForensics++_C23/Deepfakes/810_838.mp4,1,810_838
data/raw/FaceForensics++_C23/NeuralTextures/915_895.mp4,1,915_895
data/raw/FaceForensics++_C23/NeuralTextures/953_974.mp4,1,953_974
data/raw/FaceForensics++_C23/FaceSwap/733_935.mp4,1,733_935
data/raw/FaceForensics++_C23/original/163.mp4,0,163
data/raw/FaceForensics++_C23/FaceShifter/977_075.mp4,1,977_075
data/raw/FaceForensics++_C23/FaceSwap/795_907.mp4,1,795_907
data/raw/FaceForensics++_C23/FaceShifter/168_222.mp4,1,168_222
data/raw/FaceForensics++_C23/FaceSwap/077_100.mp4,1,077_100
data/raw/FaceForensics++_C23/Face2Face/694_767.mp4,1,694_767
data/raw/FaceForensics++_C23/Face2Face/024_073.mp4,1,024_073
data/raw/FaceForensics++_C23/FaceSwap/946_049.mp4,1,946_049
data/raw/FaceForensics++_C23/FaceShifter/124_085.mp4,1,124_085
data/raw/FaceForensics++_C23/original/294.mp4,0,294
data/raw/FaceForensics++_C23/FaceShifter/704_723.mp4,1,704_723
data/raw/FaceForensics++_C23/Face2Face/033_097.mp4,1,033_097
data/raw/FaceForensics++_C23/original/871.mp4,0,871
data/raw/FaceForensics++_C23/original/364.mp4,0,364
data/raw/FaceForensics++_C23/NeuralTextures/159_175.mp4,1,159_175
data/raw/FaceForensics++_C23/Face2Face/700_813.mp4,1,700_813
data/raw/FaceForensics++_C23/FaceShifter/913_893.mp4,1,913_893
data/raw/FaceForensics++_C23/NeuralTextures/878_866.mp4,1,878_866
data/raw/FaceForensics++_C23/FaceSwap/320_328.mp4,1,320_328
data/raw/FaceForensics++_C23/original/026.mp4,0,026
data/raw/FaceForensics++_C23/FaceShifter/582_172.mp4,1,582_172
data/raw/FaceForensics++_C23/original/283.mp4,0,283
data/raw/FaceForensics++_C23/NeuralTextures/250_461.mp4,1,250_461
data/raw/FaceForensics++_C23/Face2Face/186_170.mp4,1,186_170
data/raw/FaceForensics++_C23/FaceSwap/737_719.mp4,1,737_719
data/raw/FaceForensics++_C23/Deepfakes/783_916.mp4,1,783_916
data/raw/FaceForensics++_C23/NeuralTextures/402_453.mp4,1,402_453
data/raw/FaceForensics++_C23/Deepfakes/050_059.mp4,1,050_059
data/raw/FaceForensics++_C23/Deepfakes/712_716.mp4,1,712_716
data/raw/FaceForensics++_C23/FaceShifter/306_278.mp4,1,306_278
data/raw/FaceForensics++_C23/FaceSwap/867_765.mp4,1,867_765
data/raw/FaceForensics++_C23/FaceShifter/446_667.mp4,1,446_667
data/raw/FaceForensics++_C23/FaceShifter/240_290.mp4,1,240_290
data/raw/FaceForensics++_C23/NeuralTextures/603_575.mp4,1,603_575
data/raw/FaceForensics++_C23/NeuralTextures/790_014.mp4,1,790_014
data/raw/FaceForensics++_C23/FaceSwap/103_082.mp4,1,103_082
data/raw/FaceForensics++_C23/original/566.mp4,0,566
data/raw/FaceForensics++_C23/Deepfakes/676_776.mp4,1,676_776
data/raw/FaceForensics++_C23/original/556.mp4,0,556
data/raw/FaceForensics++_C23/FaceSwap/639_841.mp4,1,639_841
data/raw/FaceForensics++_C23/FaceShifter/694_767.mp4,1,694_767
data/raw/FaceForensics++_C23/FaceShifter/995_233.mp4,1,995_233
data/raw/FaceForensics++_C23/Face2Face/562_626.mp4,1,562_626
data/raw/FaceForensics++_C23/FaceSwap/649_816.mp4,1,649_816
data/raw/FaceForensics++_C23/FaceShifter/465_482.mp4,1,465_482
data/raw/FaceForensics++_C23/Deepfakes/346_351.mp4,1,346_351
data/raw/FaceForensics++_C23/Face2Face/496_417.mp4,1,496_417
data/raw/FaceForensics++_C23/FaceShifter/344_020.mp4,1,344_020
data/raw/FaceForensics++_C23/FaceSwap/905_860.mp4,1,905_860
data/raw/FaceForensics++_C23/FaceSwap/658_627.mp4,1,658_627
data/raw/FaceForensics++_C23/Deepfakes/622_647.mp4,1,622_647
data/raw/FaceForensics++_C23/NeuralTextures/096_101.mp4,1,096_101
data/raw/FaceForensics++_C23/Face2Face/400_476.mp4,1,400_476
data/raw/FaceForensics++_C23/FaceSwap/297_270.mp4,1,297_270
data/raw/FaceForensics++_C23/FaceSwap/985_981.mp4,1,985_981
data/raw/FaceForensics++_C23/original/181.mp4,0,181
data/raw/FaceForensics++_C23/NeuralTextures/617_566.mp4,1,617_566
data/raw/FaceForensics++_C23/Deepfakes/324_356.mp4,1,324_356
data/raw/FaceForensics++_C23/FaceShifter/997_040.mp4,1,997_040
data/raw/FaceForensics++_C23/Deepfakes/037_072.mp4,1,037_072
data/raw/FaceForensics++_C23/original/374.mp4,0,374
data/raw/FaceForensics++_C23/NeuralTextures/184_205.mp4,1,184_205
data/raw/FaceForensics++_C23/Deepfakes/530_594.mp4,1,530_594
data/raw/FaceForensics++_C23/FaceShifter/642_635.mp4,1,642_635
data/raw/FaceForensics++_C23/FaceSwap/680_486.mp4,1,680_486
data/raw/FaceForensics++_C23/FaceShifter/348_202.mp4,1,348_202
data/raw/FaceForensics++_C23/FaceShifter/784_769.mp4,1,784_769
data/raw/FaceForensics++_C23/original/492.mp4,0,492
data/raw/FaceForensics++_C23/FaceShifter/225_151.mp4,1,225_151
data/raw/FaceForensics++_C23/Face2Face/073_024.mp4,1,073_024
data/raw/FaceForensics++_C23/Face2Face/197_224.mp4,1,197_224
data/raw/FaceForensics++_C23/original/138.mp4,0,138
data/raw/FaceForensics++_C23/Deepfakes/263_284.mp4,1,263_284
data/raw/FaceForensics++_C23/Face2Face/729_727.mp4,1,729_727
data/raw/FaceForensics++_C23/original/328.mp4,0,328
data/raw/FaceForensics++_C23/Deepfakes/907_795.mp4,1,907_795
data/raw/FaceForensics++_C23/Face2Face/335_277.mp4,1,335_277
data/raw/FaceForensics++_C23/Face2Face/393_405.mp4,1,393_405
data/raw/FaceForensics++_C23/Deepfakes/960_999.mp4,1,960_999
data/raw/FaceForensics++_C23/Deepfakes/239_218.mp4,1,239_218
data/raw/FaceForensics++_C23/Deepfakes/199_181.mp4,1,199_181
data/raw/FaceForensics++_C23/FaceShifter/417_496.mp4,1,417_496
data/raw/FaceForensics++_C23/original/469.mp4,0,469
data/raw/FaceForensics++_C23/NeuralTextures/310_196.mp4,1,310_196
data/raw/FaceForensics++_C23/NeuralTextures/714_842.mp4,1,714_842
data/raw/FaceForensics++_C23/original/790.mp4,0,790
data/raw/FaceForensics++_C23/Deepfakes/325_492.mp4,1,325_492
data/raw/FaceForensics++_C23/FaceShifter/677_671.mp4,1,677_671
data/raw/FaceForensics++_C23/original/823.mp4,0,823
data/raw/FaceForensics++_C23/NeuralTextures/418_507.mp4,1,418_507
data/raw/FaceForensics++_C23/Deepfakes/101_096.mp4,1,101_096
data/raw/FaceForensics++_C23/Face2Face/737_719.mp4,1,737_719
data/raw/FaceForensics++_C23/original/261.mp4,0,261
data/raw/FaceForensics++_C23/Deepfakes/877_886.mp4,1,877_886
data/raw/FaceForensics++_C23/original/892.mp4,0,892
data/raw/FaceForensics++_C23/Deepfakes/408_424.mp4,1,408_424
data/raw/FaceForensics++_C23/FaceSwap/745_777.mp4,1,745_777
data/raw/FaceForensics++_C23/Face2Face/244_822.mp4,1,244_822
data/raw/FaceForensics++_C23/FaceShifter/287_426.mp4,1,287_426
data/raw/FaceForensics++_C23/Face2Face/354_362.mp4,1,354_362
data/raw/FaceForensics++_C23/FaceShifter/857_909.mp4,1,857_909
data/raw/FaceForensics++_C23/Deepfakes/893_913.mp4,1,893_913
data/raw/FaceForensics++_C23/Face2Face/181_199.mp4,1,181_199
data/raw/FaceForensics++_C23/NeuralTextures/655_444.mp4,1,655_444
data/raw/FaceForensics++_C23/original/322.mp4,0,322
data/raw/FaceForensics++_C23/FaceSwap/698_693.mp4,1,698_693
data/raw/FaceForensics++_C23/NeuralTextures/466_428.mp4,1,466_428
data/raw/FaceForensics++_C23/NeuralTextures/325_492.mp4,1,325_492
data/raw/FaceForensics++_C23/Deepfakes/730_815.mp4,1,730_815
data/raw/FaceForensics++_C23/Face2Face/032_944.mp4,1,032_944
data/raw/FaceForensics++_C23/FaceSwap/066_062.mp4,1,066_062
data/raw/FaceForensics++_C23/original/658.mp4,0,658
data/raw/FaceForensics++_C23/NeuralTextures/896_128.mp4,1,896_128
data/raw/FaceForensics++_C23/Deepfakes/977_075.mp4,1,977_075
data/raw/FaceForensics++_C23/NeuralTextures/969_897.mp4,1,969_897
data/raw/FaceForensics++_C23/FaceShifter/622_647.mp4,1,622_647
data/raw/FaceForensics++_C23/Face2Face/225_151.mp4,1,225_151
data/raw/FaceForensics++_C23/Face2Face/209_016.mp4,1,209_016
data/raw/FaceForensics++_C23/original/480.mp4,0,480
data/raw/FaceForensics++_C23/Deepfakes/586_223.mp4,1,586_223
data/raw/FaceForensics++_C23/original/454.mp4,0,454
data/raw/FaceForensics++_C23/FaceShifter/820_818.mp4,1,820_818
data/raw/FaceForensics++_C23/original/755.mp4,0,755
data/raw/FaceForensics++_C23/FaceShifter/718_972.mp4,1,718_972
data/raw/FaceForensics++_C23/original/624.mp4,0,624
data/raw/FaceForensics++_C23/Face2Face/760_611.mp4,1,760_611
data/raw/FaceForensics++_C23/FaceSwap/049_946.mp4,1,049_946
data/raw/FaceForensics++_C23/Face2Face/869_780.mp4,1,869_780
data/raw/FaceForensics++_C23/Face2Face/544_532.mp4,1,544_532
data/raw/FaceForensics++_C23/Deepfakes/472_511.mp4,1,472_511
data/raw/FaceForensics++_C23/original/239.mp4,0,239
data/raw/FaceForensics++_C23/Face2Face/158_379.mp4,1,158_379
data/raw/FaceForensics++_C23/Deepfakes/132_007.mp4,1,132_007
data/raw/FaceForensics++_C23/Face2Face/536_540.mp4,1,536_540
data/raw/FaceForensics++_C23/FaceShifter/488_399.mp4,1,488_399
data/raw/FaceForensics++_C23/Face2Face/632_548.mp4,1,632_548
data/raw/FaceForensics++_C23/Face2Face/321_288.mp4,1,321_288
data/raw/FaceForensics++_C23/original/427.mp4,0,427
data/raw/FaceForensics++_C23/Face2Face/188_191.mp4,1,188_191
data/raw/FaceForensics++_C23/NeuralTextures/378_368.mp4,1,378_368
data/raw/FaceForensics++_C23/FaceSwap/971_564.mp4,1,971_564
data/raw/FaceForensics++_C23/NeuralTextures/816_649.mp4,1,816_649
data/raw/FaceForensics++_C23/Deepfakes/681_711.mp4,1,681_711
data/raw/FaceForensics++_C23/Face2Face/777_745.mp4,1,777_745
data/raw/FaceForensics++_C23/NeuralTextures/405_393.mp4,1,405_393
data/raw/FaceForensics++_C23/NeuralTextures/600_505.mp4,1,600_505
data/raw/FaceForensics++_C23/NeuralTextures/562_626.mp4,1,562_626
data/raw/FaceForensics++_C23/FaceShifter/902_901.mp4,1,902_901
data/raw/FaceForensics++_C23/original/686.mp4,0,686
data/raw/FaceForensics++_C23/FaceSwap/551_631.mp4,1,551_631
data/raw/FaceForensics++_C23/original/642.mp4,0,642
data/raw/FaceForensics++_C23/Face2Face/374_407.mp4,1,374_407
data/raw/FaceForensics++_C23/Face2Face/945_044.mp4,1,945_044
data/raw/FaceForensics++_C23/Deepfakes/168_222.mp4,1,168_222
data/raw/FaceForensics++_C23/NeuralTextures/071_054.mp4,1,071_054
data/raw/FaceForensics++_C23/NeuralTextures/747_854.mp4,1,747_854
data/raw/FaceForensics++_C23/Deepfakes/501_326.mp4,1,501_326
data/raw/FaceForensics++_C23/Face2Face/803_017.mp4,1,803_017
data/raw/FaceForensics++_C23/Deepfakes/881_856.mp4,1,881_856
data/raw/FaceForensics++_C23/Deepfakes/706_479.mp4,1,706_479
data/raw/FaceForensics++_C23/FaceSwap/366_473.mp4,1,366_473
data/raw/FaceForensics++_C23/FaceShifter/323_302.mp4,1,323_302
data/raw/FaceForensics++_C23/FaceShifter/893_913.mp4,1,893_913
data/raw/FaceForensics++_C23/FaceSwap/816_649.mp4,1,816_649
data/raw/FaceForensics++_C23/FaceShifter/559_543.mp4,1,559_543
data/raw/FaceForensics++_C23/Deepfakes/230_204.mp4,1,230_204
data/raw/FaceForensics++_C23/original/091.mp4,0,091
data/raw/FaceForensics++_C23/Face2Face/554_572.mp4,1,554_572
data/raw/FaceForensics++_C23/NeuralTextures/239_218.mp4,1,239_218
data/raw/FaceForensics++_C23/original/094.mp4,0,094
data/raw/FaceForensics++_C23/NeuralTextures/786_819.mp4,1,786_819
data/raw/FaceForensics++_C23/FaceSwap/601_653.mp4,1,601_653
data/raw/FaceForensics++_C23/original/217.mp4,0,217
data/raw/FaceForensics++_C23/original/075.mp4,0,075
data/raw/FaceForensics++_C23/Deepfakes/017_803.mp4,1,017_803
data/raw/FaceForensics++_C23/original/175.mp4,0,175
data/raw/FaceForensics++_C23/FaceShifter/868_949.mp4,1,868_949
data/raw/FaceForensics++_C23/Face2Face/654_648.mp4,1,654_648
data/raw/FaceForensics++_C23/Face2Face/129_127.mp4,1,129_127
data/raw/FaceForensics++_C23/FaceShifter/329_327.mp4,1,329_327
data/raw/FaceForensics++_C23/Face2Face/090_086.mp4,1,090_086
data/raw/FaceForensics++_C23/original/603.mp4,0,603
data/raw/FaceForensics++_C23/NeuralTextures/458_722.mp4,1,458_722
data/raw/FaceForensics++_C23/Face2Face/498_433.mp4,1,498_433
data/raw/FaceForensics++_C23/FaceSwap/033_097.mp4,1,033_097
data/raw/FaceForensics++_C23/Face2Face/881_856.mp4,1,881_856
data/raw/FaceForensics++_C23/FaceShifter/662_641.mp4,1,662_641
data/raw/FaceForensics++_C23/original/113.mp4,0,113
data/raw/FaceForensics++_C23/FaceSwap/413_372.mp4,1,413_372
data/raw/FaceForensics++_C23/Deepfakes/696_686.mp4,1,696_686
data/raw/FaceForensics++_C23/NeuralTextures/423_421.mp4,1,423_421
data/raw/FaceForensics++_C23/FaceSwap/484_415.mp4,1,484_415
data/raw/FaceForensics++_C23/Deepfakes/535_587.mp4,1,535_587
data/raw/FaceForensics++_C23/FaceShifter/627_658.mp4,1,627_658
data/raw/FaceForensics++_C23/FaceSwap/163_031.mp4,1,163_031
data/raw/FaceForensics++_C23/FaceSwap/492_325.mp4,1,492_325
data/raw/FaceForensics++_C23/FaceSwap/653_601.mp4,1,653_601
data/raw/FaceForensics++_C23/FaceShifter/594_530.mp4,1,594_530
data/raw/FaceForensics++_C23/original/717.mp4,0,717
data/raw/FaceForensics++_C23/original/510.mp4,0,510
data/raw/FaceForensics++_C23/Face2Face/047_862.mp4,1,047_862
data/raw/FaceForensics++_C23/original/684.mp4,0,684
data/raw/FaceForensics++_C23/original/018.mp4,0,018
data/raw/FaceForensics++_C23/Deepfakes/014_790.mp4,1,014_790
data/raw/FaceForensics++_C23/FaceSwap/742_775.mp4,1,742_775
data/raw/FaceForensics++_C23/NeuralTextures/307_365.mp4,1,307_365
data/raw/FaceForensics++_C23/original/873.mp4,0,873
data/raw/FaceForensics++_C23/FaceShifter/347_314.mp4,1,347_314
data/raw/FaceForensics++_C23/original/690.mp4,0,690
data/raw/FaceForensics++_C23/Face2Face/564_971.mp4,1,564_971
data/raw/FaceForensics++_C23/original/619.mp4,0,619
data/raw/FaceForensics++_C23/Face2Face/864_839.mp4,1,864_839
data/raw/FaceForensics++_C23/FaceSwap/094_111.mp4,1,094_111
data/raw/FaceForensics++_C23/Deepfakes/065_089.mp4,1,065_089
data/raw/FaceForensics++_C23/FaceSwap/403_497.mp4,1,403_497
data/raw/FaceForensics++_C23/original/409.mp4,0,409
data/raw/FaceForensics++_C23/original/854.mp4,0,854
data/raw/FaceForensics++_C23/FaceShifter/410_411.mp4,1,410_411
data/raw/FaceForensics++_C23/original/769.mp4,0,769
data/raw/FaceForensics++_C23/FaceShifter/841_639.mp4,1,841_639
data/raw/FaceForensics++_C23/FaceShifter/008_990.mp4,1,008_990
data/raw/FaceForensics++_C23/Face2Face/272_396.mp4,1,272_396
data/raw/FaceForensics++_C23/NeuralTextures/945_044.mp4,1,945_044
data/raw/FaceForensics++_C23/Face2Face/894_848.mp4,1,894_848
data/raw/FaceForensics++_C23/NeuralTextures/317_359.mp4,1,317_359
data/raw/FaceForensics++_C23/Face2Face/971_564.mp4,1,971_564
data/raw/FaceForensics++_C23/NeuralTextures/095_053.mp4,1,095_053
data/raw/FaceForensics++_C23/Deepfakes/088_060.mp4,1,088_060
data/raw/FaceForensics++_C23/FaceSwap/090_086.mp4,1,090_086
data/raw/FaceForensics++_C23/NeuralTextures/883_013.mp4,1,883_013
data/raw/FaceForensics++_C23/Face2Face/499_539.mp4,1,499_539
data/raw/FaceForensics++_C23/FaceShifter/899_914.mp4,1,899_914
data/raw/FaceForensics++_C23/Face2Face/407_374.mp4,1,407_374
data/raw/FaceForensics++_C23/FaceSwap/459_430.mp4,1,459_430
data/raw/FaceForensics++_C23/FaceSwap/670_661.mp4,1,670_661
data/raw/FaceForensics++_C23/NeuralTextures/698_693.mp4,1,698_693
data/raw/FaceForensics++_C23/original/777.mp4,0,777
data/raw/FaceForensics++_C23/NeuralTextures/503_756.mp4,1,503_756
data/raw/FaceForensics++_C23/Deepfakes/763_930.mp4,1,763_930
data/raw/FaceForensics++_C23/Face2Face/662_641.mp4,1,662_641
data/raw/FaceForensics++_C23/Deepfakes/420_257.mp4,1,420_257
data/raw/FaceForensics++_C23/FaceSwap/014_790.mp4,1,014_790
data/raw/FaceForensics++_C23/FaceShifter/584_823.mp4,1,584_823
data/raw/FaceForensics++_C23/Deepfakes/373_394.mp4,1,373_394
data/raw/FaceForensics++_C23/original/031.mp4,0,031
data/raw/FaceForensics++_C23/NeuralTextures/534_490.mp4,1,534_490
data/raw/FaceForensics++_C23/FaceShifter/373_394.mp4,1,373_394
data/raw/FaceForensics++_C23/FaceShifter/767_694.mp4,1,767_694
data/raw/FaceForensics++_C23/FaceSwap/361_448.mp4,1,361_448
data/raw/FaceForensics++_C23/Face2Face/832_762.mp4,1,832_762
data/raw/FaceForensics++_C23/Face2Face/620_619.mp4,1,620_619
data/raw/FaceForensics++_C23/FaceSwap/275_887.mp4,1,275_887
data/raw/FaceForensics++_C23/Deepfakes/538_493.mp4,1,538_493
data/raw/FaceForensics++_C23/FaceSwap/550_452.mp4,1,550_452
data/raw/FaceForensics++_C23/Deepfakes/755_759.mp4,1,755_759
data/raw/FaceForensics++_C23/FaceSwap/606_567.mp4,1,606_567
data/raw/FaceForensics++_C23/Deepfakes/534_490.mp4,1,534_490
data/raw/FaceForensics++_C23/Face2Face/448_361.mp4,1,448_361
data/raw/FaceForensics++_C23/Deepfakes/915_895.mp4,1,915_895
data/raw/FaceForensics++_C23/FaceSwap/127_129.mp4,1,127_129
data/raw/FaceForensics++_C23/NeuralTextures/939_115.mp4,1,939_115
data/raw/FaceForensics++_C23/original/417.mp4,0,417
data/raw/FaceForensics++_C23/Deepfakes/181_199.mp4,1,181_199
data/raw/FaceForensics++_C23/Face2Face/769_784.mp4,1,769_784
data/raw/FaceForensics++_C23/NeuralTextures/609_596.mp4,1,609_596
data/raw/FaceForensics++_C23/FaceShifter/829_808.mp4,1,829_808
data/raw/FaceForensics++_C23/FaceSwap/313_283.mp4,1,313_283
data/raw/FaceForensics++_C23/original/457.mp4,0,457
data/raw/FaceForensics++_C23/Face2Face/192_134.mp4,1,192_134
data/raw/FaceForensics++_C23/NeuralTextures/081_087.mp4,1,081_087
data/raw/FaceForensics++_C23/FaceShifter/127_129.mp4,1,127_129
data/raw/FaceForensics++_C23/original/395.mp4,0,395
data/raw/FaceForensics++_C23/Deepfakes/476_400.mp4,1,476_400
data/raw/FaceForensics++_C23/NeuralTextures/920_811.mp4,1,920_811
data/raw/FaceForensics++_C23/Face2Face/323_302.mp4,1,323_302
data/raw/FaceForensics++_C23/Deepfakes/259_345.mp4,1,259_345
data/raw/FaceForensics++_C23/Deepfakes/279_298.mp4,1,279_298
data/raw/FaceForensics++_C23/Deepfakes/561_998.mp4,1,561_998
data/raw/FaceForensics++_C23/NeuralTextures/284_263.mp4,1,284_263
data/raw/FaceForensics++_C23/Deepfakes/198_106.mp4,1,198_106
data/raw/FaceForensics++_C23/FaceSwap/929_962.mp4,1,929_962
data/raw/FaceForensics++_C23/NeuralTextures/377_333.mp4,1,377_333
data/raw/FaceForensics++_C23/FaceShifter/275_887.mp4,1,275_887
data/raw/FaceForensics++_C23/Face2Face/740_796.mp4,1,740_796
data/raw/FaceForensics++_C23/Face2Face/891_876.mp4,1,891_876
data/raw/FaceForensics++_C23/Face2Face/859_843.mp4,1,859_843
data/raw/FaceForensics++_C23/NeuralTextures/614_616.mp4,1,614_616
data/raw/FaceForensics++_C23/original/903.mp4,0,903
data/raw/FaceForensics++_C23/FaceSwap/026_012.mp4,1,026_012
data/raw/FaceForensics++_C23/Face2Face/383_353.mp4,1,383_353
data/raw/FaceForensics++_C23/FaceShifter/091_116.mp4,1,091_116
data/raw/FaceForensics++_C23/FaceSwap/076_079.mp4,1,076_079
data/raw/FaceForensics++_C23/NeuralTextures/333_377.mp4,1,333_377
data/raw/FaceForensics++_C23/FaceSwap/198_106.mp4,1,198_106
data/raw/FaceForensics++_C23/Face2Face/599_585.mp4,1,599_585
data/raw/FaceForensics++_C23/FaceShifter/574_547.mp4,1,574_547
data/raw/FaceForensics++_C23/Face2Face/726_713.mp4,1,726_713
data/raw/FaceForensics++_C23/FaceSwap/237_236.mp4,1,237_236
data/raw/FaceForensics++_C23/original/246.mp4,0,246
data/raw/FaceForensics++_C23/original/693.mp4,0,693
data/raw/FaceForensics++_C23/NeuralTextures/666_656.mp4,1,666_656
data/raw/FaceForensics++_C23/NeuralTextures/792_903.mp4,1,792_903
data/raw/FaceForensics++_C23/Face2Face/223_586.mp4,1,223_586
data/raw/FaceForensics++_C23/Face2Face/297_270.mp4,1,297_270
data/raw/FaceForensics++_C23/FaceShifter/775_742.mp4,1,775_742
data/raw/FaceForensics++_C23/Deepfakes/015_919.mp4,1,015_919
data/raw/FaceForensics++_C23/original/425.mp4,0,425
data/raw/FaceForensics++_C23/Deepfakes/351_346.mp4,1,351_346
data/raw/FaceForensics++_C23/original/404.mp4,0,404
data/raw/FaceForensics++_C23/Face2Face/362_354.mp4,1,362_354
data/raw/FaceForensics++_C23/FaceShifter/170_186.mp4,1,170_186
data/raw/FaceForensics++_C23/FaceShifter/031_163.mp4,1,031_163
data/raw/FaceForensics++_C23/FaceSwap/813_700.mp4,1,813_700
data/raw/FaceForensics++_C23/Face2Face/022_489.mp4,1,022_489
data/raw/FaceForensics++_C23/Deepfakes/371_367.mp4,1,371_367
data/raw/FaceForensics++_C23/FaceShifter/244_822.mp4,1,244_822
data/raw/FaceForensics++_C23/FaceShifter/313_283.mp4,1,313_283
data/raw/FaceForensics++_C23/original/860.mp4,0,860
data/raw/FaceForensics++_C23/FaceSwap/796_740.mp4,1,796_740
data/raw/FaceForensics++_C23/FaceSwap/799_809.mp4,1,799_809
data/raw/FaceForensics++_C23/original/804.mp4,0,804
data/raw/FaceForensics++_C23/Deepfakes/742_775.mp4,1,742_775
data/raw/FaceForensics++_C23/Face2Face/268_269.mp4,1,268_269
data/raw/FaceForensics++_C23/FaceShifter/600_505.mp4,1,600_505
data/raw/FaceForensics++_C23/Face2Face/617_566.mp4,1,617_566
data/raw/FaceForensics++_C23/Deepfakes/805_011.mp4,1,805_011
data/raw/FaceForensics++_C23/NeuralTextures/796_740.mp4,1,796_740
data/raw/FaceForensics++_C23/Deepfakes/683_607.mp4,1,683_607
data/raw/FaceForensics++_C23/NeuralTextures/983_113.mp4,1,983_113
data/raw/FaceForensics++_C23/FaceSwap/559_543.mp4,1,559_543
data/raw/FaceForensics++_C23/FaceSwap/852_834.mp4,1,852_834
data/raw/FaceForensics++_C23/FaceSwap/805_011.mp4,1,805_011
data/raw/FaceForensics++_C23/original/563.mp4,0,563
data/raw/FaceForensics++_C23/NeuralTextures/706_479.mp4,1,706_479
data/raw/FaceForensics++_C23/NeuralTextures/369_316.mp4,1,369_316
data/raw/FaceForensics++_C23/original/012.mp4,0,012
data/raw/FaceForensics++_C23/FaceSwap/856_881.mp4,1,856_881
data/raw/FaceForensics++_C23/FaceSwap/859_843.mp4,1,859_843
data/raw/FaceForensics++_C23/Deepfakes/008_990.mp4,1,008_990
data/raw/FaceForensics++_C23/Face2Face/862_047.mp4,1,862_047
data/raw/FaceForensics++_C23/FaceShifter/819_786.mp4,1,819_786
data/raw/FaceForensics++_C23/Face2Face/351_346.mp4,1,351_346
data/raw/FaceForensics++_C23/Deepfakes/576_155.mp4,1,576_155
data/raw/FaceForensics++_C23/Deepfakes/626_562.mp4,1,626_562
data/raw/FaceForensics++_C23/FaceSwap/618_629.mp4,1,618_629
data/raw/FaceForensics++_C23/original/531.mp4,0,531
data/raw/FaceForensics++_C23/Deepfakes/426_287.mp4,1,426_287
data/raw/FaceForensics++_C23/Deepfakes/033_097.mp4,1,033_097
data/raw/FaceForensics++_C23/Face2Face/046_904.mp4,1,046_904
data/raw/FaceForensics++_C23/Deepfakes/044_945.mp4,1,044_945
data/raw/FaceForensics++_C23/FaceSwap/339_392.mp4,1,339_392
data/raw/FaceForensics++_C23/Face2Face/044_945.mp4,1,044_945
data/raw/FaceForensics++_C23/Face2Face/101_096.mp4,1,101_096
data/raw/FaceForensics++_C23/Face2Face/049_946.mp4,1,049_946
data/raw/FaceForensics++_C23/Face2Face/883_013.mp4,1,883_013
data/raw/FaceForensics++_C23/NeuralTextures/471_455.mp4,1,471_455
data/raw/FaceForensics++_C23/NeuralTextures/633_529.mp4,1,633_529
data/raw/FaceForensics++_C23/Face2Face/743_750.mp4,1,743_750
data/raw/FaceForensics++_C23/FaceShifter/577_593.mp4,1,577_593
data/raw/FaceForensics++_C23/Deepfakes/063_041.mp4,1,063_041
data/raw/FaceForensics++_C23/NeuralTextures/353_383.mp4,1,353_383
data/raw/FaceForensics++_C23/FaceSwap/070_057.mp4,1,070_057
data/raw/FaceForensics++_C23/original/329.mp4,0,329
data/raw/FaceForensics++_C23/FaceShifter/617_566.mp4,1,617_566
data/raw/FaceForensics++_C23/Face2Face/119_123.mp4,1,119_123
data/raw/FaceForensics++_C23/FaceShifter/499_539.mp4,1,499_539
data/raw/FaceForensics++_C23/FaceSwap/392_339.mp4,1,392_339
data/raw/FaceForensics++_C23/Deepfakes/705_707.mp4,1,705_707
data/raw/FaceForensics++_C23/NeuralTextures/986_994.mp4,1,986_994
data/raw/FaceForensics++_C23/NeuralTextures/962_929.mp4,1,962_929
data/raw/FaceForensics++_C23/FaceSwap/268_269.mp4,1,268_269
data/raw/FaceForensics++_C23/NeuralTextures/010_005.mp4,1,010_005
data/raw/FaceForensics++_C23/Face2Face/612_702.mp4,1,612_702
data/raw/FaceForensics++_C23/NeuralTextures/222_168.mp4,1,222_168
data/raw/FaceForensics++_C23/Face2Face/973_970.mp4,1,973_970
data/raw/FaceForensics++_C23/NeuralTextures/815_730.mp4,1,815_730
data/raw/FaceForensics++_C23/original/559.mp4,0,559
data/raw/FaceForensics++_C23/FaceSwap/932_384.mp4,1,932_384
data/raw/FaceForensics++_C23/Face2Face/315_322.mp4,1,315_322
data/raw/FaceForensics++_C23/original/687.mp4,0,687
data/raw/FaceForensics++_C23/original/694.mp4,0,694
data/raw/FaceForensics++_C23/FaceShifter/798_778.mp4,1,798_778
data/raw/FaceForensics++_C23/original/782.mp4,0,782
data/raw/FaceForensics++_C23/FaceSwap/836_950.mp4,1,836_950
data/raw/FaceForensics++_C23/NeuralTextures/762_832.mp4,1,762_832
data/raw/FaceForensics++_C23/Deepfakes/747_854.mp4,1,747_854
data/raw/FaceForensics++_C23/NeuralTextures/241_210.mp4,1,241_210
data/raw/FaceForensics++_C23/Deepfakes/473_366.mp4,1,473_366
data/raw/FaceForensics++_C23/FaceSwap/443_514.mp4,1,443_514
data/raw/FaceForensics++_C23/original/673.mp4,0,673
data/raw/FaceForensics++_C23/Deepfakes/297_270.mp4,1,297_270
data/raw/FaceForensics++_C23/Deepfakes/303_309.mp4,1,303_309
data/raw/FaceForensics++_C23/FaceShifter/476_400.mp4,1,476_400
data/raw/FaceForensics++_C23/FaceShifter/377_333.mp4,1,377_333
data/raw/FaceForensics++_C23/FaceSwap/534_490.mp4,1,534_490
data/raw/FaceForensics++_C23/FaceSwap/309_303.mp4,1,309_303
data/raw/FaceForensics++_C23/FaceSwap/869_780.mp4,1,869_780
data/raw/FaceForensics++_C23/NeuralTextures/128_896.mp4,1,128_896
data/raw/FaceForensics++_C23/FaceSwap/616_614.mp4,1,616_614
data/raw/FaceForensics++_C23/FaceShifter/685_613.mp4,1,685_613
data/raw/FaceForensics++_C23/Deepfakes/240_290.mp4,1,240_290
data/raw/FaceForensics++_C23/original/737.mp4,0,737
data/raw/FaceForensics++_C23/FaceShifter/292_294.mp4,1,292_294
data/raw/FaceForensics++_C23/Face2Face/671_677.mp4,1,671_677
data/raw/FaceForensics++_C23/FaceShifter/099_295.mp4,1,099_295
data/raw/FaceForensics++_C23/original/060.mp4,0,060
data/raw/FaceForensics++_C23/Face2Face/175_159.mp4,1,175_159
data/raw/FaceForensics++_C23/FaceSwap/933_925.mp4,1,933_925
data/raw/FaceForensics++_C23/NeuralTextures/383_353.mp4,1,383_353
data/raw/FaceForensics++_C23/FaceSwap/082_103.mp4,1,082_103
data/raw/FaceForensics++_C23/FaceShifter/862_047.mp4,1,862_047
data/raw/FaceForensics++_C23/original/591.mp4,0,591
data/raw/FaceForensics++_C23/original/710.mp4,0,710
data/raw/FaceForensics++_C23/original/176.mp4,0,176
data/raw/FaceForensics++_C23/Face2Face/647_622.mp4,1,647_622
data/raw/FaceForensics++_C23/FaceSwap/414_385.mp4,1,414_385
data/raw/FaceForensics++_C23/Deepfakes/333_377.mp4,1,333_377
data/raw/FaceForensics++_C23/FaceShifter/602_397.mp4,1,602_397
data/raw/FaceForensics++_C23/original/867.mp4,0,867
data/raw/FaceForensics++_C23/FaceShifter/157_245.mp4,1,157_245
data/raw/FaceForensics++_C23/Face2Face/161_141.mp4,1,161_141
data/raw/FaceForensics++_C23/FaceSwap/574_547.mp4,1,574_547
data/raw/FaceForensics++_C23/NeuralTextures/476_400.mp4,1,476_400
data/raw/FaceForensics++_C23/NeuralTextures/581_697.mp4,1,581_697
data/raw/FaceForensics++_C23/NeuralTextures/950_836.mp4,1,950_836
data/raw/FaceForensics++_C23/FaceSwap/002_006.mp4,1,002_006
data/raw/FaceForensics++_C23/Deepfakes/247_229.mp4,1,247_229
data/raw/FaceForensics++_C23/NeuralTextures/876_891.mp4,1,876_891
data/raw/FaceForensics++_C23/FaceSwap/529_633.mp4,1,529_633
data/raw/FaceForensics++_C23/Deepfakes/800_840.mp4,1,800_840
data/raw/FaceForensics++_C23/Face2Face/684_717.mp4,1,684_717
data/raw/FaceForensics++_C23/NeuralTextures/681_711.mp4,1,681_711
data/raw/FaceForensics++_C23/NeuralTextures/196_310.mp4,1,196_310
data/raw/FaceForensics++_C23/Face2Face/921_569.mp4,1,921_569
data/raw/FaceForensics++_C23/FaceShifter/209_016.mp4,1,209_016
data/raw/FaceForensics++_C23/Face2Face/221_206.mp4,1,221_206
data/raw/FaceForensics++_C23/NeuralTextures/003_000.mp4,1,003_000
data/raw/FaceForensics++_C23/Face2Face/513_305.mp4,1,513_305
data/raw/FaceForensics++_C23/NeuralTextures/351_346.mp4,1,351_346
data/raw/FaceForensics++_C23/Face2Face/253_183.mp4,1,253_183
data/raw/FaceForensics++_C23/original/330.mp4,0,330
data/raw/FaceForensics++_C23/original/169.mp4,0,169
data/raw/FaceForensics++_C23/Deepfakes/598_178.mp4,1,598_178
data/raw/FaceForensics++_C23/Face2Face/609_596.mp4,1,609_596
data/raw/FaceForensics++_C23/Deepfakes/315_322.mp4,1,315_322
data/raw/FaceForensics++_C23/original/242.mp4,0,242
data/raw/FaceForensics++_C23/FaceShifter/276_185.mp4,1,276_185
data/raw/FaceForensics++_C23/Deepfakes/149_152.mp4,1,149_152
data/raw/FaceForensics++_C23/NeuralTextures/733_935.mp4,1,733_935
data/raw/FaceForensics++_C23/Face2Face/844_797.mp4,1,844_797
data/raw/FaceForensics++_C23/Deepfakes/290_240.mp4,1,290_240
data/raw/FaceForensics++_C23/Deepfakes/453_402.mp4,1,453_402
data/raw/FaceForensics++_C23/original/961.mp4,0,961
data/raw/FaceForensics++_C23/NeuralTextures/808_829.mp4,1,808_829
data/raw/FaceForensics++_C23/FaceSwap/396_272.mp4,1,396_272
data/raw/FaceForensics++_C23/Deepfakes/691_732.mp4,1,691_732
data/raw/FaceForensics++_C23/Face2Face/144_122.mp4,1,144_122
data/raw/FaceForensics++_C23/Face2Face/634_660.mp4,1,634_660
data/raw/FaceForensics++_C23/NeuralTextures/192_134.mp4,1,192_134
data/raw/FaceForensics++_C23/Face2Face/780_869.mp4,1,780_869
data/raw/FaceForensics++_C23/NeuralTextures/970_973.mp4,1,970_973
data/raw/FaceForensics++_C23/FaceSwap/651_835.mp4,1,651_835
data/raw/FaceForensics++_C23/Deepfakes/655_444.mp4,1,655_444
data/raw/FaceForensics++_C23/FaceSwap/135_880.mp4,1,135_880
data/raw/FaceForensics++_C23/Face2Face/902_901.mp4,1,902_901
data/raw/FaceForensics++_C23/NeuralTextures/427_637.mp4,1,427_637
data/raw/FaceForensics++_C23/Face2Face/039_058.mp4,1,039_058
data/raw/FaceForensics++_C23/NeuralTextures/629_618.mp4,1,629_618
data/raw/FaceForensics++_C23/Face2Face/411_410.mp4,1,411_410
data/raw/FaceForensics++_C23/original/747.mp4,0,747
data/raw/FaceForensics++_C23/Face2Face/672_720.mp4,1,672_720
data/raw/FaceForensics++_C23/original/095.mp4,0,095
data/raw/FaceForensics++_C23/Face2Face/370_483.mp4,1,370_483
data/raw/FaceForensics++_C23/original/082.mp4,0,082
data/raw/FaceForensics++_C23/FaceSwap/133_148.mp4,1,133_148
data/raw/FaceForensics++_C23/FaceShifter/380_358.mp4,1,380_358
data/raw/FaceForensics++_C23/FaceSwap/720_672.mp4,1,720_672
data/raw/FaceForensics++_C23/NeuralTextures/091_116.mp4,1,091_116
data/raw/FaceForensics++_C23/original/006.mp4,0,006
data/raw/FaceForensics++_C23/Face2Face/623_630.mp4,1,623_630
data/raw/FaceForensics++_C23/FaceSwap/669_682.mp4,1,669_682
data/raw/FaceForensics++_C23/Deepfakes/381_376.mp4,1,381_376
data/raw/FaceForensics++_C23/FaceSwap/114_102.mp4,1,114_102
data/raw/FaceForensics++_C23/Face2Face/820_818.mp4,1,820_818
data/raw/FaceForensics++_C23/FaceSwap/630_623.mp4,1,630_623
data/raw/FaceForensics++_C23/Deepfakes/422_695.mp4,1,422_695
data/raw/FaceForensics++_C23/Deepfakes/808_829.mp4,1,808_829
data/raw/FaceForensics++_C23/Face2Face/379_158.mp4,1,379_158
data/raw/FaceForensics++_C23/Face2Face/669_682.mp4,1,669_682
data/raw/FaceForensics++_C23/FaceShifter/098_092.mp4,1,098_092
data/raw/FaceForensics++_C23/original/525.mp4,0,525
data/raw/FaceForensics++_C23/Deepfakes/124_085.mp4,1,124_085
data/raw/FaceForensics++_C23/Deepfakes/102_114.mp4,1,102_114
data/raw/FaceForensics++_C23/NeuralTextures/058_039.mp4,1,058_039
data/raw/FaceForensics++_C23/Face2Face/732_691.mp4,1,732_691
data/raw/FaceForensics++_C23/FaceSwap/035_036.mp4,1,035_036
data/raw/FaceForensics++_C23/FaceShifter/915_895.mp4,1,915_895
data/raw/FaceForensics++_C23/Deepfakes/486_680.mp4,1,486_680
data/raw/FaceForensics++_C23/Face2Face/128_896.mp4,1,128_896
data/raw/FaceForensics++_C23/FaceSwap/617_566.mp4,1,617_566
data/raw/FaceForensics++_C23/Face2Face/514_443.mp4,1,514_443
data/raw/FaceForensics++_C23/Deepfakes/135_880.mp4,1,135_880
data/raw/FaceForensics++_C23/FaceShifter/598_178.mp4,1,598_178
data/raw/FaceForensics++_C23/FaceShifter/002_006.mp4,1,002_006
data/raw/FaceForensics++_C23/FaceShifter/833_826.mp4,1,833_826
data/raw/FaceForensics++_C23/Face2Face/817_827.mp4,1,817_827
data/raw/FaceForensics++_C23/Deepfakes/752_751.mp4,1,752_751
data/raw/FaceForensics++_C23/NeuralTextures/001_870.mp4,1,001_870
data/raw/FaceForensics++_C23/original/027.mp4,0,027
data/raw/FaceForensics++_C23/Face2Face/103_082.mp4,1,103_082
data/raw/FaceForensics++_C23/original/370.mp4,0,370
data/raw/FaceForensics++_C23/FaceShifter/316_369.mp4,1,316_369
data/raw/FaceForensics++_C23/Face2Face/918_934.mp4,1,918_934
data/raw/FaceForensics++_C23/Face2Face/543_559.mp4,1,543_559
data/raw/FaceForensics++_C23/FaceSwap/667_446.mp4,1,667_446
data/raw/FaceForensics++_C23/NeuralTextures/441_439.mp4,1,441_439
data/raw/FaceForensics++_C23/FaceSwap/706_479.mp4,1,706_479
data/raw/FaceForensics++_C23/Face2Face/176_190.mp4,1,176_190
data/raw/FaceForensics++_C23/Face2Face/559_543.mp4,1,559_543
data/raw/FaceForensics++_C23/original/663.mp4,0,663
data/raw/FaceForensics++_C23/Deepfakes/144_122.mp4,1,144_122
data/raw/FaceForensics++_C23/Deepfakes/380_358.mp4,1,380_358
data/raw/FaceForensics++_C23/Face2Face/433_498.mp4,1,433_498
data/raw/FaceForensics++_C23/Face2Face/095_053.mp4,1,095_053
data/raw/FaceForensics++_C23/original/413.mp4,0,413
data/raw/FaceForensics++_C23/Deepfakes/121_093.mp4,1,121_093
data/raw/FaceForensics++_C23/original/565.mp4,0,565
data/raw/FaceForensics++_C23/Deepfakes/611_760.mp4,1,611_760
data/raw/FaceForensics++_C23/NeuralTextures/824_419.mp4,1,824_419
data/raw/FaceForensics++_C23/Face2Face/941_940.mp4,1,941_940
data/raw/FaceForensics++_C23/Deepfakes/418_507.mp4,1,418_507
data/raw/FaceForensics++_C23/FaceShifter/252_266.mp4,1,252_266
data/raw/FaceForensics++_C23/Face2Face/350_349.mp4,1,350_349
data/raw/FaceForensics++_C23/FaceShifter/303_309.mp4,1,303_309
data/raw/FaceForensics++_C23/original/433.mp4,0,433
data/raw/FaceForensics++_C23/NeuralTextures/258_246.mp4,1,258_246
data/raw/FaceForensics++_C23/Face2Face/978_975.mp4,1,978_975
data/raw/FaceForensics++_C23/NeuralTextures/479_706.mp4,1,479_706
data/raw/FaceForensics++_C23/Face2Face/302_323.mp4,1,302_323
data/raw/FaceForensics++_C23/FaceSwap/055_147.mp4,1,055_147
data/raw/FaceForensics++_C23/Deepfakes/248_232.mp4,1,248_232
data/raw/FaceForensics++_C23/Face2Face/397_602.mp4,1,397_602
data/raw/FaceForensics++_C23/NeuralTextures/028_068.mp4,1,028_068
data/raw/FaceForensics++_C23/Deepfakes/447_431.mp4,1,447_431
data/raw/FaceForensics++_C23/Face2Face/425_485.mp4,1,425_485
data/raw/FaceForensics++_C23/NeuralTextures/686_696.mp4,1,686_696
data/raw/FaceForensics++_C23/Face2Face/199_181.mp4,1,199_181
data/raw/FaceForensics++_C23/Face2Face/421_423.mp4,1,421_423
data/raw/FaceForensics++_C23/NeuralTextures/557_560.mp4,1,557_560
data/raw/FaceForensics++_C23/FaceSwap/764_850.mp4,1,764_850
data/raw/FaceForensics++_C23/FaceSwap/916_783.mp4,1,916_783
data/raw/FaceForensics++_C23/NeuralTextures/473_366.mp4,1,473_366
data/raw/FaceForensics++_C23/NeuralTextures/664_668.mp4,1,664_668
data/raw/FaceForensics++_C23/NeuralTextures/727_729.mp4,1,727_729
data/raw/FaceForensics++_C23/NeuralTextures/113_983.mp4,1,113_983
data/raw/FaceForensics++_C23/FaceSwap/509_525.mp4,1,509_525
data/raw/FaceForensics++_C23/FaceShifter/885_802.mp4,1,885_802
data/raw/FaceForensics++_C23/Face2Face/535_587.mp4,1,535_587
data/raw/FaceForensics++_C23/Deepfakes/414_385.mp4,1,414_385
data/raw/FaceForensics++_C23/NeuralTextures/585_599.mp4,1,585_599
data/raw/FaceForensics++_C23/Face2Face/720_672.mp4,1,720_672
data/raw/FaceForensics++_C23/Deepfakes/654_648.mp4,1,654_648
data/raw/FaceForensics++_C23/FaceSwap/560_557.mp4,1,560_557
data/raw/FaceForensics++_C23/Face2Face/002_006.mp4,1,002_006
data/raw/FaceForensics++_C23/NeuralTextures/454_527.mp4,1,454_527
data/raw/FaceForensics++_C23/FaceSwap/372_413.mp4,1,372_413
data/raw/FaceForensics++_C23/FaceSwap/973_970.mp4,1,973_970
data/raw/FaceForensics++_C23/original/912.mp4,0,912
data/raw/FaceForensics++_C23/Face2Face/487_477.mp4,1,487_477
data/raw/FaceForensics++_C23/Deepfakes/589_565.mp4,1,589_565
data/raw/FaceForensics++_C23/FaceShifter/086_090.mp4,1,086_090
data/raw/FaceForensics++_C23/FaceSwap/608_675.mp4,1,608_675
data/raw/FaceForensics++_C23/NeuralTextures/516_555.mp4,1,516_555
data/raw/FaceForensics++_C23/Face2Face/600_505.mp4,1,600_505
data/raw/FaceForensics++_C23/original/289.mp4,0,289
data/raw/FaceForensics++_C23/FaceShifter/836_950.mp4,1,836_950
data/raw/FaceForensics++_C23/FaceShifter/357_432.mp4,1,357_432
data/raw/FaceForensics++_C23/Deepfakes/994_986.mp4,1,994_986
data/raw/FaceForensics++_C23/FaceShifter/197_224.mp4,1,197_224
data/raw/FaceForensics++_C23/Face2Face/879_963.mp4,1,879_963
data/raw/FaceForensics++_C23/NeuralTextures/564_971.mp4,1,564_971
data/raw/FaceForensics++_C23/Face2Face/371_367.mp4,1,371_367
data/raw/FaceForensics++_C23/Face2Face/873_872.mp4,1,873_872
data/raw/FaceForensics++_C23/Deepfakes/208_215.mp4,1,208_215
data/raw/FaceForensics++_C23/NeuralTextures/812_821.mp4,1,812_821
data/raw/FaceForensics++_C23/NeuralTextures/240_290.mp4,1,240_290
data/raw/FaceForensics++_C23/Deepfakes/425_485.mp4,1,425_485
data/raw/FaceForensics++_C23/original/786.mp4,0,786
data/raw/FaceForensics++_C23/Face2Face/406_391.mp4,1,406_391
data/raw/FaceForensics++_C23/original/648.mp4,0,648
data/raw/FaceForensics++_C23/Face2Face/108_052.mp4,1,108_052
data/raw/FaceForensics++_C23/original/272.mp4,0,272
data/raw/FaceForensics++_C23/Deepfakes/110_043.mp4,1,110_043
data/raw/FaceForensics++_C23/FaceSwap/074_825.mp4,1,074_825
data/raw/FaceForensics++_C23/original/825.mp4,0,825
data/raw/FaceForensics++_C23/FaceShifter/263_284.mp4,1,263_284
data/raw/FaceForensics++_C23/FaceShifter/548_632.mp4,1,548_632
data/raw/FaceForensics++_C23/FaceShifter/034_590.mp4,1,034_590
data/raw/FaceForensics++_C23/Face2Face/172_582.mp4,1,172_582
data/raw/FaceForensics++_C23/FaceSwap/768_793.mp4,1,768_793
data/raw/FaceForensics++_C23/FaceShifter/445_494.mp4,1,445_494
data/raw/FaceForensics++_C23/FaceSwap/182_242.mp4,1,182_242
data/raw/FaceForensics++_C23/FaceShifter/945_044.mp4,1,945_044
data/raw/FaceForensics++_C23/NeuralTextures/591_605.mp4,1,591_605
data/raw/FaceForensics++_C23/NeuralTextures/589_565.mp4,1,589_565
data/raw/FaceForensics++_C23/FaceSwap/611_760.mp4,1,611_760
data/raw/FaceForensics++_C23/FaceSwap/937_888.mp4,1,937_888
data/raw/FaceForensics++_C23/FaceShifter/146_256.mp4,1,146_256
data/raw/FaceForensics++_C23/original/751.mp4,0,751
data/raw/FaceForensics++_C23/Face2Face/468_470.mp4,1,468_470
data/raw/FaceForensics++_C23/Deepfakes/437_360.mp4,1,437_360
data/raw/FaceForensics++_C23/original/787.mp4,0,787
data/raw/FaceForensics++_C23/Face2Face/057_070.mp4,1,057_070
data/raw/FaceForensics++_C23/FaceShifter/795_907.mp4,1,795_907
data/raw/FaceForensics++_C23/Deepfakes/107_109.mp4,1,107_109
data/raw/FaceForensics++_C23/FaceSwap/552_851.mp4,1,552_851
data/raw/FaceForensics++_C23/Deepfakes/029_048.mp4,1,029_048
data/raw/FaceForensics++_C23/FaceShifter/232_248.mp4,1,232_248
data/raw/FaceForensics++_C23/Deepfakes/889_045.mp4,1,889_045
data/raw/FaceForensics++_C23/FaceSwap/065_089.mp4,1,065_089
data/raw/FaceForensics++_C23/Face2Face/630_623.mp4,1,630_623
data/raw/FaceForensics++_C23/Deepfakes/751_752.mp4,1,751_752
data/raw/FaceForensics++_C23/FaceShifter/358_380.mp4,1,358_380
data/raw/FaceForensics++_C23/Deepfakes/584_823.mp4,1,584_823
data/raw/FaceForensics++_C23/Face2Face/934_918.mp4,1,934_918
data/raw/FaceForensics++_C23/NeuralTextures/982_004.mp4,1,982_004
data/raw/FaceForensics++_C23/FaceShifter/350_349.mp4,1,350_349
data/raw/FaceForensics++_C23/original/605.mp4,0,605
data/raw/FaceForensics++_C23/original/214.mp4,0,214
data/raw/FaceForensics++_C23/FaceSwap/846_845.mp4,1,846_845
data/raw/FaceForensics++_C23/original/118.mp4,0,118
data/raw/FaceForensics++_C23/original/948.mp4,0,948
data/raw/FaceForensics++_C23/FaceShifter/317_359.mp4,1,317_359
data/raw/FaceForensics++_C23/Face2Face/344_020.mp4,1,344_020
data/raw/FaceForensics++_C23/FaceSwap/441_439.mp4,1,441_439
data/raw/FaceForensics++_C23/NeuralTextures/635_642.mp4,1,635_642
data/raw/FaceForensics++_C23/original/870.mp4,0,870
data/raw/FaceForensics++_C23/Deepfakes/969_897.mp4,1,969_897
data/raw/FaceForensics++_C23/Deepfakes/179_212.mp4,1,179_212
data/raw/FaceForensics++_C23/FaceShifter/794_779.mp4,1,794_779
data/raw/FaceForensics++_C23/Face2Face/507_418.mp4,1,507_418
data/raw/FaceForensics++_C23/NeuralTextures/046_904.mp4,1,046_904
data/raw/FaceForensics++_C23/FaceShifter/138_142.mp4,1,138_142
data/raw/FaceForensics++_C23/original/828.mp4,0,828
data/raw/FaceForensics++_C23/FaceSwap/487_477.mp4,1,487_477
data/raw/FaceForensics++_C23/NeuralTextures/536_540.mp4,1,536_540
data/raw/FaceForensics++_C23/original/286.mp4,0,286
data/raw/FaceForensics++_C23/original/495.mp4,0,495
data/raw/FaceForensics++_C23/Face2Face/867_765.mp4,1,867_765
data/raw/FaceForensics++_C23/Deepfakes/090_086.mp4,1,090_086
data/raw/FaceForensics++_C23/FaceShifter/815_730.mp4,1,815_730
data/raw/FaceForensics++_C23/FaceSwap/409_382.mp4,1,409_382
data/raw/FaceForensics++_C23/FaceShifter/405_393.mp4,1,405_393
data/raw/FaceForensics++_C23/FaceShifter/471_455.mp4,1,471_455
data/raw/FaceForensics++_C23/Deepfakes/624_570.mp4,1,624_570
data/raw/FaceForensics++_C23/Deepfakes/069_961.mp4,1,069_961
data/raw/FaceForensics++_C23/FaceSwap/624_570.mp4,1,624_570
data/raw/FaceForensics++_C23/Face2Face/505_600.mp4,1,505_600
data/raw/FaceForensics++_C23/FaceSwap/491_226.mp4,1,491_226
data/raw/FaceForensics++_C23/original/137.mp4,0,137
data/raw/FaceForensics++_C23/NeuralTextures/669_682.mp4,1,669_682
data/raw/FaceForensics++_C23/Deepfakes/764_850.mp4,1,764_850
data/raw/FaceForensics++_C23/Deepfakes/293_296.mp4,1,293_296
data/raw/FaceForensics++_C23/NeuralTextures/352_319.mp4,1,352_319
data/raw/FaceForensics++_C23/Deepfakes/445_494.mp4,1,445_494
data/raw/FaceForensics++_C23/Deepfakes/468_470.mp4,1,468_470
data/raw/FaceForensics++_C23/FaceSwap/435_456.mp4,1,435_456
data/raw/FaceForensics++_C23/Face2Face/219_220.mp4,1,219_220
data/raw/FaceForensics++_C23/Deepfakes/432_357.mp4,1,432_357
data/raw/FaceForensics++_C23/FaceSwap/187_234.mp4,1,187_234
data/raw/FaceForensics++_C23/Face2Face/488_399.mp4,1,488_399
data/raw/FaceForensics++_C23/FaceSwap/547_574.mp4,1,547_574
data/raw/FaceForensics++_C23/FaceSwap/751_752.mp4,1,751_752
data/raw/FaceForensics++_C23/Deepfakes/577_593.mp4,1,577_593
data/raw/FaceForensics++_C23/FaceShifter/173_171.mp4,1,173_171
data/raw/FaceForensics++_C23/Deepfakes/245_157.mp4,1,245_157
data/raw/FaceForensics++_C23/NeuralTextures/190_176.mp4,1,190_176
data/raw/FaceForensics++_C23/Deepfakes/367_371.mp4,1,367_371
data/raw/FaceForensics++_C23/NeuralTextures/568_628.mp4,1,568_628
data/raw/FaceForensics++_C23/FaceShifter/900_926.mp4,1,900_926
data/raw/FaceForensics++_C23/Face2Face/611_760.mp4,1,611_760
data/raw/FaceForensics++_C23/FaceShifter/845_846.mp4,1,845_846
data/raw/FaceForensics++_C23/FaceSwap/784_769.mp4,1,784_769
data/raw/FaceForensics++_C23/NeuralTextures/209_016.mp4,1,209_016
data/raw/FaceForensics++_C23/original/500.mp4,0,500
data/raw/FaceForensics++_C23/Face2Face/242_182.mp4,1,242_182
data/raw/FaceForensics++_C23/FaceShifter/370_483.mp4,1,370_483
data/raw/FaceForensics++_C23/NeuralTextures/269_268.mp4,1,269_268
data/raw/FaceForensics++_C23/NeuralTextures/472_511.mp4,1,472_511
data/raw/FaceForensics++_C23/NeuralTextures/385_414.mp4,1,385_414
data/raw/FaceForensics++_C23/Deepfakes/555_516.mp4,1,555_516
data/raw/FaceForensics++_C23/FaceShifter/163_031.mp4,1,163_031
data/raw/FaceForensics++_C23/original/968.mp4,0,968
data/raw/FaceForensics++_C23/original/959.mp4,0,959
data/raw/FaceForensics++_C23/NeuralTextures/742_775.mp4,1,742_775
data/raw/FaceForensics++_C23/original/851.mp4,0,851
data/raw/FaceForensics++_C23/NeuralTextures/275_887.mp4,1,275_887
data/raw/FaceForensics++_C23/Face2Face/963_879.mp4,1,963_879
data/raw/FaceForensics++_C23/NeuralTextures/264_271.mp4,1,264_271
data/raw/FaceForensics++_C23/FaceSwap/289_228.mp4,1,289_228
data/raw/FaceForensics++_C23/original/584.mp4,0,584
data/raw/FaceForensics++_C23/Deepfakes/151_225.mp4,1,151_225
data/raw/FaceForensics++_C23/NeuralTextures/674_744.mp4,1,674_744
data/raw/FaceForensics++_C23/NeuralTextures/732_691.mp4,1,732_691
data/raw/FaceForensics++_C23/NeuralTextures/758_754.mp4,1,758_754
data/raw/FaceForensics++_C23/original/270.mp4,0,270
data/raw/FaceForensics++_C23/NeuralTextures/214_255.mp4,1,214_255
data/raw/FaceForensics++_C23/FaceSwap/494_445.mp4,1,494_445
data/raw/FaceForensics++_C23/original/830.mp4,0,830
data/raw/FaceForensics++_C23/FaceSwap/692_610.mp4,1,692_610
data/raw/FaceForensics++_C23/NeuralTextures/620_619.mp4,1,620_619
data/raw/FaceForensics++_C23/FaceSwap/607_683.mp4,1,607_683
data/raw/FaceForensics++_C23/Face2Face/755_759.mp4,1,755_759
data/raw/FaceForensics++_C23/original/273.mp4,0,273
data/raw/FaceForensics++_C23/NeuralTextures/559_543.mp4,1,559_543
data/raw/FaceForensics++_C23/Deepfakes/748_355.mp4,1,748_355
data/raw/FaceForensics++_C23/original/780.mp4,0,780
data/raw/FaceForensics++_C23/Face2Face/533_450.mp4,1,533_450
data/raw/FaceForensics++_C23/Face2Face/042_084.mp4,1,042_084
data/raw/FaceForensics++_C23/original/491.mp4,0,491
data/raw/FaceForensics++_C23/FaceSwap/879_963.mp4,1,879_963
data/raw/FaceForensics++_C23/FaceShifter/663_231.mp4,1,663_231
data/raw/FaceForensics++_C23/original/106.mp4,0,106
data/raw/FaceForensics++_C23/Face2Face/557_560.mp4,1,557_560
data/raw/FaceForensics++_C23/Deepfakes/491_226.mp4,1,491_226
data/raw/FaceForensics++_C23/NeuralTextures/373_394.mp4,1,373_394
data/raw/FaceForensics++_C23/FaceSwap/382_409.mp4,1,382_409
data/raw/FaceForensics++_C23/original/527.mp4,0,527
data/raw/FaceForensics++_C23/Deepfakes/471_455.mp4,1,471_455
data/raw/FaceForensics++_C23/original/303.mp4,0,303
data/raw/FaceForensics++_C23/FaceShifter/312_021.mp4,1,312_021
data/raw/FaceForensics++_C23/original/597.mp4,0,597
data/raw/FaceForensics++_C23/Deepfakes/807_273.mp4,1,807_273
data/raw/FaceForensics++_C23/original/670.mp4,0,670
data/raw/FaceForensics++_C23/NeuralTextures/879_963.mp4,1,879_963
data/raw/FaceForensics++_C23/Deepfakes/896_128.mp4,1,896_128
data/raw/FaceForensics++_C23/original/371.mp4,0,371
data/raw/FaceForensics++_C23/FaceShifter/503_756.mp4,1,503_756
data/raw/FaceForensics++_C23/original/683.mp4,0,683
data/raw/FaceForensics++_C23/NeuralTextures/322_315.mp4,1,322_315
data/raw/FaceForensics++_C23/Deepfakes/354_362.mp4,1,354_362
data/raw/FaceForensics++_C23/Deepfakes/251_375.mp4,1,251_375
data/raw/FaceForensics++_C23/Deepfakes/185_276.mp4,1,185_276
data/raw/FaceForensics++_C23/FaceShifter/378_368.mp4,1,378_368
data/raw/FaceForensics++_C23/Face2Face/183_253.mp4,1,183_253
data/raw/FaceForensics++_C23/FaceShifter/110_043.mp4,1,110_043
data/raw/FaceForensics++_C23/NeuralTextures/274_412.mp4,1,274_412
data/raw/FaceForensics++_C23/Deepfakes/227_169.mp4,1,227_169
data/raw/FaceForensics++_C23/FaceShifter/153_150.mp4,1,153_150
data/raw/FaceForensics++_C23/original/767.mp4,0,767
data/raw/FaceForensics++_C23/Face2Face/295_099.mp4,1,295_099
data/raw/FaceForensics++_C23/original/931.mp4,0,931
data/raw/FaceForensics++_C23/NeuralTextures/851_552.mp4,1,851_552
data/raw/FaceForensics++_C23/FaceSwap/938_987.mp4,1,938_987
data/raw/FaceForensics++_C23/original/460.mp4,0,460
data/raw/FaceForensics++_C23/FaceShifter/802_885.mp4,1,802_885
data/raw/FaceForensics++_C23/FaceSwap/184_205.mp4,1,184_205
data/raw/FaceForensics++_C23/Face2Face/905_860.mp4,1,905_860
data/raw/FaceForensics++_C23/original/036.mp4,0,036
data/raw/FaceForensics++_C23/FaceShifter/223_586.mp4,1,223_586
data/raw/FaceForensics++_C23/FaceSwap/838_810.mp4,1,838_810
data/raw/FaceForensics++_C23/FaceSwap/181_199.mp4,1,181_199
data/raw/FaceForensics++_C23/Deepfakes/292_294.mp4,1,292_294
data/raw/FaceForensics++_C23/FaceShifter/721_715.mp4,1,721_715
data/raw/FaceForensics++_C23/Deepfakes/549_531.mp4,1,549_531
data/raw/FaceForensics++_C23/NeuralTextures/254_261.mp4,1,254_261
data/raw/FaceForensics++_C23/original/529.mp4,0,529
data/raw/FaceForensics++_C23/Face2Face/569_921.mp4,1,569_921
data/raw/FaceForensics++_C23/Face2Face/075_977.mp4,1,075_977
data/raw/FaceForensics++_C23/NeuralTextures/440_364.mp4,1,440_364
data/raw/FaceForensics++_C23/FaceShifter/447_431.mp4,1,447_431
data/raw/FaceForensics++_C23/Face2Face/322_315.mp4,1,322_315
data/raw/FaceForensics++_C23/original/059.mp4,0,059
data/raw/FaceForensics++_C23/FaceShifter/968_884.mp4,1,968_884
data/raw/FaceForensics++_C23/FaceSwap/209_016.mp4,1,209_016
data/raw/FaceForensics++_C23/FaceShifter/670_661.mp4,1,670_661
data/raw/FaceForensics++_C23/FaceShifter/420_257.mp4,1,420_257
data/raw/FaceForensics++_C23/FaceSwap/734_699.mp4,1,734_699
data/raw/FaceForensics++_C23/original/109.mp4,0,109
data/raw/FaceForensics++_C23/FaceSwap/053_095.mp4,1,053_095
data/raw/FaceForensics++_C23/FaceShifter/834_852.mp4,1,834_852
data/raw/FaceForensics++_C23/FaceSwap/717_684.mp4,1,717_684
data/raw/FaceForensics++_C23/FaceSwap/337_522.mp4,1,337_522
data/raw/FaceForensics++_C23/FaceSwap/196_310.mp4,1,196_310
data/raw/FaceForensics++_C23/NeuralTextures/866_878.mp4,1,866_878
data/raw/FaceForensics++_C23/FaceSwap/740_796.mp4,1,740_796
data/raw/FaceForensics++_C23/NeuralTextures/886_877.mp4,1,886_877
data/raw/FaceForensics++_C23/original/800.mp4,0,800
data/raw/FaceForensics++_C23/Face2Face/142_138.mp4,1,142_138
data/raw/FaceForensics++_C23/NeuralTextures/643_646.mp4,1,643_646
data/raw/FaceForensics++_C23/Deepfakes/932_384.mp4,1,932_384
data/raw/FaceForensics++_C23/Deepfakes/613_685.mp4,1,613_685
data/raw/FaceForensics++_C23/FaceShifter/227_169.mp4,1,227_169
data/raw/FaceForensics++_C23/NeuralTextures/738_804.mp4,1,738_804
data/raw/FaceForensics++_C23/FaceSwap/240_290.mp4,1,240_290
data/raw/FaceForensics++_C23/FaceSwap/469_481.mp4,1,469_481
data/raw/FaceForensics++_C23/original/050.mp4,0,050
data/raw/FaceForensics++_C23/NeuralTextures/691_732.mp4,1,691_732
data/raw/FaceForensics++_C23/FaceSwap/815_730.mp4,1,815_730
data/raw/FaceForensics++_C23/NeuralTextures/101_096.mp4,1,101_096
data/raw/FaceForensics++_C23/original/407.mp4,0,407
data/raw/FaceForensics++_C23/Deepfakes/505_600.mp4,1,505_600
data/raw/FaceForensics++_C23/Face2Face/509_525.mp4,1,509_525
data/raw/FaceForensics++_C23/Face2Face/666_656.mp4,1,666_656
data/raw/FaceForensics++_C23/Deepfakes/272_396.mp4,1,272_396
data/raw/FaceForensics++_C23/FaceShifter/115_939.mp4,1,115_939
data/raw/FaceForensics++_C23/original/164.mp4,0,164
data/raw/FaceForensics++_C23/NeuralTextures/505_600.mp4,1,505_600
data/raw/FaceForensics++_C23/Face2Face/485_425.mp4,1,485_425
data/raw/FaceForensics++_C23/NeuralTextures/301_262.mp4,1,301_262
data/raw/FaceForensics++_C23/Deepfakes/701_579.mp4,1,701_579
data/raw/FaceForensics++_C23/FaceSwap/833_826.mp4,1,833_826
data/raw/FaceForensics++_C23/FaceSwap/589_565.mp4,1,589_565
data/raw/FaceForensics++_C23/Deepfakes/106_198.mp4,1,106_198
data/raw/FaceForensics++_C23/original/047.mp4,0,047
data/raw/FaceForensics++_C23/original/000.mp4,0,000
data/raw/FaceForensics++_C23/original/317.mp4,0,317
data/raw/FaceForensics++_C23/NeuralTextures/767_694.mp4,1,767_694
data/raw/FaceForensics++_C23/original/241.mp4,0,241
data/raw/FaceForensics++_C23/FaceSwap/849_771.mp4,1,849_771
data/raw/FaceForensics++_C23/Deepfakes/952_882.mp4,1,952_882
data/raw/FaceForensics++_C23/FaceShifter/364_440.mp4,1,364_440
data/raw/FaceForensics++_C23/FaceSwap/895_915.mp4,1,895_915
data/raw/FaceForensics++_C23/FaceSwap/839_864.mp4,1,839_864
data/raw/FaceForensics++_C23/FaceShifter/650_625.mp4,1,650_625
data/raw/FaceForensics++_C23/FaceSwap/226_491.mp4,1,226_491
data/raw/FaceForensics++_C23/NeuralTextures/930_763.mp4,1,930_763
data/raw/FaceForensics++_C23/FaceShifter/910_911.mp4,1,910_911
data/raw/FaceForensics++_C23/Face2Face/084_042.mp4,1,084_042
data/raw/FaceForensics++_C23/FaceSwap/539_499.mp4,1,539_499
data/raw/FaceForensics++_C23/FaceSwap/544_532.mp4,1,544_532
data/raw/FaceForensics++_C23/NeuralTextures/641_662.mp4,1,641_662
data/raw/FaceForensics++_C23/Face2Face/420_257.mp4,1,420_257
data/raw/FaceForensics++_C23/FaceShifter/770_791.mp4,1,770_791
data/raw/FaceForensics++_C23/Face2Face/786_819.mp4,1,786_819
data/raw/FaceForensics++_C23/NeuralTextures/480_389.mp4,1,480_389
data/raw/FaceForensics++_C23/Face2Face/888_937.mp4,1,888_937
data/raw/FaceForensics++_C23/original/661.mp4,0,661
data/raw/FaceForensics++_C23/original/649.mp4,0,649
data/raw/FaceForensics++_C23/Deepfakes/416_342.mp4,1,416_342
data/raw/FaceForensics++_C23/Face2Face/215_208.mp4,1,215_208
data/raw/FaceForensics++_C23/NeuralTextures/838_810.mp4,1,838_810
data/raw/FaceForensics++_C23/original/746.mp4,0,746
data/raw/FaceForensics++_C23/Deepfakes/564_971.mp4,1,564_971
data/raw/FaceForensics++_C23/Deepfakes/478_506.mp4,1,478_506
data/raw/FaceForensics++_C23/original/837.mp4,0,837
data/raw/FaceForensics++_C23/Deepfakes/142_138.mp4,1,142_138
data/raw/FaceForensics++_C23/Face2Face/212_179.mp4,1,212_179
data/raw/FaceForensics++_C23/original/297.mp4,0,297
data/raw/FaceForensics++_C23/Face2Face/097_033.mp4,1,097_033
data/raw/FaceForensics++_C23/FaceShifter/142_138.mp4,1,142_138
data/raw/FaceForensics++_C23/Deepfakes/605_591.mp4,1,605_591
data/raw/FaceForensics++_C23/FaceSwap/786_819.mp4,1,786_819
data/raw/FaceForensics++_C23/FaceShifter/575_603.mp4,1,575_603
data/raw/FaceForensics++_C23/Deepfakes/497_403.mp4,1,497_403
data/raw/FaceForensics++_C23/FaceShifter/542_520.mp4,1,542_520
data/raw/FaceForensics++_C23/NeuralTextures/481_469.mp4,1,481_469
data/raw/FaceForensics++_C23/original/221.mp4,0,221
data/raw/FaceForensics++_C23/FaceShifter/463_464.mp4,1,463_464
data/raw/FaceForensics++_C23/Deepfakes/721_715.mp4,1,721_715
data/raw/FaceForensics++_C23/Face2Face/086_090.mp4,1,086_090
data/raw/FaceForensics++_C23/Face2Face/025_067.mp4,1,025_067
data/raw/FaceForensics++_C23/Face2Face/357_432.mp4,1,357_432
data/raw/FaceForensics++_C23/FaceSwap/256_146.mp4,1,256_146
data/raw/FaceForensics++_C23/FaceShifter/812_821.mp4,1,812_821
data/raw/FaceForensics++_C23/FaceSwap/398_457.mp4,1,398_457
data/raw/FaceForensics++_C23/NeuralTextures/811_920.mp4,1,811_920
data/raw/FaceForensics++_C23/NeuralTextures/832_762.mp4,1,832_762
data/raw/FaceForensics++_C23/FaceShifter/892_112.mp4,1,892_112
data/raw/FaceForensics++_C23/FaceSwap/407_374.mp4,1,407_374
data/raw/FaceForensics++_C23/FaceShifter/957_959.mp4,1,957_959
data/raw/FaceForensics++_C23/NeuralTextures/751_752.mp4,1,751_752
data/raw/FaceForensics++_C23/Deepfakes/336_338.mp4,1,336_338
data/raw/FaceForensics++_C23/original/257.mp4,0,257
data/raw/FaceForensics++_C23/Face2Face/964_174.mp4,1,964_174
data/raw/FaceForensics++_C23/FaceSwap/557_560.mp4,1,557_560
data/raw/FaceForensics++_C23/Face2Face/561_998.mp4,1,561_998
data/raw/FaceForensics++_C23/Face2Face/738_804.mp4,1,738_804
data/raw/FaceForensics++_C23/NeuralTextures/362_354.mp4,1,362_354
data/raw/FaceForensics++_C23/FaceShifter/439_441.mp4,1,439_441
data/raw/FaceForensics++_C23/FaceShifter/018_019.mp4,1,018_019
data/raw/FaceForensics++_C23/FaceSwap/096_101.mp4,1,096_101
data/raw/FaceForensics++_C23/Deepfakes/724_725.mp4,1,724_725
data/raw/FaceForensics++_C23/Deepfakes/765_867.mp4,1,765_867
data/raw/FaceForensics++_C23/Deepfakes/286_267.mp4,1,286_267
data/raw/FaceForensics++_C23/Deepfakes/307_365.mp4,1,307_365
data/raw/FaceForensics++_C23/original/210.mp4,0,210
data/raw/FaceForensics++_C23/NeuralTextures/668_664.mp4,1,668_664
data/raw/FaceForensics++_C23/original/435.mp4,0,435
data/raw/FaceForensics++_C23/Face2Face/730_815.mp4,1,730_815
data/raw/FaceForensics++_C23/NeuralTextures/409_382.mp4,1,409_382
data/raw/FaceForensics++_C23/original/085.mp4,0,085
data/raw/FaceForensics++_C23/Face2Face/471_455.mp4,1,471_455
data/raw/FaceForensics++_C23/Deepfakes/071_054.mp4,1,071_054
data/raw/FaceForensics++_C23/Face2Face/566_617.mp4,1,566_617
data/raw/FaceForensics++_C23/Deepfakes/711_681.mp4,1,711_681
data/raw/FaceForensics++_C23/FaceSwap/710_788.mp4,1,710_788
data/raw/FaceForensics++_C23/Face2Face/020_344.mp4,1,020_344
data/raw/FaceForensics++_C23/Face2Face/345_259.mp4,1,345_259
data/raw/FaceForensics++_C23/NeuralTextures/998_561.mp4,1,998_561
data/raw/FaceForensics++_C23/FaceSwap/158_379.mp4,1,158_379
data/raw/FaceForensics++_C23/Deepfakes/737_719.mp4,1,737_719
data/raw/FaceForensics++_C23/original/400.mp4,0,400
data/raw/FaceForensics++_C23/FaceShifter/432_357.mp4,1,432_357
data/raw/FaceForensics++_C23/original/803.mp4,0,803
data/raw/FaceForensics++_C23/original/570.mp4,0,570
data/raw/FaceForensics++_C23/Face2Face/235_194.mp4,1,235_194
data/raw/FaceForensics++_C23/FaceShifter/259_345.mp4,1,259_345
data/raw/FaceForensics++_C23/original/479.mp4,0,479
data/raw/FaceForensics++_C23/NeuralTextures/379_158.mp4,1,379_158
data/raw/FaceForensics++_C23/FaceSwap/950_836.mp4,1,950_836
data/raw/FaceForensics++_C23/original/488.mp4,0,488
data/raw/FaceForensics++_C23/Deepfakes/978_975.mp4,1,978_975
data/raw/FaceForensics++_C23/NeuralTextures/623_630.mp4,1,623_630
data/raw/FaceForensics++_C23/original/108.mp4,0,108
data/raw/FaceForensics++_C23/FaceShifter/022_489.mp4,1,022_489
data/raw/FaceForensics++_C23/FaceSwap/520_542.mp4,1,520_542
data/raw/FaceForensics++_C23/original/281.mp4,0,281
data/raw/FaceForensics++_C23/Deepfakes/344_020.mp4,1,344_020
data/raw/FaceForensics++_C23/NeuralTextures/999_960.mp4,1,999_960
data/raw/FaceForensics++_C23/Deepfakes/911_910.mp4,1,911_910
data/raw/FaceForensics++_C23/FaceShifter/436_526.mp4,1,436_526
data/raw/FaceForensics++_C23/Deepfakes/047_862.mp4,1,047_862
data/raw/FaceForensics++_C23/NeuralTextures/080_061.mp4,1,080_061
data/raw/FaceForensics++_C23/original/195.mp4,0,195
data/raw/FaceForensics++_C23/Deepfakes/443_514.mp4,1,443_514
data/raw/FaceForensics++_C23/FaceSwap/592_500.mp4,1,592_500
data/raw/FaceForensics++_C23/FaceSwap/130_139.mp4,1,130_139
data/raw/FaceForensics++_C23/FaceShifter/486_680.mp4,1,486_680
data/raw/FaceForensics++_C23/original/708.mp4,0,708
data/raw/FaceForensics++_C23/Face2Face/893_913.mp4,1,893_913
data/raw/FaceForensics++_C23/FaceSwap/017_803.mp4,1,017_803
data/raw/FaceForensics++_C23/Face2Face/220_219.mp4,1,220_219
data/raw/FaceForensics++_C23/FaceSwap/830_828.mp4,1,830_828
data/raw/FaceForensics++_C23/FaceShifter/268_269.mp4,1,268_269
data/raw/FaceForensics++_C23/Face2Face/055_147.mp4,1,055_147
data/raw/FaceForensics++_C23/Deepfakes/848_894.mp4,1,848_894
data/raw/FaceForensics++_C23/FaceSwap/892_112.mp4,1,892_112
data/raw/FaceForensics++_C23/original/846.mp4,0,846
data/raw/FaceForensics++_C23/FaceSwap/877_886.mp4,1,877_886
data/raw/FaceForensics++_C23/FaceShifter/742_775.mp4,1,742_775
data/raw/FaceForensics++_C23/original/606.mp4,0,606
data/raw/FaceForensics++_C23/NeuralTextures/280_249.mp4,1,280_249
data/raw/FaceForensics++_C23/Face2Face/328_320.mp4,1,328_320
data/raw/FaceForensics++_C23/FaceShifter/874_291.mp4,1,874_291
data/raw/FaceForensics++_C23/NeuralTextures/630_623.mp4,1,630_623
data/raw/FaceForensics++_C23/Deepfakes/776_676.mp4,1,776_676
data/raw/FaceForensics++_C23/original/676.mp4,0,676
data/raw/FaceForensics++_C23/Deepfakes/183_253.mp4,1,183_253
data/raw/FaceForensics++_C23/FaceSwap/129_127.mp4,1,129_127
data/raw/FaceForensics++_C23/NeuralTextures/098_092.mp4,1,098_092
data/raw/FaceForensics++_C23/Face2Face/193_030.mp4,1,193_030
data/raw/FaceForensics++_C23/FaceSwap/648_654.mp4,1,648_654
data/raw/FaceForensics++_C23/Deepfakes/734_699.mp4,1,734_699
data/raw/FaceForensics++_C23/Face2Face/835_651.mp4,1,835_651
data/raw/FaceForensics++_C23/FaceShifter/272_396.mp4,1,272_396
data/raw/FaceForensics++_C23/FaceSwap/793_768.mp4,1,793_768
data/raw/FaceForensics++_C23/Deepfakes/485_425.mp4,1,485_425
data/raw/FaceForensics++_C23/Face2Face/163_031.mp4,1,163_031
data/raw/FaceForensics++_C23/Deepfakes/452_550.mp4,1,452_550
data/raw/FaceForensics++_C23/FaceShifter/298_279.mp4,1,298_279
data/raw/FaceForensics++_C23/NeuralTextures/594_530.mp4,1,594_530
data/raw/FaceForensics++_C23/Deepfakes/030_193.mp4,1,030_193
data/raw/FaceForensics++_C23/Deepfakes/789_753.mp4,1,789_753
data/raw/FaceForensics++_C23/original/098.mp4,0,098
data/raw/FaceForensics++_C23/Face2Face/965_948.mp4,1,965_948
data/raw/FaceForensics++_C23/Face2Face/109_107.mp4,1,109_107
data/raw/FaceForensics++_C23/Deepfakes/100_077.mp4,1,100_077
data/raw/FaceForensics++_C23/FaceSwap/970_973.mp4,1,970_973
data/raw/FaceForensics++_C23/FaceSwap/012_026.mp4,1,012_026
data/raw/FaceForensics++_C23/FaceSwap/167_166.mp4,1,167_166
data/raw/FaceForensics++_C23/NeuralTextures/724_725.mp4,1,724_725
data/raw/FaceForensics++_C23/Face2Face/770_791.mp4,1,770_791
data/raw/FaceForensics++_C23/Face2Face/919_015.mp4,1,919_015
data/raw/FaceForensics++_C23/FaceSwap/755_759.mp4,1,755_759
data/raw/FaceForensics++_C23/NeuralTextures/541_523.mp4,1,541_523
data/raw/FaceForensics++_C23/Deepfakes/861_858.mp4,1,861_858
data/raw/FaceForensics++_C23/Face2Face/501_326.mp4,1,501_326
data/raw/FaceForensics++_C23/Deepfakes/903_792.mp4,1,903_792
data/raw/FaceForensics++_C23/original/055.mp4,0,055
data/raw/FaceForensics++_C23/Deepfakes/109_107.mp4,1,109_107
data/raw/FaceForensics++_C23/original/368.mp4,0,368
data/raw/FaceForensics++_C23/original/872.mp4,0,872
data/raw/FaceForensics++_C23/original/034.mp4,0,034
data/raw/FaceForensics++_C23/NeuralTextures/397_602.mp4,1,397_602
data/raw/FaceForensics++_C23/Face2Face/926_900.mp4,1,926_900
data/raw/FaceForensics++_C23/FaceShifter/133_148.mp4,1,133_148
data/raw/FaceForensics++_C23/FaceSwap/525_509.mp4,1,525_509
data/raw/FaceForensics++_C23/original/861.mp4,0,861
data/raw/FaceForensics++_C23/NeuralTextures/650_625.mp4,1,650_625
data/raw/FaceForensics++_C23/FaceSwap/671_677.mp4,1,671_677
data/raw/FaceForensics++_C23/NeuralTextures/393_405.mp4,1,393_405
data/raw/FaceForensics++_C23/FaceSwap/045_889.mp4,1,045_889
data/raw/FaceForensics++_C23/original/546.mp4,0,546
data/raw/FaceForensics++_C23/original/160.mp4,0,160
data/raw/FaceForensics++_C23/original/638.mp4,0,638
data/raw/FaceForensics++_C23/FaceSwap/886_877.mp4,1,886_877
data/raw/FaceForensics++_C23/Face2Face/094_111.mp4,1,094_111
data/raw/FaceForensics++_C23/Face2Face/121_093.mp4,1,121_093
data/raw/FaceForensics++_C23/FaceShifter/516_555.mp4,1,516_555
data/raw/FaceForensics++_C23/FaceShifter/210_241.mp4,1,210_241
data/raw/FaceForensics++_C23/Deepfakes/809_799.mp4,1,809_799
data/raw/FaceForensics++_C23/NeuralTextures/252_266.mp4,1,252_266
data/raw/FaceForensics++_C23/FaceSwap/274_412.mp4,1,274_412
data/raw/FaceForensics++_C23/original/907.mp4,0,907
data/raw/FaceForensics++_C23/NeuralTextures/343_363.mp4,1,343_363
data/raw/FaceForensics++_C23/original/845.mp4,0,845
data/raw/FaceForensics++_C23/original/503.mp4,0,503
data/raw/FaceForensics++_C23/original/653.mp4,0,653
data/raw/FaceForensics++_C23/FaceSwap/944_032.mp4,1,944_032
data/raw/FaceForensics++_C23/original/039.mp4,0,039
data/raw/FaceForensics++_C23/FaceShifter/543_559.mp4,1,543_559
data/raw/FaceForensics++_C23/Face2Face/773_652.mp4,1,773_652
data/raw/FaceForensics++_C23/FaceShifter/846_845.mp4,1,846_845
data/raw/FaceForensics++_C23/original/799.mp4,0,799
data/raw/FaceForensics++_C23/Face2Face/765_867.mp4,1,765_867
data/raw/FaceForensics++_C23/FaceSwap/897_969.mp4,1,897_969
data/raw/FaceForensics++_C23/original/628.mp4,0,628
data/raw/FaceForensics++_C23/Face2Face/756_503.mp4,1,756_503
data/raw/FaceForensics++_C23/FaceShifter/346_351.mp4,1,346_351
data/raw/FaceForensics++_C23/FaceShifter/996_056.mp4,1,996_056
data/raw/FaceForensics++_C23/Face2Face/595_597.mp4,1,595_597
data/raw/FaceForensics++_C23/original/966.mp4,0,966
data/raw/FaceForensics++_C23/FaceSwap/252_266.mp4,1,252_266
data/raw/FaceForensics++_C23/Deepfakes/829_808.mp4,1,829_808
data/raw/FaceForensics++_C23/original/864.mp4,0,864
data/raw/FaceForensics++_C23/Face2Face/858_861.mp4,1,858_861
data/raw/FaceForensics++_C23/Deepfakes/438_434.mp4,1,438_434
data/raw/FaceForensics++_C23/Deepfakes/627_658.mp4,1,627_658
data/raw/FaceForensics++_C23/original/978.mp4,0,978
data/raw/FaceForensics++_C23/FaceShifter/879_963.mp4,1,879_963
data/raw/FaceForensics++_C23/Deepfakes/925_933.mp4,1,925_933
data/raw/FaceForensics++_C23/NeuralTextures/121_093.mp4,1,121_093
data/raw/FaceForensics++_C23/NeuralTextures/874_291.mp4,1,874_291
data/raw/FaceForensics++_C23/original/736.mp4,0,736
data/raw/FaceForensics++_C23/FaceShifter/865_739.mp4,1,865_739
data/raw/FaceForensics++_C23/original/951.mp4,0,951
data/raw/FaceForensics++_C23/Face2Face/173_171.mp4,1,173_171
data/raw/FaceForensics++_C23/FaceSwap/360_437.mp4,1,360_437
data/raw/FaceForensics++_C23/FaceSwap/197_224.mp4,1,197_224
data/raw/FaceForensics++_C23/Deepfakes/944_032.mp4,1,944_032
data/raw/FaceForensics++_C23/NeuralTextures/769_784.mp4,1,769_784
data/raw/FaceForensics++_C23/FaceShifter/288_321.mp4,1,288_321
data/raw/FaceForensics++_C23/Deepfakes/012_026.mp4,1,012_026
data/raw/FaceForensics++_C23/Face2Face/117_217.mp4,1,117_217
data/raw/FaceForensics++_C23/NeuralTextures/365_307.mp4,1,365_307
data/raw/FaceForensics++_C23/FaceSwap/655_444.mp4,1,655_444
data/raw/FaceForensics++_C23/original/695.mp4,0,695
data/raw/FaceForensics++_C23/Deepfakes/642_635.mp4,1,642_635
data/raw/FaceForensics++_C23/FaceShifter/589_565.mp4,1,589_565
data/raw/FaceForensics++_C23/NeuralTextures/707_705.mp4,1,707_705
data/raw/FaceForensics++_C23/FaceShifter/678_460.mp4,1,678_460
data/raw/FaceForensics++_C23/NeuralTextures/292_294.mp4,1,292_294
data/raw/FaceForensics++_C23/original/079.mp4,0,079
data/raw/FaceForensics++_C23/original/487.mp4,0,487
data/raw/FaceForensics++_C23/FaceShifter/922_898.mp4,1,922_898
data/raw/FaceForensics++_C23/FaceShifter/535_587.mp4,1,535_587
data/raw/FaceForensics++_C23/NeuralTextures/765_867.mp4,1,765_867
data/raw/FaceForensics++_C23/FaceShifter/264_271.mp4,1,264_271
data/raw/FaceForensics++_C23/Deepfakes/653_601.mp4,1,653_601
data/raw/FaceForensics++_C23/Deepfakes/429_404.mp4,1,429_404
data/raw/FaceForensics++_C23/FaceSwap/750_743.mp4,1,750_743
data/raw/FaceForensics++_C23/FaceSwap/315_322.mp4,1,315_322
data/raw/FaceForensics++_C23/FaceShifter/517_521.mp4,1,517_521
data/raw/FaceForensics++_C23/NeuralTextures/011_805.mp4,1,011_805
data/raw/FaceForensics++_C23/FaceSwap/162_330.mp4,1,162_330
data/raw/FaceForensics++_C23/FaceSwap/605_591.mp4,1,605_591
data/raw/FaceForensics++_C23/Deepfakes/838_810.mp4,1,838_810
data/raw/FaceForensics++_C23/Face2Face/087_081.mp4,1,087_081
data/raw/FaceForensics++_C23/Face2Face/728_673.mp4,1,728_673
data/raw/FaceForensics++_C23/original/807.mp4,0,807
data/raw/FaceForensics++_C23/Face2Face/319_352.mp4,1,319_352
data/raw/FaceForensics++_C23/Face2Face/330_162.mp4,1,330_162
data/raw/FaceForensics++_C23/NeuralTextures/154_386.mp4,1,154_386
data/raw/FaceForensics++_C23/Deepfakes/856_881.mp4,1,856_881
data/raw/FaceForensics++_C23/Face2Face/419_824.mp4,1,419_824
data/raw/FaceForensics++_C23/FaceShifter/515_519.mp4,1,515_519
data/raw/FaceForensics++_C23/FaceShifter/299_145.mp4,1,299_145
data/raw/FaceForensics++_C23/FaceSwap/536_540.mp4,1,536_540
data/raw/FaceForensics++_C23/Face2Face/608_675.mp4,1,608_675
data/raw/FaceForensics++_C23/original/198.mp4,0,198
data/raw/FaceForensics++_C23/Deepfakes/693_698.mp4,1,693_698
data/raw/FaceForensics++_C23/NeuralTextures/140_143.mp4,1,140_143
data/raw/FaceForensics++_C23/FaceShifter/666_656.mp4,1,666_656
data/raw/FaceForensics++_C23/Deepfakes/188_191.mp4,1,188_191
data/raw/FaceForensics++_C23/Deepfakes/287_426.mp4,1,287_426
data/raw/FaceForensics++_C23/FaceSwap/410_411.mp4,1,410_411
data/raw/FaceForensics++_C23/original/536.mp4,0,536
data/raw/FaceForensics++_C23/NeuralTextures/205_184.mp4,1,205_184
data/raw/FaceForensics++_C23/FaceSwap/966_988.mp4,1,966_988
data/raw/FaceForensics++_C23/FaceSwap/771_849.mp4,1,771_849
data/raw/FaceForensics++_C23/FaceSwap/215_208.mp4,1,215_208
data/raw/FaceForensics++_C23/FaceShifter/333_377.mp4,1,333_377
data/raw/FaceForensics++_C23/original/981.mp4,0,981
data/raw/FaceForensics++_C23/NeuralTextures/094_111.mp4,1,094_111
data/raw/FaceForensics++_C23/FaceShifter/144_122.mp4,1,144_122
data/raw/FaceForensics++_C23/FaceShifter/980_992.mp4,1,980_992
data/raw/FaceForensics++_C23/Deepfakes/210_241.mp4,1,210_241
data/raw/FaceForensics++_C23/original/607.mp4,0,607
data/raw/FaceForensics++_C23/NeuralTextures/996_056.mp4,1,996_056
data/raw/FaceForensics++_C23/FaceSwap/106_198.mp4,1,106_198
data/raw/FaceForensics++_C23/Deepfakes/073_024.mp4,1,073_024
data/raw/FaceForensics++_C23/original/765.mp4,0,765
data/raw/FaceForensics++_C23/FaceShifter/828_830.mp4,1,828_830
data/raw/FaceForensics++_C23/NeuralTextures/782_787.mp4,1,782_787
data/raw/FaceForensics++_C23/original/944.mp4,0,944
data/raw/FaceForensics++_C23/NeuralTextures/246_258.mp4,1,246_258
data/raw/FaceForensics++_C23/FaceShifter/821_812.mp4,1,821_812
data/raw/FaceForensics++_C23/FaceSwap/305_513.mp4,1,305_513
data/raw/FaceForensics++_C23/original/594.mp4,0,594
data/raw/FaceForensics++_C23/FaceShifter/145_299.mp4,1,145_299
data/raw/FaceForensics++_C23/Face2Face/231_663.mp4,1,231_663
data/raw/FaceForensics++_C23/original/352.mp4,0,352
data/raw/FaceForensics++_C23/FaceSwap/340_341.mp4,1,340_341
data/raw/FaceForensics++_C23/original/866.mp4,0,866
data/raw/FaceForensics++_C23/NeuralTextures/391_406.mp4,1,391_406
data/raw/FaceForensics++_C23/Deepfakes/113_983.mp4,1,113_983
data/raw/FaceForensics++_C23/original/086.mp4,0,086
data/raw/FaceForensics++_C23/NeuralTextures/259_345.mp4,1,259_345
data/raw/FaceForensics++_C23/original/441.mp4,0,441
data/raw/FaceForensics++_C23/FaceSwap/195_442.mp4,1,195_442
data/raw/FaceForensics++_C23/FaceShifter/456_435.mp4,1,456_435
data/raw/FaceForensics++_C23/FaceShifter/948_965.mp4,1,948_965
data/raw/FaceForensics++_C23/Face2Face/839_864.mp4,1,839_864
data/raw/FaceForensics++_C23/Face2Face/962_929.mp4,1,962_929
data/raw/FaceForensics++_C23/Face2Face/892_112.mp4,1,892_112
data/raw/FaceForensics++_C23/Face2Face/825_074.mp4,1,825_074
data/raw/FaceForensics++_C23/NeuralTextures/339_392.mp4,1,339_392
data/raw/FaceForensics++_C23/NeuralTextures/446_667.mp4,1,446_667
data/raw/FaceForensics++_C23/FaceSwap/458_722.mp4,1,458_722
data/raw/FaceForensics++_C23/FaceSwap/535_587.mp4,1,535_587
data/raw/FaceForensics++_C23/Deepfakes/252_266.mp4,1,252_266
data/raw/FaceForensics++_C23/Deepfakes/350_349.mp4,1,350_349
data/raw/FaceForensics++_C23/FaceShifter/758_754.mp4,1,758_754
data/raw/FaceForensics++_C23/NeuralTextures/552_851.mp4,1,552_851
data/raw/FaceForensics++_C23/Deepfakes/457_398.mp4,1,457_398
data/raw/FaceForensics++_C23/original/844.mp4,0,844
data/raw/FaceForensics++_C23/Deepfakes/479_706.mp4,1,479_706
data/raw/FaceForensics++_C23/Face2Face/114_102.mp4,1,114_102
data/raw/FaceForensics++_C23/Deepfakes/798_778.mp4,1,798_778
data/raw/FaceForensics++_C23/NeuralTextures/221_206.mp4,1,221_206
data/raw/FaceForensics++_C23/FaceShifter/673_728.mp4,1,673_728
data/raw/FaceForensics++_C23/FaceSwap/095_053.mp4,1,095_053
data/raw/FaceForensics++_C23/Deepfakes/026_012.mp4,1,026_012
data/raw/FaceForensics++_C23/FaceSwap/075_977.mp4,1,075_977
data/raw/FaceForensics++_C23/FaceShifter/750_743.mp4,1,750_743
data/raw/FaceForensics++_C23/FaceSwap/270_297.mp4,1,270_297
data/raw/FaceForensics++_C23/Face2Face/747_854.mp4,1,747_854
data/raw/FaceForensics++_C23/Face2Face/287_426.mp4,1,287_426
data/raw/FaceForensics++_C23/Face2Face/281_474.mp4,1,281_474
data/raw/FaceForensics++_C23/NeuralTextures/934_918.mp4,1,934_918
data/raw/FaceForensics++_C23/FaceShifter/619_620.mp4,1,619_620
data/raw/FaceForensics++_C23/FaceShifter/063_041.mp4,1,063_041
data/raw/FaceForensics++_C23/FaceShifter/191_188.mp4,1,191_188
data/raw/FaceForensics++_C23/NeuralTextures/649_816.mp4,1,649_816
data/raw/FaceForensics++_C23/original/154.mp4,0,154
data/raw/FaceForensics++_C23/NeuralTextures/717_684.mp4,1,717_684
data/raw/FaceForensics++_C23/Face2Face/951_947.mp4,1,951_947
data/raw/FaceForensics++_C23/NeuralTextures/578_636.mp4,1,578_636
data/raw/FaceForensics++_C23/FaceShifter/917_924.mp4,1,917_924
data/raw/FaceForensics++_C23/NeuralTextures/935_733.mp4,1,935_733
data/raw/FaceForensics++_C23/Deepfakes/607_683.mp4,1,607_683
data/raw/FaceForensics++_C23/NeuralTextures/093_121.mp4,1,093_121
data/raw/FaceForensics++_C23/NeuralTextures/803_017.mp4,1,803_017
data/raw/FaceForensics++_C23/FaceSwap/404_429.mp4,1,404_429
data/raw/FaceForensics++_C23/original/856.mp4,0,856
data/raw/FaceForensics++_C23/FaceSwap/941_940.mp4,1,941_940
data/raw/FaceForensics++_C23/NeuralTextures/852_834.mp4,1,852_834
data/raw/FaceForensics++_C23/original/893.mp4,0,893
data/raw/FaceForensics++_C23/NeuralTextures/506_478.mp4,1,506_478
data/raw/FaceForensics++_C23/Deepfakes/203_201.mp4,1,203_201
data/raw/FaceForensics++_C23/Deepfakes/339_392.mp4,1,339_392
data/raw/FaceForensics++_C23/Deepfakes/837_890.mp4,1,837_890
data/raw/FaceForensics++_C23/NeuralTextures/359_317.mp4,1,359_317
data/raw/FaceForensics++_C23/Deepfakes/387_311.mp4,1,387_311
data/raw/FaceForensics++_C23/NeuralTextures/152_149.mp4,1,152_149
data/raw/FaceForensics++_C23/NeuralTextures/822_244.mp4,1,822_244
data/raw/FaceForensics++_C23/FaceShifter/576_155.mp4,1,576_155
data/raw/FaceForensics++_C23/FaceSwap/783_916.mp4,1,783_916
data/raw/FaceForensics++_C23/FaceSwap/023_923.mp4,1,023_923
data/raw/FaceForensics++_C23/FaceSwap/426_287.mp4,1,426_287
data/raw/FaceForensics++_C23/FaceSwap/383_353.mp4,1,383_353
data/raw/FaceForensics++_C23/NeuralTextures/665_679.mp4,1,665_679
data/raw/FaceForensics++_C23/FaceShifter/233_995.mp4,1,233_995
data/raw/FaceForensics++_C23/Face2Face/650_625.mp4,1,650_625
data/raw/FaceForensics++_C23/FaceSwap/247_229.mp4,1,247_229
data/raw/FaceForensics++_C23/NeuralTextures/906_847.mp4,1,906_847
data/raw/FaceForensics++_C23/Deepfakes/677_671.mp4,1,677_671
data/raw/FaceForensics++_C23/FaceSwap/861_858.mp4,1,861_858
data/raw/FaceForensics++_C23/Face2Face/539_499.mp4,1,539_499
data/raw/FaceForensics++_C23/Face2Face/916_783.mp4,1,916_783
data/raw/FaceForensics++_C23/Deepfakes/061_080.mp4,1,061_080
data/raw/FaceForensics++_C23/FaceSwap/659_749.mp4,1,659_749
data/raw/FaceForensics++_C23/NeuralTextures/137_165.mp4,1,137_165
data/raw/FaceForensics++_C23/NeuralTextures/357_432.mp4,1,357_432
data/raw/FaceForensics++_C23/Face2Face/480_389.mp4,1,480_389
data/raw/FaceForensics++_C23/Deepfakes/790_014.mp4,1,790_014
data/raw/FaceForensics++_C23/Face2Face/670_661.mp4,1,670_661
data/raw/FaceForensics++_C23/FaceSwap/208_215.mp4,1,208_215
data/raw/FaceForensics++_C23/original/434.mp4,0,434
data/raw/FaceForensics++_C23/FaceSwap/116_091.mp4,1,116_091
data/raw/FaceForensics++_C23/NeuralTextures/947_951.mp4,1,947_951
data/raw/FaceForensics++_C23/NeuralTextures/235_194.mp4,1,235_194
data/raw/FaceForensics++_C23/original/341.mp4,0,341
data/raw/FaceForensics++_C23/FaceSwap/749_659.mp4,1,749_659
data/raw/FaceForensics++_C23/NeuralTextures/399_488.mp4,1,399_488
data/raw/FaceForensics++_C23/FaceShifter/596_609.mp4,1,596_609
data/raw/FaceForensics++_C23/NeuralTextures/004_982.mp4,1,004_982
data/raw/FaceForensics++_C23/FaceShifter/093_121.mp4,1,093_121
data/raw/FaceForensics++_C23/Deepfakes/733_935.mp4,1,733_935
data/raw/FaceForensics++_C23/FaceSwap/690_689.mp4,1,690_689
data/raw/FaceForensics++_C23/NeuralTextures/549_531.mp4,1,549_531
data/raw/FaceForensics++_C23/FaceSwap/956_958.mp4,1,956_958
data/raw/FaceForensics++_C23/original/089.mp4,0,089
data/raw/FaceForensics++_C23/Face2Face/840_800.mp4,1,840_800
data/raw/FaceForensics++_C23/FaceShifter/851_552.mp4,1,851_552
data/raw/FaceForensics++_C23/Deepfakes/527_454.mp4,1,527_454
data/raw/FaceForensics++_C23/FaceSwap/303_309.mp4,1,303_309
data/raw/FaceForensics++_C23/original/659.mp4,0,659
data/raw/FaceForensics++_C23/FaceShifter/509_525.mp4,1,509_525
data/raw/FaceForensics++_C23/FaceShifter/228_289.mp4,1,228_289
data/raw/FaceForensics++_C23/FaceShifter/094_111.mp4,1,094_111
data/raw/FaceForensics++_C23/NeuralTextures/335_277.mp4,1,335_277
data/raw/FaceForensics++_C23/Deepfakes/803_017.mp4,1,803_017
data/raw/FaceForensics++_C23/Deepfakes/857_909.mp4,1,857_909
data/raw/FaceForensics++_C23/FaceSwap/470_468.mp4,1,470_468
data/raw/FaceForensics++_C23/FaceShifter/418_507.mp4,1,418_507
data/raw/FaceForensics++_C23/FaceShifter/754_758.mp4,1,754_758
data/raw/FaceForensics++_C23/NeuralTextures/679_665.mp4,1,679_665
data/raw/FaceForensics++_C23/Face2Face/643_646.mp4,1,643_646
data/raw/FaceForensics++_C23/Deepfakes/219_220.mp4,1,219_220
data/raw/FaceForensics++_C23/original/174.mp4,0,174
data/raw/FaceForensics++_C23/Face2Face/288_321.mp4,1,288_321
data/raw/FaceForensics++_C23/Face2Face/115_939.mp4,1,115_939
data/raw/FaceForensics++_C23/Deepfakes/582_172.mp4,1,582_172
data/raw/FaceForensics++_C23/FaceSwap/161_141.mp4,1,161_141
data/raw/FaceForensics++_C23/Deepfakes/043_110.mp4,1,043_110
data/raw/FaceForensics++_C23/original/771.mp4,0,771
data/raw/FaceForensics++_C23/FaceShifter/451_449.mp4,1,451_449
data/raw/FaceForensics++_C23/original/949.mp4,0,949
data/raw/FaceForensics++_C23/Face2Face/520_542.mp4,1,520_542
data/raw/FaceForensics++_C23/FaceSwap/128_896.mp4,1,128_896
data/raw/FaceForensics++_C23/FaceShifter/131_518.mp4,1,131_518
data/raw/FaceForensics++_C23/Face2Face/744_674.mp4,1,744_674
data/raw/FaceForensics++_C23/original/789.mp4,0,789
data/raw/FaceForensics++_C23/Face2Face/224_197.mp4,1,224_197
data/raw/FaceForensics++_C23/FaceShifter/799_809.mp4,1,799_809
data/raw/FaceForensics++_C23/Face2Face/071_054.mp4,1,071_054
data/raw/FaceForensics++_C23/Deepfakes/718_972.mp4,1,718_972
data/raw/FaceForensics++_C23/NeuralTextures/356_324.mp4,1,356_324
data/raw/FaceForensics++_C23/Face2Face/961_069.mp4,1,961_069
data/raw/FaceForensics++_C23/Deepfakes/670_661.mp4,1,670_661
data/raw/FaceForensics++_C23/FaceSwap/893_913.mp4,1,893_913
data/raw/FaceForensics++_C23/FaceSwap/102_114.mp4,1,102_114
data/raw/FaceForensics++_C23/FaceShifter/045_889.mp4,1,045_889
data/raw/FaceForensics++_C23/NeuralTextures/797_844.mp4,1,797_844
data/raw/FaceForensics++_C23/original/953.mp4,0,953
data/raw/FaceForensics++_C23/Deepfakes/897_969.mp4,1,897_969
data/raw/FaceForensics++_C23/Face2Face/258_246.mp4,1,258_246
data/raw/FaceForensics++_C23/FaceShifter/855_801.mp4,1,855_801
data/raw/FaceForensics++_C23/Deepfakes/095_053.mp4,1,095_053
data/raw/FaceForensics++_C23/FaceSwap/021_312.mp4,1,021_312
data/raw/FaceForensics++_C23/FaceSwap/276_185.mp4,1,276_185
data/raw/FaceForensics++_C23/Deepfakes/842_714.mp4,1,842_714
data/raw/FaceForensics++_C23/NeuralTextures/034_590.mp4,1,034_590
data/raw/FaceForensics++_C23/FaceShifter/705_707.mp4,1,705_707
data/raw/FaceForensics++_C23/NeuralTextures/975_978.mp4,1,975_978
data/raw/FaceForensics++_C23/FaceShifter/618_629.mp4,1,618_629
data/raw/FaceForensics++_C23/FaceSwap/418_507.mp4,1,418_507
data/raw/FaceForensics++_C23/NeuralTextures/631_551.mp4,1,631_551
data/raw/FaceForensics++_C23/original/151.mp4,0,151
data/raw/FaceForensics++_C23/Deepfakes/322_315.mp4,1,322_315
data/raw/FaceForensics++_C23/NeuralTextures/355_748.mp4,1,355_748
data/raw/FaceForensics++_C23/FaceShifter/132_007.mp4,1,132_007
data/raw/FaceForensics++_C23/FaceSwap/727_729.mp4,1,727_729
data/raw/FaceForensics++_C23/Deepfakes/334_318.mp4,1,334_318
data/raw/FaceForensics++_C23/FaceShifter/644_657.mp4,1,644_657
data/raw/FaceForensics++_C23/Deepfakes/332_051.mp4,1,332_051
data/raw/FaceForensics++_C23/Deepfakes/833_826.mp4,1,833_826
data/raw/FaceForensics++_C23/FaceShifter/534_490.mp4,1,534_490
data/raw/FaceForensics++_C23/FaceShifter/167_166.mp4,1,167_166
data/raw/FaceForensics++_C23/FaceShifter/251_375.mp4,1,251_375
data/raw/FaceForensics++_C23/Face2Face/886_877.mp4,1,886_877
data/raw/FaceForensics++_C23/FaceShifter/166_167.mp4,1,166_167
data/raw/FaceForensics++_C23/Deepfakes/731_741.mp4,1,731_741
data/raw/FaceForensics++_C23/Face2Face/695_422.mp4,1,695_422
data/raw/FaceForensics++_C23/Deepfakes/291_874.mp4,1,291_874
data/raw/FaceForensics++_C23/Deepfakes/184_205.mp4,1,184_205
data/raw/FaceForensics++_C23/NeuralTextures/726_713.mp4,1,726_713
data/raw/FaceForensics++_C23/NeuralTextures/763_930.mp4,1,763_930
data/raw/FaceForensics++_C23/FaceSwap/211_177.mp4,1,211_177
data/raw/FaceForensics++_C23/Deepfakes/533_450.mp4,1,533_450
data/raw/FaceForensics++_C23/FaceShifter/835_651.mp4,1,835_651
data/raw/FaceForensics++_C23/FaceShifter/715_721.mp4,1,715_721
data/raw/FaceForensics++_C23/FaceSwap/898_922.mp4,1,898_922
data/raw/FaceForensics++_C23/FaceSwap/168_222.mp4,1,168_222
data/raw/FaceForensics++_C23/Deepfakes/657_644.mp4,1,657_644
data/raw/FaceForensics++_C23/Face2Face/255_214.mp4,1,255_214
data/raw/FaceForensics++_C23/FaceShifter/722_458.mp4,1,722_458
data/raw/FaceForensics++_C23/FaceShifter/732_691.mp4,1,732_691
data/raw/FaceForensics++_C23/FaceShifter/481_469.mp4,1,481_469
data/raw/FaceForensics++_C23/original/087.mp4,0,087
data/raw/FaceForensics++_C23/Deepfakes/898_922.mp4,1,898_922
data/raw/FaceForensics++_C23/Deepfakes/428_466.mp4,1,428_466
data/raw/FaceForensics++_C23/original/448.mp4,0,448
data/raw/FaceForensics++_C23/Face2Face/992_980.mp4,1,992_980
data/raw/FaceForensics++_C23/FaceShifter/004_982.mp4,1,004_982
data/raw/FaceForensics++_C23/Face2Face/436_526.mp4,1,436_526
data/raw/FaceForensics++_C23/original/429.mp4,0,429
data/raw/FaceForensics++_C23/Face2Face/222_168.mp4,1,222_168
data/raw/FaceForensics++_C23/FaceShifter/887_275.mp4,1,887_275
data/raw/FaceForensics++_C23/FaceShifter/337_522.mp4,1,337_522
data/raw/FaceForensics++_C23/FaceSwap/515_519.mp4,1,515_519
data/raw/FaceForensics++_C23/NeuralTextures/519_515.mp4,1,519_515
data/raw/FaceForensics++_C23/original/910.mp4,0,910
data/raw/FaceForensics++_C23/NeuralTextures/713_726.mp4,1,713_726
data/raw/FaceForensics++_C23/FaceShifter/847_906.mp4,1,847_906
data/raw/FaceForensics++_C23/NeuralTextures/336_338.mp4,1,336_338
data/raw/FaceForensics++_C23/FaceSwap/386_154.mp4,1,386_154
data/raw/FaceForensics++_C23/Face2Face/721_715.mp4,1,721_715
data/raw/FaceForensics++_C23/FaceShifter/404_429.mp4,1,404_429
data/raw/FaceForensics++_C23/Face2Face/818_820.mp4,1,818_820
data/raw/FaceForensics++_C23/original/418.mp4,0,418
data/raw/FaceForensics++_C23/FaceShifter/676_776.mp4,1,676_776
data/raw/FaceForensics++_C23/NeuralTextures/955_078.mp4,1,955_078
data/raw/FaceForensics++_C23/FaceSwap/612_702.mp4,1,612_702
data/raw/FaceForensics++_C23/FaceSwap/728_673.mp4,1,728_673
data/raw/FaceForensics++_C23/FaceShifter/905_860.mp4,1,905_860
data/raw/FaceForensics++_C23/Face2Face/410_411.mp4,1,410_411
data/raw/FaceForensics++_C23/NeuralTextures/342_416.mp4,1,342_416
data/raw/FaceForensics++_C23/NeuralTextures/002_006.mp4,1,002_006
data/raw/FaceForensics++_C23/original/713.mp4,0,713
data/raw/FaceForensics++_C23/FaceShifter/164_216.mp4,1,164_216
data/raw/FaceForensics++_C23/Face2Face/831_508.mp4,1,831_508
data/raw/FaceForensics++_C23/Face2Face/126_104.mp4,1,126_104
data/raw/FaceForensics++_C23/NeuralTextures/371_367.mp4,1,371_367
data/raw/FaceForensics++_C23/original/637.mp4,0,637
data/raw/FaceForensics++_C23/original/922.mp4,0,922
data/raw/FaceForensics++_C23/FaceSwap/780_869.mp4,1,780_869
data/raw/FaceForensics++_C23/Deepfakes/304_300.mp4,1,304_300
data/raw/FaceForensics++_C23/Face2Face/897_969.mp4,1,897_969
data/raw/FaceForensics++_C23/Face2Face/292_294.mp4,1,292_294
data/raw/FaceForensics++_C23/Deepfakes/070_057.mp4,1,070_057
data/raw/FaceForensics++_C23/NeuralTextures/144_122.mp4,1,144_122
data/raw/FaceForensics++_C23/Face2Face/305_513.mp4,1,305_513
data/raw/FaceForensics++_C23/FaceShifter/780_869.mp4,1,780_869
data/raw/FaceForensics++_C23/original/251.mp4,0,251
data/raw/FaceForensics++_C23/NeuralTextures/224_197.mp4,1,224_197
data/raw/FaceForensics++_C23/Face2Face/665_679.mp4,1,665_679
data/raw/FaceForensics++_C23/Face2Face/340_341.mp4,1,340_341
data/raw/FaceForensics++_C23/Deepfakes/831_508.mp4,1,831_508
data/raw/FaceForensics++_C23/FaceShifter/571_746.mp4,1,571_746
data/raw/FaceForensics++_C23/Face2Face/456_435.mp4,1,456_435
data/raw/FaceForensics++_C23/FaceSwap/207_908.mp4,1,207_908
data/raw/FaceForensics++_C23/FaceSwap/246_258.mp4,1,246_258
data/raw/FaceForensics++_C23/Deepfakes/238_282.mp4,1,238_282
data/raw/FaceForensics++_C23/Deepfakes/092_098.mp4,1,092_098
data/raw/FaceForensics++_C23/original/709.mp4,0,709
data/raw/FaceForensics++_C23/FaceShifter/944_032.mp4,1,944_032
data/raw/FaceForensics++_C23/FaceShifter/519_515.mp4,1,519_515
data/raw/FaceForensics++_C23/FaceShifter/771_849.mp4,1,771_849
data/raw/FaceForensics++_C23/FaceShifter/603_575.mp4,1,603_575
data/raw/FaceForensics++_C23/original/306.mp4,0,306
data/raw/FaceForensics++_C23/FaceSwap/439_441.mp4,1,439_441
data/raw/FaceForensics++_C23/Face2Face/001_870.mp4,1,001_870
data/raw/FaceForensics++_C23/FaceShifter/042_084.mp4,1,042_084
data/raw/FaceForensics++_C23/original/178.mp4,0,178
data/raw/FaceForensics++_C23/FaceSwap/428_466.mp4,1,428_466
data/raw/FaceForensics++_C23/FaceShifter/615_687.mp4,1,615_687
data/raw/FaceForensics++_C23/Face2Face/504_502.mp4,1,504_502
data/raw/FaceForensics++_C23/Deepfakes/957_959.mp4,1,957_959
data/raw/FaceForensics++_C23/FaceSwap/801_855.mp4,1,801_855
data/raw/FaceForensics++_C23/original/312.mp4,0,312
data/raw/FaceForensics++_C23/NeuralTextures/761_766.mp4,1,761_766
data/raw/FaceForensics++_C23/Face2Face/532_544.mp4,1,532_544
data/raw/FaceForensics++_C23/FaceShifter/302_323.mp4,1,302_323
data/raw/FaceForensics++_C23/Deepfakes/411_410.mp4,1,411_410
data/raw/FaceForensics++_C23/Face2Face/405_393.mp4,1,405_393
data/raw/FaceForensics++_C23/FaceSwap/347_314.mp4,1,347_314
data/raw/FaceForensics++_C23/original/758.mp4,0,758
data/raw/FaceForensics++_C23/Face2Face/788_710.mp4,1,788_710
data/raw/FaceForensics++_C23/FaceShifter/881_856.mp4,1,881_856
data/raw/FaceForensics++_C23/FaceSwap/050_059.mp4,1,050_059
data/raw/FaceForensics++_C23/FaceShifter/087_081.mp4,1,087_081
data/raw/FaceForensics++_C23/Face2Face/034_590.mp4,1,034_590
data/raw/FaceForensics++_C23/original/263.mp4,0,263
data/raw/FaceForensics++_C23/original/885.mp4,0,885
data/raw/FaceForensics++_C23/original/220.mp4,0,220
data/raw/FaceForensics++_C23/Deepfakes/931_936.mp4,1,931_936
data/raw/FaceForensics++_C23/original/471.mp4,0,471
data/raw/FaceForensics++_C23/FaceSwap/328_320.mp4,1,328_320
data/raw/FaceForensics++_C23/Deepfakes/633_529.mp4,1,633_529
data/raw/FaceForensics++_C23/Face2Face/741_731.mp4,1,741_731
data/raw/FaceForensics++_C23/Deepfakes/498_433.mp4,1,498_433
data/raw/FaceForensics++_C23/Deepfakes/937_888.mp4,1,937_888
data/raw/FaceForensics++_C23/Deepfakes/415_484.mp4,1,415_484
data/raw/FaceForensics++_C23/FaceShifter/328_320.mp4,1,328_320
data/raw/FaceForensics++_C23/FaceSwap/279_298.mp4,1,279_298
data/raw/FaceForensics++_C23/FaceSwap/586_223.mp4,1,586_223
data/raw/FaceForensics++_C23/NeuralTextures/367_371.mp4,1,367_371
data/raw/FaceForensics++_C23/NeuralTextures/912_927.mp4,1,912_927
data/raw/FaceForensics++_C23/Deepfakes/757_573.mp4,1,757_573
data/raw/FaceForensics++_C23/Face2Face/616_614.mp4,1,616_614
data/raw/FaceForensics++_C23/Face2Face/041_063.mp4,1,041_063
data/raw/FaceForensics++_C23/FaceSwap/631_551.mp4,1,631_551
data/raw/FaceForensics++_C23/NeuralTextures/653_601.mp4,1,653_601
data/raw/FaceForensics++_C23/NeuralTextures/464_463.mp4,1,464_463
data/raw/FaceForensics++_C23/FaceShifter/462_467.mp4,1,462_467
data/raw/FaceForensics++_C23/Deepfakes/596_609.mp4,1,596_609
data/raw/FaceForensics++_C23/NeuralTextures/043_110.mp4,1,043_110
data/raw/FaceForensics++_C23/FaceShifter/763_930.mp4,1,763_930
data/raw/FaceForensics++_C23/Face2Face/068_028.mp4,1,068_028
data/raw/FaceForensics++_C23/FaceShifter/195_442.mp4,1,195_442
data/raw/FaceForensics++_C23/FaceSwap/039_058.mp4,1,039_058
data/raw/FaceForensics++_C23/original/604.mp4,0,604
data/raw/FaceForensics++_C23/FaceSwap/227_169.mp4,1,227_169
data/raw/FaceForensics++_C23/Deepfakes/652_773.mp4,1,652_773
data/raw/FaceForensics++_C23/NeuralTextures/624_570.mp4,1,624_570
data/raw/FaceForensics++_C23/original/331.mp4,0,331
data/raw/FaceForensics++_C23/original/167.mp4,0,167
data/raw/FaceForensics++_C23/FaceShifter/716_712.mp4,1,716_712
data/raw/FaceForensics++_C23/NeuralTextures/853_863.mp4,1,853_863
data/raw/FaceForensics++_C23/original/901.mp4,0,901
data/raw/FaceForensics++_C23/FaceShifter/699_734.mp4,1,699_734
data/raw/FaceForensics++_C23/NeuralTextures/545_553.mp4,1,545_553
data/raw/FaceForensics++_C23/Deepfakes/075_977.mp4,1,075_977
data/raw/FaceForensics++_C23/FaceSwap/666_656.mp4,1,666_656
data/raw/FaceForensics++_C23/original/924.mp4,0,924
data/raw/FaceForensics++_C23/FaceShifter/929_962.mp4,1,929_962
data/raw/FaceForensics++_C23/original/528.mp4,0,528
data/raw/FaceForensics++_C23/original/955.mp4,0,955
data/raw/FaceForensics++_C23/FaceSwap/803_017.mp4,1,803_017
data/raw/FaceForensics++_C23/original/025.mp4,0,025
data/raw/FaceForensics++_C23/original/282.mp4,0,282
data/raw/FaceForensics++_C23/FaceShifter/484_415.mp4,1,484_415
data/raw/FaceForensics++_C23/NeuralTextures/791_770.mp4,1,791_770
data/raw/FaceForensics++_C23/Face2Face/010_005.mp4,1,010_005
data/raw/FaceForensics++_C23/Face2Face/029_048.mp4,1,029_048
data/raw/FaceForensics++_C23/FaceShifter/842_714.mp4,1,842_714
data/raw/FaceForensics++_C23/Deepfakes/828_830.mp4,1,828_830
data/raw/FaceForensics++_C23/FaceShifter/706_479.mp4,1,706_479
data/raw/FaceForensics++_C23/Face2Face/876_891.mp4,1,876_891
data/raw/FaceForensics++_C23/Deepfakes/096_101.mp4,1,096_101
data/raw/FaceForensics++_C23/FaceSwap/378_368.mp4,1,378_368
data/raw/FaceForensics++_C23/NeuralTextures/597_595.mp4,1,597_595
data/raw/FaceForensics++_C23/NeuralTextures/595_597.mp4,1,595_597
data/raw/FaceForensics++_C23/NeuralTextures/841_639.mp4,1,841_639
data/raw/FaceForensics++_C23/Face2Face/200_189.mp4,1,200_189
data/raw/FaceForensics++_C23/Deepfakes/621_546.mp4,1,621_546
data/raw/FaceForensics++_C23/original/453.mp4,0,453
data/raw/FaceForensics++_C23/Face2Face/412_274.mp4,1,412_274
data/raw/FaceForensics++_C23/Deepfakes/566_617.mp4,1,566_617
data/raw/FaceForensics++_C23/Deepfakes/543_559.mp4,1,543_559
data/raw/FaceForensics++_C23/Face2Face/334_318.mp4,1,334_318
data/raw/FaceForensics++_C23/NeuralTextures/299_145.mp4,1,299_145
data/raw/FaceForensics++_C23/Deepfakes/051_332.mp4,1,051_332
data/raw/FaceForensics++_C23/original/046.mp4,0,046
data/raw/FaceForensics++_C23/FaceShifter/067_025.mp4,1,067_025
data/raw/FaceForensics++_C23/FaceSwap/872_873.mp4,1,872_873
data/raw/FaceForensics++_C23/Face2Face/558_583.mp4,1,558_583
data/raw/FaceForensics++_C23/Deepfakes/745_777.mp4,1,745_777
data/raw/FaceForensics++_C23/NeuralTextures/525_509.mp4,1,525_509
data/raw/FaceForensics++_C23/NeuralTextures/671_677.mp4,1,671_677
data/raw/FaceForensics++_C23/Face2Face/467_462.mp4,1,467_462
data/raw/FaceForensics++_C23/NeuralTextures/462_467.mp4,1,462_467
data/raw/FaceForensics++_C23/Deepfakes/195_442.mp4,1,195_442
data/raw/FaceForensics++_C23/FaceSwap/400_476.mp4,1,400_476
data/raw/FaceForensics++_C23/NeuralTextures/267_286.mp4,1,267_286
data/raw/FaceForensics++_C23/FaceSwap/779_794.mp4,1,779_794
data/raw/FaceForensics++_C23/Deepfakes/802_885.mp4,1,802_885
data/raw/FaceForensics++_C23/Face2Face/618_629.mp4,1,618_629
data/raw/FaceForensics++_C23/original/186.mp4,0,186
data/raw/FaceForensics++_C23/NeuralTextures/437_360.mp4,1,437_360
data/raw/FaceForensics++_C23/Deepfakes/620_619.mp4,1,620_619
data/raw/FaceForensics++_C23/original/339.mp4,0,339
data/raw/FaceForensics++_C23/NeuralTextures/148_133.mp4,1,148_133
data/raw/FaceForensics++_C23/FaceSwap/626_562.mp4,1,626_562
data/raw/FaceForensics++_C23/NeuralTextures/112_892.mp4,1,112_892
data/raw/FaceForensics++_C23/FaceSwap/406_391.mp4,1,406_391
data/raw/FaceForensics++_C23/FaceSwap/384_932.mp4,1,384_932
data/raw/FaceForensics++_C23/Deepfakes/644_657.mp4,1,644_657
data/raw/FaceForensics++_C23/FaceShifter/789_753.mp4,1,789_753
data/raw/FaceForensics++_C23/original/436.mp4,0,436
data/raw/FaceForensics++_C23/Face2Face/789_753.mp4,1,789_753
data/raw/FaceForensics++_C23/Face2Face/061_080.mp4,1,061_080
data/raw/FaceForensics++_C23/NeuralTextures/157_245.mp4,1,157_245
data/raw/FaceForensics++_C23/NeuralTextures/599_585.mp4,1,599_585
data/raw/FaceForensics++_C23/Deepfakes/120_118.mp4,1,120_118
data/raw/FaceForensics++_C23/FaceShifter/916_783.mp4,1,916_783
data/raw/FaceForensics++_C23/FaceSwap/880_135.mp4,1,880_135
data/raw/FaceForensics++_C23/NeuralTextures/129_127.mp4,1,129_127
data/raw/FaceForensics++_C23/NeuralTextures/819_786.mp4,1,819_786
data/raw/FaceForensics++_C23/FaceSwap/194_235.mp4,1,194_235
data/raw/FaceForensics++_C23/Face2Face/230_204.mp4,1,230_204
data/raw/FaceForensics++_C23/FaceShifter/760_611.mp4,1,760_611
data/raw/FaceForensics++_C23/original/537.mp4,0,537
data/raw/FaceForensics++_C23/original/574.mp4,0,574
data/raw/FaceForensics++_C23/original/952.mp4,0,952
data/raw/FaceForensics++_C23/FaceSwap/306_278.mp4,1,306_278
data/raw/FaceForensics++_C23/Deepfakes/134_192.mp4,1,134_192
data/raw/FaceForensics++_C23/FaceSwap/483_370.mp4,1,483_370
data/raw/FaceForensics++_C23/FaceShifter/579_701.mp4,1,579_701
data/raw/FaceForensics++_C23/FaceShifter/840_800.mp4,1,840_800
data/raw/FaceForensics++_C23/FaceSwap/792_903.mp4,1,792_903
data/raw/FaceForensics++_C23/original/716.mp4,0,716
data/raw/FaceForensics++_C23/FaceShifter/218_239.mp4,1,218_239
data/raw/FaceForensics++_C23/Deepfakes/511_472.mp4,1,511_472
data/raw/FaceForensics++_C23/original/984.mp4,0,984
data/raw/FaceForensics++_C23/Deepfakes/062_066.mp4,1,062_066
data/raw/FaceForensics++_C23/Face2Face/553_545.mp4,1,553_545
data/raw/FaceForensics++_C23/FaceSwap/770_791.mp4,1,770_791
data/raw/FaceForensics++_C23/original/216.mp4,0,216
data/raw/FaceForensics++_C23/original/588.mp4,0,588
data/raw/FaceForensics++_C23/Face2Face/718_972.mp4,1,718_972
data/raw/FaceForensics++_C23/FaceShifter/860_905.mp4,1,860_905
data/raw/FaceForensics++_C23/NeuralTextures/370_483.mp4,1,370_483
data/raw/FaceForensics++_C23/FaceShifter/095_053.mp4,1,095_053
data/raw/FaceForensics++_C23/Deepfakes/679_665.mp4,1,679_665
data/raw/FaceForensics++_C23/FaceSwap/686_696.mp4,1,686_696
data/raw/FaceForensics++_C23/Face2Face/211_177.mp4,1,211_177
data/raw/FaceForensics++_C23/Deepfakes/122_144.mp4,1,122_144
data/raw/FaceForensics++_C23/FaceShifter/641_662.mp4,1,641_662
data/raw/FaceForensics++_C23/FaceSwap/085_124.mp4,1,085_124
data/raw/FaceForensics++_C23/NeuralTextures/077_100.mp4,1,077_100
data/raw/FaceForensics++_C23/NeuralTextures/917_924.mp4,1,917_924
data/raw/FaceForensics++_C23/FaceSwap/176_190.mp4,1,176_190
data/raw/FaceForensics++_C23/Face2Face/210_241.mp4,1,210_241
data/raw/FaceForensics++_C23/Deepfakes/567_606.mp4,1,567_606
data/raw/FaceForensics++_C23/FaceSwap/429_404.mp4,1,429_404
data/raw/FaceForensics++_C23/Deepfakes/548_632.mp4,1,548_632
data/raw/FaceForensics++_C23/Deepfakes/864_839.mp4,1,864_839
data/raw/FaceForensics++_C23/NeuralTextures/539_499.mp4,1,539_499
data/raw/FaceForensics++_C23/Face2Face/392_339.mp4,1,392_339
data/raw/FaceForensics++_C23/original/725.mp4,0,725
data/raw/FaceForensics++_C23/FaceShifter/402_453.mp4,1,402_453
data/raw/FaceForensics++_C23/FaceSwap/984_967.mp4,1,984_967
data/raw/FaceForensics++_C23/FaceShifter/057_070.mp4,1,057_070
data/raw/FaceForensics++_C23/NeuralTextures/770_791.mp4,1,770_791
data/raw/FaceForensics++_C23/Deepfakes/720_672.mp4,1,720_672
data/raw/FaceForensics++_C23/FaceSwap/837_890.mp4,1,837_890
data/raw/FaceForensics++_C23/FaceShifter/882_952.mp4,1,882_952
data/raw/FaceForensics++_C23/Deepfakes/690_689.mp4,1,690_689
data/raw/FaceForensics++_C23/Deepfakes/602_397.mp4,1,602_397
data/raw/FaceForensics++_C23/FaceShifter/215_208.mp4,1,215_208
data/raw/FaceForensics++_C23/NeuralTextures/967_984.mp4,1,967_984
data/raw/FaceForensics++_C23/original/375.mp4,0,375
data/raw/FaceForensics++_C23/original/015.mp4,0,015
data/raw/FaceForensics++_C23/original/577.mp4,0,577
data/raw/FaceForensics++_C23/Deepfakes/503_756.mp4,1,503_756
data/raw/FaceForensics++_C23/NeuralTextures/502_504.mp4,1,502_504
data/raw/FaceForensics++_C23/Deepfakes/318_334.mp4,1,318_334
data/raw/FaceForensics++_C23/original/878.mp4,0,878
data/raw/FaceForensics++_C23/original/513.mp4,0,513
data/raw/FaceForensics++_C23/Deepfakes/274_412.mp4,1,274_412
data/raw/FaceForensics++_C23/original/155.mp4,0,155
data/raw/FaceForensics++_C23/FaceSwap/620_619.mp4,1,620_619
data/raw/FaceForensics++_C23/Face2Face/361_448.mp4,1,361_448
data/raw/FaceForensics++_C23/NeuralTextures/195_442.mp4,1,195_442
data/raw/FaceForensics++_C23/Face2Face/526_436.mp4,1,526_436
data/raw/FaceForensics++_C23/FaceShifter/366_473.mp4,1,366_473
data/raw/FaceForensics++_C23/FaceSwap/375_251.mp4,1,375_251
data/raw/FaceForensics++_C23/NeuralTextures/160_928.mp4,1,160_928
data/raw/FaceForensics++_C23/FaceShifter/291_874.mp4,1,291_874
data/raw/FaceForensics++_C23/FaceSwap/288_321.mp4,1,288_321
data/raw/FaceForensics++_C23/FaceSwap/875_979.mp4,1,875_979
data/raw/FaceForensics++_C23/FaceSwap/558_583.mp4,1,558_583
data/raw/FaceForensics++_C23/original/157.mp4,0,157
data/raw/FaceForensics++_C23/Deepfakes/945_044.mp4,1,945_044
data/raw/FaceForensics++_C23/NeuralTextures/716_712.mp4,1,716_712
data/raw/FaceForensics++_C23/original/781.mp4,0,781
data/raw/FaceForensics++_C23/Deepfakes/295_099.mp4,1,295_099
data/raw/FaceForensics++_C23/FaceSwap/166_167.mp4,1,166_167
data/raw/FaceForensics++_C23/FaceShifter/182_242.mp4,1,182_242
data/raw/FaceForensics++_C23/Deepfakes/298_279.mp4,1,298_279
data/raw/FaceForensics++_C23/Deepfakes/068_028.mp4,1,068_028
data/raw/FaceForensics++_C23/NeuralTextures/392_339.mp4,1,392_339
data/raw/FaceForensics++_C23/Deepfakes/736_785.mp4,1,736_785
data/raw/FaceForensics++_C23/FaceSwap/475_265.mp4,1,475_265
data/raw/FaceForensics++_C23/NeuralTextures/266_252.mp4,1,266_252
data/raw/FaceForensics++_C23/FaceShifter/988_966.mp4,1,988_966
data/raw/FaceForensics++_C23/FaceSwap/646_643.mp4,1,646_643
data/raw/FaceForensics++_C23/Face2Face/503_756.mp4,1,503_756
data/raw/FaceForensics++_C23/FaceShifter/072_037.mp4,1,072_037
data/raw/FaceForensics++_C23/Deepfakes/150_153.mp4,1,150_153
data/raw/FaceForensics++_C23/Deepfakes/756_503.mp4,1,756_503
data/raw/FaceForensics++_C23/original/898.mp4,0,898
data/raw/FaceForensics++_C23/FaceSwap/501_326.mp4,1,501_326
data/raw/FaceForensics++_C23/Face2Face/703_604.mp4,1,703_604
data/raw/FaceForensics++_C23/original/466.mp4,0,466
data/raw/FaceForensics++_C23/FaceShifter/104_126.mp4,1,104_126
data/raw/FaceForensics++_C23/Deepfakes/169_227.mp4,1,169_227
data/raw/FaceForensics++_C23/FaceShifter/154_386.mp4,1,154_386
data/raw/FaceForensics++_C23/Deepfakes/376_381.mp4,1,376_381
data/raw/FaceForensics++_C23/FaceShifter/025_067.mp4,1,025_067
data/raw/FaceForensics++_C23/Deepfakes/859_843.mp4,1,859_843
data/raw/FaceForensics++_C23/FaceShifter/687_615.mp4,1,687_615
data/raw/FaceForensics++_C23/original/035.mp4,0,035
data/raw/FaceForensics++_C23/original/348.mp4,0,348
data/raw/FaceForensics++_C23/Deepfakes/378_368.mp4,1,378_368
data/raw/FaceForensics++_C23/NeuralTextures/783_916.mp4,1,783_916
data/raw/FaceForensics++_C23/original/456.mp4,0,456
data/raw/FaceForensics++_C23/Face2Face/294_292.mp4,1,294_292
data/raw/FaceForensics++_C23/NeuralTextures/971_564.mp4,1,971_564
data/raw/FaceForensics++_C23/Face2Face/432_357.mp4,1,432_357
data/raw/FaceForensics++_C23/original/325.mp4,0,325
data/raw/FaceForensics++_C23/original/859.mp4,0,859
data/raw/FaceForensics++_C23/FaceShifter/942_943.mp4,1,942_943
data/raw/FaceForensics++_C23/Face2Face/779_794.mp4,1,779_794
data/raw/FaceForensics++_C23/FaceSwap/388_308.mp4,1,388_308
data/raw/FaceForensics++_C23/original/162.mp4,0,162
data/raw/FaceForensics++_C23/original/135.mp4,0,135
data/raw/FaceForensics++_C23/FaceSwap/543_559.mp4,1,543_559
data/raw/FaceForensics++_C23/Deepfakes/841_639.mp4,1,841_639
data/raw/FaceForensics++_C23/FaceShifter/572_554.mp4,1,572_554
data/raw/FaceForensics++_C23/Face2Face/189_200.mp4,1,189_200
data/raw/FaceForensics++_C23/Deepfakes/175_159.mp4,1,175_159
data/raw/FaceForensics++_C23/NeuralTextures/775_742.mp4,1,775_742
data/raw/FaceForensics++_C23/Deepfakes/927_912.mp4,1,927_912
data/raw/FaceForensics++_C23/FaceSwap/258_246.mp4,1,258_246
data/raw/FaceForensics++_C23/Deepfakes/045_889.mp4,1,045_889
data/raw/FaceForensics++_C23/Face2Face/260_331.mp4,1,260_331
data/raw/FaceForensics++_C23/Face2Face/096_101.mp4,1,096_101
data/raw/FaceForensics++_C23/Face2Face/443_514.mp4,1,443_514
data/raw/FaceForensics++_C23/FaceShifter/107_109.mp4,1,107_109
data/raw/FaceForensics++_C23/original/003.mp4,0,003
data/raw/FaceForensics++_C23/Face2Face/187_234.mp4,1,187_234
data/raw/FaceForensics++_C23/original/093.mp4,0,093
data/raw/FaceForensics++_C23/FaceSwap/787_782.mp4,1,787_782
data/raw/FaceForensics++_C23/Face2Face/030_193.mp4,1,030_193
data/raw/FaceForensics++_C23/NeuralTextures/817_827.mp4,1,817_827
data/raw/FaceForensics++_C23/Deepfakes/300_304.mp4,1,300_304
data/raw/FaceForensics++_C23/FaceShifter/523_541.mp4,1,523_541
data/raw/FaceForensics++_C23/Face2Face/472_511.mp4,1,472_511
data/raw/FaceForensics++_C23/Deepfakes/283_313.mp4,1,283_313
data/raw/FaceForensics++_C23/NeuralTextures/382_409.mp4,1,382_409
data/raw/FaceForensics++_C23/FaceShifter/480_389.mp4,1,480_389
data/raw/FaceForensics++_C23/NeuralTextures/755_759.mp4,1,755_759
data/raw/FaceForensics++_C23/FaceSwap/346_351.mp4,1,346_351
data/raw/FaceForensics++_C23/Face2Face/813_700.mp4,1,813_700
data/raw/FaceForensics++_C23/FaceSwap/887_275.mp4,1,887_275
data/raw/FaceForensics++_C23/NeuralTextures/313_283.mp4,1,313_283
data/raw/FaceForensics++_C23/NeuralTextures/141_161.mp4,1,141_161
data/raw/FaceForensics++_C23/original/061.mp4,0,061
data/raw/FaceForensics++_C23/NeuralTextures/827_817.mp4,1,827_817
data/raw/FaceForensics++_C23/FaceShifter/932_384.mp4,1,932_384
data/raw/FaceForensics++_C23/FaceShifter/119_123.mp4,1,119_123
data/raw/FaceForensics++_C23/original/657.mp4,0,657
data/raw/FaceForensics++_C23/NeuralTextures/814_871.mp4,1,814_871
data/raw/FaceForensics++_C23/FaceSwap/807_273.mp4,1,807_273
data/raw/FaceForensics++_C23/original/705.mp4,0,705
data/raw/FaceForensics++_C23/original/774.mp4,0,774
data/raw/FaceForensics++_C23/FaceShifter/330_162.mp4,1,330_162
data/raw/FaceForensics++_C23/FaceShifter/029_048.mp4,1,029_048
data/raw/FaceForensics++_C23/original/464.mp4,0,464
data/raw/FaceForensics++_C23/Deepfakes/257_420.mp4,1,257_420
data/raw/FaceForensics++_C23/Deepfakes/507_418.mp4,1,507_418
data/raw/FaceForensics++_C23/Face2Face/942_943.mp4,1,942_943
data/raw/FaceForensics++_C23/Deepfakes/099_295.mp4,1,099_295
data/raw/FaceForensics++_C23/FaceShifter/955_078.mp4,1,955_078
data/raw/FaceForensics++_C23/Deepfakes/744_674.mp4,1,744_674
data/raw/FaceForensics++_C23/NeuralTextures/570_624.mp4,1,570_624
data/raw/FaceForensics++_C23/original/552.mp4,0,552
data/raw/FaceForensics++_C23/Face2Face/375_251.mp4,1,375_251
data/raw/FaceForensics++_C23/FaceSwap/866_878.mp4,1,866_878
data/raw/FaceForensics++_C23/FaceSwap/819_786.mp4,1,819_786
data/raw/FaceForensics++_C23/FaceSwap/682_669.mp4,1,682_669
data/raw/FaceForensics++_C23/Face2Face/954_976.mp4,1,954_976
data/raw/FaceForensics++_C23/NeuralTextures/746_571.mp4,1,746_571
data/raw/FaceForensics++_C23/Face2Face/157_245.mp4,1,157_245
data/raw/FaceForensics++_C23/NeuralTextures/368_378.mp4,1,368_378
data/raw/FaceForensics++_C23/FaceSwap/365_307.mp4,1,365_307
data/raw/FaceForensics++_C23/NeuralTextures/905_860.mp4,1,905_860
data/raw/FaceForensics++_C23/Face2Face/437_360.mp4,1,437_360
data/raw/FaceForensics++_C23/Deepfakes/366_473.mp4,1,366_473
data/raw/FaceForensics++_C23/NeuralTextures/813_700.mp4,1,813_700
data/raw/FaceForensics++_C23/FaceShifter/941_940.mp4,1,941_940
data/raw/FaceForensics++_C23/Deepfakes/402_453.mp4,1,402_453
data/raw/FaceForensics++_C23/NeuralTextures/644_657.mp4,1,644_657
data/raw/FaceForensics++_C23/original/654.mp4,0,654
data/raw/FaceForensics++_C23/Deepfakes/949_868.mp4,1,949_868
data/raw/FaceForensics++_C23/FaceShifter/781_806.mp4,1,781_806
data/raw/FaceForensics++_C23/Deepfakes/019_018.mp4,1,019_018
data/raw/FaceForensics++_C23/Deepfakes/229_247.mp4,1,229_247
data/raw/FaceForensics++_C23/NeuralTextures/187_234.mp4,1,187_234
data/raw/FaceForensics++_C23/Deepfakes/668_664.mp4,1,668_664
data/raw/FaceForensics++_C23/Deepfakes/218_239.mp4,1,218_239
data/raw/FaceForensics++_C23/original/007.mp4,0,007
data/raw/FaceForensics++_C23/NeuralTextures/024_073.mp4,1,024_073
data/raw/FaceForensics++_C23/FaceSwap/571_746.mp4,1,571_746
data/raw/FaceForensics++_C23/FaceShifter/513_305.mp4,1,513_305
data/raw/FaceForensics++_C23/NeuralTextures/390_709.mp4,1,390_709
data/raw/FaceForensics++_C23/Deepfakes/585_599.mp4,1,585_599
data/raw/FaceForensics++_C23/Face2Face/912_927.mp4,1,912_927
data/raw/FaceForensics++_C23/original/377.mp4,0,377
data/raw/FaceForensics++_C23/NeuralTextures/431_447.mp4,1,431_447
data/raw/FaceForensics++_C23/NeuralTextures/347_314.mp4,1,347_314
data/raw/FaceForensics++_C23/FaceSwap/829_808.mp4,1,829_808
data/raw/FaceForensics++_C23/FaceSwap/479_706.mp4,1,479_706
data/raw/FaceForensics++_C23/NeuralTextures/577_593.mp4,1,577_593
data/raw/FaceForensics++_C23/Deepfakes/777_745.mp4,1,777_745
data/raw/FaceForensics++_C23/FaceShifter/314_347.mp4,1,314_347
data/raw/FaceForensics++_C23/Face2Face/018_019.mp4,1,018_019
data/raw/FaceForensics++_C23/Face2Face/606_567.mp4,1,606_567
data/raw/FaceForensics++_C23/FaceShifter/505_600.mp4,1,505_600
data/raw/FaceForensics++_C23/FaceShifter/807_273.mp4,1,807_273
data/raw/FaceForensics++_C23/NeuralTextures/588_556.mp4,1,588_556
data/raw/FaceForensics++_C23/FaceSwap/213_083.mp4,1,213_083
data/raw/FaceForensics++_C23/Face2Face/491_226.mp4,1,491_226
data/raw/FaceForensics++_C23/NeuralTextures/984_967.mp4,1,984_967
data/raw/FaceForensics++_C23/original/247.mp4,0,247
data/raw/FaceForensics++_C23/NeuralTextures/340_341.mp4,1,340_341
data/raw/FaceForensics++_C23/FaceSwap/660_634.mp4,1,660_634
data/raw/FaceForensics++_C23/NeuralTextures/487_477.mp4,1,487_477
data/raw/FaceForensics++_C23/FaceShifter/877_886.mp4,1,877_886
data/raw/FaceForensics++_C23/Face2Face/593_577.mp4,1,593_577
data/raw/FaceForensics++_C23/Deepfakes/517_521.mp4,1,517_521
data/raw/FaceForensics++_C23/Deepfakes/321_288.mp4,1,321_288
data/raw/FaceForensics++_C23/original/264.mp4,0,264
data/raw/FaceForensics++_C23/original/635.mp4,0,635
data/raw/FaceForensics++_C23/NeuralTextures/099_295.mp4,1,099_295
data/raw/FaceForensics++_C23/FaceSwap/689_690.mp4,1,689_690
data/raw/FaceForensics++_C23/Deepfakes/217_117.mp4,1,217_117
data/raw/FaceForensics++_C23/FaceShifter/655_444.mp4,1,655_444
data/raw/FaceForensics++_C23/FaceShifter/388_308.mp4,1,388_308
data/raw/FaceForensics++_C23/Deepfakes/360_437.mp4,1,360_437
data/raw/FaceForensics++_C23/NeuralTextures/375_251.mp4,1,375_251
data/raw/FaceForensics++_C23/FaceSwap/336_338.mp4,1,336_338
data/raw/FaceForensics++_C23/FaceSwap/010_005.mp4,1,010_005
data/raw/FaceForensics++_C23/FaceShifter/318_334.mp4,1,318_334
data/raw/FaceForensics++_C23/Face2Face/052_108.mp4,1,052_108
data/raw/FaceForensics++_C23/original/140.mp4,0,140
data/raw/FaceForensics++_C23/Deepfakes/759_755.mp4,1,759_755
data/raw/FaceForensics++_C23/NeuralTextures/667_446.mp4,1,667_446
data/raw/FaceForensics++_C23/original/277.mp4,0,277
data/raw/FaceForensics++_C23/original/995.mp4,0,995
data/raw/FaceForensics++_C23/Face2Face/426_287.mp4,1,426_287
data/raw/FaceForensics++_C23/NeuralTextures/407_374.mp4,1,407_374
data/raw/FaceForensics++_C23/FaceSwap/697_581.mp4,1,697_581
data/raw/FaceForensics++_C23/Deepfakes/214_255.mp4,1,214_255
data/raw/FaceForensics++_C23/Face2Face/614_616.mp4,1,614_616
data/raw/FaceForensics++_C23/NeuralTextures/675_608.mp4,1,675_608
data/raw/FaceForensics++_C23/Face2Face/717_684.mp4,1,717_684
data/raw/FaceForensics++_C23/FaceShifter/741_731.mp4,1,741_731
data/raw/FaceForensics++_C23/FaceShifter/053_095.mp4,1,053_095
data/raw/FaceForensics++_C23/FaceShifter/998_561.mp4,1,998_561
data/raw/FaceForensics++_C23/Face2Face/983_113.mp4,1,983_113
data/raw/FaceForensics++_C23/Face2Face/702_612.mp4,1,702_612
data/raw/FaceForensics++_C23/FaceSwap/101_096.mp4,1,101_096
data/raw/FaceForensics++_C23/FaceSwap/034_590.mp4,1,034_590
data/raw/FaceForensics++_C23/original/327.mp4,0,327
data/raw/FaceForensics++_C23/Deepfakes/196_310.mp4,1,196_310
data/raw/FaceForensics++_C23/Deepfakes/725_724.mp4,1,725_724
data/raw/FaceForensics++_C23/FaceSwap/918_934.mp4,1,918_934
data/raw/FaceForensics++_C23/Face2Face/512_495.mp4,1,512_495
data/raw/FaceForensics++_C23/FaceShifter/623_630.mp4,1,623_630
data/raw/FaceForensics++_C23/NeuralTextures/538_493.mp4,1,538_493
data/raw/FaceForensics++_C23/NeuralTextures/695_422.mp4,1,695_422
data/raw/FaceForensics++_C23/Face2Face/056_996.mp4,1,056_996
data/raw/FaceForensics++_C23/NeuralTextures/993_989.mp4,1,993_989
data/raw/FaceForensics++_C23/Deepfakes/887_275.mp4,1,887_275
data/raw/FaceForensics++_C23/FaceShifter/698_693.mp4,1,698_693
data/raw/FaceForensics++_C23/Face2Face/092_098.mp4,1,092_098
data/raw/FaceForensics++_C23/original/097.mp4,0,097
data/raw/FaceForensics++_C23/NeuralTextures/125_038.mp4,1,125_038
data/raw/FaceForensics++_C23/Deepfakes/568_628.mp4,1,568_628
data/raw/FaceForensics++_C23/Deepfakes/516_555.mp4,1,516_555
data/raw/FaceForensics++_C23/FaceSwap/628_568.mp4,1,628_568
data/raw/FaceForensics++_C23/NeuralTextures/829_808.mp4,1,829_808
data/raw/FaceForensics++_C23/FaceShifter/149_152.mp4,1,149_152
data/raw/FaceForensics++_C23/Deepfakes/139_130.mp4,1,139_130
data/raw/FaceForensics++_C23/original/829.mp4,0,829
data/raw/FaceForensics++_C23/original/274.mp4,0,274
data/raw/FaceForensics++_C23/FaceShifter/284_263.mp4,1,284_263
data/raw/FaceForensics++_C23/original/010.mp4,0,010
data/raw/FaceForensics++_C23/Face2Face/149_152.mp4,1,149_152
data/raw/FaceForensics++_C23/NeuralTextures/048_029.mp4,1,048_029
data/raw/FaceForensics++_C23/FaceShifter/498_433.mp4,1,498_433
data/raw/FaceForensics++_C23/FaceShifter/273_807.mp4,1,273_807
data/raw/FaceForensics++_C23/FaceShifter/526_436.mp4,1,526_436
data/raw/FaceForensics++_C23/Deepfakes/463_464.mp4,1,463_464
data/raw/FaceForensics++_C23/FaceSwap/307_365.mp4,1,307_365
data/raw/FaceForensics++_C23/FaceSwap/132_007.mp4,1,132_007
data/raw/FaceForensics++_C23/NeuralTextures/985_981.mp4,1,985_981
data/raw/FaceForensics++_C23/Deepfakes/594_530.mp4,1,594_530
data/raw/FaceForensics++_C23/FaceSwap/080_061.mp4,1,080_061
data/raw/FaceForensics++_C23/Face2Face/807_273.mp4,1,807_273
data/raw/FaceForensics++_C23/original/136.mp4,0,136
data/raw/FaceForensics++_C23/Deepfakes/450_533.mp4,1,450_533
data/raw/FaceForensics++_C23/FaceSwap/043_110.mp4,1,043_110
data/raw/FaceForensics++_C23/original/826.mp4,0,826
data/raw/FaceForensics++_C23/Deepfakes/518_131.mp4,1,518_131
data/raw/FaceForensics++_C23/FaceShifter/522_337.mp4,1,522_337
data/raw/FaceForensics++_C23/Deepfakes/312_021.mp4,1,312_021
data/raw/FaceForensics++_C23/original/887.mp4,0,887
data/raw/FaceForensics++_C23/NeuralTextures/483_370.mp4,1,483_370
data/raw/FaceForensics++_C23/FaceShifter/647_622.mp4,1,647_622
data/raw/FaceForensics++_C23/FaceSwap/437_360.mp4,1,437_360
data/raw/FaceForensics++_C23/Face2Face/174_964.mp4,1,174_964
data/raw/FaceForensics++_C23/FaceSwap/532_544.mp4,1,532_544
data/raw/FaceForensics++_C23/Deepfakes/451_449.mp4,1,451_449
data/raw/FaceForensics++_C23/original/037.mp4,0,037
data/raw/FaceForensics++_C23/FaceSwap/424_408.mp4,1,424_408
data/raw/FaceForensics++_C23/Face2Face/112_892.mp4,1,112_892
data/raw/FaceForensics++_C23/NeuralTextures/844_797.mp4,1,844_797
data/raw/FaceForensics++_C23/Face2Face/578_636.mp4,1,578_636
data/raw/FaceForensics++_C23/Deepfakes/890_837.mp4,1,890_837
data/raw/FaceForensics++_C23/Face2Face/615_687.mp4,1,615_687
data/raw/FaceForensics++_C23/NeuralTextures/348_202.mp4,1,348_202
data/raw/FaceForensics++_C23/FaceSwap/979_875.mp4,1,979_875
data/raw/FaceForensics++_C23/original/680.mp4,0,680
data/raw/FaceForensics++_C23/original/839.mp4,0,839
data/raw/FaceForensics++_C23/FaceShifter/925_933.mp4,1,925_933
data/raw/FaceForensics++_C23/Face2Face/263_284.mp4,1,263_284
data/raw/FaceForensics++_C23/original/615.mp4,0,615
data/raw/FaceForensics++_C23/Deepfakes/999_960.mp4,1,999_960
data/raw/FaceForensics++_C23/FaceSwap/761_766.mp4,1,761_766
data/raw/FaceForensics++_C23/Face2Face/359_317.mp4,1,359_317
data/raw/FaceForensics++_C23/original/994.mp4,0,994
data/raw/FaceForensics++_C23/Face2Face/476_400.mp4,1,476_400
data/raw/FaceForensics++_C23/Deepfakes/192_134.mp4,1,192_134
data/raw/FaceForensics++_C23/NeuralTextures/692_610.mp4,1,692_610
data/raw/FaceForensics++_C23/original/398.mp4,0,398
data/raw/FaceForensics++_C23/FaceShifter/792_903.mp4,1,792_903
data/raw/FaceForensics++_C23/original/001.mp4,0,001
data/raw/FaceForensics++_C23/FaceShifter/407_374.mp4,1,407_374
data/raw/FaceForensics++_C23/original/057.mp4,0,057
data/raw/FaceForensics++_C23/Face2Face/874_291.mp4,1,874_291
data/raw/FaceForensics++_C23/original/300.mp4,0,300
data/raw/FaceForensics++_C23/Face2Face/338_336.mp4,1,338_336
data/raw/FaceForensics++_C23/FaceSwap/477_487.mp4,1,477_487
data/raw/FaceForensics++_C23/NeuralTextures/842_714.mp4,1,842_714
data/raw/FaceForensics++_C23/FaceSwap/871_814.mp4,1,871_814
data/raw/FaceForensics++_C23/FaceShifter/805_011.mp4,1,805_011
data/raw/FaceForensics++_C23/original/899.mp4,0,899
data/raw/FaceForensics++_C23/Face2Face/293_296.mp4,1,293_296
data/raw/FaceForensics++_C23/original/285.mp4,0,285
data/raw/FaceForensics++_C23/NeuralTextures/512_495.mp4,1,512_495
data/raw/FaceForensics++_C23/original/617.mp4,0,617
data/raw/FaceForensics++_C23/FaceSwap/519_515.mp4,1,519_515
data/raw/FaceForensics++_C23/FaceShifter/664_668.mp4,1,664_668
data/raw/FaceForensics++_C23/Face2Face/907_795.mp4,1,907_795
data/raw/FaceForensics++_C23/FaceSwap/758_754.mp4,1,758_754
data/raw/FaceForensics++_C23/NeuralTextures/153_150.mp4,1,153_150
data/raw/FaceForensics++_C23/Deepfakes/368_378.mp4,1,368_378
data/raw/FaceForensics++_C23/Face2Face/937_888.mp4,1,937_888
data/raw/FaceForensics++_C23/FaceSwap/573_757.mp4,1,573_757
data/raw/FaceForensics++_C23/Face2Face/151_225.mp4,1,151_225
data/raw/FaceForensics++_C23/NeuralTextures/921_569.mp4,1,921_569
data/raw/FaceForensics++_C23/NeuralTextures/012_026.mp4,1,012_026
data/raw/FaceForensics++_C23/FaceShifter/351_346.mp4,1,351_346
data/raw/FaceForensics++_C23/NeuralTextures/051_332.mp4,1,051_332
data/raw/FaceForensics++_C23/original/660.mp4,0,660
data/raw/FaceForensics++_C23/FaceSwap/555_516.mp4,1,555_516
data/raw/FaceForensics++_C23/Face2Face/872_873.mp4,1,872_873
data/raw/FaceForensics++_C23/original/902.mp4,0,902
data/raw/FaceForensics++_C23/Deepfakes/191_188.mp4,1,191_188
data/raw/FaceForensics++_C23/FaceShifter/440_364.mp4,1,440_364
data/raw/FaceForensics++_C23/Deepfakes/108_052.mp4,1,108_052
data/raw/FaceForensics++_C23/Deepfakes/174_964.mp4,1,174_964
data/raw/FaceForensics++_C23/FaceSwap/169_227.mp4,1,169_227
data/raw/FaceForensics++_C23/FaceSwap/352_319.mp4,1,352_319
data/raw/FaceForensics++_C23/FaceSwap/834_852.mp4,1,834_852
data/raw/FaceForensics++_C23/Face2Face/598_178.mp4,1,598_178
data/raw/FaceForensics++_C23/Face2Face/360_437.mp4,1,360_437
data/raw/FaceForensics++_C23/FaceShifter/103_082.mp4,1,103_082
data/raw/FaceForensics++_C23/original/219.mp4,0,219
data/raw/FaceForensics++_C23/original/840.mp4,0,840
data/raw/FaceForensics++_C23/original/043.mp4,0,043
data/raw/FaceForensics++_C23/FaceSwap/580_524.mp4,1,580_524
data/raw/FaceForensics++_C23/Face2Face/164_216.mp4,1,164_216
data/raw/FaceForensics++_C23/FaceSwap/678_460.mp4,1,678_460
data/raw/FaceForensics++_C23/original/284.mp4,0,284
data/raw/FaceForensics++_C23/Face2Face/661_670.mp4,1,661_670
data/raw/FaceForensics++_C23/Deepfakes/508_831.mp4,1,508_831
data/raw/FaceForensics++_C23/Deepfakes/166_167.mp4,1,166_167
data/raw/FaceForensics++_C23/FaceShifter/787_782.mp4,1,787_782
data/raw/FaceForensics++_C23/original/521.mp4,0,521
data/raw/FaceForensics++_C23/FaceShifter/254_261.mp4,1,254_261
data/raw/FaceForensics++_C23/FaceSwap/961_069.mp4,1,961_069
data/raw/FaceForensics++_C23/Deepfakes/103_082.mp4,1,103_082
data/raw/FaceForensics++_C23/FaceShifter/412_274.mp4,1,412_274
data/raw/FaceForensics++_C23/NeuralTextures/925_933.mp4,1,925_933
data/raw/FaceForensics++_C23/NeuralTextures/881_856.mp4,1,881_856
data/raw/FaceForensics++_C23/Face2Face/752_751.mp4,1,752_751
data/raw/FaceForensics++_C23/original/354.mp4,0,354
data/raw/FaceForensics++_C23/original/103.mp4,0,103
data/raw/FaceForensics++_C23/Face2Face/658_627.mp4,1,658_627
data/raw/FaceForensics++_C23/Deepfakes/152_149.mp4,1,152_149
data/raw/FaceForensics++_C23/FaceShifter/586_223.mp4,1,586_223
data/raw/FaceForensics++_C23/Face2Face/583_558.mp4,1,583_558
data/raw/FaceForensics++_C23/FaceShifter/177_211.mp4,1,177_211
data/raw/FaceForensics++_C23/original/969.mp4,0,969
data/raw/FaceForensics++_C23/NeuralTextures/889_045.mp4,1,889_045
data/raw/FaceForensics++_C23/FaceShifter/114_102.mp4,1,114_102
data/raw/FaceForensics++_C23/FaceShifter/646_643.mp4,1,646_643
data/raw/FaceForensics++_C23/Face2Face/822_244.mp4,1,822_244
data/raw/FaceForensics++_C23/original/069.mp4,0,069
data/raw/FaceForensics++_C23/FaceSwap/126_104.mp4,1,126_104
data/raw/FaceForensics++_C23/Deepfakes/309_303.mp4,1,309_303
data/raw/FaceForensics++_C23/original/791.mp4,0,791
data/raw/FaceForensics++_C23/FaceShifter/431_447.mp4,1,431_447
data/raw/FaceForensics++_C23/FaceShifter/570_624.mp4,1,570_624
data/raw/FaceForensics++_C23/Deepfakes/495_512.mp4,1,495_512
data/raw/FaceForensics++_C23/Deepfakes/205_184.mp4,1,205_184
data/raw/FaceForensics++_C23/Face2Face/434_438.mp4,1,434_438
data/raw/FaceForensics++_C23/Face2Face/135_880.mp4,1,135_880
data/raw/FaceForensics++_C23/Deepfakes/868_949.mp4,1,868_949
data/raw/FaceForensics++_C23/Deepfakes/305_513.mp4,1,305_513
data/raw/FaceForensics++_C23/Face2Face/849_771.mp4,1,849_771
data/raw/FaceForensics++_C23/FaceShifter/236_237.mp4,1,236_237
data/raw/FaceForensics++_C23/Face2Face/988_966.mp4,1,988_966
data/raw/FaceForensics++_C23/original/967.mp4,0,967
data/raw/FaceForensics++_C23/Face2Face/534_490.mp4,1,534_490
data/raw/FaceForensics++_C23/Deepfakes/843_859.mp4,1,843_859
data/raw/FaceForensics++_C23/Face2Face/987_938.mp4,1,987_938
data/raw/FaceForensics++_C23/original/595.mp4,0,595
data/raw/FaceForensics++_C23/FaceSwap/841_639.mp4,1,841_639
data/raw/FaceForensics++_C23/FaceShifter/536_540.mp4,1,536_540
data/raw/FaceForensics++_C23/original/280.mp4,0,280
data/raw/FaceForensics++_C23/Face2Face/538_493.mp4,1,538_493
data/raw/FaceForensics++_C23/Deepfakes/211_177.mp4,1,211_177
data/raw/FaceForensics++_C23/Face2Face/957_959.mp4,1,957_959
data/raw/FaceForensics++_C23/FaceSwap/721_715.mp4,1,721_715
data/raw/FaceForensics++_C23/NeuralTextures/704_723.mp4,1,704_723
data/raw/FaceForensics++_C23/FaceShifter/707_705.mp4,1,707_705
data/raw/FaceForensics++_C23/Face2Face/349_350.mp4,1,349_350
data/raw/FaceForensics++_C23/NeuralTextures/308_388.mp4,1,308_388
data/raw/FaceForensics++_C23/NeuralTextures/587_535.mp4,1,587_535
data/raw/FaceForensics++_C23/Deepfakes/680_486.mp4,1,680_486
data/raw/FaceForensics++_C23/Deepfakes/180_105.mp4,1,180_105
data/raw/FaceForensics++_C23/FaceSwap/757_573.mp4,1,757_573
data/raw/FaceForensics++_C23/FaceShifter/226_491.mp4,1,226_491
data/raw/FaceForensics++_C23/FaceSwap/290_240.mp4,1,290_240
data/raw/FaceForensics++_C23/Deepfakes/278_306.mp4,1,278_306
data/raw/FaceForensics++_C23/Deepfakes/289_228.mp4,1,289_228
data/raw/FaceForensics++_C23/NeuralTextures/728_673.mp4,1,728_673
data/raw/FaceForensics++_C23/Deepfakes/993_989.mp4,1,993_989
data/raw/FaceForensics++_C23/original/090.mp4,0,090
data/raw/FaceForensics++_C23/original/038.mp4,0,038
data/raw/FaceForensics++_C23/NeuralTextures/712_716.mp4,1,712_716
data/raw/FaceForensics++_C23/NeuralTextures/806_781.mp4,1,806_781
data/raw/FaceForensics++_C23/Deepfakes/270_297.mp4,1,270_297
data/raw/FaceForensics++_C23/FaceShifter/304_300.mp4,1,304_300
data/raw/FaceForensics++_C23/NeuralTextures/895_915.mp4,1,895_915
data/raw/FaceForensics++_C23/original/832.mp4,0,832
data/raw/FaceForensics++_C23/original/805.mp4,0,805
data/raw/FaceForensics++_C23/Deepfakes/111_094.mp4,1,111_094
data/raw/FaceForensics++_C23/Face2Face/391_406.mp4,1,391_406
data/raw/FaceForensics++_C23/Deepfakes/220_219.mp4,1,220_219
data/raw/FaceForensics++_C23/original/203.mp4,0,203
data/raw/FaceForensics++_C23/Deepfakes/083_213.mp4,1,083_213
data/raw/FaceForensics++_C23/FaceSwap/433_498.mp4,1,433_498
data/raw/FaceForensics++_C23/Deepfakes/461_250.mp4,1,461_250
data/raw/FaceForensics++_C23/original/271.mp4,0,271
data/raw/FaceForensics++_C23/Deepfakes/551_631.mp4,1,551_631
data/raw/FaceForensics++_C23/original/040.mp4,0,040
data/raw/FaceForensics++_C23/NeuralTextures/694_767.mp4,1,694_767
data/raw/FaceForensics++_C23/FaceShifter/765_867.mp4,1,765_867
data/raw/FaceForensics++_C23/original/165.mp4,0,165
data/raw/FaceForensics++_C23/FaceShifter/952_882.mp4,1,952_882
data/raw/FaceForensics++_C23/Deepfakes/650_625.mp4,1,650_625
data/raw/FaceForensics++_C23/Deepfakes/708_772.mp4,1,708_772
data/raw/FaceForensics++_C23/NeuralTextures/743_750.mp4,1,743_750
data/raw/FaceForensics++_C23/FaceShifter/409_382.mp4,1,409_382
data/raw/FaceForensics++_C23/FaceShifter/414_385.mp4,1,414_385
data/raw/FaceForensics++_C23/Face2Face/424_408.mp4,1,424_408
data/raw/FaceForensics++_C23/Face2Face/216_164.mp4,1,216_164
data/raw/FaceForensics++_C23/NeuralTextures/576_155.mp4,1,576_155
data/raw/FaceForensics++_C23/Face2Face/924_917.mp4,1,924_917
data/raw/FaceForensics++_C23/NeuralTextures/909_857.mp4,1,909_857
data/raw/FaceForensics++_C23/FaceShifter/683_607.mp4,1,683_607
data/raw/FaceForensics++_C23/Deepfakes/314_347.mp4,1,314_347
data/raw/FaceForensics++_C23/FaceShifter/728_673.mp4,1,728_673
data/raw/FaceForensics++_C23/Face2Face/427_637.mp4,1,427_637
data/raw/FaceForensics++_C23/original/074.mp4,0,074
data/raw/FaceForensics++_C23/NeuralTextures/753_789.mp4,1,753_789
data/raw/FaceForensics++_C23/NeuralTextures/119_123.mp4,1,119_123
data/raw/FaceForensics++_C23/FaceSwap/864_839.mp4,1,864_839
data/raw/FaceForensics++_C23/FaceSwap/214_255.mp4,1,214_255
data/raw/FaceForensics++_C23/NeuralTextures/414_385.mp4,1,414_385
data/raw/FaceForensics++_C23/FaceSwap/827_817.mp4,1,827_817
data/raw/FaceForensics++_C23/original/999.mp4,0,999
data/raw/FaceForensics++_C23/FaceShifter/525_509.mp4,1,525_509
data/raw/FaceForensics++_C23/Deepfakes/684_717.mp4,1,684_717
data/raw/FaceForensics++_C23/NeuralTextures/394_373.mp4,1,394_373
data/raw/FaceForensics++_C23/FaceShifter/521_517.mp4,1,521_517
data/raw/FaceForensics++_C23/FaceShifter/908_207.mp4,1,908_207
data/raw/FaceForensics++_C23/FaceShifter/389_480.mp4,1,389_480
data/raw/FaceForensics++_C23/Deepfakes/326_501.mp4,1,326_501
data/raw/FaceForensics++_C23/original/013.mp4,0,013
data/raw/FaceForensics++_C23/FaceShifter/592_500.mp4,1,592_500
data/raw/FaceForensics++_C23/original/185.mp4,0,185
data/raw/FaceForensics++_C23/FaceShifter/927_912.mp4,1,927_912
data/raw/FaceForensics++_C23/NeuralTextures/050_059.mp4,1,050_059
data/raw/FaceForensics++_C23/original/806.mp4,0,806
data/raw/FaceForensics++_C23/FaceSwap/785_736.mp4,1,785_736
data/raw/FaceForensics++_C23/Deepfakes/348_202.mp4,1,348_202
data/raw/FaceForensics++_C23/Face2Face/626_562.mp4,1,626_562
data/raw/FaceForensics++_C23/NeuralTextures/410_411.mp4,1,410_411
data/raw/FaceForensics++_C23/Deepfakes/871_814.mp4,1,871_814
data/raw/FaceForensics++_C23/FaceSwap/358_380.mp4,1,358_380
data/raw/FaceForensics++_C23/FaceShifter/339_392.mp4,1,339_392
data/raw/FaceForensics++_C23/NeuralTextures/703_604.mp4,1,703_604
data/raw/FaceForensics++_C23/FaceShifter/121_093.mp4,1,121_093
data/raw/FaceForensics++_C23/FaceSwap/927_912.mp4,1,927_912
data/raw/FaceForensics++_C23/Deepfakes/085_124.mp4,1,085_124
data/raw/FaceForensics++_C23/FaceShifter/818_820.mp4,1,818_820
data/raw/FaceForensics++_C23/Face2Face/877_886.mp4,1,877_886
data/raw/FaceForensics++_C23/original/689.mp4,0,689
data/raw/FaceForensics++_C23/NeuralTextures/085_124.mp4,1,085_124
data/raw/FaceForensics++_C23/FaceShifter/375_251.mp4,1,375_251
data/raw/FaceForensics++_C23/Deepfakes/494_445.mp4,1,494_445
data/raw/FaceForensics++_C23/FaceShifter/966_988.mp4,1,966_988
data/raw/FaceForensics++_C23/FaceSwap/109_107.mp4,1,109_107
data/raw/FaceForensics++_C23/FaceShifter/759_755.mp4,1,759_755
data/raw/FaceForensics++_C23/Face2Face/270_297.mp4,1,270_297
data/raw/FaceForensics++_C23/FaceShifter/654_648.mp4,1,654_648
data/raw/FaceForensics++_C23/FaceShifter/633_529.mp4,1,633_529
data/raw/FaceForensics++_C23/NeuralTextures/954_976.mp4,1,954_976
data/raw/FaceForensics++_C23/Deepfakes/618_629.mp4,1,618_629
data/raw/FaceForensics++_C23/original/130.mp4,0,130
data/raw/FaceForensics++_C23/FaceShifter/629_618.mp4,1,629_618
data/raw/FaceForensics++_C23/FaceShifter/826_833.mp4,1,826_833
data/raw/FaceForensics++_C23/original/227.mp4,0,227
data/raw/FaceForensics++_C23/FaceShifter/229_247.mp4,1,229_247
data/raw/FaceForensics++_C23/original/032.mp4,0,032
data/raw/FaceForensics++_C23/Face2Face/413_372.mp4,1,413_372
data/raw/FaceForensics++_C23/FaceShifter/201_203.mp4,1,201_203
data/raw/FaceForensics++_C23/NeuralTextures/963_879.mp4,1,963_879
data/raw/FaceForensics++_C23/NeuralTextures/477_487.mp4,1,477_487
data/raw/FaceForensics++_C23/Deepfakes/869_780.mp4,1,869_780
data/raw/FaceForensics++_C23/FaceShifter/006_002.mp4,1,006_002
data/raw/FaceForensics++_C23/NeuralTextures/147_055.mp4,1,147_055
data/raw/FaceForensics++_C23/Deepfakes/356_324.mp4,1,356_324
data/raw/FaceForensics++_C23/Face2Face/162_330.mp4,1,162_330
data/raw/FaceForensics++_C23/NeuralTextures/554_572.mp4,1,554_572
data/raw/FaceForensics++_C23/FaceShifter/406_391.mp4,1,406_391
data/raw/FaceForensics++_C23/original/915.mp4,0,915
data/raw/FaceForensics++_C23/Face2Face/890_837.mp4,1,890_837
data/raw/FaceForensics++_C23/Deepfakes/579_701.mp4,1,579_701
data/raw/FaceForensics++_C23/FaceShifter/552_851.mp4,1,552_851
data/raw/FaceForensics++_C23/Face2Face/691_732.mp4,1,691_732
data/raw/FaceForensics++_C23/Deepfakes/862_047.mp4,1,862_047
data/raw/FaceForensics++_C23/original/369.mp4,0,369
data/raw/FaceForensics++_C23/original/810.mp4,0,810
data/raw/FaceForensics++_C23/NeuralTextures/789_753.mp4,1,789_753
data/raw/FaceForensics++_C23/NeuralTextures/645_688.mp4,1,645_688
data/raw/FaceForensics++_C23/Face2Face/116_091.mp4,1,116_091
data/raw/FaceForensics++_C23/Face2Face/541_523.mp4,1,541_523
data/raw/FaceForensics++_C23/FaceSwap/790_014.mp4,1,790_014
data/raw/FaceForensics++_C23/NeuralTextures/615_687.mp4,1,615_687
data/raw/FaceForensics++_C23/original/518.mp4,0,518
data/raw/FaceForensics++_C23/FaceSwap/295_099.mp4,1,295_099
data/raw/FaceForensics++_C23/original/298.mp4,0,298
data/raw/FaceForensics++_C23/original/313.mp4,0,313
data/raw/FaceForensics++_C23/original/904.mp4,0,904
data/raw/FaceForensics++_C23/FaceSwap/047_862.mp4,1,047_862
data/raw/FaceForensics++_C23/original/723.mp4,0,723
data/raw/FaceForensics++_C23/FaceShifter/437_360.mp4,1,437_360
data/raw/FaceForensics++_C23/original/754.mp4,0,754
data/raw/FaceForensics++_C23/FaceShifter/052_108.mp4,1,052_108
data/raw/FaceForensics++_C23/Face2Face/776_676.mp4,1,776_676
data/raw/FaceForensics++_C23/FaceSwap/269_268.mp4,1,269_268
data/raw/FaceForensics++_C23/NeuralTextures/302_323.mp4,1,302_323
data/raw/FaceForensics++_C23/Face2Face/592_500.mp4,1,592_500
data/raw/FaceForensics++_C23/Face2Face/723_704.mp4,1,723_704
data/raw/FaceForensics++_C23/NeuralTextures/693_698.mp4,1,693_698
data/raw/FaceForensics++_C23/NeuralTextures/041_063.mp4,1,041_063
data/raw/FaceForensics++_C23/Deepfakes/490_534.mp4,1,490_534
data/raw/FaceForensics++_C23/original/077.mp4,0,077
data/raw/FaceForensics++_C23/Face2Face/006_002.mp4,1,006_002
data/raw/FaceForensics++_C23/FaceSwap/148_133.mp4,1,148_133
data/raw/FaceForensics++_C23/NeuralTextures/248_232.mp4,1,248_232
data/raw/FaceForensics++_C23/Face2Face/417_496.mp4,1,417_496
data/raw/FaceForensics++_C23/Deepfakes/025_067.mp4,1,025_067
data/raw/FaceForensics++_C23/Face2Face/113_983.mp4,1,113_983
data/raw/FaceForensics++_C23/original/585.mp4,0,585
data/raw/FaceForensics++_C23/Face2Face/552_851.mp4,1,552_851
data/raw/FaceForensics++_C23/original/123.mp4,0,123
data/raw/FaceForensics++_C23/NeuralTextures/482_465.mp4,1,482_465
data/raw/FaceForensics++_C23/Deepfakes/433_498.mp4,1,433_498
data/raw/FaceForensics++_C23/FaceShifter/926_900.mp4,1,926_900
data/raw/FaceForensics++_C23/FaceSwap/857_909.mp4,1,857_909
data/raw/FaceForensics++_C23/NeuralTextures/015_919.mp4,1,015_919
data/raw/FaceForensics++_C23/FaceShifter/963_879.mp4,1,963_879
data/raw/FaceForensics++_C23/FaceSwap/098_092.mp4,1,098_092
data/raw/FaceForensics++_C23/original/875.mp4,0,875
data/raw/FaceForensics++_C23/NeuralTextures/456_435.mp4,1,456_435
data/raw/FaceForensics++_C23/NeuralTextures/540_536.mp4,1,540_536
data/raw/FaceForensics++_C23/original/768.mp4,0,768
data/raw/FaceForensics++_C23/Face2Face/102_114.mp4,1,102_114
data/raw/FaceForensics++_C23/original/065.mp4,0,065
data/raw/FaceForensics++_C23/NeuralTextures/517_521.mp4,1,517_521
data/raw/FaceForensics++_C23/NeuralTextures/162_330.mp4,1,162_330
data/raw/FaceForensics++_C23/Deepfakes/194_235.mp4,1,194_235
data/raw/FaceForensics++_C23/Deepfakes/615_687.mp4,1,615_687
data/raw/FaceForensics++_C23/Deepfakes/643_646.mp4,1,643_646
data/raw/FaceForensics++_C23/NeuralTextures/309_303.mp4,1,309_303
data/raw/FaceForensics++_C23/FaceSwap/153_150.mp4,1,153_150
data/raw/FaceForensics++_C23/original/070.mp4,0,070
data/raw/FaceForensics++_C23/Deepfakes/330_162.mp4,1,330_162
data/raw/FaceForensics++_C23/FaceSwap/825_074.mp4,1,825_074
data/raw/FaceForensics++_C23/NeuralTextures/515_519.mp4,1,515_519
data/raw/FaceForensics++_C23/FaceSwap/113_983.mp4,1,113_983
data/raw/FaceForensics++_C23/original/365.mp4,0,365
data/raw/FaceForensics++_C23/Deepfakes/483_370.mp4,1,483_370
data/raw/FaceForensics++_C23/original/197.mp4,0,197
data/raw/FaceForensics++_C23/FaceShifter/671_677.mp4,1,671_677
data/raw/FaceForensics++_C23/FaceShifter/059_050.mp4,1,059_050
data/raw/FaceForensics++_C23/NeuralTextures/678_460.mp4,1,678_460
data/raw/FaceForensics++_C23/Deepfakes/032_944.mp4,1,032_944
data/raw/FaceForensics++_C23/Deepfakes/664_668.mp4,1,664_668
data/raw/FaceForensics++_C23/original/159.mp4,0,159
data/raw/FaceForensics++_C23/NeuralTextures/182_242.mp4,1,182_242
data/raw/FaceForensics++_C23/Face2Face/444_655.mp4,1,444_655
data/raw/FaceForensics++_C23/FaceShifter/399_488.mp4,1,399_488
data/raw/FaceForensics++_C23/FaceShifter/441_439.mp4,1,441_439
data/raw/FaceForensics++_C23/original/852.mp4,0,852
data/raw/FaceForensics++_C23/Face2Face/705_707.mp4,1,705_707
data/raw/FaceForensics++_C23/original/982.mp4,0,982
data/raw/FaceForensics++_C23/FaceShifter/850_764.mp4,1,850_764
data/raw/FaceForensics++_C23/original/501.mp4,0,501
data/raw/FaceForensics++_C23/FaceShifter/277_335.mp4,1,277_335
data/raw/FaceForensics++_C23/Face2Face/401_395.mp4,1,401_395
data/raw/FaceForensics++_C23/original/548.mp4,0,548
data/raw/FaceForensics++_C23/Deepfakes/170_186.mp4,1,170_186
data/raw/FaceForensics++_C23/Deepfakes/540_536.mp4,1,540_536
data/raw/FaceForensics++_C23/original/465.mp4,0,465
data/raw/FaceForensics++_C23/NeuralTextures/605_591.mp4,1,605_591
data/raw/FaceForensics++_C23/FaceShifter/458_722.mp4,1,458_722
data/raw/FaceForensics++_C23/FaceSwap/908_207.mp4,1,908_207
data/raw/FaceForensics++_C23/Deepfakes/674_744.mp4,1,674_744
data/raw/FaceForensics++_C23/FaceShifter/918_934.mp4,1,918_934
data/raw/FaceForensics++_C23/NeuralTextures/076_079.mp4,1,076_079
data/raw/FaceForensics++_C23/Face2Face/815_730.mp4,1,815_730
data/raw/FaceForensics++_C23/FaceShifter/554_572.mp4,1,554_572
data/raw/FaceForensics++_C23/FaceShifter/100_077.mp4,1,100_077
data/raw/FaceForensics++_C23/FaceSwap/125_038.mp4,1,125_038
data/raw/FaceForensics++_C23/original/493.mp4,0,493
data/raw/FaceForensics++_C23/FaceShifter/101_096.mp4,1,101_096
data/raw/FaceForensics++_C23/original/080.mp4,0,080
data/raw/FaceForensics++_C23/FaceShifter/803_017.mp4,1,803_017
data/raw/FaceForensics++_C23/Face2Face/548_632.mp4,1,548_632
data/raw/FaceForensics++_C23/NeuralTextures/750_743.mp4,1,750_743
data/raw/FaceForensics++_C23/NeuralTextures/850_764.mp4,1,850_764
data/raw/FaceForensics++_C23/Deepfakes/355_748.mp4,1,355_748
data/raw/FaceForensics++_C23/FaceShifter/640_638.mp4,1,640_638
data/raw/FaceForensics++_C23/NeuralTextures/169_227.mp4,1,169_227
data/raw/FaceForensics++_C23/NeuralTextures/676_776.mp4,1,676_776
data/raw/FaceForensics++_C23/original/309.mp4,0,309
data/raw/FaceForensics++_C23/NeuralTextures/273_807.mp4,1,273_807
data/raw/FaceForensics++_C23/Face2Face/051_332.mp4,1,051_332
data/raw/FaceForensics++_C23/FaceShifter/321_288.mp4,1,321_288
data/raw/FaceForensics++_C23/NeuralTextures/328_320.mp4,1,328_320
data/raw/FaceForensics++_C23/FaceSwap/919_015.mp4,1,919_015
data/raw/FaceForensics++_C23/Face2Face/751_752.mp4,1,751_752
data/raw/FaceForensics++_C23/FaceShifter/464_463.mp4,1,464_463
data/raw/FaceForensics++_C23/Face2Face/772_708.mp4,1,772_708
data/raw/FaceForensics++_C23/Face2Face/196_310.mp4,1,196_310
data/raw/FaceForensics++_C23/Face2Face/878_866.mp4,1,878_866
data/raw/FaceForensics++_C23/FaceShifter/016_209.mp4,1,016_209
data/raw/FaceForensics++_C23/FaceShifter/005_010.mp4,1,005_010
data/raw/FaceForensics++_C23/NeuralTextures/075_977.mp4,1,075_977
data/raw/FaceForensics++_C23/Face2Face/482_465.mp4,1,482_465
data/raw/FaceForensics++_C23/Deepfakes/328_320.mp4,1,328_320
data/raw/FaceForensics++_C23/Deepfakes/648_654.mp4,1,648_654
data/raw/FaceForensics++_C23/FaceShifter/894_848.mp4,1,894_848
data/raw/FaceForensics++_C23/Face2Face/123_119.mp4,1,123_119
data/raw/FaceForensics++_C23/FaceShifter/776_676.mp4,1,776_676
data/raw/FaceForensics++_C23/FaceShifter/960_999.mp4,1,960_999
data/raw/FaceForensics++_C23/FaceSwap/455_471.mp4,1,455_471
data/raw/FaceForensics++_C23/FaceShifter/843_859.mp4,1,843_859
data/raw/FaceForensics++_C23/FaceSwap/089_065.mp4,1,089_065
data/raw/FaceForensics++_C23/original/021.mp4,0,021
data/raw/FaceForensics++_C23/Face2Face/259_345.mp4,1,259_345
data/raw/FaceForensics++_C23/NeuralTextures/314_347.mp4,1,314_347
data/raw/FaceForensics++_C23/FaceSwap/411_410.mp4,1,411_410
data/raw/FaceForensics++_C23/NeuralTextures/619_620.mp4,1,619_620
data/raw/FaceForensics++_C23/Face2Face/519_515.mp4,1,519_515
data/raw/FaceForensics++_C23/Face2Face/378_368.mp4,1,378_368
data/raw/FaceForensics++_C23/NeuralTextures/381_376.mp4,1,381_376
data/raw/FaceForensics++_C23/Face2Face/023_923.mp4,1,023_923
data/raw/FaceForensics++_C23/FaceShifter/876_891.mp4,1,876_891
data/raw/FaceForensics++_C23/NeuralTextures/553_545.mp4,1,553_545
data/raw/FaceForensics++_C23/NeuralTextures/795_907.mp4,1,795_907
data/raw/FaceForensics++_C23/Deepfakes/912_927.mp4,1,912_927
data/raw/FaceForensics++_C23/NeuralTextures/038_125.mp4,1,038_125
data/raw/FaceForensics++_C23/Face2Face/675_608.mp4,1,675_608
data/raw/FaceForensics++_C23/Face2Face/746_571.mp4,1,746_571
data/raw/FaceForensics++_C23/FaceShifter/970_973.mp4,1,970_973
data/raw/FaceForensics++_C23/Face2Face/736_785.mp4,1,736_785
data/raw/FaceForensics++_C23/Face2Face/629_618.mp4,1,629_618
data/raw/FaceForensics++_C23/NeuralTextures/319_352.mp4,1,319_352
data/raw/FaceForensics++_C23/Deepfakes/430_459.mp4,1,430_459
data/raw/FaceForensics++_C23/Face2Face/808_829.mp4,1,808_829
data/raw/FaceForensics++_C23/FaceSwap/527_454.mp4,1,527_454
data/raw/FaceForensics++_C23/FaceShifter/387_311.mp4,1,387_311
data/raw/FaceForensics++_C23/FaceSwap/402_453.mp4,1,402_453
data/raw/FaceForensics++_C23/FaceSwap/480_389.mp4,1,480_389
data/raw/FaceForensics++_C23/original/706.mp4,0,706
data/raw/FaceForensics++_C23/FaceShifter/222_168.mp4,1,222_168
data/raw/FaceForensics++_C23/NeuralTextures/198_106.mp4,1,198_106
data/raw/FaceForensics++_C23/NeuralTextures/166_167.mp4,1,166_167
data/raw/FaceForensics++_C23/original/350.mp4,0,350
data/raw/FaceForensics++_C23/original/881.mp4,0,881
data/raw/FaceForensics++_C23/NeuralTextures/586_223.mp4,1,586_223
data/raw/FaceForensics++_C23/original/324.mp4,0,324
data/raw/FaceForensics++_C23/Face2Face/995_233.mp4,1,995_233
data/raw/FaceForensics++_C23/NeuralTextures/990_008.mp4,1,990_008
data/raw/FaceForensics++_C23/FaceShifter/224_197.mp4,1,224_197
data/raw/FaceForensics++_C23/Face2Face/106_198.mp4,1,106_198
data/raw/FaceForensics++_C23/original/745.mp4,0,745
data/raw/FaceForensics++_C23/Deepfakes/818_820.mp4,1,818_820
data/raw/FaceForensics++_C23/NeuralTextures/072_037.mp4,1,072_037
data/raw/FaceForensics++_C23/NeuralTextures/358_380.mp4,1,358_380
data/raw/FaceForensics++_C23/Face2Face/697_581.mp4,1,697_581
data/raw/FaceForensics++_C23/FaceSwap/221_206.mp4,1,221_206
data/raw/FaceForensics++_C23/Deepfakes/136_285.mp4,1,136_285
data/raw/FaceForensics++_C23/NeuralTextures/523_541.mp4,1,523_541
data/raw/FaceForensics++_C23/FaceShifter/921_569.mp4,1,921_569
data/raw/FaceForensics++_C23/original/316.mp4,0,316
data/raw/FaceForensics++_C23/Face2Face/180_105.mp4,1,180_105
data/raw/FaceForensics++_C23/FaceSwap/434_438.mp4,1,434_438
data/raw/FaceForensics++_C23/Deepfakes/888_937.mp4,1,888_937
data/raw/FaceForensics++_C23/FaceShifter/656_666.mp4,1,656_666
data/raw/FaceForensics++_C23/original/733.mp4,0,733
data/raw/FaceForensics++_C23/FaceShifter/895_915.mp4,1,895_915
data/raw/FaceForensics++_C23/Deepfakes/817_827.mp4,1,817_827
data/raw/FaceForensics++_C23/Face2Face/111_094.mp4,1,111_094
data/raw/FaceForensics++_C23/FaceSwap/412_274.mp4,1,412_274
data/raw/FaceForensics++_C23/FaceShifter/341_340.mp4,1,341_340
data/raw/FaceForensics++_C23/original/990.mp4,0,990
data/raw/FaceForensics++_C23/FaceSwap/759_755.mp4,1,759_755
data/raw/FaceForensics++_C23/Face2Face/264_271.mp4,1,264_271
data/raw/FaceForensics++_C23/Deepfakes/990_008.mp4,1,990_008
data/raw/FaceForensics++_C23/FaceSwap/235_194.mp4,1,235_194
data/raw/FaceForensics++_C23/Face2Face/739_865.mp4,1,739_865
data/raw/FaceForensics++_C23/FaceShifter/477_487.mp4,1,477_487
data/raw/FaceForensics++_C23/Deepfakes/353_383.mp4,1,353_383
data/raw/FaceForensics++_C23/original/269.mp4,0,269
data/raw/FaceForensics++_C23/FaceShifter/457_398.mp4,1,457_398
data/raw/FaceForensics++_C23/NeuralTextures/207_908.mp4,1,207_908
data/raw/FaceForensics++_C23/Face2Face/489_022.mp4,1,489_022
data/raw/FaceForensics++_C23/FaceSwap/926_900.mp4,1,926_900
data/raw/FaceForensics++_C23/Face2Face/228_289.mp4,1,228_289
data/raw/FaceForensics++_C23/original/932.mp4,0,932
data/raw/FaceForensics++_C23/FaceShifter/689_690.mp4,1,689_690
data/raw/FaceForensics++_C23/original/682.mp4,0,682
data/raw/FaceForensics++_C23/Deepfakes/052_108.mp4,1,052_108
data/raw/FaceForensics++_C23/FaceSwap/123_119.mp4,1,123_119
data/raw/FaceForensics++_C23/FaceSwap/948_965.mp4,1,948_965
data/raw/FaceForensics++_C23/FaceSwap/321_288.mp4,1,321_288
data/raw/FaceForensics++_C23/FaceSwap/652_773.mp4,1,652_773
data/raw/FaceForensics++_C23/Face2Face/589_565.mp4,1,589_565
data/raw/FaceForensics++_C23/Face2Face/479_706.mp4,1,479_706
data/raw/FaceForensics++_C23/Face2Face/469_481.mp4,1,469_481
data/raw/FaceForensics++_C23/FaceShifter/778_798.mp4,1,778_798
data/raw/FaceForensics++_C23/original/987.mp4,0,987
data/raw/FaceForensics++_C23/FaceShifter/078_955.mp4,1,078_955
data/raw/FaceForensics++_C23/FaceSwap/450_533.mp4,1,450_533
data/raw/FaceForensics++_C23/original/911.mp4,0,911
data/raw/FaceForensics++_C23/FaceShifter/951_947.mp4,1,951_947
data/raw/FaceForensics++_C23/Deepfakes/436_526.mp4,1,436_526
data/raw/FaceForensics++_C23/FaceShifter/886_877.mp4,1,886_877
data/raw/FaceForensics++_C23/FaceSwap/885_802.mp4,1,885_802
data/raw/FaceForensics++_C23/Face2Face/588_556.mp4,1,588_556
data/raw/FaceForensics++_C23/NeuralTextures/417_496.mp4,1,417_496
data/raw/FaceForensics++_C23/Face2Face/590_034.mp4,1,590_034
data/raw/FaceForensics++_C23/FaceSwap/250_461.mp4,1,250_461
data/raw/FaceForensics++_C23/Deepfakes/973_970.mp4,1,973_970
data/raw/FaceForensics++_C23/Face2Face/238_282.mp4,1,238_282
data/raw/FaceForensics++_C23/FaceShifter/342_416.mp4,1,342_416
data/raw/FaceForensics++_C23/FaceShifter/473_366.mp4,1,473_366
data/raw/FaceForensics++_C23/FaceSwap/588_556.mp4,1,588_556
data/raw/FaceForensics++_C23/original/120.mp4,0,120
data/raw/FaceForensics++_C23/FaceShifter/231_663.mp4,1,231_663
data/raw/FaceForensics++_C23/FaceShifter/518_131.mp4,1,518_131
data/raw/FaceForensics++_C23/Face2Face/497_403.mp4,1,497_403
data/raw/FaceForensics++_C23/Deepfakes/449_451.mp4,1,449_451
data/raw/FaceForensics++_C23/FaceShifter/369_316.mp4,1,369_316
data/raw/FaceForensics++_C23/NeuralTextures/122_144.mp4,1,122_144
data/raw/FaceForensics++_C23/FaceShifter/422_695.mp4,1,422_695
data/raw/FaceForensics++_C23/original/386.mp4,0,386
data/raw/FaceForensics++_C23/original/956.mp4,0,956
data/raw/FaceForensics++_C23/Face2Face/551_631.mp4,1,551_631
data/raw/FaceForensics++_C23/original/318.mp4,0,318
data/raw/FaceForensics++_C23/Face2Face/146_256.mp4,1,146_256
data/raw/FaceForensics++_C23/original/598.mp4,0,598
data/raw/FaceForensics++_C23/FaceShifter/092_098.mp4,1,092_098
data/raw/FaceForensics++_C23/Face2Face/313_283.mp4,1,313_283
data/raw/FaceForensics++_C23/FaceShifter/015_919.mp4,1,015_919
data/raw/FaceForensics++_C23/NeuralTextures/306_278.mp4,1,306_278
data/raw/FaceForensics++_C23/FaceSwap/708_772.mp4,1,708_772
data/raw/FaceForensics++_C23/FaceSwap/008_990.mp4,1,008_990
data/raw/FaceForensics++_C23/Face2Face/381_376.mp4,1,381_376
data/raw/FaceForensics++_C23/FaceSwap/248_232.mp4,1,248_232
data/raw/FaceForensics++_C23/Deepfakes/413_372.mp4,1,413_372
data/raw/FaceForensics++_C23/Deepfakes/941_940.mp4,1,941_940
data/raw/FaceForensics++_C23/Deepfakes/801_855.mp4,1,801_855
data/raw/FaceForensics++_C23/NeuralTextures/913_893.mp4,1,913_893
data/raw/FaceForensics++_C23/original/483.mp4,0,483
data/raw/FaceForensics++_C23/Deepfakes/256_146.mp4,1,256_146
data/raw/FaceForensics++_C23/original/886.mp4,0,886
data/raw/FaceForensics++_C23/FaceShifter/235_194.mp4,1,235_194
data/raw/FaceForensics++_C23/Deepfakes/647_622.mp4,1,647_622
data/raw/FaceForensics++_C23/Face2Face/767_694.mp4,1,767_694
data/raw/FaceForensics++_C23/NeuralTextures/105_180.mp4,1,105_180
data/raw/FaceForensics++_C23/FaceSwap/935_733.mp4,1,935_733
data/raw/FaceForensics++_C23/original/412.mp4,0,412
data/raw/FaceForensics++_C23/FaceSwap/949_868.mp4,1,949_868
data/raw/FaceForensics++_C23/Deepfakes/024_073.mp4,1,024_073
data/raw/FaceForensics++_C23/Face2Face/088_060.mp4,1,088_060
data/raw/FaceForensics++_C23/original/111.mp4,0,111
data/raw/FaceForensics++_C23/NeuralTextures/165_137.mp4,1,165_137
data/raw/FaceForensics++_C23/Deepfakes/112_892.mp4,1,112_892
data/raw/FaceForensics++_C23/FaceShifter/311_387.mp4,1,311_387
data/raw/FaceForensics++_C23/NeuralTextures/647_622.mp4,1,647_622
data/raw/FaceForensics++_C23/Deepfakes/056_996.mp4,1,056_996
data/raw/FaceForensics++_C23/Face2Face/309_303.mp4,1,309_303
data/raw/FaceForensics++_C23/Deepfakes/695_422.mp4,1,695_422
data/raw/FaceForensics++_C23/NeuralTextures/366_473.mp4,1,366_473
data/raw/FaceForensics++_C23/Face2Face/227_169.mp4,1,227_169
data/raw/FaceForensics++_C23/Face2Face/999_960.mp4,1,999_960
data/raw/FaceForensics++_C23/Deepfakes/276_185.mp4,1,276_185
data/raw/FaceForensics++_C23/NeuralTextures/060_088.mp4,1,060_088
data/raw/FaceForensics++_C23/FaceSwap/007_132.mp4,1,007_132
data/raw/FaceForensics++_C23/Face2Face/833_826.mp4,1,833_826
data/raw/FaceForensics++_C23/Deepfakes/682_669.mp4,1,682_669
data/raw/FaceForensics++_C23/FaceSwap/139_130.mp4,1,139_130
data/raw/FaceForensics++_C23/NeuralTextures/334_318.mp4,1,334_318
data/raw/FaceForensics++_C23/Face2Face/137_165.mp4,1,137_165
data/raw/FaceForensics++_C23/FaceSwap/752_751.mp4,1,752_751
data/raw/FaceForensics++_C23/FaceSwap/782_787.mp4,1,782_787
data/raw/FaceForensics++_C23/FaceSwap/011_805.mp4,1,011_805
data/raw/FaceForensics++_C23/NeuralTextures/088_060.mp4,1,088_060
data/raw/FaceForensics++_C23/NeuralTextures/833_826.mp4,1,833_826
data/raw/FaceForensics++_C23/Face2Face/346_351.mp4,1,346_351
data/raw/FaceForensics++_C23/FaceShifter/550_452.mp4,1,550_452
data/raw/FaceForensics++_C23/NeuralTextures/922_898.mp4,1,922_898
data/raw/FaceForensics++_C23/FaceShifter/801_855.mp4,1,801_855
data/raw/FaceForensics++_C23/FaceShifter/384_932.mp4,1,384_932
data/raw/FaceForensics++_C23/NeuralTextures/766_761.mp4,1,766_761
data/raw/FaceForensics++_C23/NeuralTextures/176_190.mp4,1,176_190
data/raw/FaceForensics++_C23/FaceSwap/253_183.mp4,1,253_183
data/raw/FaceForensics++_C23/FaceShifter/609_596.mp4,1,609_596
data/raw/FaceForensics++_C23/FaceSwap/254_261.mp4,1,254_261
data/raw/FaceForensics++_C23/FaceShifter/569_921.mp4,1,569_921
data/raw/FaceForensics++_C23/FaceShifter/753_789.mp4,1,753_789
data/raw/FaceForensics++_C23/NeuralTextures/988_966.mp4,1,988_966
data/raw/FaceForensics++_C23/NeuralTextures/926_900.mp4,1,926_900
data/raw/FaceForensics++_C23/Deepfakes/081_087.mp4,1,081_087
data/raw/FaceForensics++_C23/Face2Face/972_718.mp4,1,972_718
data/raw/FaceForensics++_C23/Face2Face/714_842.mp4,1,714_842
data/raw/FaceForensics++_C23/FaceSwap/142_138.mp4,1,142_138
data/raw/FaceForensics++_C23/FaceSwap/622_647.mp4,1,622_647
data/raw/FaceForensics++_C23/Face2Face/946_049.mp4,1,946_049
data/raw/FaceForensics++_C23/FaceSwap/317_359.mp4,1,317_359
data/raw/FaceForensics++_C23/NeuralTextures/084_042.mp4,1,084_042
data/raw/FaceForensics++_C23/NeuralTextures/709_390.mp4,1,709_390
data/raw/FaceForensics++_C23/Face2Face/610_692.mp4,1,610_692
data/raw/FaceForensics++_C23/NeuralTextures/640_638.mp4,1,640_638
data/raw/FaceForensics++_C23/FaceShifter/890_837.mp4,1,890_837
data/raw/FaceForensics++_C23/FaceSwap/245_157.mp4,1,245_157
data/raw/FaceForensics++_C23/original/863.mp4,0,863
data/raw/FaceForensics++_C23/NeuralTextures/625_650.mp4,1,625_650
data/raw/FaceForensics++_C23/Deepfakes/665_679.mp4,1,665_679
data/raw/FaceForensics++_C23/FaceShifter/194_235.mp4,1,194_235
data/raw/FaceForensics++_C23/original/722.mp4,0,722
data/raw/FaceForensics++_C23/original/100.mp4,0,100
data/raw/FaceForensics++_C23/Face2Face/017_803.mp4,1,017_803
data/raw/FaceForensics++_C23/Deepfakes/557_560.mp4,1,557_560
data/raw/FaceForensics++_C23/NeuralTextures/398_457.mp4,1,398_457
data/raw/FaceForensics++_C23/original/766.mp4,0,766
data/raw/FaceForensics++_C23/Face2Face/207_908.mp4,1,207_908
data/raw/FaceForensics++_C23/FaceSwap/802_885.mp4,1,802_885
data/raw/FaceForensics++_C23/FaceSwap/024_073.mp4,1,024_073
data/raw/FaceForensics++_C23/Face2Face/510_528.mp4,1,510_528
data/raw/FaceForensics++_C23/original/114.mp4,0,114
data/raw/FaceForensics++_C23/original/549.mp4,0,549
data/raw/FaceForensics++_C23/NeuralTextures/201_203.mp4,1,201_203
data/raw/FaceForensics++_C23/NeuralTextures/567_606.mp4,1,567_606
data/raw/FaceForensics++_C23/Deepfakes/266_252.mp4,1,266_252
data/raw/FaceForensics++_C23/FaceShifter/688_645.mp4,1,688_645
data/raw/FaceForensics++_C23/original/462.mp4,0,462
data/raw/FaceForensics++_C23/FaceShifter/111_094.mp4,1,111_094
data/raw/FaceForensics++_C23/FaceShifter/943_942.mp4,1,943_942
data/raw/FaceForensics++_C23/Face2Face/909_857.mp4,1,909_857
data/raw/FaceForensics++_C23/FaceSwap/105_180.mp4,1,105_180
data/raw/FaceForensics++_C23/FaceSwap/903_792.mp4,1,903_792
data/raw/FaceForensics++_C23/FaceSwap/951_947.mp4,1,951_947
data/raw/FaceForensics++_C23/NeuralTextures/236_237.mp4,1,236_237
data/raw/FaceForensics++_C23/FaceSwap/570_624.mp4,1,570_624
data/raw/FaceForensics++_C23/NeuralTextures/823_584.mp4,1,823_584
data/raw/FaceForensics++_C23/FaceSwap/217_117.mp4,1,217_117
data/raw/FaceForensics++_C23/Face2Face/784_769.mp4,1,784_769
data/raw/FaceForensics++_C23/Face2Face/237_236.mp4,1,237_236
data/raw/FaceForensics++_C23/NeuralTextures/991_064.mp4,1,991_064
data/raw/FaceForensics++_C23/NeuralTextures/700_813.mp4,1,700_813
data/raw/FaceForensics++_C23/NeuralTextures/200_189.mp4,1,200_189
data/raw/FaceForensics++_C23/NeuralTextures/865_739.mp4,1,865_739
data/raw/FaceForensics++_C23/original/920.mp4,0,920
data/raw/FaceForensics++_C23/FaceShifter/186_170.mp4,1,186_170
data/raw/FaceForensics++_C23/FaceSwap/447_431.mp4,1,447_431
data/raw/FaceForensics++_C23/Deepfakes/908_207.mp4,1,908_207
data/raw/FaceForensics++_C23/NeuralTextures/318_334.mp4,1,318_334
data/raw/FaceForensics++_C23/Face2Face/303_309.mp4,1,303_309
data/raw/FaceForensics++_C23/original/601.mp4,0,601
data/raw/FaceForensics++_C23/Face2Face/627_658.mp4,1,627_658
data/raw/FaceForensics++_C23/Face2Face/522_337.mp4,1,522_337
data/raw/FaceForensics++_C23/Deepfakes/835_651.mp4,1,835_651
data/raw/FaceForensics++_C23/Deepfakes/358_380.mp4,1,358_380
data/raw/FaceForensics++_C23/Deepfakes/138_142.mp4,1,138_142
data/raw/FaceForensics++_C23/Deepfakes/299_145.mp4,1,299_145
data/raw/FaceForensics++_C23/Face2Face/556_588.mp4,1,556_588
data/raw/FaceForensics++_C23/Face2Face/003_000.mp4,1,003_000
data/raw/FaceForensics++_C23/Deepfakes/382_409.mp4,1,382_409
data/raw/FaceForensics++_C23/NeuralTextures/194_235.mp4,1,194_235
data/raw/FaceForensics++_C23/Deepfakes/761_766.mp4,1,761_766
data/raw/FaceForensics++_C23/original/721.mp4,0,721
data/raw/FaceForensics++_C23/FaceShifter/954_976.mp4,1,954_976
data/raw/FaceForensics++_C23/NeuralTextures/174_964.mp4,1,174_964
data/raw/FaceForensics++_C23/NeuralTextures/847_906.mp4,1,847_906
data/raw/FaceForensics++_C23/NeuralTextures/439_441.mp4,1,439_441
data/raw/FaceForensics++_C23/Face2Face/402_453.mp4,1,402_453
data/raw/FaceForensics++_C23/FaceShifter/937_888.mp4,1,937_888
data/raw/FaceForensics++_C23/original/843.mp4,0,843
data/raw/FaceForensics++_C23/Face2Face/932_384.mp4,1,932_384
data/raw/FaceForensics++_C23/FaceSwap/210_241.mp4,1,210_241
data/raw/FaceForensics++_C23/FaceShifter/897_969.mp4,1,897_969
data/raw/FaceForensics++_C23/original/567.mp4,0,567
data/raw/FaceForensics++_C23/original/143.mp4,0,143
data/raw/FaceForensics++_C23/FaceShifter/827_817.mp4,1,827_817
data/raw/FaceForensics++_C23/FaceSwap/870_001.mp4,1,870_001
data/raw/FaceForensics++_C23/FaceShifter/755_759.mp4,1,755_759
data/raw/FaceForensics++_C23/Deepfakes/058_039.mp4,1,058_039
data/raw/FaceForensics++_C23/Deepfakes/076_079.mp4,1,076_079
data/raw/FaceForensics++_C23/Deepfakes/796_740.mp4,1,796_740
data/raw/FaceForensics++_C23/FaceShifter/416_342.mp4,1,416_342
data/raw/FaceForensics++_C23/FaceShifter/985_981.mp4,1,985_981
data/raw/FaceForensics++_C23/NeuralTextures/387_311.mp4,1,387_311
data/raw/FaceForensics++_C23/Deepfakes/785_736.mp4,1,785_736
data/raw/FaceForensics++_C23/original/017.mp4,0,017
data/raw/FaceForensics++_C23/original/067.mp4,0,067
data/raw/FaceForensics++_C23/FaceShifter/217_117.mp4,1,217_117
data/raw/FaceForensics++_C23/original/321.mp4,0,321
data/raw/FaceForensics++_C23/original/028.mp4,0,028
data/raw/FaceForensics++_C23/FaceSwap/504_502.mp4,1,504_502
data/raw/FaceForensics++_C23/FaceSwap/370_483.mp4,1,370_483
data/raw/FaceForensics++_C23/FaceSwap/982_004.mp4,1,982_004
data/raw/FaceForensics++_C23/NeuralTextures/628_568.mp4,1,628_568
data/raw/FaceForensics++_C23/Deepfakes/910_911.mp4,1,910_911
data/raw/FaceForensics++_C23/FaceShifter/172_582.mp4,1,172_582
data/raw/FaceForensics++_C23/FaceSwap/518_131.mp4,1,518_131
data/raw/FaceForensics++_C23/FaceShifter/309_303.mp4,1,309_303
data/raw/FaceForensics++_C23/original/894.mp4,0,894
data/raw/FaceForensics++_C23/Face2Face/257_420.mp4,1,257_420
data/raw/FaceForensics++_C23/FaceShifter/495_512.mp4,1,495_512
data/raw/FaceForensics++_C23/NeuralTextures/520_542.mp4,1,520_542
data/raw/FaceForensics++_C23/NeuralTextures/885_802.mp4,1,885_802
data/raw/FaceForensics++_C23/Face2Face/178_598.mp4,1,178_598
data/raw/FaceForensics++_C23/NeuralTextures/513_305.mp4,1,513_305
data/raw/FaceForensics++_C23/NeuralTextures/898_922.mp4,1,898_922
data/raw/FaceForensics++_C23/Deepfakes/442_195.mp4,1,442_195
data/raw/FaceForensics++_C23/NeuralTextures/066_062.mp4,1,066_062
data/raw/FaceForensics++_C23/FaceSwap/038_125.mp4,1,038_125
data/raw/FaceForensics++_C23/FaceSwap/296_293.mp4,1,296_293
data/raw/FaceForensics++_C23/original/719.mp4,0,719
data/raw/FaceForensics++_C23/Face2Face/054_071.mp4,1,054_071
data/raw/FaceForensics++_C23/FaceShifter/669_682.mp4,1,669_682
data/raw/FaceForensics++_C23/NeuralTextures/596_609.mp4,1,596_609
data/raw/FaceForensics++_C23/FaceSwap/044_945.mp4,1,044_945
data/raw/FaceForensics++_C23/Face2Face/415_484.mp4,1,415_484
data/raw/FaceForensics++_C23/FaceShifter/372_413.mp4,1,372_413
data/raw/FaceForensics++_C23/NeuralTextures/237_236.mp4,1,237_236
data/raw/FaceForensics++_C23/FaceShifter/972_718.mp4,1,972_718
data/raw/FaceForensics++_C23/original/428.mp4,0,428
data/raw/FaceForensics++_C23/FaceSwap/685_613.mp4,1,685_613
data/raw/FaceForensics++_C23/original/166.mp4,0,166
data/raw/FaceForensics++_C23/Face2Face/502_504.mp4,1,502_504
data/raw/FaceForensics++_C23/NeuralTextures/702_612.mp4,1,702_612
data/raw/FaceForensics++_C23/FaceSwap/844_797.mp4,1,844_797
data/raw/FaceForensics++_C23/FaceShifter/011_805.mp4,1,011_805
data/raw/FaceForensics++_C23/original/256.mp4,0,256
data/raw/FaceForensics++_C23/original/255.mp4,0,255
data/raw/FaceForensics++_C23/FaceShifter/859_843.mp4,1,859_843
data/raw/FaceForensics++_C23/NeuralTextures/836_950.mp4,1,836_950
data/raw/FaceForensics++_C23/NeuralTextures/531_549.mp4,1,531_549
data/raw/FaceForensics++_C23/FaceSwap/464_463.mp4,1,464_463
data/raw/FaceForensics++_C23/Deepfakes/006_002.mp4,1,006_002
data/raw/FaceForensics++_C23/FaceShifter/487_477.mp4,1,487_477
data/raw/FaceForensics++_C23/Deepfakes/678_460.mp4,1,678_460
data/raw/FaceForensics++_C23/Face2Face/943_942.mp4,1,943_942
data/raw/FaceForensics++_C23/FaceSwap/716_712.mp4,1,716_712
data/raw/FaceForensics++_C23/original/520.mp4,0,520
data/raw/FaceForensics++_C23/original/643.mp4,0,643
data/raw/FaceForensics++_C23/NeuralTextures/602_397.mp4,1,602_397
data/raw/FaceForensics++_C23/FaceShifter/607_683.mp4,1,607_683
data/raw/FaceForensics++_C23/NeuralTextures/660_634.mp4,1,660_634
data/raw/FaceForensics++_C23/original/516.mp4,0,516
data/raw/FaceForensics++_C23/Face2Face/064_991.mp4,1,064_991
data/raw/FaceForensics++_C23/FaceSwap/732_691.mp4,1,732_691
data/raw/FaceForensics++_C23/FaceShifter/242_182.mp4,1,242_182
data/raw/FaceForensics++_C23/Face2Face/474_281.mp4,1,474_281
data/raw/FaceForensics++_C23/NeuralTextures/449_451.mp4,1,449_451
data/raw/FaceForensics++_C23/Face2Face/889_045.mp4,1,889_045
data/raw/FaceForensics++_C23/FaceSwap/454_527.mp4,1,454_527
data/raw/FaceForensics++_C23/FaceShifter/021_312.mp4,1,021_312
data/raw/FaceForensics++_C23/original/235.mp4,0,235
data/raw/FaceForensics++_C23/NeuralTextures/270_297.mp4,1,270_297
data/raw/FaceForensics++_C23/FaceShifter/658_627.mp4,1,658_627
data/raw/FaceForensics++_C23/FaceShifter/467_462.mp4,1,467_462
data/raw/FaceForensics++_C23/FaceShifter/751_752.mp4,1,751_752
data/raw/FaceForensics++_C23/Face2Face/130_139.mp4,1,130_139
data/raw/FaceForensics++_C23/Face2Face/461_250.mp4,1,461_250
data/raw/FaceForensics++_C23/NeuralTextures/689_690.mp4,1,689_690
data/raw/FaceForensics++_C23/original/430.mp4,0,430
data/raw/FaceForensics++_C23/FaceSwap/308_388.mp4,1,308_388
data/raw/FaceForensics++_C23/FaceSwap/260_331.mp4,1,260_331
data/raw/FaceForensics++_C23/Deepfakes/222_168.mp4,1,222_168
data/raw/FaceForensics++_C23/original/562.mp4,0,562
data/raw/FaceForensics++_C23/Deepfakes/048_029.mp4,1,048_029
data/raw/FaceForensics++_C23/Deepfakes/573_757.mp4,1,573_757
data/raw/FaceForensics++_C23/Face2Face/236_237.mp4,1,236_237
data/raw/FaceForensics++_C23/NeuralTextures/561_998.mp4,1,561_998
data/raw/FaceForensics++_C23/original/815.mp4,0,815
data/raw/FaceForensics++_C23/original/389.mp4,0,389
data/raw/FaceForensics++_C23/FaceShifter/282_238.mp4,1,282_238
data/raw/FaceForensics++_C23/NeuralTextures/078_955.mp4,1,078_955
data/raw/FaceForensics++_C23/Deepfakes/267_286.mp4,1,267_286
data/raw/FaceForensics++_C23/Face2Face/104_126.mp4,1,104_126
data/raw/FaceForensics++_C23/FaceShifter/305_513.mp4,1,305_513
data/raw/FaceForensics++_C23/original/117.mp4,0,117
data/raw/FaceForensics++_C23/Face2Face/935_733.mp4,1,935_733
data/raw/FaceForensics++_C23/Deepfakes/386_154.mp4,1,386_154
data/raw/FaceForensics++_C23/Face2Face/701_579.mp4,1,701_579
data/raw/FaceForensics++_C23/Face2Face/628_568.mp4,1,628_568
data/raw/FaceForensics++_C23/FaceSwap/200_189.mp4,1,200_189
data/raw/FaceForensics++_C23/FaceShifter/714_842.mp4,1,714_842
data/raw/FaceForensics++_C23/FaceShifter/986_994.mp4,1,986_994
data/raw/FaceForensics++_C23/original/245.mp4,0,245
data/raw/FaceForensics++_C23/Face2Face/563_537.mp4,1,563_537
data/raw/FaceForensics++_C23/FaceSwap/578_636.mp4,1,578_636
data/raw/FaceForensics++_C23/Deepfakes/209_016.mp4,1,209_016
data/raw/FaceForensics++_C23/Deepfakes/909_857.mp4,1,909_857
data/raw/FaceForensics++_C23/Face2Face/289_228.mp4,1,289_228
data/raw/FaceForensics++_C23/NeuralTextures/528_510.mp4,1,528_510
data/raw/FaceForensics++_C23/NeuralTextures/952_882.mp4,1,952_882
data/raw/FaceForensics++_C23/Face2Face/842_714.mp4,1,842_714
data/raw/FaceForensics++_C23/FaceShifter/497_403.mp4,1,497_403
data/raw/FaceForensics++_C23/NeuralTextures/904_046.mp4,1,904_046
data/raw/FaceForensics++_C23/NeuralTextures/323_302.mp4,1,323_302
data/raw/FaceForensics++_C23/Deepfakes/958_956.mp4,1,958_956
data/raw/FaceForensics++_C23/Face2Face/793_768.mp4,1,793_768
data/raw/FaceForensics++_C23/FaceShifter/088_060.mp4,1,088_060
data/raw/FaceForensics++_C23/FaceShifter/702_612.mp4,1,702_612
data/raw/FaceForensics++_C23/Deepfakes/331_260.mp4,1,331_260
data/raw/FaceForensics++_C23/FaceSwap/334_318.mp4,1,334_318
data/raw/FaceForensics++_C23/FaceSwap/881_856.mp4,1,881_856
data/raw/FaceForensics++_C23/FaceShifter/991_064.mp4,1,991_064
data/raw/FaceForensics++_C23/FaceShifter/459_430.mp4,1,459_430
data/raw/FaceForensics++_C23/Face2Face/774_735.mp4,1,774_735
data/raw/FaceForensics++_C23/NeuralTextures/211_177.mp4,1,211_177
data/raw/FaceForensics++_C23/NeuralTextures/741_731.mp4,1,741_731
data/raw/FaceForensics++_C23/NeuralTextures/151_225.mp4,1,151_225
data/raw/FaceForensics++_C23/NeuralTextures/163_031.mp4,1,163_031
data/raw/FaceForensics++_C23/NeuralTextures/867_765.mp4,1,867_765
data/raw/FaceForensics++_C23/original/290.mp4,0,290
data/raw/FaceForensics++_C23/FaceSwap/765_867.mp4,1,765_867
data/raw/FaceForensics++_C23/FaceShifter/809_799.mp4,1,809_799
data/raw/FaceForensics++_C23/Face2Face/710_788.mp4,1,710_788
data/raw/FaceForensics++_C23/NeuralTextures/579_701.mp4,1,579_701
data/raw/FaceForensics++_C23/FaceShifter/478_506.mp4,1,478_506
data/raw/FaceForensics++_C23/Face2Face/366_473.mp4,1,366_473
data/raw/FaceForensics++_C23/Deepfakes/173_171.mp4,1,173_171
data/raw/FaceForensics++_C23/NeuralTextures/039_058.mp4,1,039_058
data/raw/FaceForensics++_C23/NeuralTextures/419_824.mp4,1,419_824
data/raw/FaceForensics++_C23/NeuralTextures/443_514.mp4,1,443_514
data/raw/FaceForensics++_C23/original/997.mp4,0,997
data/raw/FaceForensics++_C23/NeuralTextures/092_098.mp4,1,092_098
data/raw/FaceForensics++_C23/Face2Face/952_882.mp4,1,952_882
data/raw/FaceForensics++_C23/FaceSwap/203_201.mp4,1,203_201
data/raw/FaceForensics++_C23/FaceSwap/353_383.mp4,1,353_383
data/raw/FaceForensics++_C23/FaceShifter/036_035.mp4,1,036_035
data/raw/FaceForensics++_C23/FaceSwap/878_866.mp4,1,878_866
data/raw/FaceForensics++_C23/NeuralTextures/400_476.mp4,1,400_476
data/raw/FaceForensics++_C23/Deepfakes/018_019.mp4,1,018_019
data/raw/FaceForensics++_C23/Deepfakes/000_003.mp4,1,000_003
data/raw/FaceForensics++_C23/FaceShifter/174_964.mp4,1,174_964
data/raw/FaceForensics++_C23/Face2Face/356_324.mp4,1,356_324
data/raw/FaceForensics++_C23/original/576.mp4,0,576
data/raw/FaceForensics++_C23/NeuralTextures/772_708.mp4,1,772_708
data/raw/FaceForensics++_C23/FaceSwap/159_175.mp4,1,159_175
data/raw/FaceForensics++_C23/Deepfakes/396_272.mp4,1,396_272
data/raw/FaceForensics++_C23/NeuralTextures/507_418.mp4,1,507_418
data/raw/FaceForensics++_C23/FaceSwap/341_340.mp4,1,341_340
data/raw/FaceForensics++_C23/Face2Face/812_821.mp4,1,812_821
data/raw/FaceForensics++_C23/FaceSwap/896_128.mp4,1,896_128
data/raw/FaceForensics++_C23/NeuralTextures/349_350.mp4,1,349_350
data/raw/FaceForensics++_C23/Deepfakes/816_649.mp4,1,816_649
data/raw/FaceForensics++_C23/Face2Face/572_554.mp4,1,572_554
data/raw/FaceForensics++_C23/NeuralTextures/730_815.mp4,1,730_815
data/raw/FaceForensics++_C23/Face2Face/800_840.mp4,1,800_840
data/raw/FaceForensics++_C23/FaceShifter/280_249.mp4,1,280_249
data/raw/FaceForensics++_C23/original/058.mp4,0,058
data/raw/FaceForensics++_C23/original/821.mp4,0,821
data/raw/FaceForensics++_C23/FaceSwap/910_911.mp4,1,910_911
data/raw/FaceForensics++_C23/NeuralTextures/535_587.mp4,1,535_587
data/raw/FaceForensics++_C23/original/144.mp4,0,144
data/raw/FaceForensics++_C23/original/171.mp4,0,171
data/raw/FaceForensics++_C23/NeuralTextures/395_401.mp4,1,395_401
data/raw/FaceForensics++_C23/NeuralTextures/155_576.mp4,1,155_576
data/raw/FaceForensics++_C23/FaceSwap/835_651.mp4,1,835_651
data/raw/FaceForensics++_C23/NeuralTextures/731_741.mp4,1,731_741
data/raw/FaceForensics++_C23/original/337.mp4,0,337
data/raw/FaceForensics++_C23/Deepfakes/554_572.mp4,1,554_572
data/raw/FaceForensics++_C23/Face2Face/159_175.mp4,1,159_175
data/raw/FaceForensics++_C23/Face2Face/213_083.mp4,1,213_083
data/raw/FaceForensics++_C23/NeuralTextures/032_944.mp4,1,032_944
data/raw/FaceForensics++_C23/Face2Face/325_492.mp4,1,325_492
data/raw/FaceForensics++_C23/FaceSwap/286_267.mp4,1,286_267
data/raw/FaceForensics++_C23/FaceSwap/349_350.mp4,1,349_350
data/raw/FaceForensics++_C23/Deepfakes/700_813.mp4,1,700_813
data/raw/FaceForensics++_C23/FaceShifter/700_813.mp4,1,700_813
data/raw/FaceForensics++_C23/NeuralTextures/293_296.mp4,1,293_296
data/raw/FaceForensics++_C23/Face2Face/847_906.mp4,1,847_906
data/raw/FaceForensics++_C23/NeuralTextures/406_391.mp4,1,406_391
data/raw/FaceForensics++_C23/original/634.mp4,0,634
data/raw/FaceForensics++_C23/Face2Face/455_471.mp4,1,455_471
data/raw/FaceForensics++_C23/original/019.mp4,0,019
data/raw/FaceForensics++_C23/original/614.mp4,0,614
data/raw/FaceForensics++_C23/NeuralTextures/127_129.mp4,1,127_129
data/raw/FaceForensics++_C23/Deepfakes/866_878.mp4,1,866_878
data/raw/FaceForensics++_C23/NeuralTextures/584_823.mp4,1,584_823
data/raw/FaceForensics++_C23/Face2Face/644_657.mp4,1,644_657
data/raw/FaceForensics++_C23/FaceShifter/140_143.mp4,1,140_143
data/raw/FaceForensics++_C23/NeuralTextures/463_464.mp4,1,463_464
data/raw/FaceForensics++_C23/FaceSwap/988_966.mp4,1,988_966
data/raw/FaceForensics++_C23/Face2Face/490_534.mp4,1,490_534
data/raw/FaceForensics++_C23/original/506.mp4,0,506
data/raw/FaceForensics++_C23/Deepfakes/729_727.mp4,1,729_727
data/raw/FaceForensics++_C23/NeuralTextures/582_172.mp4,1,582_172
data/raw/FaceForensics++_C23/FaceSwap/499_539.mp4,1,499_539
data/raw/FaceForensics++_C23/FaceShifter/620_619.mp4,1,620_619
data/raw/FaceForensics++_C23/Face2Face/936_931.mp4,1,936_931
data/raw/FaceForensics++_C23/original/551.mp4,0,551
data/raw/FaceForensics++_C23/Face2Face/110_043.mp4,1,110_043
data/raw/FaceForensics++_C23/NeuralTextures/870_001.mp4,1,870_001
data/raw/FaceForensics++_C23/original/360.mp4,0,360
data/raw/FaceForensics++_C23/FaceShifter/394_373.mp4,1,394_373
data/raw/FaceForensics++_C23/Face2Face/185_276.mp4,1,185_276
data/raw/FaceForensics++_C23/FaceShifter/007_132.mp4,1,007_132
data/raw/FaceForensics++_C23/Deepfakes/193_030.mp4,1,193_030
data/raw/FaceForensics++_C23/Face2Face/515_519.mp4,1,515_519
data/raw/FaceForensics++_C23/Deepfakes/578_636.mp4,1,578_636
data/raw/FaceForensics++_C23/FaceShifter/123_119.mp4,1,123_119
data/raw/FaceForensics++_C23/Face2Face/429_404.mp4,1,429_404
data/raw/FaceForensics++_C23/Deepfakes/771_849.mp4,1,771_849
data/raw/FaceForensics++_C23/original/205.mp4,0,205
data/raw/FaceForensics++_C23/FaceShifter/395_401.mp4,1,395_401
data/raw/FaceForensics++_C23/original/941.mp4,0,941
data/raw/FaceForensics++_C23/Face2Face/846_845.mp4,1,846_845
data/raw/FaceForensics++_C23/Deepfakes/131_518.mp4,1,131_518
data/raw/FaceForensics++_C23/Deepfakes/178_598.mp4,1,178_598
data/raw/FaceForensics++_C23/original/355.mp4,0,355
data/raw/FaceForensics++_C23/FaceSwap/809_799.mp4,1,809_799
data/raw/FaceForensics++_C23/FaceSwap/567_606.mp4,1,567_606
data/raw/FaceForensics++_C23/FaceShifter/580_524.mp4,1,580_524
data/raw/FaceForensics++_C23/FaceSwap/625_650.mp4,1,625_650
data/raw/FaceForensics++_C23/NeuralTextures/279_298.mp4,1,279_298
data/raw/FaceForensics++_C23/FaceShifter/652_773.mp4,1,652_773
data/raw/FaceForensics++_C23/NeuralTextures/219_220.mp4,1,219_220
data/raw/FaceForensics++_C23/FaceShifter/073_024.mp4,1,073_024
data/raw/FaceForensics++_C23/Deepfakes/658_627.mp4,1,658_627
data/raw/FaceForensics++_C23/Face2Face/896_128.mp4,1,896_128
data/raw/FaceForensics++_C23/NeuralTextures/411_410.mp4,1,411_410
data/raw/FaceForensics++_C23/NeuralTextures/063_041.mp4,1,063_041
data/raw/FaceForensics++_C23/FaceShifter/221_206.mp4,1,221_206
data/raw/FaceForensics++_C23/original/678.mp4,0,678
data/raw/FaceForensics++_C23/FaceShifter/379_158.mp4,1,379_158
data/raw/FaceForensics++_C23/Face2Face/447_431.mp4,1,447_431
data/raw/FaceForensics++_C23/Deepfakes/342_416.mp4,1,342_416
data/raw/FaceForensics++_C23/FaceSwap/604_703.mp4,1,604_703
data/raw/FaceForensics++_C23/FaceShifter/527_454.mp4,1,527_454
data/raw/FaceForensics++_C23/Deepfakes/727_729.mp4,1,727_729
data/raw/FaceForensics++_C23/NeuralTextures/722_458.mp4,1,722_458
data/raw/FaceForensics++_C23/Deepfakes/976_954.mp4,1,976_954
data/raw/FaceForensics++_C23/FaceSwap/614_616.mp4,1,614_616
data/raw/FaceForensics++_C23/NeuralTextures/161_141.mp4,1,161_141
data/raw/FaceForensics++_C23/Face2Face/928_160.mp4,1,928_160
data/raw/FaceForensics++_C23/FaceSwap/694_767.mp4,1,694_767
data/raw/FaceForensics++_C23/original/760.mp4,0,760
data/raw/FaceForensics++_C23/Face2Face/299_145.mp4,1,299_145
data/raw/FaceForensics++_C23/NeuralTextures/173_171.mp4,1,173_171
data/raw/FaceForensics++_C23/original/508.mp4,0,508
data/raw/FaceForensics++_C23/Deepfakes/660_634.mp4,1,660_634
data/raw/FaceForensics++_C23/Face2Face/790_014.mp4,1,790_014
data/raw/FaceForensics++_C23/FaceSwap/390_709.mp4,1,390_709
data/raw/FaceForensics++_C23/original/933.mp4,0,933
data/raw/FaceForensics++_C23/Deepfakes/493_538.mp4,1,493_538
data/raw/FaceForensics++_C23/FaceSwap/112_892.mp4,1,112_892
data/raw/FaceForensics++_C23/NeuralTextures/902_901.mp4,1,902_901
data/raw/FaceForensics++_C23/NeuralTextures/989_993.mp4,1,989_993
data/raw/FaceForensics++_C23/FaceSwap/826_833.mp4,1,826_833
data/raw/FaceForensics++_C23/original/522.mp4,0,522
data/raw/FaceForensics++_C23/Face2Face/085_124.mp4,1,085_124
data/raw/FaceForensics++_C23/original/662.mp4,0,662
data/raw/FaceForensics++_C23/Deepfakes/694_767.mp4,1,694_767
data/raw/FaceForensics++_C23/Face2Face/278_306.mp4,1,278_306
data/raw/FaceForensics++_C23/NeuralTextures/229_247.mp4,1,229_247
data/raw/FaceForensics++_C23/Face2Face/621_546.mp4,1,621_546
data/raw/FaceForensics++_C23/FaceShifter/561_998.mp4,1,561_998
data/raw/FaceForensics++_C23/original/184.mp4,0,184
data/raw/FaceForensics++_C23/NeuralTextures/008_990.mp4,1,008_990
data/raw/FaceForensics++_C23/Deepfakes/067_025.mp4,1,067_025
data/raw/FaceForensics++_C23/NeuralTextures/082_103.mp4,1,082_103
data/raw/FaceForensics++_C23/NeuralTextures/837_890.mp4,1,837_890
data/raw/FaceForensics++_C23/FaceShifter/269_268.mp4,1,269_268
data/raw/FaceForensics++_C23/original/779.mp4,0,779
data/raw/FaceForensics++_C23/NeuralTextures/725_724.mp4,1,725_724
data/raw/FaceForensics++_C23/Deepfakes/820_818.mp4,1,820_818
data/raw/FaceForensics++_C23/Face2Face/226_491.mp4,1,226_491
data/raw/FaceForensics++_C23/Face2Face/677_671.mp4,1,677_671
data/raw/FaceForensics++_C23/original/011.mp4,0,011
data/raw/FaceForensics++_C23/FaceShifter/867_765.mp4,1,867_765
data/raw/FaceForensics++_C23/NeuralTextures/376_381.mp4,1,376_381
data/raw/FaceForensics++_C23/FaceShifter/367_371.mp4,1,367_371
data/raw/FaceForensics++_C23/NeuralTextures/025_067.mp4,1,025_067
data/raw/FaceForensics++_C23/FaceSwap/921_569.mp4,1,921_569
data/raw/FaceForensics++_C23/FaceShifter/512_495.mp4,1,512_495
data/raw/FaceForensics++_C23/FaceShifter/723_704.mp4,1,723_704
data/raw/FaceForensics++_C23/original/343.mp4,0,343
data/raw/FaceForensics++_C23/original/451.mp4,0,451
data/raw/FaceForensics++_C23/NeuralTextures/434_438.mp4,1,434_438
data/raw/FaceForensics++_C23/Face2Face/143_140.mp4,1,143_140
data/raw/FaceForensics++_C23/Deepfakes/397_602.mp4,1,397_602
data/raw/FaceForensics++_C23/Deepfakes/786_819.mp4,1,786_819
data/raw/FaceForensics++_C23/original/139.mp4,0,139
data/raw/FaceForensics++_C23/FaceSwap/907_795.mp4,1,907_795
data/raw/FaceForensics++_C23/Face2Face/398_457.mp4,1,398_457
data/raw/FaceForensics++_C23/Face2Face/659_749.mp4,1,659_749
data/raw/FaceForensics++_C23/original/735.mp4,0,735
data/raw/FaceForensics++_C23/FaceShifter/220_219.mp4,1,220_219
data/raw/FaceForensics++_C23/Deepfakes/979_875.mp4,1,979_875
data/raw/FaceForensics++_C23/FaceShifter/331_260.mp4,1,331_260
data/raw/FaceForensics++_C23/Face2Face/298_279.mp4,1,298_279
data/raw/FaceForensics++_C23/original/419.mp4,0,419
data/raw/FaceForensics++_C23/Deepfakes/082_103.mp4,1,082_103
data/raw/FaceForensics++_C23/FaceSwap/100_077.mp4,1,100_077
data/raw/FaceForensics++_C23/FaceSwap/481_469.mp4,1,481_469
data/raw/FaceForensics++_C23/NeuralTextures/793_768.mp4,1,793_768
data/raw/FaceForensics++_C23/NeuralTextures/529_633.mp4,1,529_633
data/raw/FaceForensics++_C23/original/633.mp4,0,633
data/raw/FaceForensics++_C23/original/514.mp4,0,514
data/raw/FaceForensics++_C23/FaceShifter/903_792.mp4,1,903_792
data/raw/FaceForensics++_C23/Deepfakes/423_421.mp4,1,423_421
data/raw/FaceForensics++_C23/original/189.mp4,0,189
data/raw/FaceForensics++_C23/Face2Face/904_046.mp4,1,904_046
data/raw/FaceForensics++_C23/original/439.mp4,0,439
data/raw/FaceForensics++_C23/Face2Face/530_594.mp4,1,530_594
data/raw/FaceForensics++_C23/NeuralTextures/251_375.mp4,1,251_375
data/raw/FaceForensics++_C23/Face2Face/565_589.mp4,1,565_589
data/raw/FaceForensics++_C23/NeuralTextures/436_526.mp4,1,436_526
data/raw/FaceForensics++_C23/FaceShifter/749_659.mp4,1,749_659
data/raw/FaceForensics++_C23/Deepfakes/839_864.mp4,1,839_864
data/raw/FaceForensics++_C23/Deepfakes/500_592.mp4,1,500_592
data/raw/FaceForensics++_C23/NeuralTextures/030_193.mp4,1,030_193
data/raw/FaceForensics++_C23/Deepfakes/141_161.mp4,1,141_161
data/raw/FaceForensics++_C23/NeuralTextures/949_868.mp4,1,949_868
data/raw/FaceForensics++_C23/FaceShifter/605_591.mp4,1,605_591
data/raw/FaceForensics++_C23/FaceSwap/505_600.mp4,1,505_600
data/raw/FaceForensics++_C23/Face2Face/377_333.mp4,1,377_333
data/raw/FaceForensics++_C23/NeuralTextures/661_670.mp4,1,661_670
data/raw/FaceForensics++_C23/original/882.mp4,0,882
data/raw/FaceForensics++_C23/FaceShifter/266_252.mp4,1,266_252
data/raw/FaceForensics++_C23/original/340.mp4,0,340
data/raw/FaceForensics++_C23/Face2Face/138_142.mp4,1,138_142
data/raw/FaceForensics++_C23/FaceShifter/257_420.mp4,1,257_420
data/raw/FaceForensics++_C23/original/445.mp4,0,445
data/raw/FaceForensics++_C23/Face2Face/787_782.mp4,1,787_782
data/raw/FaceForensics++_C23/FaceSwap/634_660.mp4,1,634_660
data/raw/FaceForensics++_C23/Deepfakes/550_452.mp4,1,550_452
data/raw/FaceForensics++_C23/Deepfakes/459_430.mp4,1,459_430
data/raw/FaceForensics++_C23/FaceShifter/019_018.mp4,1,019_018
data/raw/FaceForensics++_C23/Deepfakes/948_965.mp4,1,948_965
data/raw/FaceForensics++_C23/FaceSwap/218_239.mp4,1,218_239
data/raw/FaceForensics++_C23/original/180.mp4,0,180
data/raw/FaceForensics++_C23/Deepfakes/532_544.mp4,1,532_544
data/raw/FaceForensics++_C23/FaceSwap/842_714.mp4,1,842_714
data/raw/FaceForensics++_C23/Face2Face/829_808.mp4,1,829_808
data/raw/FaceForensics++_C23/original/406.mp4,0,406
data/raw/FaceForensics++_C23/original/292.mp4,0,292
data/raw/FaceForensics++_C23/NeuralTextures/774_735.mp4,1,774_735
data/raw/FaceForensics++_C23/FaceSwap/914_899.mp4,1,914_899
data/raw/FaceForensics++_C23/Face2Face/602_397.mp4,1,602_397
data/raw/FaceForensics++_C23/FaceShifter/238_282.mp4,1,238_282
data/raw/FaceForensics++_C23/Deepfakes/639_841.mp4,1,639_841
data/raw/FaceForensics++_C23/original/792.mp4,0,792
data/raw/FaceForensics++_C23/Deepfakes/967_984.mp4,1,967_984
data/raw/FaceForensics++_C23/original/066.mp4,0,066
data/raw/FaceForensics++_C23/FaceSwap/711_681.mp4,1,711_681
data/raw/FaceForensics++_C23/Face2Face/683_607.mp4,1,683_607
data/raw/FaceForensics++_C23/FaceShifter/248_232.mp4,1,248_232
data/raw/FaceForensics++_C23/NeuralTextures/126_104.mp4,1,126_104
data/raw/FaceForensics++_C23/original/359.mp4,0,359
data/raw/FaceForensics++_C23/FaceSwap/319_352.mp4,1,319_352
data/raw/FaceForensics++_C23/Deepfakes/155_576.mp4,1,155_576
data/raw/FaceForensics++_C23/FaceShifter/295_099.mp4,1,295_099
data/raw/FaceForensics++_C23/FaceSwap/523_541.mp4,1,523_541
data/raw/FaceForensics++_C23/NeuralTextures/019_018.mp4,1,019_018
data/raw/FaceForensics++_C23/Face2Face/089_065.mp4,1,089_065
data/raw/FaceForensics++_C23/original/819.mp4,0,819
data/raw/FaceForensics++_C23/FaceShifter/319_352.mp4,1,319_352
data/raw/FaceForensics++_C23/FaceShifter/940_941.mp4,1,940_941
data/raw/FaceForensics++_C23/original/071.mp4,0,071
data/raw/FaceForensics++_C23/Deepfakes/288_321.mp4,1,288_321
data/raw/FaceForensics++_C23/Deepfakes/930_763.mp4,1,930_763
data/raw/FaceForensics++_C23/FaceShifter/909_857.mp4,1,909_857
data/raw/FaceForensics++_C23/FaceSwap/585_599.mp4,1,585_599
data/raw/FaceForensics++_C23/NeuralTextures/656_666.mp4,1,656_666
data/raw/FaceForensics++_C23/FaceShifter/884_968.mp4,1,884_968
data/raw/FaceForensics++_C23/FaceSwap/377_333.mp4,1,377_333
data/raw/FaceForensics++_C23/FaceSwap/220_219.mp4,1,220_219
data/raw/FaceForensics++_C23/original/444.mp4,0,444
data/raw/FaceForensics++_C23/FaceSwap/000_003.mp4,1,000_003
data/raw/FaceForensics++_C23/NeuralTextures/450_533.mp4,1,450_533
data/raw/FaceForensics++_C23/NeuralTextures/697_581.mp4,1,697_581
data/raw/FaceForensics++_C23/original/913.mp4,0,913
data/raw/FaceForensics++_C23/Deepfakes/942_943.mp4,1,942_943
data/raw/FaceForensics++_C23/FaceShifter/354_362.mp4,1,354_362
data/raw/FaceForensics++_C23/NeuralTextures/764_850.mp4,1,764_850
data/raw/FaceForensics++_C23/original/788.mp4,0,788
data/raw/FaceForensics++_C23/original/593.mp4,0,593
data/raw/FaceForensics++_C23/Face2Face/698_693.mp4,1,698_693
data/raw/FaceForensics++_C23/original/646.mp4,0,646
data/raw/FaceForensics++_C23/original/199.mp4,0,199
data/raw/FaceForensics++_C23/FaceSwap/545_553.mp4,1,545_553
data/raw/FaceForensics++_C23/FaceSwap/977_075.mp4,1,977_075
data/raw/FaceForensics++_C23/original/014.mp4,0,014
data/raw/FaceForensics++_C23/Deepfakes/985_981.mp4,1,985_981
data/raw/FaceForensics++_C23/original/278.mp4,0,278
data/raw/FaceForensics++_C23/FaceSwap/107_109.mp4,1,107_109
data/raw/FaceForensics++_C23/FaceSwap/165_137.mp4,1,165_137
data/raw/FaceForensics++_C23/original/726.mp4,0,726
data/raw/FaceForensics++_C23/Deepfakes/981_985.mp4,1,981_985
data/raw/FaceForensics++_C23/FaceSwap/528_510.mp4,1,528_510
data/raw/FaceForensics++_C23/FaceSwap/262_301.mp4,1,262_301
data/raw/FaceForensics++_C23/original/458.mp4,0,458
data/raw/FaceForensics++_C23/FaceSwap/442_195.mp4,1,442_195
data/raw/FaceForensics++_C23/NeuralTextures/296_293.mp4,1,296_293
data/raw/FaceForensics++_C23/FaceSwap/497_403.mp4,1,497_403
data/raw/FaceForensics++_C23/Face2Face/473_366.mp4,1,473_366
data/raw/FaceForensics++_C23/NeuralTextures/550_452.mp4,1,550_452
data/raw/FaceForensics++_C23/NeuralTextures/457_398.mp4,1,457_398
data/raw/FaceForensics++_C23/NeuralTextures/882_952.mp4,1,882_952
data/raw/FaceForensics++_C23/Face2Face/457_398.mp4,1,457_398
data/raw/FaceForensics++_C23/Face2Face/395_401.mp4,1,395_401
data/raw/FaceForensics++_C23/Deepfakes/264_271.mp4,1,264_271
data/raw/FaceForensics++_C23/FaceShifter/748_355.mp4,1,748_355
data/raw/FaceForensics++_C23/FaceSwap/393_405.mp4,1,393_405
data/raw/FaceForensics++_C23/FaceShifter/692_610.mp4,1,692_610
data/raw/FaceForensics++_C23/Deepfakes/929_962.mp4,1,929_962
data/raw/FaceForensics++_C23/NeuralTextures/220_219.mp4,1,220_219
data/raw/FaceForensics++_C23/original/703.mp4,0,703
data/raw/FaceForensics++_C23/FaceShifter/400_476.mp4,1,400_476
data/raw/FaceForensics++_C23/FaceShifter/178_598.mp4,1,178_598
data/raw/FaceForensics++_C23/FaceSwap/806_781.mp4,1,806_781
data/raw/FaceForensics++_C23/Deepfakes/246_258.mp4,1,246_258
data/raw/FaceForensics++_C23/Face2Face/594_530.mp4,1,594_530
data/raw/FaceForensics++_C23/Face2Face/758_754.mp4,1,758_754
data/raw/FaceForensics++_C23/original/836.mp4,0,836
data/raw/FaceForensics++_C23/NeuralTextures/054_071.mp4,1,054_071
data/raw/FaceForensics++_C23/Deepfakes/923_023.mp4,1,923_023
data/raw/FaceForensics++_C23/FaceSwap/322_315.mp4,1,322_315
data/raw/FaceForensics++_C23/Deepfakes/268_269.mp4,1,268_269
data/raw/FaceForensics++_C23/Deepfakes/669_682.mp4,1,669_682
data/raw/FaceForensics++_C23/NeuralTextures/256_146.mp4,1,256_146
data/raw/FaceForensics++_C23/Face2Face/910_911.mp4,1,910_911
data/raw/FaceForensics++_C23/NeuralTextures/396_272.mp4,1,396_272
data/raw/FaceForensics++_C23/Face2Face/152_149.mp4,1,152_149
data/raw/FaceForensics++_C23/NeuralTextures/918_934.mp4,1,918_934
data/raw/FaceForensics++_C23/original/772.mp4,0,772
data/raw/FaceForensics++_C23/NeuralTextures/500_592.mp4,1,500_592
data/raw/FaceForensics++_C23/FaceShifter/696_686.mp4,1,696_686
data/raw/FaceForensics++_C23/FaceShifter/591_605.mp4,1,591_605
data/raw/FaceForensics++_C23/original/072.mp4,0,072
data/raw/FaceForensics++_C23/Face2Face/781_806.mp4,1,781_806
data/raw/FaceForensics++_C23/FaceShifter/413_372.mp4,1,413_372
data/raw/FaceForensics++_C23/FaceSwap/013_883.mp4,1,013_883
data/raw/FaceForensics++_C23/original/238.mp4,0,238
data/raw/FaceForensics++_C23/FaceShifter/307_365.mp4,1,307_365
data/raw/FaceForensics++_C23/FaceSwap/822_244.mp4,1,822_244
data/raw/FaceForensics++_C23/Deepfakes/687_615.mp4,1,687_615
data/raw/FaceForensics++_C23/Face2Face/915_895.mp4,1,915_895
data/raw/FaceForensics++_C23/original/645.mp4,0,645
data/raw/FaceForensics++_C23/Deepfakes/612_702.mp4,1,612_702
data/raw/FaceForensics++_C23/FaceSwap/071_054.mp4,1,071_054
data/raw/FaceForensics++_C23/FaceSwap/405_393.mp4,1,405_393
data/raw/FaceForensics++_C23/FaceShifter/267_286.mp4,1,267_286
data/raw/FaceForensics++_C23/original/752.mp4,0,752
data/raw/FaceForensics++_C23/FaceShifter/533_450.mp4,1,533_450
data/raw/FaceForensics++_C23/Deepfakes/039_058.mp4,1,039_058
data/raw/FaceForensics++_C23/Face2Face/898_922.mp4,1,898_922
data/raw/FaceForensics++_C23/Face2Face/649_816.mp4,1,649_816
data/raw/FaceForensics++_C23/FaceSwap/471_455.mp4,1,471_455
data/raw/FaceForensics++_C23/Deepfakes/258_246.mp4,1,258_246
data/raw/FaceForensics++_C23/FaceShifter/924_917.mp4,1,924_917
data/raw/FaceForensics++_C23/FaceShifter/434_438.mp4,1,434_438
data/raw/FaceForensics++_C23/Deepfakes/847_906.mp4,1,847_906
data/raw/FaceForensics++_C23/FaceShifter/822_244.mp4,1,822_244
data/raw/FaceForensics++_C23/NeuralTextures/401_395.mp4,1,401_395
data/raw/FaceForensics++_C23/original/084.mp4,0,084
data/raw/FaceForensics++_C23/FaceSwap/954_976.mp4,1,954_976
data/raw/FaceForensics++_C23/FaceSwap/641_662.mp4,1,641_662
data/raw/FaceForensics++_C23/Face2Face/233_995.mp4,1,233_995
data/raw/FaceForensics++_C23/Face2Face/127_129.mp4,1,127_129
data/raw/FaceForensics++_C23/FaceSwap/489_022.mp4,1,489_022
data/raw/FaceForensics++_C23/Face2Face/967_984.mp4,1,967_984
data/raw/FaceForensics++_C23/Deepfakes/558_583.mp4,1,558_583
data/raw/FaceForensics++_C23/Deepfakes/904_046.mp4,1,904_046
data/raw/FaceForensics++_C23/FaceShifter/614_616.mp4,1,614_616
data/raw/FaceForensics++_C23/Deepfakes/484_415.mp4,1,484_415
data/raw/FaceForensics++_C23/FaceShifter/211_177.mp4,1,211_177
data/raw/FaceForensics++_C23/Face2Face/320_328.mp4,1,320_328
data/raw/FaceForensics++_C23/FaceSwap/332_051.mp4,1,332_051
data/raw/FaceForensics++_C23/FaceShifter/555_516.mp4,1,555_516
data/raw/FaceForensics++_C23/Deepfakes/007_132.mp4,1,007_132
data/raw/FaceForensics++_C23/FaceShifter/315_322.mp4,1,315_322
data/raw/FaceForensics++_C23/original/078.mp4,0,078
data/raw/FaceForensics++_C23/NeuralTextures/384_932.mp4,1,384_932
data/raw/FaceForensics++_C23/NeuralTextures/315_322.mp4,1,315_322
data/raw/FaceForensics++_C23/original/267.mp4,0,267
data/raw/FaceForensics++_C23/Face2Face/450_533.mp4,1,450_533
data/raw/FaceForensics++_C23/Face2Face/201_203.mp4,1,201_203
data/raw/FaceForensics++_C23/FaceShifter/426_287.mp4,1,426_287
data/raw/FaceForensics++_C23/FaceShifter/648_654.mp4,1,648_654
data/raw/FaceForensics++_C23/Face2Face/814_871.mp4,1,814_871
data/raw/FaceForensics++_C23/FaceShifter/726_713.mp4,1,726_713
data/raw/FaceForensics++_C23/Deepfakes/773_652.mp4,1,773_652
data/raw/FaceForensics++_C23/FaceShifter/274_412.mp4,1,274_412
data/raw/FaceForensics++_C23/Face2Face/011_805.mp4,1,011_805
data/raw/FaceForensics++_C23/NeuralTextures/059_050.mp4,1,059_050
data/raw/FaceForensics++_C23/FaceSwap/467_462.mp4,1,467_462
data/raw/FaceForensics++_C23/Face2Face/991_064.mp4,1,991_064
data/raw/FaceForensics++_C23/Face2Face/277_335.mp4,1,277_335
data/raw/FaceForensics++_C23/Face2Face/783_916.mp4,1,783_916
data/raw/FaceForensics++_C23/NeuralTextures/253_183.mp4,1,253_183
data/raw/FaceForensics++_C23/Deepfakes/446_667.mp4,1,446_667
data/raw/FaceForensics++_C23/Deepfakes/880_135.mp4,1,880_135
data/raw/FaceForensics++_C23/NeuralTextures/053_095.mp4,1,053_095
data/raw/FaceForensics++_C23/original/346.mp4,0,346
data/raw/FaceForensics++_C23/FaceShifter/727_729.mp4,1,727_729
data/raw/FaceForensics++_C23/FaceSwap/048_029.mp4,1,048_029
data/raw/FaceForensics++_C23/Deepfakes/781_806.mp4,1,781_806
data/raw/FaceForensics++_C23/FaceShifter/651_835.mp4,1,651_835
data/raw/FaceForensics++_C23/original/827.mp4,0,827
data/raw/FaceForensics++_C23/Face2Face/749_659.mp4,1,749_659
data/raw/FaceForensics++_C23/FaceShifter/126_104.mp4,1,126_104
data/raw/FaceForensics++_C23/NeuralTextures/421_423.mp4,1,421_423
data/raw/FaceForensics++_C23/FaceShifter/791_770.mp4,1,791_770
data/raw/FaceForensics++_C23/FaceShifter/423_421.mp4,1,423_421
data/raw/FaceForensics++_C23/original/857.mp4,0,857
data/raw/FaceForensics++_C23/original/168.mp4,0,168
data/raw/FaceForensics++_C23/Deepfakes/883_013.mp4,1,883_013
data/raw/FaceForensics++_C23/FaceSwap/357_432.mp4,1,357_432
data/raw/FaceForensics++_C23/Face2Face/091_116.mp4,1,091_116
data/raw/FaceForensics++_C23/original/622.mp4,0,622
data/raw/FaceForensics++_C23/original/128.mp4,0,128
data/raw/FaceForensics++_C23/Deepfakes/531_549.mp4,1,531_549
data/raw/FaceForensics++_C23/FaceSwap/590_034.mp4,1,590_034
data/raw/FaceForensics++_C23/FaceShifter/438_434.mp4,1,438_434
data/raw/FaceForensics++_C23/NeuralTextures/861_858.mp4,1,861_858
data/raw/FaceForensics++_C23/original/064.mp4,0,064
data/raw/FaceForensics++_C23/FaceSwap/955_078.mp4,1,955_078
data/raw/FaceForensics++_C23/NeuralTextures/966_988.mp4,1,966_988
data/raw/FaceForensics++_C23/FaceShifter/290_240.mp4,1,290_240
data/raw/FaceForensics++_C23/Face2Face/727_729.mp4,1,727_729
data/raw/FaceForensics++_C23/Deepfakes/610_692.mp4,1,610_692
data/raw/FaceForensics++_C23/Deepfakes/570_624.mp4,1,570_624
data/raw/FaceForensics++_C23/FaceSwap/774_735.mp4,1,774_735
data/raw/FaceForensics++_C23/Face2Face/317_359.mp4,1,317_359
data/raw/FaceForensics++_C23/Deepfakes/343_363.mp4,1,343_363
data/raw/FaceForensics++_C23/Deepfakes/587_535.mp4,1,587_535
data/raw/FaceForensics++_C23/NeuralTextures/677_671.mp4,1,677_671
data/raw/FaceForensics++_C23/Deepfakes/636_578.mp4,1,636_578
data/raw/FaceForensics++_C23/Deepfakes/434_438.mp4,1,434_438
data/raw/FaceForensics++_C23/Face2Face/903_792.mp4,1,903_792
data/raw/FaceForensics++_C23/Deepfakes/097_033.mp4,1,097_033
data/raw/FaceForensics++_C23/NeuralTextures/928_160.mp4,1,928_160
data/raw/FaceForensics++_C23/FaceSwap/425_485.mp4,1,425_485
data/raw/FaceForensics++_C23/NeuralTextures/420_257.mp4,1,420_257
data/raw/FaceForensics++_C23/FaceShifter/069_961.mp4,1,069_961
data/raw/FaceForensics++_C23/Face2Face/537_563.mp4,1,537_563
data/raw/FaceForensics++_C23/FaceSwap/206_221.mp4,1,206_221
data/raw/FaceForensics++_C23/NeuralTextures/546_621.mp4,1,546_621
data/raw/FaceForensics++_C23/NeuralTextures/771_849.mp4,1,771_849
data/raw/FaceForensics++_C23/FaceSwap/323_302.mp4,1,323_302
data/raw/FaceForensics++_C23/Face2Face/517_521.mp4,1,517_521
data/raw/FaceForensics++_C23/Deepfakes/965_948.mp4,1,965_948
data/raw/FaceForensics++_C23/original/275.mp4,0,275
data/raw/FaceForensics++_C23/Deepfakes/528_510.mp4,1,528_510
data/raw/FaceForensics++_C23/Deepfakes/176_190.mp4,1,176_190
data/raw/FaceForensics++_C23/FaceShifter/470_468.mp4,1,470_468
data/raw/FaceForensics++_C23/NeuralTextures/521_517.mp4,1,521_517
data/raw/FaceForensics++_C23/FaceSwap/599_585.mp4,1,599_585
data/raw/FaceForensics++_C23/FaceSwap/001_870.mp4,1,001_870
data/raw/FaceForensics++_C23/original/865.mp4,0,865
data/raw/FaceForensics++_C23/Deepfakes/572_554.mp4,1,572_554
data/raw/FaceForensics++_C23/FaceSwap/265_475.mp4,1,265_475
data/raw/FaceForensics++_C23/Deepfakes/592_500.mp4,1,592_500
data/raw/FaceForensics++_C23/NeuralTextures/974_953.mp4,1,974_953
data/raw/FaceForensics++_C23/FaceSwap/062_066.mp4,1,062_066
data/raw/FaceForensics++_C23/FaceSwap/482_465.mp4,1,482_465
data/raw/FaceForensics++_C23/FaceShifter/374_407.mp4,1,374_407
data/raw/FaceForensics++_C23/FaceSwap/064_991.mp4,1,064_991
data/raw/FaceForensics++_C23/original/627.mp4,0,627
data/raw/FaceForensics++_C23/NeuralTextures/332_051.mp4,1,332_051
data/raw/FaceForensics++_C23/FaceSwap/656_666.mp4,1,656_666
data/raw/FaceForensics++_C23/FaceShifter/208_215.mp4,1,208_215
data/raw/FaceForensics++_C23/NeuralTextures/416_342.mp4,1,416_342
data/raw/FaceForensics++_C23/FaceShifter/492_325.mp4,1,492_325
data/raw/FaceForensics++_C23/FaceSwap/901_902.mp4,1,901_902
data/raw/FaceForensics++_C23/Deepfakes/383_353.mp4,1,383_353
data/raw/FaceForensics++_C23/Deepfakes/852_834.mp4,1,852_834
data/raw/FaceForensics++_C23/Face2Face/880_135.mp4,1,880_135
data/raw/FaceForensics++_C23/Deepfakes/370_483.mp4,1,370_483
data/raw/FaceForensics++_C23/FaceSwap/362_354.mp4,1,362_354
data/raw/FaceForensics++_C23/NeuralTextures/231_663.mp4,1,231_663
data/raw/FaceForensics++_C23/original/204.mp4,0,204
data/raw/FaceForensics++_C23/original/170.mp4,0,170
data/raw/FaceForensics++_C23/original/957.mp4,0,957
data/raw/FaceForensics++_C23/Face2Face/105_180.mp4,1,105_180
data/raw/FaceForensics++_C23/NeuralTextures/684_717.mp4,1,684_717
data/raw/FaceForensics++_C23/FaceShifter/361_448.mp4,1,361_448
data/raw/FaceForensics++_C23/original/153.mp4,0,153
data/raw/FaceForensics++_C23/Face2Face/336_338.mp4,1,336_338
data/raw/FaceForensics++_C23/FaceShifter/189_200.mp4,1,189_200
data/raw/FaceForensics++_C23/original/502.mp4,0,502
data/raw/FaceForensics++_C23/original/403.mp4,0,403
data/raw/FaceForensics++_C23/NeuralTextures/848_894.mp4,1,848_894
data/raw/FaceForensics++_C23/FaceShifter/246_258.mp4,1,246_258
data/raw/FaceForensics++_C23/original/974.mp4,0,974
data/raw/FaceForensics++_C23/original/811.mp4,0,811
data/raw/FaceForensics++_C23/Face2Face/171_173.mp4,1,171_173
data/raw/FaceForensics++_C23/FaceSwap/992_980.mp4,1,992_980
data/raw/FaceForensics++_C23/FaceSwap/808_829.mp4,1,808_829
data/raw/FaceForensics++_C23/Face2Face/422_695.mp4,1,422_695
data/raw/FaceForensics++_C23/FaceShifter/686_696.mp4,1,686_696
data/raw/FaceForensics++_C23/original/380.mp4,0,380
data/raw/FaceForensics++_C23/FaceSwap/318_334.mp4,1,318_334
data/raw/FaceForensics++_C23/original/813.mp4,0,813
data/raw/FaceForensics++_C23/original/707.mp4,0,707
data/raw/FaceForensics++_C23/Face2Face/464_463.mp4,1,464_463
data/raw/FaceForensics++_C23/Deepfakes/874_291.mp4,1,874_291
data/raw/FaceForensics++_C23/FaceShifter/297_270.mp4,1,297_270
data/raw/FaceForensics++_C23/FaceShifter/643_646.mp4,1,643_646
data/raw/FaceForensics++_C23/FaceSwap/945_044.mp4,1,945_044
data/raw/FaceForensics++_C23/original/190.mp4,0,190
data/raw/FaceForensics++_C23/Face2Face/251_375.mp4,1,251_375
data/raw/FaceForensics++_C23/FaceSwap/326_501.mp4,1,326_501
data/raw/FaceForensics++_C23/Deepfakes/840_800.mp4,1,840_800
data/raw/FaceForensics++_C23/NeuralTextures/228_289.mp4,1,228_289
data/raw/FaceForensics++_C23/Deepfakes/581_697.mp4,1,581_697
data/raw/FaceForensics++_C23/Deepfakes/204_230.mp4,1,204_230
data/raw/FaceForensics++_C23/Face2Face/641_662.mp4,1,641_662
data/raw/FaceForensics++_C23/FaceShifter/014_790.mp4,1,014_790
data/raw/FaceForensics++_C23/Deepfakes/905_860.mp4,1,905_860
data/raw/FaceForensics++_C23/Deepfakes/631_551.mp4,1,631_551
data/raw/FaceForensics++_C23/NeuralTextures/244_822.mp4,1,244_822
data/raw/FaceForensics++_C23/Face2Face/974_953.mp4,1,974_953
data/raw/FaceForensics++_C23/Deepfakes/162_330.mp4,1,162_330
data/raw/FaceForensics++_C23/NeuralTextures/304_300.mp4,1,304_300
data/raw/FaceForensics++_C23/NeuralTextures/055_147.mp4,1,055_147
data/raw/FaceForensics++_C23/original/388.mp4,0,388
data/raw/FaceForensics++_C23/FaceSwap/513_305.mp4,1,513_305
data/raw/FaceForensics++_C23/Deepfakes/617_566.mp4,1,617_566
data/raw/FaceForensics++_C23/Deepfakes/875_979.mp4,1,875_979
data/raw/FaceForensics++_C23/Face2Face/431_447.mp4,1,431_447
data/raw/FaceForensics++_C23/FaceShifter/973_970.mp4,1,973_970
data/raw/FaceForensics++_C23/original/362.mp4,0,362
data/raw/FaceForensics++_C23/Deepfakes/547_574.mp4,1,547_574
data/raw/FaceForensics++_C23/NeuralTextures/871_814.mp4,1,871_814
data/raw/FaceForensics++_C23/original/449.mp4,0,449
data/raw/FaceForensics++_C23/original/048.mp4,0,048
data/raw/FaceForensics++_C23/FaceSwap/381_376.mp4,1,381_376
data/raw/FaceForensics++_C23/original/809.mp4,0,809
data/raw/FaceForensics++_C23/original/702.mp4,0,702
data/raw/FaceForensics++_C23/NeuralTextures/890_837.mp4,1,890_837
data/raw/FaceForensics++_C23/FaceShifter/856_881.mp4,1,856_881
data/raw/FaceForensics++_C23/Face2Face/861_858.mp4,1,861_858
data/raw/FaceForensics++_C23/FaceShifter/659_749.mp4,1,659_749
data/raw/FaceForensics++_C23/original/505.mp4,0,505
data/raw/FaceForensics++_C23/Deepfakes/640_638.mp4,1,640_638
data/raw/FaceForensics++_C23/original/107.mp4,0,107
data/raw/FaceForensics++_C23/Face2Face/009_027.mp4,1,009_027
data/raw/FaceForensics++_C23/original/862.mp4,0,862
data/raw/FaceForensics++_C23/Deepfakes/637_427.mp4,1,637_427
data/raw/FaceForensics++_C23/NeuralTextures/899_914.mp4,1,899_914
data/raw/FaceForensics++_C23/NeuralTextures/504_502.mp4,1,504_502
data/raw/FaceForensics++_C23/FaceShifter/308_388.mp4,1,308_388
data/raw/FaceForensics++_C23/NeuralTextures/168_222.mp4,1,168_222
data/raw/FaceForensics++_C23/FaceSwap/145_299.mp4,1,145_299
data/raw/FaceForensics++_C23/FaceSwap/781_806.mp4,1,781_806
data/raw/FaceForensics++_C23/FaceShifter/096_101.mp4,1,096_101
data/raw/FaceForensics++_C23/original/519.mp4,0,519
data/raw/FaceForensics++_C23/Face2Face/956_958.mp4,1,956_958
data/raw/FaceForensics++_C23/Face2Face/372_413.mp4,1,372_413
data/raw/FaceForensics++_C23/NeuralTextures/022_489.mp4,1,022_489
data/raw/FaceForensics++_C23/Deepfakes/921_569.mp4,1,921_569
data/raw/FaceForensics++_C23/Deepfakes/546_621.mp4,1,546_621
data/raw/FaceForensics++_C23/Face2Face/449_451.mp4,1,449_451
data/raw/FaceForensics++_C23/FaceShifter/804_738.mp4,1,804_738
data/raw/FaceForensics++_C23/FaceShifter/610_692.mp4,1,610_692
data/raw/FaceForensics++_C23/Face2Face/900_926.mp4,1,900_926
data/raw/FaceForensics++_C23/FaceShifter/757_573.mp4,1,757_573
data/raw/FaceForensics++_C23/FaceShifter/028_068.mp4,1,028_068
data/raw/FaceForensics++_C23/FaceShifter/301_262.mp4,1,301_262
data/raw/FaceForensics++_C23/Face2Face/885_802.mp4,1,885_802
data/raw/FaceForensics++_C23/Face2Face/642_635.mp4,1,642_635
data/raw/FaceForensics++_C23/Deepfakes/972_718.mp4,1,972_718
data/raw/FaceForensics++_C23/original/764.mp4,0,764
data/raw/FaceForensics++_C23/FaceShifter/097_033.mp4,1,097_033
data/raw/FaceForensics++_C23/original/208.mp4,0,208
data/raw/FaceForensics++_C23/NeuralTextures/575_603.mp4,1,575_603
data/raw/FaceForensics++_C23/original/490.mp4,0,490
data/raw/FaceForensics++_C23/original/958.mp4,0,958
data/raw/FaceForensics++_C23/Deepfakes/836_950.mp4,1,836_950
data/raw/FaceForensics++_C23/Deepfakes/601_653.mp4,1,601_653
data/raw/FaceForensics++_C23/FaceShifter/184_205.mp4,1,184_205
data/raw/FaceForensics++_C23/NeuralTextures/768_793.mp4,1,768_793
data/raw/FaceForensics++_C23/FaceSwap/516_555.mp4,1,516_555
data/raw/FaceForensics++_C23/original/149.mp4,0,149
data/raw/FaceForensics++_C23/Face2Face/582_172.mp4,1,582_172
data/raw/FaceForensics++_C23/original/101.mp4,0,101
data/raw/FaceForensics++_C23/FaceSwap/583_558.mp4,1,583_558
data/raw/FaceForensics++_C23/FaceSwap/858_861.mp4,1,858_861
data/raw/FaceForensics++_C23/Face2Face/070_057.mp4,1,070_057
data/raw/FaceForensics++_C23/Face2Face/775_742.mp4,1,775_742
data/raw/FaceForensics++_C23/original/763.mp4,0,763
data/raw/FaceForensics++_C23/Face2Face/283_313.mp4,1,283_313
data/raw/FaceForensics++_C23/NeuralTextures/987_938.mp4,1,987_938
data/raw/FaceForensics++_C23/NeuralTextures/884_968.mp4,1,884_968
data/raw/FaceForensics++_C23/original/699.mp4,0,699
data/raw/FaceForensics++_C23/Face2Face/836_950.mp4,1,836_950
data/raw/FaceForensics++_C23/original/452.mp4,0,452
data/raw/FaceForensics++_C23/Face2Face/019_018.mp4,1,019_018
data/raw/FaceForensics++_C23/Deepfakes/970_973.mp4,1,970_973
data/raw/FaceForensics++_C23/Face2Face/326_501.mp4,1,326_501
data/raw/FaceForensics++_C23/FaceSwap/333_377.mp4,1,333_377
data/raw/FaceForensics++_C23/Deepfakes/475_265.mp4,1,475_265
data/raw/FaceForensics++_C23/FaceShifter/810_838.mp4,1,810_838
data/raw/FaceForensics++_C23/original/608.mp4,0,608
data/raw/FaceForensics++_C23/Face2Face/651_835.mp4,1,651_835
data/raw/FaceForensics++_C23/original/569.mp4,0,569
data/raw/FaceForensics++_C23/original/121.mp4,0,121
data/raw/FaceForensics++_C23/FaceShifter/528_510.mp4,1,528_510
data/raw/FaceForensics++_C23/FaceSwap/691_732.mp4,1,691_732
data/raw/FaceForensics++_C23/NeuralTextures/509_525.mp4,1,509_525
data/raw/FaceForensics++_C23/NeuralTextures/086_090.mp4,1,086_090
data/raw/FaceForensics++_C23/Face2Face/373_394.mp4,1,373_394
data/raw/FaceForensics++_C23/Deepfakes/739_865.mp4,1,739_865
data/raw/FaceForensics++_C23/NeuralTextures/608_675.mp4,1,608_675
data/raw/FaceForensics++_C23/original/802.mp4,0,802
data/raw/FaceForensics++_C23/Deepfakes/867_765.mp4,1,867_765
data/raw/FaceForensics++_C23/FaceShifter/974_953.mp4,1,974_953
data/raw/FaceForensics++_C23/Face2Face/140_143.mp4,1,140_143
data/raw/FaceForensics++_C23/Deepfakes/997_040.mp4,1,997_040
data/raw/FaceForensics++_C23/Face2Face/337_522.mp4,1,337_522
data/raw/FaceForensics++_C23/Deepfakes/541_523.mp4,1,541_523
data/raw/FaceForensics++_C23/Face2Face/099_295.mp4,1,099_295
data/raw/FaceForensics++_C23/Face2Face/132_007.mp4,1,132_007
data/raw/FaceForensics++_C23/original/816.mp4,0,816
data/raw/FaceForensics++_C23/original/927.mp4,0,927
data/raw/FaceForensics++_C23/FaceShifter/258_246.mp4,1,258_246
data/raw/FaceForensics++_C23/original/973.mp4,0,973
data/raw/FaceForensics++_C23/FaceShifter/962_929.mp4,1,962_929
data/raw/FaceForensics++_C23/Deepfakes/059_050.mp4,1,059_050
data/raw/FaceForensics++_C23/FaceSwap/259_345.mp4,1,259_345
data/raw/FaceForensics++_C23/NeuralTextures/083_213.mp4,1,083_213
data/raw/FaceForensics++_C23/Face2Face/938_987.mp4,1,938_987
data/raw/FaceForensics++_C23/FaceSwap/650_625.mp4,1,650_625
data/raw/FaceForensics++_C23/original/923.mp4,0,923
data/raw/FaceForensics++_C23/FaceSwap/395_401.mp4,1,395_401
data/raw/FaceForensics++_C23/FaceShifter/813_700.mp4,1,813_700
data/raw/FaceForensics++_C23/original/996.mp4,0,996
data/raw/FaceForensics++_C23/original/656.mp4,0,656
data/raw/FaceForensics++_C23/Face2Face/078_955.mp4,1,078_955
data/raw/FaceForensics++_C23/NeuralTextures/532_544.mp4,1,532_544
data/raw/FaceForensics++_C23/original/831.mp4,0,831
data/raw/FaceForensics++_C23/NeuralTextures/272_396.mp4,1,272_396
data/raw/FaceForensics++_C23/NeuralTextures/283_313.mp4,1,283_313
data/raw/FaceForensics++_C23/original/099.mp4,0,099
data/raw/FaceForensics++_C23/FaceShifter/630_623.mp4,1,630_623
data/raw/FaceForensics++_C23/NeuralTextures/801_855.mp4,1,801_855
data/raw/FaceForensics++_C23/FaceSwap/524_580.mp4,1,524_580
data/raw/FaceForensics++_C23/FaceSwap/563_537.mp4,1,563_537
data/raw/FaceForensics++_C23/Deepfakes/940_941.mp4,1,940_941
data/raw/FaceForensics++_C23/Face2Face/080_061.mp4,1,080_061
data/raw/FaceForensics++_C23/Deepfakes/187_234.mp4,1,187_234
data/raw/FaceForensics++_C23/FaceSwap/722_458.mp4,1,722_458
data/raw/FaceForensics++_C23/original/613.mp4,0,613
data/raw/FaceForensics++_C23/FaceShifter/085_124.mp4,1,085_124
data/raw/FaceForensics++_C23/FaceShifter/249_280.mp4,1,249_280
data/raw/FaceForensics++_C23/FaceSwap/688_645.mp4,1,688_645
data/raw/FaceForensics++_C23/original/868.mp4,0,868
data/raw/FaceForensics++_C23/FaceShifter/023_923.mp4,1,023_923
data/raw/FaceForensics++_C23/FaceSwap/794_779.mp4,1,794_779
data/raw/FaceForensics++_C23/Face2Face/492_325.mp4,1,492_325
data/raw/FaceForensics++_C23/NeuralTextures/601_653.mp4,1,601_653
data/raw/FaceForensics++_C23/NeuralTextures/040_997.mp4,1,040_997
data/raw/FaceForensics++_C23/Deepfakes/226_491.mp4,1,226_491
data/raw/FaceForensics++_C23/Face2Face/013_883.mp4,1,013_883
data/raw/FaceForensics++_C23/FaceShifter/583_558.mp4,1,583_558
data/raw/FaceForensics++_C23/Face2Face/929_962.mp4,1,929_962
data/raw/FaceForensics++_C23/NeuralTextures/215_208.mp4,1,215_208
data/raw/FaceForensics++_C23/original/382.mp4,0,382
data/raw/FaceForensics++_C23/Face2Face/404_429.mp4,1,404_429
data/raw/FaceForensics++_C23/FaceShifter/179_212.mp4,1,179_212
data/raw/FaceForensics++_C23/Deepfakes/697_581.mp4,1,697_581
data/raw/FaceForensics++_C23/Face2Face/124_085.mp4,1,124_085
data/raw/FaceForensics++_C23/FaceSwap/282_238.mp4,1,282_238
data/raw/FaceForensics++_C23/FaceSwap/960_999.mp4,1,960_999
data/raw/FaceForensics++_C23/NeuralTextures/110_043.mp4,1,110_043
data/raw/FaceForensics++_C23/Face2Face/778_798.mp4,1,778_798
data/raw/FaceForensics++_C23/FaceShifter/634_660.mp4,1,634_660
data/raw/FaceForensics++_C23/FaceSwap/091_116.mp4,1,091_116
data/raw/FaceForensics++_C23/NeuralTextures/047_862.mp4,1,047_862
data/raw/FaceForensics++_C23/Face2Face/037_072.mp4,1,037_072
data/raw/FaceForensics++_C23/NeuralTextures/994_986.mp4,1,994_986
data/raw/FaceForensics++_C23/FaceShifter/256_146.mp4,1,256_146
data/raw/FaceForensics++_C23/FaceSwap/773_652.mp4,1,773_652
data/raw/FaceForensics++_C23/original/929.mp4,0,929
data/raw/FaceForensics++_C23/Deepfakes/313_283.mp4,1,313_283
data/raw/FaceForensics++_C23/FaceShifter/649_816.mp4,1,649_816
data/raw/FaceForensics++_C23/FaceShifter/281_474.mp4,1,281_474
data/raw/FaceForensics++_C23/FaceSwap/693_698.mp4,1,693_698
data/raw/FaceForensics++_C23/NeuralTextures/287_426.mp4,1,287_426
data/raw/FaceForensics++_C23/FaceShifter/547_574.mp4,1,547_574
data/raw/FaceForensics++_C23/Face2Face/416_342.mp4,1,416_342
data/raw/FaceForensics++_C23/Face2Face/036_035.mp4,1,036_035
data/raw/FaceForensics++_C23/FaceShifter/159_175.mp4,1,159_175
data/raw/FaceForensics++_C23/FaceShifter/984_967.mp4,1,984_967
data/raw/FaceForensics++_C23/FaceSwap/137_165.mp4,1,137_165
data/raw/FaceForensics++_C23/NeuralTextures/981_985.mp4,1,981_985
data/raw/FaceForensics++_C23/Face2Face/754_758.mp4,1,754_758
data/raw/FaceForensics++_C23/NeuralTextures/262_301.mp4,1,262_301
data/raw/FaceForensics++_C23/FaceSwap/980_992.mp4,1,980_992
data/raw/FaceForensics++_C23/FaceSwap/817_827.mp4,1,817_827
data/raw/FaceForensics++_C23/original/345.mp4,0,345
data/raw/FaceForensics++_C23/FaceShifter/520_542.mp4,1,520_542
data/raw/FaceForensics++_C23/Deepfakes/873_872.mp4,1,873_872
data/raw/FaceForensics++_C23/original/229.mp4,0,229
data/raw/FaceForensics++_C23/NeuralTextures/489_022.mp4,1,489_022
data/raw/FaceForensics++_C23/Face2Face/506_478.mp4,1,506_478
data/raw/FaceForensics++_C23/FaceSwap/891_876.mp4,1,891_876
data/raw/FaceForensics++_C23/Face2Face/923_023.mp4,1,923_023
data/raw/FaceForensics++_C23/Deepfakes/448_361.mp4,1,448_361
data/raw/FaceForensics++_C23/FaceSwap/460_678.mp4,1,460_678
data/raw/FaceForensics++_C23/FaceSwap/575_603.mp4,1,575_603
data/raw/FaceForensics++_C23/original/960.mp4,0,960
data/raw/FaceForensics++_C23/FaceSwap/632_548.mp4,1,632_548
data/raw/FaceForensics++_C23/FaceSwap/257_420.mp4,1,257_420
data/raw/FaceForensics++_C23/Deepfakes/361_448.mp4,1,361_448
data/raw/FaceForensics++_C23/FaceShifter/183_253.mp4,1,183_253
data/raw/FaceForensics++_C23/Face2Face/134_192.mp4,1,134_192
data/raw/FaceForensics++_C23/NeuralTextures/830_828.mp4,1,830_828
data/raw/FaceForensics++_C23/FaceSwap/199_181.mp4,1,199_181
data/raw/FaceForensics++_C23/original/817.mp4,0,817
data/raw/FaceForensics++_C23/FaceSwap/438_434.mp4,1,438_434
data/raw/FaceForensics++_C23/FaceShifter/155_576.mp4,1,155_576
data/raw/FaceForensics++_C23/Face2Face/830_828.mp4,1,830_828
data/raw/FaceForensics++_C23/Face2Face/053_095.mp4,1,053_095
data/raw/FaceForensics++_C23/FaceShifter/460_678.mp4,1,460_678
data/raw/FaceForensics++_C23/Deepfakes/022_489.mp4,1,022_489
data/raw/FaceForensics++_C23/FaceShifter/066_062.mp4,1,066_062
data/raw/FaceForensics++_C23/Face2Face/653_601.mp4,1,653_601
data/raw/FaceForensics++_C23/FaceSwap/661_670.mp4,1,661_670
data/raw/FaceForensics++_C23/NeuralTextures/331_260.mp4,1,331_260
data/raw/FaceForensics++_C23/FaceShifter/743_750.mp4,1,743_750
data/raw/FaceForensics++_C23/original/244.mp4,0,244
data/raw/FaceForensics++_C23/NeuralTextures/872_873.mp4,1,872_873
data/raw/FaceForensics++_C23/FaceShifter/468_470.mp4,1,468_470
data/raw/FaceForensics++_C23/FaceShifter/325_492.mp4,1,325_492
data/raw/FaceForensics++_C23/Deepfakes/460_678.mp4,1,460_678
data/raw/FaceForensics++_C23/Face2Face/067_025.mp4,1,067_025
data/raw/FaceForensics++_C23/Deepfakes/087_081.mp4,1,087_081
data/raw/FaceForensics++_C23/Face2Face/430_459.mp4,1,430_459
data/raw/FaceForensics++_C23/FaceSwap/739_865.mp4,1,739_865
data/raw/FaceForensics++_C23/Deepfakes/282_238.mp4,1,282_238
data/raw/FaceForensics++_C23/FaceShifter/483_370.mp4,1,483_370
data/raw/FaceForensics++_C23/Deepfakes/462_467.mp4,1,462_467
data/raw/FaceForensics++_C23/Deepfakes/212_179.mp4,1,212_179
data/raw/FaceForensics++_C23/FaceShifter/588_556.mp4,1,588_556
data/raw/FaceForensics++_C23/NeuralTextures/291_874.mp4,1,291_874
data/raw/FaceForensics++_C23/FaceShifter/907_795.mp4,1,907_795
data/raw/FaceForensics++_C23/FaceShifter/581_697.mp4,1,581_697
data/raw/FaceForensics++_C23/Face2Face/368_378.mp4,1,368_378
data/raw/FaceForensics++_C23/Deepfakes/234_187.mp4,1,234_187
data/raw/FaceForensics++_C23/FaceSwap/922_898.mp4,1,922_898
data/raw/FaceForensics++_C23/Deepfakes/597_595.mp4,1,597_595
data/raw/FaceForensics++_C23/original/295.mp4,0,295
data/raw/FaceForensics++_C23/FaceShifter/250_461.mp4,1,250_461
data/raw/FaceForensics++_C23/original/874.mp4,0,874
data/raw/FaceForensics++_C23/FaceShifter/283_313.mp4,1,283_313
data/raw/FaceForensics++_C23/Deepfakes/662_641.mp4,1,662_641
data/raw/FaceForensics++_C23/original/954.mp4,0,954
data/raw/FaceForensics++_C23/FaceShifter/285_136.mp4,1,285_136
data/raw/FaceForensics++_C23/FaceSwap/431_447.mp4,1,431_447
data/raw/FaceForensics++_C23/original/655.mp4,0,655
data/raw/FaceForensics++_C23/NeuralTextures/320_328.mp4,1,320_328
data/raw/FaceForensics++_C23/FaceSwap/684_717.mp4,1,684_717
data/raw/FaceForensics++_C23/original/473.mp4,0,473
data/raw/FaceForensics++_C23/FaceSwap/468_470.mp4,1,468_470
data/raw/FaceForensics++_C23/FaceSwap/541_523.mp4,1,541_523
data/raw/FaceForensics++_C23/FaceShifter/990_008.mp4,1,990_008
data/raw/FaceForensics++_C23/original/333.mp4,0,333
data/raw/FaceForensics++_C23/Deepfakes/779_794.mp4,1,779_794
data/raw/FaceForensics++_C23/FaceShifter/544_532.mp4,1,544_532
data/raw/FaceForensics++_C23/original/698.mp4,0,698
data/raw/FaceForensics++_C23/NeuralTextures/618_629.mp4,1,618_629
data/raw/FaceForensics++_C23/original/776.mp4,0,776
data/raw/FaceForensics++_C23/original/650.mp4,0,650
data/raw/FaceForensics++_C23/original/783.mp4,0,783
data/raw/FaceForensics++_C23/original/796.mp4,0,796
data/raw/FaceForensics++_C23/Deepfakes/685_613.mp4,1,685_613
data/raw/FaceForensics++_C23/FaceSwap/820_818.mp4,1,820_818
data/raw/FaceForensics++_C23/NeuralTextures/701_579.mp4,1,701_579
data/raw/FaceForensics++_C23/FaceSwap/243_156.mp4,1,243_156
data/raw/FaceForensics++_C23/Face2Face/748_355.mp4,1,748_355
data/raw/FaceForensics++_C23/NeuralTextures/303_309.mp4,1,303_309
data/raw/FaceForensics++_C23/NeuralTextures/638_640.mp4,1,638_640
data/raw/FaceForensics++_C23/FaceShifter/837_890.mp4,1,837_890
data/raw/FaceForensics++_C23/FaceSwap/032_944.mp4,1,032_944
data/raw/FaceForensics++_C23/FaceShifter/171_173.mp4,1,171_173
data/raw/FaceForensics++_C23/FaceSwap/767_694.mp4,1,767_694
data/raw/FaceForensics++_C23/Face2Face/850_764.mp4,1,850_764
data/raw/FaceForensics++_C23/Deepfakes/487_477.mp4,1,487_477
data/raw/FaceForensics++_C23/Face2Face/688_645.mp4,1,688_645
data/raw/FaceForensics++_C23/FaceShifter/230_204.mp4,1,230_204
data/raw/FaceForensics++_C23/FaceSwap/473_366.mp4,1,473_366
data/raw/FaceForensics++_C23/NeuralTextures/374_407.mp4,1,374_407
data/raw/FaceForensics++_C23/FaceShifter/320_328.mp4,1,320_328
data/raw/FaceForensics++_C23/Deepfakes/782_787.mp4,1,782_787
data/raw/FaceForensics++_C23/Deepfakes/521_517.mp4,1,521_517
data/raw/FaceForensics++_C23/Deepfakes/522_337.mp4,1,522_337
data/raw/FaceForensics++_C23/NeuralTextures/017_803.mp4,1,017_803
data/raw/FaceForensics++_C23/FaceShifter/939_115.mp4,1,939_115
data/raw/FaceForensics++_C23/NeuralTextures/680_486.mp4,1,680_486
data/raw/FaceForensics++_C23/NeuralTextures/826_833.mp4,1,826_833
data/raw/FaceForensics++_C23/FaceShifter/398_457.mp4,1,398_457
data/raw/FaceForensics++_C23/FaceShifter/207_908.mp4,1,207_908
data/raw/FaceForensics++_C23/NeuralTextures/518_131.mp4,1,518_131
data/raw/FaceForensics++_C23/Deepfakes/780_869.mp4,1,780_869
data/raw/FaceForensics++_C23/NeuralTextures/687_615.mp4,1,687_615
data/raw/FaceForensics++_C23/FaceSwap/996_056.mp4,1,996_056
data/raw/FaceForensics++_C23/Face2Face/511_472.mp4,1,511_472
data/raw/FaceForensics++_C23/Face2Face/882_952.mp4,1,882_952
data/raw/FaceForensics++_C23/Deepfakes/651_835.mp4,1,651_835
data/raw/FaceForensics++_C23/FaceSwap/947_951.mp4,1,947_951
data/raw/FaceForensics++_C23/Face2Face/801_855.mp4,1,801_855
data/raw/FaceForensics++_C23/Deepfakes/369_316.mp4,1,369_316
data/raw/FaceForensics++_C23/original/234.mp4,0,234
data/raw/FaceForensics++_C23/FaceSwap/731_741.mp4,1,731_741
data/raw/FaceForensics++_C23/Deepfakes/118_120.mp4,1,118_120
data/raw/FaceForensics++_C23/Deepfakes/377_333.mp4,1,377_333
data/raw/FaceForensics++_C23/Deepfakes/216_164.mp4,1,216_164
data/raw/FaceForensics++_C23/FaceShifter/216_164.mp4,1,216_164
data/raw/FaceForensics++_C23/NeuralTextures/558_583.mp4,1,558_583
data/raw/FaceForensics++_C23/Face2Face/613_685.mp4,1,613_685
data/raw/FaceForensics++_C23/FaceShifter/883_013.mp4,1,883_013
data/raw/FaceForensics++_C23/NeuralTextures/295_099.mp4,1,295_099
data/raw/FaceForensics++_C23/original/381.mp4,0,381
data/raw/FaceForensics++_C23/Deepfakes/962_929.mp4,1,962_929
data/raw/FaceForensics++_C23/original/397.mp4,0,397
data/raw/FaceForensics++_C23/FaceShifter/510_528.mp4,1,510_528
data/raw/FaceForensics++_C23/original/629.mp4,0,629
data/raw/FaceForensics++_C23/NeuralTextures/563_537.mp4,1,563_537
data/raw/FaceForensics++_C23/FaceSwap/997_040.mp4,1,997_040
data/raw/FaceForensics++_C23/Deepfakes/359_317.mp4,1,359_317
data/raw/FaceForensics++_C23/Face2Face/246_258.mp4,1,246_258
data/raw/FaceForensics++_C23/FaceSwap/408_424.mp4,1,408_424
data/raw/FaceForensics++_C23/original/083.mp4,0,083
data/raw/FaceForensics++_C23/FaceShifter/415_484.mp4,1,415_484
data/raw/FaceForensics++_C23/original/579.mp4,0,579
data/raw/FaceForensics++_C23/original/319.mp4,0,319
data/raw/FaceForensics++_C23/FaceShifter/185_276.mp4,1,185_276
data/raw/FaceForensics++_C23/FaceSwap/995_233.mp4,1,995_233
data/raw/FaceForensics++_C23/FaceShifter/567_606.mp4,1,567_606
data/raw/FaceForensics++_C23/FaceSwap/423_421.mp4,1,423_421
data/raw/FaceForensics++_C23/FaceShifter/037_072.mp4,1,037_072
data/raw/FaceForensics++_C23/original/096.mp4,0,096
data/raw/FaceForensics++_C23/Deepfakes/772_708.mp4,1,772_708
data/raw/FaceForensics++_C23/Face2Face/284_263.mp4,1,284_263
data/raw/FaceForensics++_C23/original/512.mp4,0,512
data/raw/FaceForensics++_C23/FaceSwap/562_626.mp4,1,562_626
data/raw/FaceForensics++_C23/original/679.mp4,0,679
data/raw/FaceForensics++_C23/FaceShifter/587_535.mp4,1,587_535
data/raw/FaceForensics++_C23/original/481.mp4,0,481
data/raw/FaceForensics++_C23/Face2Face/414_385.mp4,1,414_385
data/raw/FaceForensics++_C23/Face2Face/234_187.mp4,1,234_187
data/raw/FaceForensics++_C23/original/200.mp4,0,200
data/raw/FaceForensics++_C23/Deepfakes/435_456.mp4,1,435_456
data/raw/FaceForensics++_C23/Face2Face/674_744.mp4,1,674_744
data/raw/FaceForensics++_C23/FaceSwap/299_145.mp4,1,299_145
data/raw/FaceForensics++_C23/Deepfakes/365_307.mp4,1,365_307
data/raw/FaceForensics++_C23/NeuralTextures/508_831.mp4,1,508_831
data/raw/FaceForensics++_C23/Deepfakes/231_663.mp4,1,231_663
data/raw/FaceForensics++_C23/original/102.mp4,0,102
data/raw/FaceForensics++_C23/Deepfakes/147_055.mp4,1,147_055
data/raw/FaceForensics++_C23/original/266.mp4,0,266
data/raw/FaceForensics++_C23/FaceSwap/088_060.mp4,1,088_060
data/raw/FaceForensics++_C23/NeuralTextures/035_036.mp4,1,035_036
data/raw/FaceForensics++_C23/FaceSwap/554_572.mp4,1,554_572
data/raw/FaceForensics++_C23/Deepfakes/407_374.mp4,1,407_374
data/raw/FaceForensics++_C23/original/538.mp4,0,538
data/raw/FaceForensics++_C23/FaceSwap/456_435.mp4,1,456_435
data/raw/FaceForensics++_C23/FaceShifter/090_086.mp4,1,090_086
data/raw/FaceForensics++_C23/Deepfakes/086_090.mp4,1,086_090
data/raw/FaceForensics++_C23/FaceSwap/576_155.mp4,1,576_155
data/raw/FaceForensics++_C23/FaceSwap/271_264.mp4,1,271_264
data/raw/FaceForensics++_C23/Deepfakes/844_797.mp4,1,844_797
data/raw/FaceForensics++_C23/Face2Face/031_163.mp4,1,031_163
data/raw/FaceForensics++_C23/FaceSwap/718_972.mp4,1,718_972
data/raw/FaceForensics++_C23/NeuralTextures/329_327.mp4,1,329_327
data/raw/FaceForensics++_C23/FaceSwap/855_801.mp4,1,855_801
data/raw/FaceForensics++_C23/FaceShifter/987_938.mp4,1,987_938
data/raw/FaceForensics++_C23/NeuralTextures/350_349.mp4,1,350_349
data/raw/FaceForensics++_C23/FaceShifter/628_568.mp4,1,628_568
data/raw/FaceForensics++_C23/FaceSwap/753_789.mp4,1,753_789
data/raw/FaceForensics++_C23/original/304.mp4,0,304
data/raw/FaceForensics++_C23/Deepfakes/855_801.mp4,1,855_801
data/raw/FaceForensics++_C23/FaceSwap/003_000.mp4,1,003_000
data/raw/FaceForensics++_C23/Deepfakes/078_955.mp4,1,078_955
data/raw/FaceForensics++_C23/FaceShifter/992_980.mp4,1,992_980
data/raw/FaceForensics++_C23/FaceShifter/247_229.mp4,1,247_229
data/raw/FaceForensics++_C23/NeuralTextures/056_996.mp4,1,056_996
data/raw/FaceForensics++_C23/original/475.mp4,0,475
data/raw/FaceForensics++_C23/original/515.mp4,0,515
data/raw/FaceForensics++_C23/Deepfakes/758_754.mp4,1,758_754
data/raw/FaceForensics++_C23/NeuralTextures/696_686.mp4,1,696_686
data/raw/FaceForensics++_C23/FaceSwap/355_748.mp4,1,355_748
data/raw/FaceForensics++_C23/Deepfakes/788_710.mp4,1,788_710
data/raw/FaceForensics++_C23/FaceShifter/279_298.mp4,1,279_298
data/raw/FaceForensics++_C23/FaceSwap/674_744.mp4,1,674_744
data/raw/FaceForensics++_C23/NeuralTextures/247_229.mp4,1,247_229
data/raw/FaceForensics++_C23/NeuralTextures/977_075.mp4,1,977_075
data/raw/FaceForensics++_C23/NeuralTextures/773_652.mp4,1,773_652
data/raw/FaceForensics++_C23/NeuralTextures/486_680.mp4,1,486_680
data/raw/FaceForensics++_C23/NeuralTextures/960_999.mp4,1,960_999
data/raw/FaceForensics++_C23/FaceShifter/176_190.mp4,1,176_190
data/raw/FaceForensics++_C23/Deepfakes/424_408.mp4,1,424_408
data/raw/FaceForensics++_C23/Deepfakes/392_339.mp4,1,392_339
data/raw/FaceForensics++_C23/original/890.mp4,0,890
data/raw/FaceForensics++_C23/original/665.mp4,0,665
data/raw/FaceForensics++_C23/FaceShifter/239_218.mp4,1,239_218
data/raw/FaceForensics++_C23/Deepfakes/104_126.mp4,1,104_126
data/raw/FaceForensics++_C23/FaceShifter/672_720.mp4,1,672_720
data/raw/FaceForensics++_C23/original/485.mp4,0,485
data/raw/FaceForensics++_C23/original/023.mp4,0,023
data/raw/FaceForensics++_C23/FaceShifter/068_028.mp4,1,068_028
data/raw/FaceForensics++_C23/FaceSwap/975_978.mp4,1,975_978
data/raw/FaceForensics++_C23/FaceSwap/493_538.mp4,1,493_538
data/raw/FaceForensics++_C23/Face2Face/948_965.mp4,1,948_965
data/raw/FaceForensics++_C23/Face2Face/459_430.mp4,1,459_430
data/raw/FaceForensics++_C23/Face2Face/768_793.mp4,1,768_793
data/raw/FaceForensics++_C23/FaceSwap/298_279.mp4,1,298_279
data/raw/FaceForensics++_C23/original/482.mp4,0,482
data/raw/FaceForensics++_C23/FaceSwap/831_508.mp4,1,831_508
data/raw/FaceForensics++_C23/original/741.mp4,0,741
data/raw/FaceForensics++_C23/Face2Face/587_535.mp4,1,587_535
data/raw/FaceForensics++_C23/NeuralTextures/639_841.mp4,1,639_841
data/raw/FaceForensics++_C23/Face2Face/731_741.mp4,1,731_741
data/raw/FaceForensics++_C23/original/712.mp4,0,712
data/raw/FaceForensics++_C23/NeuralTextures/672_720.mp4,1,672_720
data/raw/FaceForensics++_C23/Deepfakes/182_242.mp4,1,182_242
data/raw/FaceForensics++_C23/Face2Face/791_770.mp4,1,791_770
data/raw/FaceForensics++_C23/FaceShifter/355_748.mp4,1,355_748
data/raw/FaceForensics++_C23/Face2Face/940_941.mp4,1,940_941
data/raw/FaceForensics++_C23/Deepfakes/702_612.mp4,1,702_612
data/raw/FaceForensics++_C23/FaceShifter/442_195.mp4,1,442_195
data/raw/FaceForensics++_C23/original/230.mp4,0,230
data/raw/FaceForensics++_C23/Deepfakes/496_417.mp4,1,496_417
data/raw/FaceForensics++_C23/NeuralTextures/663_231.mp4,1,663_231
data/raw/FaceForensics++_C23/Deepfakes/464_463.mp4,1,464_463
data/raw/FaceForensics++_C23/FaceSwap/800_840.mp4,1,800_840
data/raw/FaceForensics++_C23/original/183.mp4,0,183
data/raw/FaceForensics++_C23/Deepfakes/172_582.mp4,1,172_582
data/raw/FaceForensics++_C23/FaceShifter/020_344.mp4,1,020_344
data/raw/FaceForensics++_C23/original/750.mp4,0,750
data/raw/FaceForensics++_C23/original/338.mp4,0,338
data/raw/FaceForensics++_C23/FaceShifter/540_536.mp4,1,540_536
data/raw/FaceForensics++_C23/original/947.mp4,0,947
data/raw/FaceForensics++_C23/FaceShifter/009_027.mp4,1,009_027
data/raw/FaceForensics++_C23/FaceShifter/260_331.mp4,1,260_331
data/raw/FaceForensics++_C23/FaceSwap/084_042.mp4,1,084_042
data/raw/FaceForensics++_C23/FaceShifter/112_892.mp4,1,112_892
data/raw/FaceForensics++_C23/Deepfakes/900_926.mp4,1,900_926
data/raw/FaceForensics++_C23/Face2Face/446_667.mp4,1,446_667
data/raw/FaceForensics++_C23/Face2Face/911_910.mp4,1,911_910
data/raw/FaceForensics++_C23/FaceSwap/542_520.mp4,1,542_520
data/raw/FaceForensics++_C23/FaceShifter/697_581.mp4,1,697_581
data/raw/FaceForensics++_C23/original/632.mp4,0,632
data/raw/FaceForensics++_C23/FaceSwap/662_641.mp4,1,662_641
data/raw/FaceForensics++_C23/Deepfakes/741_731.mp4,1,741_731
data/raw/FaceForensics++_C23/FaceShifter/293_296.mp4,1,293_296
data/raw/FaceForensics++_C23/FaceShifter/452_550.mp4,1,452_550
data/raw/FaceForensics++_C23/FaceSwap/705_707.mp4,1,705_707
data/raw/FaceForensics++_C23/NeuralTextures/897_969.mp4,1,897_969
data/raw/FaceForensics++_C23/Face2Face/206_221.mp4,1,206_221
data/raw/FaceForensics++_C23/Deepfakes/509_525.mp4,1,509_525
data/raw/FaceForensics++_C23/original/288.mp4,0,288
data/raw/FaceForensics++_C23/FaceSwap/703_604.mp4,1,703_604
data/raw/FaceForensics++_C23/FaceSwap/968_884.mp4,1,968_884
data/raw/FaceForensics++_C23/original/431.mp4,0,431
data/raw/FaceForensics++_C23/Face2Face/549_531.mp4,1,549_531
data/raw/FaceForensics++_C23/FaceSwap/029_048.mp4,1,029_048
data/raw/FaceForensics++_C23/NeuralTextures/522_337.mp4,1,522_337
data/raw/FaceForensics++_C23/FaceShifter/202_348.mp4,1,202_348
data/raw/FaceForensics++_C23/FaceShifter/566_617.mp4,1,566_617
data/raw/FaceForensics++_C23/FaceSwap/789_753.mp4,1,789_753
data/raw/FaceForensics++_C23/FaceShifter/044_945.mp4,1,044_945
data/raw/FaceForensics++_C23/Deepfakes/767_694.mp4,1,767_694
data/raw/FaceForensics++_C23/original/880.mp4,0,880
data/raw/FaceForensics++_C23/FaceSwap/699_734.mp4,1,699_734
data/raw/FaceForensics++_C23/Face2Face/508_831.mp4,1,508_831
data/raw/FaceForensics++_C23/FaceSwap/134_192.mp4,1,134_192
data/raw/FaceForensics++_C23/original/833.mp4,0,833
data/raw/FaceForensics++_C23/Deepfakes/421_423.mp4,1,421_423
data/raw/FaceForensics++_C23/Deepfakes/123_119.mp4,1,123_119
data/raw/FaceForensics++_C23/original/424.mp4,0,424
data/raw/FaceForensics++_C23/FaceSwap/715_721.mp4,1,715_721
data/raw/FaceForensics++_C23/FaceSwap/292_294.mp4,1,292_294
data/raw/FaceForensics++_C23/Deepfakes/819_786.mp4,1,819_786
data/raw/FaceForensics++_C23/Face2Face/403_497.mp4,1,403_497
data/raw/FaceForensics++_C23/Face2Face/382_409.mp4,1,382_409
data/raw/FaceForensics++_C23/FaceShifter/148_133.mp4,1,148_133
data/raw/FaceForensics++_C23/original/044.mp4,0,044
data/raw/FaceForensics++_C23/Face2Face/575_603.mp4,1,575_603
data/raw/FaceForensics++_C23/Face2Face/638_640.mp4,1,638_640
data/raw/FaceForensics++_C23/Face2Face/795_907.mp4,1,795_907
data/raw/FaceForensics++_C23/FaceSwap/331_260.mp4,1,331_260
data/raw/FaceForensics++_C23/original/770.mp4,0,770
data/raw/FaceForensics++_C23/original/336.mp4,0,336
data/raw/FaceForensics++_C23/Deepfakes/399_488.mp4,1,399_488
data/raw/FaceForensics++_C23/FaceSwap/151_225.mp4,1,151_225
data/raw/FaceForensics++_C23/FaceShifter/310_196.mp4,1,310_196
data/raw/FaceForensics++_C23/Deepfakes/882_952.mp4,1,882_952
data/raw/FaceForensics++_C23/FaceSwap/565_589.mp4,1,565_589
data/raw/FaceForensics++_C23/original/964.mp4,0,964
data/raw/FaceForensics++_C23/Face2Face/179_212.mp4,1,179_212
data/raw/FaceForensics++_C23/Face2Face/352_319.mp4,1,352_319
data/raw/FaceForensics++_C23/FaceSwap/882_952.mp4,1,882_952
data/raw/FaceForensics++_C23/original/455.mp4,0,455
data/raw/FaceForensics++_C23/FaceShifter/130_139.mp4,1,130_139
data/raw/FaceForensics++_C23/Deepfakes/982_004.mp4,1,982_004
data/raw/FaceForensics++_C23/Deepfakes/456_435.mp4,1,456_435
data/raw/FaceForensics++_C23/Face2Face/486_680.mp4,1,486_680
data/raw/FaceForensics++_C23/Face2Face/079_076.mp4,1,079_076
data/raw/FaceForensics++_C23/Face2Face/950_836.mp4,1,950_836
data/raw/FaceForensics++_C23/original/158.mp4,0,158
data/raw/FaceForensics++_C23/Deepfakes/689_690.mp4,1,689_690
data/raw/FaceForensics++_C23/FaceShifter/429_404.mp4,1,429_404
data/raw/FaceForensics++_C23/Deepfakes/641_662.mp4,1,641_662
data/raw/FaceForensics++_C23/FaceShifter/392_339.mp4,1,392_339
data/raw/FaceForensics++_C23/FaceShifter/825_074.mp4,1,825_074
data/raw/FaceForensics++_C23/Face2Face/953_974.mp4,1,953_974
data/raw/FaceForensics++_C23/FaceSwap/538_493.mp4,1,538_493
data/raw/FaceForensics++_C23/FaceSwap/889_045.mp4,1,889_045
data/raw/FaceForensics++_C23/FaceSwap/058_039.mp4,1,058_039
data/raw/FaceForensics++_C23/FaceSwap/915_895.mp4,1,915_895
data/raw/FaceForensics++_C23/NeuralTextures/800_840.mp4,1,800_840
data/raw/FaceForensics++_C23/FaceShifter/710_788.mp4,1,710_788
data/raw/FaceForensics++_C23/Face2Face/083_213.mp4,1,083_213
data/raw/FaceForensics++_C23/NeuralTextures/448_361.mp4,1,448_361
data/raw/FaceForensics++_C23/original/714.mp4,0,714
data/raw/FaceForensics++_C23/NeuralTextures/118_120.mp4,1,118_120
data/raw/FaceForensics++_C23/Face2Face/884_968.mp4,1,884_968
data/raw/FaceForensics++_C23/NeuralTextures/510_528.mp4,1,510_528
data/raw/FaceForensics++_C23/Deepfakes/389_480.mp4,1,389_480
data/raw/FaceForensics++_C23/FaceShifter/494_445.mp4,1,494_445
data/raw/FaceForensics++_C23/Face2Face/851_552.mp4,1,851_552
data/raw/FaceForensics++_C23/FaceSwap/036_035.mp4,1,036_035
data/raw/FaceForensics++_C23/original/795.mp4,0,795
data/raw/FaceForensics++_C23/FaceSwap/603_575.mp4,1,603_575
data/raw/FaceForensics++_C23/Deepfakes/845_846.mp4,1,845_846
data/raw/FaceForensics++_C23/Deepfakes/542_520.mp4,1,542_520
data/raw/FaceForensics++_C23/FaceSwap/724_725.mp4,1,724_725
data/raw/FaceForensics++_C23/Deepfakes/091_116.mp4,1,091_116
data/raw/FaceForensics++_C23/FaceSwap/679_665.mp4,1,679_665
data/raw/FaceForensics++_C23/original/641.mp4,0,641
data/raw/FaceForensics++_C23/FaceSwap/904_046.mp4,1,904_046
data/raw/FaceForensics++_C23/Face2Face/979_875.mp4,1,979_875
data/raw/FaceForensics++_C23/FaceSwap/244_822.mp4,1,244_822
data/raw/FaceForensics++_C23/FaceSwap/978_975.mp4,1,978_975
data/raw/FaceForensics++_C23/FaceSwap/150_153.mp4,1,150_153
data/raw/FaceForensics++_C23/NeuralTextures/900_926.mp4,1,900_926
data/raw/FaceForensics++_C23/NeuralTextures/104_126.mp4,1,104_126
data/raw/FaceForensics++_C23/NeuralTextures/622_647.mp4,1,622_647
data/raw/FaceForensics++_C23/FaceShifter/964_174.mp4,1,964_174
data/raw/FaceForensics++_C23/FaceSwap/463_464.mp4,1,463_464
data/raw/FaceForensics++_C23/FaceShifter/529_633.mp4,1,529_633
data/raw/FaceForensics++_C23/NeuralTextures/108_052.mp4,1,108_052
data/raw/FaceForensics++_C23/Face2Face/676_776.mp4,1,676_776
data/raw/FaceForensics++_C23/Face2Face/048_029.mp4,1,048_029
data/raw/FaceForensics++_C23/FaceShifter/949_868.mp4,1,949_868
data/raw/FaceForensics++_C23/Face2Face/960_999.mp4,1,960_999
data/raw/FaceForensics++_C23/FaceShifter/530_594.mp4,1,530_594
data/raw/FaceForensics++_C23/NeuralTextures/412_274.mp4,1,412_274
data/raw/FaceForensics++_C23/NeuralTextures/903_792.mp4,1,903_792
data/raw/FaceForensics++_C23/FaceSwap/939_115.mp4,1,939_115
data/raw/FaceForensics++_C23/Deepfakes/237_236.mp4,1,237_236
data/raw/FaceForensics++_C23/NeuralTextures/149_152.mp4,1,149_152
data/raw/FaceForensics++_C23/NeuralTextures/857_909.mp4,1,857_909
data/raw/FaceForensics++_C23/Face2Face/133_148.mp4,1,133_148
data/raw/FaceForensics++_C23/FaceShifter/880_135.mp4,1,880_135
data/raw/FaceForensics++_C23/Face2Face/805_011.mp4,1,805_011
data/raw/FaceForensics++_C23/NeuralTextures/958_956.mp4,1,958_956
data/raw/FaceForensics++_C23/Deepfakes/163_031.mp4,1,163_031
data/raw/FaceForensics++_C23/NeuralTextures/527_454.mp4,1,527_454
data/raw/FaceForensics++_C23/original/704.mp4,0,704
data/raw/FaceForensics++_C23/original/647.mp4,0,647
data/raw/FaceForensics++_C23/NeuralTextures/428_466.mp4,1,428_466
data/raw/FaceForensics++_C23/NeuralTextures/498_433.mp4,1,498_433
data/raw/FaceForensics++_C23/NeuralTextures/326_501.mp4,1,326_501
data/raw/FaceForensics++_C23/Deepfakes/265_475.mp4,1,265_475
data/raw/FaceForensics++_C23/FaceShifter/001_870.mp4,1,001_870
data/raw/FaceForensics++_C23/Face2Face/811_920.mp4,1,811_920
data/raw/FaceForensics++_C23/FaceSwap/277_335.mp4,1,277_335
data/raw/FaceForensics++_C23/original/609.mp4,0,609
data/raw/FaceForensics++_C23/FaceShifter/978_975.mp4,1,978_975
data/raw/FaceForensics++_C23/NeuralTextures/260_331.mp4,1,260_331
data/raw/FaceForensics++_C23/FaceShifter/906_847.mp4,1,906_847
data/raw/FaceForensics++_C23/NeuralTextures/290_240.mp4,1,290_240
data/raw/FaceForensics++_C23/original/497.mp4,0,497
data/raw/FaceForensics++_C23/Face2Face/428_466.mp4,1,428_466
data/raw/FaceForensics++_C23/Deepfakes/398_457.mp4,1,398_457
data/raw/FaceForensics++_C23/FaceSwap/964_174.mp4,1,964_174
data/raw/FaceForensics++_C23/original/005.mp4,0,005
data/raw/FaceForensics++_C23/Deepfakes/947_951.mp4,1,947_951
data/raw/FaceForensics++_C23/FaceSwap/078_955.mp4,1,078_955
data/raw/FaceForensics++_C23/FaceSwap/138_142.mp4,1,138_142
data/raw/FaceForensics++_C23/original/347.mp4,0,347
data/raw/FaceForensics++_C23/NeuralTextures/923_023.mp4,1,923_023
data/raw/FaceForensics++_C23/original/573.mp4,0,573
data/raw/FaceForensics++_C23/original/148.mp4,0,148
data/raw/FaceForensics++_C23/FaceSwap/229_247.mp4,1,229_247
data/raw/FaceForensics++_C23/FaceSwap/994_986.mp4,1,994_986
data/raw/FaceForensics++_C23/Face2Face/452_550.mp4,1,452_550
data/raw/FaceForensics++_C23/Deepfakes/593_577.mp4,1,593_577
data/raw/FaceForensics++_C23/FaceShifter/725_724.mp4,1,725_724
data/raw/FaceForensics++_C23/Deepfakes/041_063.mp4,1,041_063
data/raw/FaceForensics++_C23/Deepfakes/560_557.mp4,1,560_557
data/raw/FaceForensics++_C23/NeuralTextures/831_508.mp4,1,831_508
data/raw/FaceForensics++_C23/original/150.mp4,0,150
data/raw/FaceForensics++_C23/Deepfakes/489_022.mp4,1,489_022
data/raw/FaceForensics++_C23/Deepfakes/243_156.mp4,1,243_156
data/raw/FaceForensics++_C23/FaceSwap/172_582.mp4,1,172_582
data/raw/FaceForensics++_C23/Face2Face/339_392.mp4,1,339_392
data/raw/FaceForensics++_C23/FaceSwap/936_931.mp4,1,936_931
data/raw/FaceForensics++_C23/original/989.mp4,0,989
data/raw/FaceForensics++_C23/Deepfakes/405_393.mp4,1,405_393
data/raw/FaceForensics++_C23/Face2Face/442_195.mp4,1,442_195
data/raw/FaceForensics++_C23/Deepfakes/261_254.mp4,1,261_254
data/raw/FaceForensics++_C23/FaceSwap/912_927.mp4,1,912_927
data/raw/FaceForensics++_C23/FaceSwap/537_563.mp4,1,537_563
data/raw/FaceForensics++_C23/original/468.mp4,0,468
data/raw/FaceForensics++_C23/Face2Face/689_690.mp4,1,689_690
data/raw/FaceForensics++_C23/FaceSwap/478_506.mp4,1,478_506
data/raw/FaceForensics++_C23/Face2Face/725_724.mp4,1,725_724
data/raw/FaceForensics++_C23/Face2Face/203_201.mp4,1,203_201
data/raw/FaceForensics++_C23/Deepfakes/834_852.mp4,1,834_852
data/raw/FaceForensics++_C23/Face2Face/866_878.mp4,1,866_878
data/raw/FaceForensics++_C23/FaceShifter/496_417.mp4,1,496_417
data/raw/FaceForensics++_C23/FaceSwap/016_209.mp4,1,016_209
data/raw/FaceForensics++_C23/NeuralTextures/511_472.mp4,1,511_472
data/raw/FaceForensics++_C23/FaceShifter/010_005.mp4,1,010_005
data/raw/FaceForensics++_C23/FaceSwap/931_936.mp4,1,931_936
data/raw/FaceForensics++_C23/Deepfakes/340_341.mp4,1,340_341
data/raw/FaceForensics++_C23/NeuralTextures/172_582.mp4,1,172_582
data/raw/FaceForensics++_C23/Face2Face/601_653.mp4,1,601_653
data/raw/FaceForensics++_C23/FaceShifter/796_740.mp4,1,796_740
data/raw/FaceForensics++_C23/original/367.mp4,0,367
data/raw/FaceForensics++_C23/original/759.mp4,0,759
data/raw/FaceForensics++_C23/Deepfakes/480_389.mp4,1,480_389
data/raw/FaceForensics++_C23/FaceSwap/725_724.mp4,1,725_724
data/raw/FaceForensics++_C23/original/905.mp4,0,905
data/raw/FaceForensics++_C23/FaceShifter/785_736.mp4,1,785_736
data/raw/FaceForensics++_C23/Face2Face/523_541.mp4,1,523_541
data/raw/FaceForensics++_C23/FaceSwap/621_546.mp4,1,621_546
data/raw/FaceForensics++_C23/NeuralTextures/467_462.mp4,1,467_462
data/raw/FaceForensics++_C23/original/320.mp4,0,320
data/raw/FaceForensics++_C23/original/560.mp4,0,560
data/raw/FaceForensics++_C23/original/644.mp4,0,644
data/raw/FaceForensics++_C23/Deepfakes/799_809.mp4,1,799_809
data/raw/FaceForensics++_C23/Face2Face/766_761.mp4,1,766_761
data/raw/FaceForensics++_C23/original/363.mp4,0,363
data/raw/FaceForensics++_C23/FaceSwap/025_067.mp4,1,025_067
data/raw/FaceForensics++_C23/FaceShifter/453_402.mp4,1,453_402
data/raw/FaceForensics++_C23/NeuralTextures/073_024.mp4,1,073_024
data/raw/FaceForensics++_C23/NeuralTextures/739_865.mp4,1,739_865
data/raw/FaceForensics++_C23/NeuralTextures/855_801.mp4,1,855_801
data/raw/FaceForensics++_C23/FaceSwap/704_723.mp4,1,704_723
data/raw/FaceForensics++_C23/original/610.mp4,0,610
data/raw/FaceForensics++_C23/Deepfakes/363_343.mp4,1,363_343
data/raw/FaceForensics++_C23/Face2Face/271_264.mp4,1,271_264
data/raw/FaceForensics++_C23/FaceShifter/003_000.mp4,1,003_000
data/raw/FaceForensics++_C23/original/394.mp4,0,394
data/raw/FaceForensics++_C23/NeuralTextures/245_157.mp4,1,245_157
data/raw/FaceForensics++_C23/original/623.mp4,0,623
data/raw/FaceForensics++_C23/NeuralTextures/957_959.mp4,1,957_959
data/raw/FaceForensics++_C23/Deepfakes/347_314.mp4,1,347_314
data/raw/FaceForensics++_C23/FaceSwap/350_349.mp4,1,350_349
data/raw/FaceForensics++_C23/original/895.mp4,0,895
data/raw/FaceForensics++_C23/FaceSwap/613_685.mp4,1,613_685
data/raw/FaceForensics++_C23/original/718.mp4,0,718
data/raw/FaceForensics++_C23/FaceShifter/562_626.mp4,1,562_626
data/raw/FaceForensics++_C23/FaceSwap/027_009.mp4,1,027_009
data/raw/FaceForensics++_C23/NeuralTextures/180_105.mp4,1,180_105
data/raw/FaceForensics++_C23/original/498.mp4,0,498
data/raw/FaceForensics++_C23/Face2Face/423_421.mp4,1,423_421
data/raw/FaceForensics++_C23/Deepfakes/656_666.mp4,1,656_666
data/raw/FaceForensics++_C23/FaceSwap/083_213.mp4,1,083_213
data/raw/FaceForensics++_C23/original/524.mp4,0,524
data/raw/FaceForensics++_C23/FaceShifter/102_114.mp4,1,102_114
data/raw/FaceForensics++_C23/Deepfakes/632_548.mp4,1,632_548
data/raw/FaceForensics++_C23/NeuralTextures/860_905.mp4,1,860_905
data/raw/FaceForensics++_C23/FaceShifter/493_538.mp4,1,493_538
data/raw/FaceForensics++_C23/FaceShifter/665_679.mp4,1,665_679
data/raw/FaceForensics++_C23/NeuralTextures/338_336.mp4,1,338_336
data/raw/FaceForensics++_C23/original/668.mp4,0,668
data/raw/FaceForensics++_C23/NeuralTextures/403_497.mp4,1,403_497
data/raw/FaceForensics++_C23/original/540.mp4,0,540
data/raw/FaceForensics++_C23/FaceShifter/334_318.mp4,1,334_318
data/raw/FaceForensics++_C23/FaceSwap/548_632.mp4,1,548_632
data/raw/FaceForensics++_C23/NeuralTextures/593_577.mp4,1,593_577
data/raw/FaceForensics++_C23/FaceShifter/500_592.mp4,1,500_592
data/raw/FaceForensics++_C23/FaceSwap/619_620.mp4,1,619_620
data/raw/FaceForensics++_C23/Face2Face/465_482.mp4,1,465_482
data/raw/FaceForensics++_C23/FaceSwap/940_941.mp4,1,940_941
data/raw/FaceForensics++_C23/NeuralTextures/013_883.mp4,1,013_883
data/raw/FaceForensics++_C23/original/405.mp4,0,405
data/raw/FaceForensics++_C23/Deepfakes/115_939.mp4,1,115_939
data/raw/FaceForensics++_C23/Face2Face/821_812.mp4,1,821_812
data/raw/FaceForensics++_C23/Face2Face/494_445.mp4,1,494_445
data/raw/FaceForensics++_C23/FaceShifter/401_395.mp4,1,401_395
data/raw/FaceForensics++_C23/FaceSwap/874_291.mp4,1,874_291
data/raw/FaceForensics++_C23/Face2Face/232_248.mp4,1,232_248
data/raw/FaceForensics++_C23/FaceShifter/661_670.mp4,1,661_670
data/raw/FaceForensics++_C23/FaceShifter/817_827.mp4,1,817_827
data/raw/FaceForensics++_C23/original/700.mp4,0,700
data/raw/FaceForensics++_C23/original/478.mp4,0,478
data/raw/FaceForensics++_C23/Face2Face/153_150.mp4,1,153_150
data/raw/FaceForensics++_C23/FaceSwap/909_857.mp4,1,909_857
data/raw/FaceForensics++_C23/NeuralTextures/760_611.mp4,1,760_611
data/raw/FaceForensics++_C23/original/326.mp4,0,326
data/raw/FaceForensics++_C23/Deepfakes/057_070.mp4,1,057_070
data/raw/FaceForensics++_C23/original/582.mp4,0,582
data/raw/FaceForensics++_C23/FaceSwap/883_013.mp4,1,883_013
data/raw/FaceForensics++_C23/FaceSwap/061_080.mp4,1,061_080
data/raw/FaceForensics++_C23/original/179.mp4,0,179
data/raw/FaceForensics++_C23/original/934.mp4,0,934
data/raw/FaceForensics++_C23/Face2Face/735_774.mp4,1,735_774
data/raw/FaceForensics++_C23/original/401.mp4,0,401
data/raw/FaceForensics++_C23/FaceShifter/823_584.mp4,1,823_584
data/raw/FaceForensics++_C23/FaceShifter/196_310.mp4,1,196_310
data/raw/FaceForensics++_C23/Deepfakes/159_175.mp4,1,159_175
data/raw/FaceForensics++_C23/NeuralTextures/100_077.mp4,1,100_077
data/raw/FaceForensics++_C23/FaceShifter/475_265.mp4,1,475_265
data/raw/FaceForensics++_C23/FaceShifter/564_971.mp4,1,564_971
data/raw/FaceForensics++_C23/NeuralTextures/294_292.mp4,1,294_292
data/raw/FaceForensics++_C23/original/049.mp4,0,049
data/raw/FaceForensics++_C23/NeuralTextures/139_130.mp4,1,139_130
data/raw/FaceForensics++_C23/FaceShifter/608_675.mp4,1,608_675
data/raw/FaceForensics++_C23/original/855.mp4,0,855
data/raw/FaceForensics++_C23/Deepfakes/707_705.mp4,1,707_705
data/raw/FaceForensics++_C23/FaceSwap/046_904.mp4,1,046_904
data/raw/FaceForensics++_C23/original/554.mp4,0,554
data/raw/FaceForensics++_C23/Face2Face/093_121.mp4,1,093_121
data/raw/FaceForensics++_C23/NeuralTextures/574_547.mp4,1,574_547
data/raw/FaceForensics++_C23/Face2Face/376_381.mp4,1,376_381
data/raw/FaceForensics++_C23/original/897.mp4,0,897
data/raw/FaceForensics++_C23/Deepfakes/072_037.mp4,1,072_037
data/raw/FaceForensics++_C23/Face2Face/922_898.mp4,1,922_898
data/raw/FaceForensics++_C23/NeuralTextures/438_434.mp4,1,438_434
data/raw/FaceForensics++_C23/NeuralTextures/305_513.mp4,1,305_513
data/raw/FaceForensics++_C23/Face2Face/764_850.mp4,1,764_850
data/raw/FaceForensics++_C23/Deepfakes/743_750.mp4,1,743_750
data/raw/FaceForensics++_C23/NeuralTextures/074_825.mp4,1,074_825
data/raw/FaceForensics++_C23/Face2Face/005_010.mp4,1,005_010
data/raw/FaceForensics++_C23/FaceShifter/668_664.mp4,1,668_664
data/raw/FaceForensics++_C23/Face2Face/190_176.mp4,1,190_176
data/raw/FaceForensics++_C23/NeuralTextures/316_369.mp4,1,316_369
data/raw/FaceForensics++_C23/FaceShifter/601_653.mp4,1,601_653
data/raw/FaceForensics++_C23/Face2Face/125_038.mp4,1,125_038
data/raw/FaceForensics++_C23/Face2Face/241_210.mp4,1,241_210
data/raw/FaceForensics++_C23/NeuralTextures/037_072.mp4,1,037_072
data/raw/FaceForensics++_C23/original/372.mp4,0,372
data/raw/FaceForensics++_C23/NeuralTextures/944_032.mp4,1,944_032
data/raw/FaceForensics++_C23/original/651.mp4,0,651
data/raw/FaceForensics++_C23/FaceSwap/351_346.mp4,1,351_346
data/raw/FaceForensics++_C23/Deepfakes/998_561.mp4,1,998_561
data/raw/FaceForensics++_C23/NeuralTextures/461_250.mp4,1,461_250
data/raw/FaceForensics++_C23/FaceSwap/824_419.mp4,1,824_419
data/raw/FaceForensics++_C23/NeuralTextures/031_163.mp4,1,031_163
data/raw/FaceForensics++_C23/FaceShifter/684_717.mp4,1,684_717
data/raw/FaceForensics++_C23/original/194.mp4,0,194
data/raw/FaceForensics++_C23/Face2Face/577_593.mp4,1,577_593
data/raw/FaceForensics++_C23/FaceSwap/906_847.mp4,1,906_847
data/raw/FaceForensics++_C23/FaceSwap/729_727.mp4,1,729_727
data/raw/FaceForensics++_C23/FaceSwap/668_664.mp4,1,668_664
data/raw/FaceForensics++_C23/original/742.mp4,0,742
data/raw/FaceForensics++_C23/Face2Face/826_833.mp4,1,826_833
data/raw/FaceForensics++_C23/Face2Face/343_363.mp4,1,343_363
data/raw/FaceForensics++_C23/original/983.mp4,0,983
data/raw/FaceForensics++_C23/original/146.mp4,0,146
data/raw/FaceForensics++_C23/NeuralTextures/951_947.mp4,1,951_947
data/raw/FaceForensics++_C23/Deepfakes/440_364.mp4,1,440_364
data/raw/FaceForensics++_C23/original/940.mp4,0,940
data/raw/FaceForensics++_C23/Face2Face/100_077.mp4,1,100_077
data/raw/FaceForensics++_C23/FaceShifter/637_427.mp4,1,637_427
data/raw/FaceForensics++_C23/NeuralTextures/217_117.mp4,1,217_117
data/raw/FaceForensics++_C23/Deepfakes/649_816.mp4,1,649_816
data/raw/FaceForensics++_C23/Face2Face/546_621.mp4,1,546_621
data/raw/FaceForensics++_C23/FaceSwap/231_663.mp4,1,231_663
data/raw/FaceForensics++_C23/NeuralTextures/490_534.mp4,1,490_534
data/raw/FaceForensics++_C23/NeuralTextures/556_588.mp4,1,556_588
data/raw/FaceForensics++_C23/NeuralTextures/573_757.mp4,1,573_757
data/raw/FaceForensics++_C23/NeuralTextures/145_299.mp4,1,145_299
data/raw/FaceForensics++_C23/FaceShifter/852_834.mp4,1,852_834
data/raw/FaceForensics++_C23/FaceSwap/503_756.mp4,1,503_756
data/raw/FaceForensics++_C23/original/384.mp4,0,384
data/raw/FaceForensics++_C23/NeuralTextures/690_689.mp4,1,690_689
data/raw/FaceForensics++_C23/Deepfakes/630_623.mp4,1,630_623
data/raw/FaceForensics++_C23/Deepfakes/672_720.mp4,1,672_720
data/raw/FaceForensics++_C23/Face2Face/249_280.mp4,1,249_280
data/raw/FaceForensics++_C23/NeuralTextures/087_081.mp4,1,087_081
data/raw/FaceForensics++_C23/Deepfakes/482_465.mp4,1,482_465
data/raw/FaceForensics++_C23/Face2Face/584_823.mp4,1,584_823
data/raw/FaceForensics++_C23/NeuralTextures/233_995.mp4,1,233_995
data/raw/FaceForensics++_C23/original/543.mp4,0,543
data/raw/FaceForensics++_C23/NeuralTextures/204_230.mp4,1,204_230
data/raw/FaceForensics++_C23/Face2Face/462_467.mp4,1,462_467
data/raw/FaceForensics++_C23/FaceSwap/040_997.mp4,1,040_997
data/raw/FaceForensics++_C23/NeuralTextures/470_468.mp4,1,470_468
data/raw/FaceForensics++_C23/NeuralTextures/810_838.mp4,1,810_838
data/raw/FaceForensics++_C23/NeuralTextures/610_692.mp4,1,610_692
data/raw/FaceForensics++_C23/original/972.mp4,0,972
data/raw/FaceForensics++_C23/FaceSwap/273_807.mp4,1,273_807
data/raw/FaceForensics++_C23/FaceSwap/238_282.mp4,1,238_282
data/raw/FaceForensics++_C23/FaceSwap/131_518.mp4,1,131_518
data/raw/FaceForensics++_C23/FaceSwap/683_607.mp4,1,683_607
data/raw/FaceForensics++_C23/FaceShifter/578_636.mp4,1,578_636
data/raw/FaceForensics++_C23/original/410.mp4,0,410
data/raw/FaceForensics++_C23/Deepfakes/049_946.mp4,1,049_946
data/raw/FaceForensics++_C23/original/125.mp4,0,125
data/raw/FaceForensics++_C23/NeuralTextures/216_164.mp4,1,216_164
data/raw/FaceForensics++_C23/Deepfakes/858_861.mp4,1,858_861
data/raw/FaceForensics++_C23/FaceSwap/225_151.mp4,1,225_151
data/raw/FaceForensics++_C23/Face2Face/072_037.mp4,1,072_037
data/raw/FaceForensics++_C23/Deepfakes/719_737.mp4,1,719_737
data/raw/FaceForensics++_C23/FaceShifter/199_181.mp4,1,199_181
data/raw/FaceForensics++_C23/FaceShifter/631_551.mp4,1,631_551
data/raw/FaceForensics++_C23/original/848.mp4,0,848
data/raw/FaceForensics++_C23/Face2Face/660_634.mp4,1,660_634
data/raw/FaceForensics++_C23/Face2Face/656_666.mp4,1,656_666
data/raw/FaceForensics++_C23/FaceShifter/425_485.mp4,1,425_485
data/raw/FaceForensics++_C23/original/526.mp4,0,526
data/raw/FaceForensics++_C23/original/054.mp4,0,054
data/raw/FaceForensics++_C23/original/965.mp4,0,965
data/raw/FaceForensics++_C23/NeuralTextures/404_429.mp4,1,404_429
data/raw/FaceForensics++_C23/FaceSwap/097_033.mp4,1,097_033
data/raw/FaceForensics++_C23/FaceSwap/976_954.mp4,1,976_954
data/raw/FaceForensics++_C23/original/366.mp4,0,366
data/raw/FaceForensics++_C23/original/877.mp4,0,877
data/raw/FaceForensics++_C23/original/697.mp4,0,697
data/raw/FaceForensics++_C23/FaceSwap/189_200.mp4,1,189_200
data/raw/FaceForensics++_C23/FaceSwap/989_993.mp4,1,989_993
data/raw/FaceForensics++_C23/FaceShifter/934_918.mp4,1,934_918
data/raw/FaceForensics++_C23/NeuralTextures/940_941.mp4,1,940_941
data/raw/FaceForensics++_C23/NeuralTextures/257_420.mp4,1,257_420
data/raw/FaceForensics++_C23/FaceShifter/606_567.mp4,1,606_567
data/raw/FaceForensics++_C23/Face2Face/385_414.mp4,1,385_414
data/raw/FaceForensics++_C23/original/571.mp4,0,571
data/raw/FaceForensics++_C23/Face2Face/399_488.mp4,1,399_488
data/raw/FaceForensics++_C23/Face2Face/195_442.mp4,1,195_442
data/raw/FaceForensics++_C23/Face2Face/408_424.mp4,1,408_424
data/raw/FaceForensics++_C23/Face2Face/845_846.mp4,1,845_846
data/raw/FaceForensics++_C23/Face2Face/798_778.mp4,1,798_778
data/raw/FaceForensics++_C23/FaceSwap/957_959.mp4,1,957_959
data/raw/FaceForensics++_C23/Face2Face/475_265.mp4,1,475_265
data/raw/FaceForensics++_C23/original/218.mp4,0,218
data/raw/FaceForensics++_C23/Deepfakes/035_036.mp4,1,035_036
data/raw/FaceForensics++_C23/NeuralTextures/864_839.mp4,1,864_839
data/raw/FaceForensics++_C23/FaceShifter/345_259.mp4,1,345_259
data/raw/FaceForensics++_C23/Deepfakes/444_655.mp4,1,444_655
data/raw/FaceForensics++_C23/original/356.mp4,0,356
data/raw/FaceForensics++_C23/FaceSwap/312_021.mp4,1,312_021
data/raw/FaceForensics++_C23/FaceShifter/359_317.mp4,1,359_317
data/raw/FaceForensics++_C23/FaceSwap/006_002.mp4,1,006_002
data/raw/FaceForensics++_C23/FaceSwap/654_648.mp4,1,654_648
data/raw/FaceForensics++_C23/FaceShifter/206_221.mp4,1,206_221
data/raw/FaceForensics++_C23/NeuralTextures/327_329.mp4,1,327_329
data/raw/FaceForensics++_C23/original/132.mp4,0,132
data/raw/FaceForensics++_C23/FaceSwap/657_644.mp4,1,657_644
data/raw/FaceForensics++_C23/FaceSwap/179_212.mp4,1,179_212
data/raw/FaceForensics++_C23/FaceSwap/422_695.mp4,1,422_695
data/raw/FaceForensics++_C23/Face2Face/286_267.mp4,1,286_267
data/raw/FaceForensics++_C23/NeuralTextures/445_494.mp4,1,445_494
data/raw/FaceForensics++_C23/Deepfakes/349_350.mp4,1,349_350
data/raw/FaceForensics++_C23/FaceSwap/416_342.mp4,1,416_342
data/raw/FaceForensics++_C23/FaceShifter/137_165.mp4,1,137_165
data/raw/FaceForensics++_C23/FaceShifter/691_732.mp4,1,691_732
data/raw/FaceForensics++_C23/FaceShifter/636_578.mp4,1,636_578
data/raw/FaceForensics++_C23/NeuralTextures/016_209.mp4,1,016_209
data/raw/FaceForensics++_C23/Face2Face/681_711.mp4,1,681_711
data/raw/FaceForensics++_C23/original/432.mp4,0,432
data/raw/FaceForensics++_C23/Face2Face/692_610.mp4,1,692_610
data/raw/FaceForensics++_C23/NeuralTextures/424_408.mp4,1,424_408
data/raw/FaceForensics++_C23/NeuralTextures/776_676.mp4,1,776_676
data/raw/FaceForensics++_C23/FaceSwap/635_642.mp4,1,635_642
data/raw/FaceForensics++_C23/Deepfakes/372_413.mp4,1,372_413
data/raw/FaceForensics++_C23/NeuralTextures/604_703.mp4,1,604_703
data/raw/FaceForensics++_C23/Deepfakes/140_143.mp4,1,140_143
data/raw/FaceForensics++_C23/original/590.mp4,0,590
data/raw/FaceForensics++_C23/Deepfakes/714_842.mp4,1,714_842
data/raw/FaceForensics++_C23/FaceSwap/188_191.mp4,1,188_191
data/raw/FaceForensics++_C23/original/399.mp4,0,399
data/raw/FaceForensics++_C23/NeuralTextures/189_200.mp4,1,189_200
data/raw/FaceForensics++_C23/Deepfakes/406_391.mp4,1,406_391
data/raw/FaceForensics++_C23/Deepfakes/020_344.mp4,1,020_344
data/raw/FaceForensics++_C23/Face2Face/004_982.mp4,1,004_982
data/raw/FaceForensics++_C23/FaceShifter/411_410.mp4,1,411_410
data/raw/FaceForensics++_C23/FaceShifter/545_553.mp4,1,545_553
data/raw/FaceForensics++_C23/FaceShifter/390_709.mp4,1,390_709
data/raw/FaceForensics++_C23/NeuralTextures/818_820.mp4,1,818_820
data/raw/FaceForensics++_C23/Deepfakes/042_084.mp4,1,042_084
data/raw/FaceForensics++_C23/FaceShifter/830_828.mp4,1,830_828
data/raw/FaceForensics++_C23/FaceSwap/371_367.mp4,1,371_367
data/raw/FaceForensics++_C23/FaceSwap/022_489.mp4,1,022_489
data/raw/FaceForensics++_C23/FaceSwap/364_440.mp4,1,364_440
data/raw/FaceForensics++_C23/Deepfakes/011_805.mp4,1,011_805
data/raw/FaceForensics++_C23/Face2Face/177_211.mp4,1,177_211
data/raw/FaceForensics++_C23/Face2Face/947_951.mp4,1,947_951
data/raw/FaceForensics++_C23/FaceShifter/501_326.mp4,1,501_326
data/raw/FaceForensics++_C23/FaceShifter/863_853.mp4,1,863_853
data/raw/FaceForensics++_C23/FaceSwap/865_739.mp4,1,865_739
data/raw/FaceForensics++_C23/Face2Face/026_012.mp4,1,026_012
data/raw/FaceForensics++_C23/FaceSwap/848_894.mp4,1,848_894
data/raw/FaceForensics++_C23/FaceShifter/989_993.mp4,1,989_993
data/raw/FaceForensics++_C23/Deepfakes/961_069.mp4,1,961_069
data/raw/FaceForensics++_C23/FaceShifter/889_045.mp4,1,889_045
data/raw/FaceForensics++_C23/FaceSwap/015_919.mp4,1,015_919
data/raw/FaceForensics++_C23/FaceSwap/338_336.mp4,1,338_336
data/raw/FaceForensics++_C23/NeuralTextures/230_204.mp4,1,230_204
data/raw/FaceForensics++_C23/Deepfakes/735_774.mp4,1,735_774
data/raw/FaceForensics++_C23/Face2Face/440_364.mp4,1,440_364
data/raw/FaceForensics++_C23/FaceShifter/875_979.mp4,1,875_979
data/raw/FaceForensics++_C23/FaceSwap/986_994.mp4,1,986_994
data/raw/FaceForensics++_C23/Deepfakes/916_783.mp4,1,916_783
data/raw/FaceForensics++_C23/original/002.mp4,0,002
data/raw/FaceForensics++_C23/NeuralTextures/089_065.mp4,1,089_065
data/raw/FaceForensics++_C23/original/541.mp4,0,541
data/raw/FaceForensics++_C23/NeuralTextures/685_613.mp4,1,685_613
data/raw/FaceForensics++_C23/FaceShifter/772_708.mp4,1,772_708
data/raw/FaceForensics++_C23/Face2Face/624_570.mp4,1,624_570
data/raw/FaceForensics++_C23/original/669.mp4,0,669
data/raw/FaceForensics++_C23/Deepfakes/821_812.mp4,1,821_812
data/raw/FaceForensics++_C23/Face2Face/367_371.mp4,1,367_371
data/raw/FaceForensics++_C23/FaceSwap/712_716.mp4,1,712_716
data/raw/FaceForensics++_C23/original/998.mp4,0,998
data/raw/FaceForensics++_C23/Deepfakes/850_764.mp4,1,850_764
data/raw/FaceForensics++_C23/Face2Face/000_003.mp4,1,000_003
data/raw/FaceForensics++_C23/NeuralTextures/652_773.mp4,1,652_773
data/raw/FaceForensics++_C23/NeuralTextures/114_102.mp4,1,114_102
data/raw/FaceForensics++_C23/Face2Face/637_427.mp4,1,637_427
data/raw/FaceForensics++_C23/Face2Face/667_446.mp4,1,667_446
data/raw/FaceForensics++_C23/FaceSwap/173_171.mp4,1,173_171
data/raw/FaceForensics++_C23/NeuralTextures/560_557.mp4,1,560_557
data/raw/FaceForensics++_C23/Face2Face/347_314.mp4,1,347_314
data/raw/FaceForensics++_C23/original/720.mp4,0,720
data/raw/FaceForensics++_C23/FaceSwap/230_204.mp4,1,230_204
data/raw/FaceForensics++_C23/NeuralTextures/210_241.mp4,1,210_241
data/raw/FaceForensics++_C23/NeuralTextures/606_567.mp4,1,606_567
data/raw/FaceForensics++_C23/FaceSwap/232_248.mp4,1,232_248
data/raw/FaceForensics++_C23/NeuralTextures/901_902.mp4,1,901_902
data/raw/FaceForensics++_C23/Deepfakes/703_604.mp4,1,703_604
data/raw/FaceForensics++_C23/NeuralTextures/781_806.mp4,1,781_806
data/raw/FaceForensics++_C23/FaceSwap/291_874.mp4,1,291_874
data/raw/FaceForensics++_C23/FaceSwap/673_728.mp4,1,673_728
data/raw/FaceForensics++_C23/FaceShifter/408_424.mp4,1,408_424
data/raw/FaceForensics++_C23/Face2Face/327_329.mp4,1,327_329
data/raw/FaceForensics++_C23/original/586.mp4,0,586
data/raw/FaceForensics++_C23/original/696.mp4,0,696
data/raw/FaceForensics++_C23/original/008.mp4,0,008
data/raw/FaceForensics++_C23/Deepfakes/986_994.mp4,1,986_994
data/raw/FaceForensics++_C23/original/440.mp4,0,440
data/raw/FaceForensics++_C23/original/156.mp4,0,156
data/raw/FaceForensics++_C23/original/307.mp4,0,307
data/raw/FaceForensics++_C23/NeuralTextures/049_946.mp4,1,049_946
data/raw/FaceForensics++_C23/FaceSwap/485_425.mp4,1,485_425
data/raw/FaceForensics++_C23/FaceShifter/474_281.mp4,1,474_281
data/raw/FaceForensics++_C23/FaceSwap/873_872.mp4,1,873_872
data/raw/FaceForensics++_C23/Face2Face/198_106.mp4,1,198_106
data/raw/FaceForensics++_C23/NeuralTextures/181_199.mp4,1,181_199
data/raw/FaceForensics++_C23/Face2Face/518_131.mp4,1,518_131
data/raw/FaceForensics++_C23/Face2Face/799_809.mp4,1,799_809
data/raw/FaceForensics++_C23/Face2Face/014_790.mp4,1,014_790
data/raw/FaceForensics++_C23/Deepfakes/128_896.mp4,1,128_896
data/raw/FaceForensics++_C23/Face2Face/364_440.mp4,1,364_440
data/raw/FaceForensics++_C23/original/507.mp4,0,507
data/raw/FaceForensics++_C23/Deepfakes/891_876.mp4,1,891_876
data/raw/FaceForensics++_C23/FaceShifter/793_768.mp4,1,793_768
data/raw/FaceForensics++_C23/original/033.mp4,0,033
data/raw/FaceForensics++_C23/original/715.mp4,0,715
data/raw/FaceForensics++_C23/original/141.mp4,0,141
data/raw/FaceForensics++_C23/FaceSwap/249_280.mp4,1,249_280
data/raw/FaceForensics++_C23/Face2Face/208_215.mp4,1,208_215
